{"q_values": {"(1, 6, 2, 4)": [0.9912800788879395, 0.988732099533081, 0.988528311252594, 0.9888729453086853, 0.9889398217201233, 0.9890998601913452, 0.988399088382721], "(1, 6, 1, 3)": [0.9959661364555359, 0.9907083511352539, 0.9905055165290833, 0.9847673773765564, 0.9920030832290649, 0.9890682101249695, 0.9855929017066956], "(1, 7, 2, 4)": [0.9903585314750671, 0.984359622001648, 0.9840911030769348, 0.9836912751197815, 0.9833154082298279, 0.9833958148956299, 0.9834244847297668], "(1, 7, 1, 3)": [0.984293520450592, 0.9960805773735046, 0.9856649041175842, 0.9880225658416748, 0.9789738655090332, 0.9851775169372559, 0.9845832586288452], "(1, 7, 1, 4)": [0.973286509513855, 0.9741348624229431, 0.980362057685852, 0.9830431342124939, 0.9839399456977844, 0.9873158931732178, 0.9827228784561157], "(1, 8, 2, 4)": [0.9773732423782349, 0.986098051071167, 0.9752702116966248, 0.979853093624115, 0.9789092540740967, 0.9764869213104248, 0.9645563960075378], "(1, 8, 2, 5)": [0.9827703833580017, 0.9380958676338196, 0.9008540511131287, 0.8806192874908447, 0.452157199382782, 0.9336611032485962, 0.4695126414299011], "(1, 9, 2, 4)": [0.9812998175621033, 0.9355980157852173, 0.9071750640869141, 0.9569528102874756, 0.9042555093765259, 0.871013879776001, 0.9382838010787964], "(1, 9, 2, 5)": [0.9555251598358154, 0.30155259370803833, 0.5958290100097656, 0.6592074036598206, 0.17343074083328247, 0.6428810358047485, 0.5517762899398804], "(1, 10, 2, 4)": [0.0, 0.4040972590446472, 0.2403329461812973, 0.2323174923658371, -0.0012069125659763813, 0.9595245122909546, 0.37539130449295044], "(2, 4, 1, 4)": [0.9972897171974182, 0.03537014126777649, 0.7871652841567993, 0.30480238795280457, 0.5638997554779053, 0.31460875272750854, 0.5883591771125793], "(1, 1, 1, 3)": [0.84261554479599, 0.5998313426971436, 0.8301985263824463, 0.5285592079162598, 0.7095354795455933, 0.9574623703956604, 0.7823825478553772], "(1, 1, 2, 4)": [0.9556844234466553, 0.05120483413338661, 0.0, 0.03233734145760536, 0.0, 0.026492109522223473, 0.19118313491344452], "(2, 8, 1, 4)": [0.9968770146369934, 0.9856456518173218, 0.9882593154907227, 0.9845070838928223, 0.8904550075531006, 0.9814652800559998, 0.9769518971443176], "(2, 8, 2, 4)": [0.9923676252365112, 0.9872828125953674, 0.9975782036781311, 0.9865372180938721, 0.9882124066352844, 0.9875386953353882, 0.9902150630950928], "(2, 8, 1, 3)": [0.9959347248077393, 0.992107629776001, 0.989167332649231, 0.9913698434829712, 0.9909708499908447, 0.9890562891960144, 0.9867448210716248], "(2, 9, 2, 5)": [0.2986156940460205, 0.516647458076477, 0.9678758382797241, 0.2258623242378235, 0.25442638993263245, 0.5018907189369202, 0.31208372116088867], "(2, 9, 2, 4)": [0.9975153207778931, 0.8740445375442505, 0.9498630166053772, 0.9771150946617126, 0.8962449431419373, 0.9672184586524963, 0.9159035682678223], "(1, 8, 2, 3)": [0.6783315539360046, 0.241238072514534, 0.985069990158081, 0.047408126294612885, 0.3000498116016388, 0.20732398331165314, 0.07939642667770386], "(2, 3, 2, 4)": [0.9750687479972839, 0.9787391424179077, 0.9770370125770569, 0.9966781735420227, 0.9821574687957764, 0.9751591682434082, 0.978947639465332], "(2, 3, 1, 4)": [0.0, 0.34915870428085327, 0.2949821949005127, 0.45188477635383606, 0.2755098044872284, 0.4519094228744507, 0.9959670305252075], "(2, 4, 2, 4)": [0.9854708909988403, 0.9791709184646606, 0.9853559136390686, 0.981802761554718, 0.9838579893112183, 0.9842062592506409, 0.9974358081817627], "(2, 5, 2, 5)": [0.4292007088661194, 0.832984209060669, 0.9976262450218201, 0.7575321197509766, 0.7246423363685608, 0.8796905875205994, 0.8712863326072693], "(2, 6, 2, 5)": [0.9590616822242737, 0.9254141449928284, 0.910926342010498, 0.9976168870925903, 0.9159657955169678, 0.9017524719238281, 0.9710968732833862], "(2, 6, 2, 4)": [0.9889428615570068, 0.9872225522994995, 0.9933959245681763, 0.9963536262512207, 0.9956345558166504, 0.9961316585540771, 0.9976107478141785], "(2, 7, 2, 4)": [0.9945975542068481, 0.9867832660675049, 0.9950329065322876, 0.9930492639541626, 0.997566282749176, 0.9839524030685425, 0.9945790767669678], "(2, 8, 2, 5)": [0.9975727796554565, 0.7362800240516663, 0.6735706329345703, 0.7113180756568909, 0.676598310470581, 0.804790198802948, 0.829587459564209], "(2, 10, 2, 5)": [0.26366573572158813, 0.11494548618793488, 0.05010437220335007, 0.00790901854634285, 0.12993869185447693, 0.06985583156347275, 0.7558636665344238], "(2, 6, 1, 4)": [0.9915698766708374, 0.9964059591293335, 0.9944676160812378, 0.9925876259803772, 0.9929593801498413, 0.9946655035018921, 0.7002389430999756], "(2, 6, 1, 3)": [0.9597077965736389, 0.9831942319869995, 0.9946824312210083, 0.9972639083862305, 0.9949859380722046, 0.9942382574081421, 0.9953287839889526], "(2, 7, 1, 3)": [0.9959457516670227, 0.9976820945739746, 0.9937744140625, 0.9953294396400452, 0.9951233267784119, 0.9951411485671997, 0.9946466684341431], "(2, 7, 1, 4)": [0.9952130913734436, 0.9936643838882446, 0.9926409721374512, 0.9937413334846497, 0.9571742415428162, 0.9766534566879272, 0.9930148720741272], "(2, 9, 1, 4)": [0.9662331342697144, 0.9624611139297485, 0.9973168969154358, 0.9704387784004211, 0.9704349040985107, 0.9710826873779297, 0.9670877456665039], "(2, 10, 1, 4)": [0.022573338821530342, 0.4431176483631134, 0.05517548695206642, 0.3125356435775757, 0.3866626024246216, 0.30853912234306335, 0.9624232649803162], "(1, 3, 2, 4)": [0.962927520275116, 0.38274627923965454, 0.30935728549957275, 0.24633057415485382, 0.29758936166763306, 0.545958936214447, 0.2706575393676758], "(1, 4, 1, 3)": [0.9674543738365173, 0.9763051867485046, 0.9432356357574463, 0.9831103086471558, 0.9877628684043884, 0.9956725239753723, 0.9895204901695251], "(1, 5, 1, 3)": [0.9921847581863403, 0.9925898909568787, 0.9911580085754395, 0.9925580620765686, 0.9936948418617249, 0.9931557178497314, 0.9933754801750183], "(1, 4, 2, 4)": [0.9869677424430847, 0.9920472502708435, 0.995515763759613, 0.9871176481246948, 0.9946403503417969, 0.9956452250480652, 0.9936180710792542], "(1, 4, 2, 3)": [0.990249514579773, 0.9868735671043396, 0.9930924773216248, 0.9855189919471741, 0.9913698434829712, 0.9874166250228882, 0.9937140345573425], "(1, 5, 2, 4)": [0.9942382574081421, 0.993914008140564, 0.9920205473899841, 0.9922913312911987, 0.9929370880126953, 0.9931263327598572, 0.992833137512207], "(2, 7, 2, 3)": [0.8952072858810425, 0.9919582009315491, 0.9855557680130005, 0.9888704419136047, 0.9758548736572266, 0.9912431836128235, 0.9969725012779236], "(1, 6, 1, 4)": [0.9835238456726074, 0.9875057339668274, 0.9762896299362183, 0.9876189827919006, 0.9859960079193115, 0.9847562909126282, 0.9893279671669006], "(1, 8, 1, 4)": [0.9861763715744019, 0.9781287908554077, 0.9777897596359253, 0.9779175519943237, 0.9821928143501282, 0.9827549457550049, 0.9771445989608765], "(1, 8, 1, 3)": [0.975775420665741, 0.9772235751152039, 0.9748813509941101, 0.9866180419921875, 0.9729053378105164, 0.9780904650688171, 0.9775837659835815], "(1, 9, 1, 4)": [0.9672936797142029, 0.9873598217964172, 0.9725072383880615, 0.9662533402442932, 0.9723075032234192, 0.9724668860435486, 0.9678589105606079], "(1, 9, 1, 3)": [0.9875687956809998, 0.9666093587875366, 0.9643409252166748, 0.958697497844696, 0.9494450688362122, 0.9682603478431702, 0.9751653075218201], "(1, 10, 1, 4)": [0.8748119473457336, 0.7970409989356995, 0.8594843149185181, 0.9552099704742432, 0.7585568428039551, 0.8496233820915222, 0.8411199450492859], "(2, 5, 2, 4)": [0.9840292930603027, 0.9864112734794617, 0.9900798797607422, 0.9775190949440002, 0.9847584962844849, 0.9976315498352051, 0.9881547689437866], "(2, 4, 1, 3)": [0.9849804639816284, 0.9722143411636353, 0.9882185459136963, 0.9338996410369873, 0.996701717376709, 0.9854593276977539, 0.8558155298233032], "(2, 3, 1, 3)": [0.6643412113189697, 0.6572096943855286, 0.8693975806236267, 0.6558328866958618, 0.6607056260108948, 0.991479218006134, 0.3649456202983856],