{"q_values": {"(1, 6, 2, 4)": [0.9880622029304504, 0.9864314198493958, 0.9858258962631226, 0.987800121307373, 0.9869505167007446, 0.9871543645858765, 0.9871752262115479], "(1, 6, 1, 3)": [0.9859732985496521, 0.9838029742240906, 0.9853482246398926, 0.9824187755584717, 0.9857629537582397, 0.9841572046279907, 0.9867910146713257], "(1, 7, 2, 4)": [0.9818037152290344, 0.9840289950370789, 0.9826787114143372, 0.9836455583572388, 0.9835662841796875, 0.983497679233551, 0.9834244847297668], "(1, 7, 1, 3)": [0.9814255833625793, 0.9876919388771057, 0.9803272485733032, 0.9836410284042358, 0.9835710525512695, 0.9800439476966858, 0.9833880066871643], "(1, 7, 1, 4)": [0.975104033946991, 0.9810018539428711, 0.9818077683448792, 0.9812628030776978, 0.9841299057006836, 0.9804222583770752, 0.9748928546905518], "(1, 8, 2, 4)": [0.9773732423782349, 0.9812659621238708, 0.9752702116966248, 0.9787753224372864, 0.9789887070655823, 0.9764869213104248, 0.9645563960075378], "(1, 8, 2, 5)": [0.982505738735199, 0.9380958676338196, 0.9008540511131287, 0.8806192874908447, 0.452157199382782, 0.9336611032485962, 0.4695126414299011], "(1, 9, 2, 4)": [0.9786890149116516, 0.9355980157852173, 0.9071750640869141, 0.9569528102874756, 0.9042555093765259, 0.871013879776001, 0.9382838010787964], "(1, 9, 2, 5)": [0.9797086715698242, 0.30155259370803833, 0.5958290100097656, 0.6592074036598206, 0.17343074083328247, 0.6428810358047485, 0.5517762899398804], "(1, 10, 2, 4)": [0.0, 0.4040972590446472, 0.2403329461812973, 0.2323174923658371, -0.0012069125659763813, 0.9606941342353821, 0.37539130449295044], "(2, 4, 1, 4)": [0.9905057549476624, 0.03537014126777649, 0.6981432437896729, 0.30480238795280457, 0.5638997554779053, 0.31460875272750854, 0.5883591771125793], "(1, 1, 1, 3)": [0.84261554479599, 0.5998313426971436, 0.7732690572738647, 0.5285592079162598, 0.6143797636032104, 0.9498351216316223, 0.7823825478553772], "(1, 1, 2, 4)": [0.959024965763092, 0.05120483413338661, 0.0, 0.03233734145760536, 0.0, 0.026492109522223473, 0.19118313491344452], "(2, 8, 1, 4)": [0.9890992045402527, 0.9856456518173218, 0.9880867600440979, 0.9882329106330872, 0.99029940366745, 0.9769181609153748, 0.9688752293586731], "(2, 8, 2, 4)": [0.9883291721343994, 0.9890313744544983, 0.9889528155326843, 0.9899693131446838, 0.990522563457489, 0.9720683097839355, 0.9724979996681213], "(2, 8, 1, 3)": [0.9894819855690002, 0.9924126267433167, 0.989167332649231, 0.9888819456100464, 0.9889835119247437, 0.9886646270751953, 0.9867448210716248], "(2, 9, 2, 5)": [0.2986156940460205, 0.516647458076477, 0.9578540325164795, 0.2258623242378235, 0.25442638993263245, 0.5018907189369202, 0.31208372116088867], "(2, 9, 2, 4)": [0.990694522857666, 0.8740445375442505, 0.9322819709777832, 0.9696881175041199, 0.8962449431419373, 0.9672184586524963, 0.9159035682678223], "(1, 8, 2, 3)": [0.6783315539360046, 0.241238072514534, 0.9862189888954163, 0.047408126294612885, 0.3000498116016388, 0.20732398331165314, 0.07939642667770386], "(2, 3, 2, 4)": [0.981914222240448, 0.974090039730072, 0.9779431223869324, 0.9724750518798828, 0.9754073619842529, 0.9732484221458435, 0.9693160057067871], "(2, 3, 1, 4)": [0.0, 0.34915870428085327, 0.0, 0.45188477635383606, 0.2755098044872284, 0.4519094228744507, 0.9857691526412964], "(2, 4, 2, 4)": [0.9901219010353088, 0.9939050674438477, 0.987200140953064, 0.9760757088661194, 0.9870648980140686, 0.9846819639205933, 0.9887666702270508], "(2, 5, 2, 5)": [0.4292007088661194, 0.762880802154541, 0.9948525428771973, 0.5093377232551575, 0.6082302331924438, 0.6568000316619873, 0.8712863326072693], "(2, 6, 2, 5)": [0.9590616822242737, 0.9254141449928284, 0.8740901350975037, 0.9877381324768066, 0.9159657955169678, 0.8030029535293579, 0.9710968732833862], "(2, 6, 2, 4)": [0.9937402009963989, 0.9936211705207825, 0.9919360876083374, 0.993878960609436, 0.9941123127937317, 0.9938040971755981, 0.9935858845710754], "(2, 7, 2, 4)": [0.9916828274726868, 0.9918522238731384, 0.9921632409095764, 0.9922353029251099, 0.9921441078186035, 0.9922488927841187, 0.9923437237739563], "(2, 8, 2, 5)": [0.9907346963882446, 0.7362800240516663, 0.6735706329345703, 0.5891706943511963, 0.676598310470581, 0.804790198802948, 0.829587459564209], "(2, 10, 2, 5)": [0.26366573572158813, 0.11494548618793488, 0.05010437220335007, 0.00790901854634285, 0.12993869185447693, 0.06985583156347275, 0.7558636665344238], "(2, 6, 1, 4)": [0.9918180704116821, 0.992965579032898, 0.9920899868011475, 0.9925876259803772, 0.9937185049057007, 0.984592616558075, 0.992692232131958], "(2, 6, 1, 3)": [0.9832944273948669, 0.9589507579803467, 0.8862847685813904, 0.9917749762535095, 0.9934471249580383, 0.9917746782302856, 0.991666316986084], "(2, 7, 1, 3)": [0.9811006188392639, 0.9917809367179871, 0.9934495091438293, 0.9915491938591003, 0.9908779859542847, 0.9912838339805603, 0.991684079170227], "(2, 7, 1, 4)": [0.9935920238494873, 0.9928466081619263, 0.9925494194030762, 0.9929370284080505, 0.9929541945457458, 0.9927562475204468, 0.9928210973739624], "(2, 9, 1, 4)": [0.9662331342697144, 0.9624611139297485, 0.9914300441741943, 0.9739557504653931, 0.9704349040985107, 0.9710826873779297, 0.9743891358375549], "(2, 10, 1, 4)": [0.022573338821530342, 0.4431176483631134, 0.05517548695206642, 0.3125356435775757, 0.3866626024246216, 0.30853912234306335, 0.9603933095932007], "(1, 3, 2, 4)": [0.9635570049285889, 0.38274627923965454, 0.30935728549957275, 0.24633057415485382, 0.29758936166763306, 0.545958936214447, 0.2706575393676758], "(1, 4, 1, 3)": [0.984363317489624, 0.9844525456428528, 0.9873704314231873, 0.9853140115737915, 0.9879910945892334, 0.9923723340034485, 0.9938004612922668], "(1, 5, 1, 3)": [0.987091064453125, 0.9895228147506714, 0.9903791546821594, 0.9899753332138062, 0.9865248799324036, 0.9860159754753113, 0.9941232204437256], "(1, 4, 2, 4)": [0.9906367063522339, 0.9917831420898438, 0.9926525354385376, 0.9929367303848267, 0.97141033411026, 0.9941033720970154, 0.992999255657196], "(1, 4, 2, 3)": [0.9847410917282104, 0.9681377410888672, 0.9852108359336853, 0.992458164691925, 0.9891954064369202, 0.9921612739562988, 0.9932592511177063], "(1, 5, 2, 4)": [0.9941229820251465, 0.9924717545509338, 0.9917677044868469, 0.991593062877655, 0.9921029210090637, 0.9913175106048584, 0.9911718368530273], "(2, 7, 2, 3)": [0.8952072858810425, 0.9897282719612122, 0.994101881980896, 0.9888704419136047, 0.9938812255859375, 0.9931948781013489, 0.9938205480575562], "(1, 6, 1, 4)": [0.9818009734153748, 0.9857704639434814, 0.9815962910652161, 0.9599724411964417, 0.9786967039108276, 0.9826293587684631, 0.9737422466278076], "(1, 8, 1, 4)": [0.9857498407363892, 0.9764293432235718, 0.979839563369751, 0.9794103503227234, 0.9785772562026978, 0.9795663356781006, 0.9795342683792114], "(1, 8, 1, 3)": [0.9708049297332764, 0.9735649228096008, 0.9807073473930359, 0.9727643132209778, 0.9730927348136902, 0.9751089811325073, 0.9753114581108093], "(1, 9, 1, 4)": [0.9814205765724182, 0.9676493406295776, 0.9672386646270752, 0.9689019322395325, 0.9689200520515442, 0.9683395624160767, 0.9687950611114502], "(1, 9, 1, 3)": [0.9818219542503357, 0.9728625416755676, 0.9665337800979614, 0.9729521870613098, 0.9704813361167908, 0.9716265201568604, 0.9710421562194824], "(1, 10, 1, 4)": [0.8748119473457336, 0.7970409989356995, 0.8594843149185181, 0.9537615776062012, 0.7585568428039551, 0.8496233820915222, 0.8411199450492859], "(2, 5, 2, 4)": [0.9903312921524048, 0.992073655128479, 0.9925698637962341, 0.994247555732727, 0.9891295433044434, 0.9915934205055237, 0.9894234538078308], "(2, 4, 1, 3)": [0.9626480937004089, 0.8952162861824036, 0.9356763362884521, 0.8153736591339111, 0.9911048412322998, 0.9494078755378723, 0.8558155298233032], "(2, 3, 1, 3)": [0.6643412113189697, 0.5185403227806091, 0.8198850154876709, 0.6558328866958618, 0.6607056260108948, 0.986699640750885, 0.3649456202983856], "(2, 2, 1, 3)": [0.35823842883110046, 0.27005356550216675, 0.2321334183216095, 0.32628387212753296, 0.30104967951774597, 0.141035258769989, 0.9913817644119263],