{"q_values": {"(1, 6, 2, 4)": [0.9925461411476135, 0.9922966361045837, 0.9925248026847839, 0.9926007390022278, 0.9944357872009277, 0.9921908974647522, 0.9921978116035461], "(1, 6, 1, 3)": [0.9896426200866699, 0.988707423210144, 0.990218460559845, 0.9985671639442444, 0.9860000014305115, 0.9903891086578369, 0.9903883337974548], "(1, 7, 2, 4)": [0.9847389459609985, 0.9853888154029846, 0.9840911030769348, 0.9856346845626831, 0.9840821623802185, 0.985560953617096, 0.9899095892906189], "(1, 7, 1, 3)": [0.9741163849830627, 0.9977161288261414, 0.9782471656799316, 0.9829381704330444, 0.979708194732666, 0.979916512966156, 0.9801734685897827], "(1, 7, 1, 4)": [0.9805792570114136, 0.983610987663269, 0.9829109907150269, 0.9790325164794922, 0.9835706353187561, 0.9877822399139404, 0.9915929436683655], "(1, 8, 2, 4)": [0.9788827300071716, 0.9889085292816162, 0.9752702116966248, 0.979853093624115, 0.9789092540740967, 0.9765542149543762, 0.9645563960075378], "(1, 8, 2, 5)": [0.989104151725769, 0.9520252346992493, 0.9255790114402771, 0.9118319153785706, 0.452157199382782, 0.9336611032485962, 0.4695126414299011], "(1, 9, 2, 4)": [0.9698531627655029, 0.9355980157852173, 0.9321401715278625, 0.9569528102874756, 0.9279001951217651, 0.871013879776001, 0.9382838010787964], "(1, 9, 2, 5)": [0.9702865481376648, 0.30155259370803833, 0.5958290100097656, 0.6592074036598206, 0.17343074083328247, 0.6428810358047485, 0.5517762899398804], "(1, 10, 2, 4)": [0.0, 0.4040972590446472, 0.2403329461812973, 0.2323174923658371, -0.0012069125659763813, 0.9617027044296265, 0.37539130449295044], "(2, 4, 1, 4)": [0.9974573254585266, 0.6673790216445923, 0.9253997206687927, 0.30480238795280457, 0.5638997554779053, 0.31460875272750854, 0.711093008518219], "(1, 1, 1, 3)": [0.84261554479599, 0.7100545763969421, 0.8301985263824463, 0.6549308896064758, 0.7847909927368164, 0.9593319892883301, 0.7823825478553772], "(1, 1, 2, 4)": [0.961229145526886, 0.05120483413338661, 0.0, 0.03233734145760536, 0.0, 0.026492109522223473, 0.19118313491344452], "(2, 8, 1, 4)": [0.9977555871009827, 0.9890083074569702, 0.9864956736564636, 0.9879758954048157, 0.9445660710334778, 0.9888866543769836, 0.9821996688842773], "(2, 8, 2, 4)": [0.9976419806480408, 0.9922725558280945, 0.9931480884552002, 0.9898092746734619, 0.9923357367515564, 0.9926797151565552, 0.985909640789032], "(2, 8, 1, 3)": [0.9917767643928528, 0.9978776574134827, 0.9939107298851013, 0.9896547198295593, 0.9938825964927673, 0.993733823299408, 0.9944045543670654], "(2, 9, 2, 5)": [0.2986156940460205, 0.516647458076477, 0.93489009141922, 0.2258623242378235, 0.25442638993263245, 0.5018907189369202, 0.5089177489280701], "(2, 9, 2, 4)": [0.997489333152771, 0.9109057188034058, 0.9498630166053772, 0.9771150946617126, 0.8962449431419373, 0.9672184586524963, 0.9159035682678223], "(1, 8, 2, 3)": [0.6783315539360046, 0.241238072514534, 0.9945920705795288, 0.047408126294612885, 0.3000498116016388, 0.20732398331165314, 0.07939642667770386], "(2, 3, 2, 4)": [0.9798705577850342, 0.9804847240447998, 0.9802950024604797, 0.9969823956489563, 0.9819488525390625, 0.9814149737358093, 0.9796821475028992], "(2, 3, 1, 4)": [0.0, 0.34915870428085327, 0.2949821949005127, 0.45188477635383606, 0.2755098044872284, 0.4519094228744507, 0.9895372986793518], "(2, 4, 2, 4)": [0.9883338809013367, 0.9900388717651367, 0.9844110012054443, 0.9909408688545227, 0.9881498217582703, 0.9975516200065613, 0.9906610250473022], "(2, 5, 2, 5)": [0.4292007088661194, 0.832984209060669, 0.9975807070732117, 0.829520583152771, 0.7246423363685608, 0.9149495363235474, 0.9351006150245667], "(2, 6, 2, 5)": [0.9590616822242737, 0.9460024237632751, 0.910926342010498, 0.9976195693016052, 0.9569385051727295, 0.9017524719238281, 0.9710968732833862], "(2, 6, 2, 4)": [0.9878726005554199, 0.9886836409568787, 0.9897751212120056, 0.9927866458892822, 0.9944775700569153, 0.9951632618904114, 0.9975974559783936], "(2, 7, 2, 4)": [0.9951329827308655, 0.9913959503173828, 0.9884719848632812, 0.9961159825325012, 0.9961561560630798, 0.9975676536560059, 0.9940198659896851], "(2, 8, 2, 5)": [0.997620165348053, 0.7362800240516663, 0.6735706329345703, 0.7113180756568909, 0.676598310470581, 0.9016221165657043, 0.829587459564209], "(2, 10, 2, 5)": [0.26366573572158813, 0.11494548618793488, 0.05010437220335007, 0.00790901854634285, 0.3806998133659363, 0.06985583156347275, 0.7558636665344238], "(2, 6, 1, 4)": [0.9971513152122498, 0.9944247007369995, 0.9865778088569641, 0.9961392879486084, 0.9964973330497742, 0.9873372912406921, 0.985659658908844], "(2, 6, 1, 3)": [0.9651370644569397, 0.935759425163269, 0.9845538139343262, 0.9977030158042908, 0.9962389469146729, 0.9964457750320435, 0.9964414834976196], "(2, 7, 1, 3)": [0.9953331351280212, 0.9978492259979248, 0.9956311583518982, 0.9955734610557556, 0.9961126446723938, 0.9953579306602478, 0.9955824613571167], "(2, 7, 1, 4)": [0.9971793293952942, 0.9954742789268494, 0.9963245391845703, 0.9955686330795288, 0.9963150024414062, 0.995414137840271, 0.9953600168228149], "(2, 9, 1, 4)": [0.9752644300460815, 0.9624611139297485, 0.9917564392089844, 0.9704387784004211, 0.9771520495414734, 0.9774314761161804, 0.974199116230011], "(2, 10, 1, 4)": [0.022573338821530342, 0.4431176483631134, 0.05517548695206642, 0.3125356435775757, 0.3866626024246216, 0.30853912234306335, 0.9501596093177795], "(1, 3, 2, 4)": [0.9583914279937744, 0.38274627923965454, 0.30935728549957275, 0.24633057415485382, 0.29758936166763306, 0.545958936214447, 0.2706575393676758], "(1, 4, 1, 3)": [0.9966269135475159, 0.9958229064941406, 0.9962526559829712, 0.9912833571434021, 0.9868268966674805, 0.9978036880493164, 0.9984232783317566], "(1, 5, 1, 3)": [0.9984859824180603, 0.9970387816429138, 0.996218204498291, 0.9977749586105347, 0.9965143799781799, 0.99723881483078, 0.9972935914993286], "(1, 4, 2, 4)": [0.9959747791290283, 0.9952794909477234, 0.9866207242012024, 0.9958901405334473, 0.9975878596305847, 0.9940370917320251, 0.9954590201377869], "(1, 4, 2, 3)": [0.991299569606781, 0.9918581247329712, 0.9952701330184937, 0.9781984686851501, 0.9848851561546326, 0.9915949702262878, 0.9983962178230286], "(1, 5, 2, 4)": [0.9958463311195374, 0.9959622025489807, 0.998481810092926, 0.9963809251785278, 0.9958828687667847, 0.996098518371582, 0.9967700242996216], "(2, 7, 2, 3)": [0.9918702244758606, 0.9945388436317444, 0.9968422055244446, 0.9974969029426575, 0.9953708052635193, 0.996981680393219, 0.9915249347686768], "(1, 6, 1, 4)": [0.9749282598495483, 0.9826331734657288, 0.9834942817687988, 0.9710079431533813, 0.9871490597724915, 0.9942953586578369, 0.9861722588539124], "(1, 8, 1, 4)": [0.9729092121124268, 0.9828184843063354, 0.9825108051300049, 0.9780412316322327, 0.980488657951355, 0.9823617935180664, 0.9764629602432251], "(1, 8, 1, 3)": [0.9835728406906128, 0.9963306188583374, 0.9834253191947937, 0.9798713326454163, 0.9847192168235779, 0.9844943284988403, 0.9763286113739014], "(1, 9, 1, 4)": [0.9735137820243835, 0.9729569554328918, 0.9681065082550049, 0.9704864025115967, 0.973543107509613, 0.9703153967857361, 0.9733802080154419], "(1, 9, 1, 3)": [0.9720118045806885, 0.9744060635566711, 0.9682314395904541, 0.9728264808654785, 0.9708901047706604, 0.9787084460258484, 0.9749593138694763], "(1, 10, 1, 4)": [0.8748119473457336, 0.7970409989356995, 0.8594843149185181, 0.9615582823753357, 0.7585568428039551, 0.885064423084259, 0.8411199450492859], "(2, 5, 2, 4)": [0.9941191673278809, 0.993134081363678, 0.9915504455566406, 0.9900239109992981, 0.9891387224197388, 0.9975919723510742, 0.9882826209068298], "(2, 4, 1, 3)": [0.9769737124443054, 0.9796658754348755, 0.9852291941642761, 0.966152012348175, 0.9911417961120605, 0.9975066781044006, 0.948799192905426], "(2, 3, 1, 3)": [0.6643412113189697, 0.6572096943855286, 0.8693975806236267, 0.6558328866958618, 0.6607056260108948, 0.995427668094635, 0.5525695085525513],