{"q_values": {"(1, 6, 2, 4)": [0.9961055517196655, 0.9879785776138306, 0.9880303740501404, 0.9879705309867859, 0.9879986643791199, 0.9877220988273621, 0.9874553680419922], "(1, 6, 1, 3)": [0.9908180832862854, 0.9877614974975586, 0.9866299629211426, 0.9844441413879395, 0.9878755211830139, 0.9928485751152039, 0.9875821471214294], "(1, 7, 2, 4)": [0.9847389459609985, 0.9853888154029846, 0.9840911030769348, 0.9842826724052429, 0.9840821623802185, 0.9903199076652527, 0.9834244847297668], "(1, 7, 1, 3)": [0.9956672191619873, 0.983489453792572, 0.9707536697387695, 0.9829381704330444, 0.9858384728431702, 0.979916512966156, 0.9845832586288452], "(1, 7, 1, 4)": [0.97075355052948, 0.9843966960906982, 0.9831830859184265, 0.9790325164794922, 0.9851059317588806, 0.9903227686882019, 0.9830479621887207], "(1, 8, 2, 4)": [0.9788827300071716, 0.9913882613182068, 0.9752702116966248, 0.979853093624115, 0.9789092540740967, 0.9765542149543762, 0.9645563960075378], "(1, 8, 2, 5)": [0.987495481967926, 0.9520252346992493, 0.9008540511131287, 0.9118319153785706, 0.452157199382782, 0.9336611032485962, 0.4695126414299011], "(1, 9, 2, 4)": [0.9830862283706665, 0.9355980157852173, 0.9071750640869141, 0.9569528102874756, 0.9042555093765259, 0.871013879776001, 0.9382838010787964], "(1, 9, 2, 5)": [0.9845820665359497, 0.30155259370803833, 0.5958290100097656, 0.6592074036598206, 0.17343074083328247, 0.6428810358047485, 0.5517762899398804], "(1, 10, 2, 4)": [0.0, 0.4040972590446472, 0.2403329461812973, 0.2323174923658371, -0.0012069125659763813, 0.9566018581390381, 0.37539130449295044], "(2, 4, 1, 4)": [0.9971457719802856, 0.6673790216445923, 0.9253997206687927, 0.30480238795280457, 0.5638997554779053, 0.31460875272750854, 0.711093008518219], "(1, 1, 1, 3)": [0.84261554479599, 0.7100545763969421, 0.8301985263824463, 0.5285592079162598, 0.7095354795455933, 0.9470273852348328, 0.7823825478553772], "(1, 1, 2, 4)": [0.9585065245628357, 0.05120483413338661, 0.0, 0.03233734145760536, 0.0, 0.026492109522223473, 0.19118313491344452], "(2, 8, 1, 4)": [0.9948105812072754, 0.9890083074569702, 0.9882593154907227, 0.9845070838928223, 0.9218725562095642, 0.9888866543769836, 0.9821996688842773], "(2, 8, 2, 4)": [0.9962482452392578, 0.9922725558280945, 0.9818128347396851, 0.9898092746734619, 0.990963876247406, 0.9919551014900208, 0.985909640789032], "(2, 8, 1, 3)": [0.9965269565582275, 0.9939808249473572, 0.9924041032791138, 0.9896547198295593, 0.9909708499908447, 0.9927341341972351, 0.9930107593536377], "(2, 9, 2, 5)": [0.2986156940460205, 0.516647458076477, 0.9828254580497742, 0.2258623242378235, 0.25442638993263245, 0.5018907189369202, 0.5089177489280701], "(2, 9, 2, 4)": [0.9839209318161011, 0.9109057188034058, 0.9498630166053772, 0.9771150946617126, 0.8962449431419373, 0.9672184586524963, 0.9159035682678223], "(1, 8, 2, 3)": [0.6783315539360046, 0.241238072514534, 0.987036406993866, 0.047408126294612885, 0.3000498116016388, 0.20732398331165314, 0.07939642667770386], "(2, 3, 2, 4)": [0.9750687479972839, 0.9787391424179077, 0.9828892946243286, 0.9879996180534363, 0.9926838874816895, 0.9809697866439819, 0.978947639465332], "(2, 3, 1, 4)": [0.0, 0.34915870428085327, 0.2949821949005127, 0.45188477635383606, 0.2755098044872284, 0.4519094228744507, 0.9973952174186707], "(2, 4, 2, 4)": [0.9911589622497559, 0.987304151058197, 0.9887113571166992, 0.9865578413009644, 0.989471971988678, 0.9951220750808716, 0.9898396134376526], "(2, 5, 2, 5)": [0.4292007088661194, 0.832984209060669, 0.9961963891983032, 0.7575321197509766, 0.7246423363685608, 0.8796905875205994, 0.9091935157775879], "(2, 6, 2, 5)": [0.9590616822242737, 0.9254141449928284, 0.910926342010498, 0.9966244697570801, 0.9403808116912842, 0.9017524719238281, 0.9710968732833862], "(2, 6, 2, 4)": [0.9928727149963379, 0.9916885495185852, 0.9922116994857788, 0.9973057508468628, 0.9904317259788513, 0.9938088059425354, 0.9945148825645447], "(2, 7, 2, 4)": [0.9971891045570374, 0.9949268698692322, 0.9950892925262451, 0.9949469566345215, 0.9948543906211853, 0.9926062226295471, 0.9928473830223083], "(2, 8, 2, 5)": [0.9890466332435608, 0.7362800240516663, 0.6735706329345703, 0.7113180756568909, 0.676598310470581, 0.8622671961784363, 0.829587459564209], "(2, 10, 2, 5)": [0.26366573572158813, 0.11494548618793488, 0.05010437220335007, 0.00790901854634285, 0.12993869185447693, 0.06985583156347275, 0.7558636665344238], "(2, 6, 1, 4)": [0.9915698766708374, 0.9956181049346924, 0.9956777095794678, 0.9947469830513, 0.9929593801498413, 0.995579719543457, 0.7002389430999756], "(2, 6, 1, 3)": [0.977903425693512, 0.8360464572906494, 0.9785041213035583, 0.989561915397644, 0.9974612593650818, 0.9940990805625916, 0.9939301013946533], "(2, 7, 1, 3)": [0.9945605397224426, 0.9971889853477478, 0.9946815967559814, 0.9934570789337158, 0.9935218691825867, 0.994275689125061, 0.9936357736587524], "(2, 7, 1, 4)": [0.9970477819442749, 0.9945294857025146, 0.9937649369239807, 0.9930476546287537, 0.9898730516433716, 0.9897691607475281, 0.9922367930412292], "(2, 9, 1, 4)": [0.9752644300460815, 0.9624611139297485, 0.9904438257217407, 0.9704387784004211, 0.9771520495414734, 0.9774314761161804, 0.974199116230011], "(2, 10, 1, 4)": [0.022573338821530342, 0.4431176483631134, 0.05517548695206642, 0.3125356435775757, 0.3866626024246216, 0.30853912234306335, 0.9629053473472595], "(1, 3, 2, 4)": [0.9597846865653992, 0.38274627923965454, 0.30935728549957275, 0.24633057415485382, 0.29758936166763306, 0.545958936214447, 0.2706575393676758], "(1, 4, 1, 3)": [0.985932469367981, 0.9823299646377563, 0.9432356357574463, 0.9949452877044678, 0.9887416958808899, 0.9928367137908936, 0.9975149631500244], "(1, 5, 1, 3)": [0.9884480237960815, 0.9919917583465576, 0.9975594282150269, 0.9864354729652405, 0.9917358756065369, 0.9900165796279907, 0.9909142255783081], "(1, 4, 2, 4)": [0.9962918162345886, 0.9949971437454224, 0.9967110753059387, 0.9975809454917908, 0.9967443943023682, 0.9967010021209717, 0.9953658580780029], "(1, 4, 2, 3)": [0.9928457736968994, 0.9927237629890442, 0.9930368661880493, 0.9801574349403381, 0.9955105185508728, 0.9967151880264282, 0.99142986536026], "(1, 5, 2, 4)": [0.9975823163986206, 0.9953051209449768, 0.99672931432724, 0.9933384656906128, 0.9949613213539124, 0.9935178756713867, 0.995004415512085], "(2, 7, 2, 3)": [0.9725726842880249, 0.9969548583030701, 0.9891152381896973, 0.991428554058075, 0.9820378422737122, 0.9912431836128235, 0.9850051403045654], "(1, 6, 1, 4)": [0.9749282598495483, 0.9882800579071045, 0.9799110293388367, 0.9902946949005127, 0.9890793561935425, 0.9877655506134033, 0.9904921054840088], "(1, 8, 1, 4)": [0.9783341288566589, 0.9761558771133423, 0.9923324584960938, 0.982587456703186, 0.9761486649513245, 0.9818131327629089, 0.978550910949707], "(1, 8, 1, 3)": [0.9927150011062622, 0.9806287288665771, 0.9716686010360718, 0.9798713326454163, 0.9810287952423096, 0.981741189956665, 0.9679638743400574], "(1, 9, 1, 4)": [0.9907536506652832, 0.9781679511070251, 0.9681065082550049, 0.9644269347190857, 0.9758057594299316, 0.9723333716392517, 0.9734697341918945], "(1, 9, 1, 3)": [0.9757462739944458, 0.993380069732666, 0.9682314395904541, 0.9631292223930359, 0.9611207246780396, 0.9682603478431702, 0.9758429527282715], "(1, 10, 1, 4)": [0.8748119473457336, 0.7970409989356995, 0.8594843149185181, 0.9644047021865845, 0.7585568428039551, 0.885064423084259, 0.8411199450492859], "(2, 5, 2, 4)": [0.9926128387451172, 0.992061972618103, 0.9921079874038696, 0.9879783987998962, 0.9927015900611877, 0.9960195422172546, 0.9920318126678467], "(2, 4, 1, 3)": [0.9915627241134644, 0.9796658754348755, 0.995405375957489, 0.966152012348175, 0.9941096901893616, 0.9891257286071777, 0.948799192905426], "(2, 3, 1, 3)": [0.6643412113189697, 0.6572096943855286, 0.8693975806236267, 0.6558328866958618, 0.6607056260108948, 0.9909844994544983, 0.3649456202983856],