{"q_values": {"(1, 6, 2, 4)": [0.9918844103813171, 0.9909988045692444, 0.9909664988517761, 0.991348922252655, 0.9913896322250366, 0.9915817975997925, 0.9911113381385803], "(1, 6, 1, 3)": [0.9900201559066772, 0.9900496602058411, 0.9903993010520935, 0.9906113147735596, 0.9882805347442627, 0.991851270198822, 0.986343264579773], "(1, 7, 2, 4)": [0.9894670844078064, 0.986003577709198, 0.9829363822937012, 0.9835242629051208, 0.9851571321487427, 0.9810389280319214, 0.9863887429237366], "(1, 7, 1, 3)": [0.9826415181159973, 0.9868923425674438, 0.986280083656311, 0.9867196679115295, 0.9872347116470337, 0.9865647554397583, 0.9806703925132751], "(1, 7, 1, 4)": [0.990494430065155, 0.9642221927642822, 0.984311580657959, 0.9883677959442139, 0.9850234389305115, 0.9800414443016052, 0.984584629535675], "(1, 8, 2, 4)": [0.968788743019104, 0.9705556035041809, 0.9669218063354492, 0.9756705164909363, 0.9625145792961121, 0.9698318839073181, 0.9661580324172974], "(1, 8, 2, 5)": [0.9694846272468567, 0.9174782633781433, 0.814963161945343, 0.8806192874908447, 0.22882701456546783, 0.9139858484268188, 0.4695126414299011], "(1, 9, 2, 4)": [0.9801025390625, 0.8878682851791382, 0.8735405206680298, 0.9096930623054504, 0.8693931102752686, 0.8232904672622681, 0.9142537713050842], "(1, 9, 2, 5)": [0.9433125853538513, 0.30155259370803833, 0.5958290100097656, 0.6592074036598206, 0.17343074083328247, 0.6428810358047485, 0.36949872970581055], "(1, 10, 2, 4)": [0.0, 0.4040972590446472, 0.2403329461812973, 0.2323174923658371, -0.0012069125659763813, 0.9459442496299744, 0.37539130449295044], "(2, 4, 1, 4)": [0.9940458536148071, 0.03537014126777649, 0.5697335004806519, 0.00953699927777052, 0.5638997554779053, 0.02201009914278984, 0.16191448271274567], "(1, 1, 1, 3)": [0.7235854268074036, 0.5998313426971436, 0.5755565762519836, 0.5285592079162598, 0.25612831115722656, 0.7819992303848267, 0.6054952144622803], "(1, 1, 2, 4)": [0.8230528831481934, 0.05120483413338661, 0.0, 0.03233734145760536, 0.0, 0.026492109522223473, 0.19118313491344452], "(2, 8, 1, 4)": [0.9836666584014893, 0.9933373928070068, 0.9898104071617126, 0.9233282804489136, 0.7865991592407227, 0.9873850345611572, 0.9767126441001892], "(2, 8, 2, 4)": [0.9932760000228882, 0.9916766285896301, 0.9919675588607788, 0.9915557503700256, 0.9692851901054382, 0.9527052044868469, 0.9705413579940796], "(2, 8, 1, 3)": [0.9809441566467285, 0.9756503701210022, 0.9923259019851685, 0.9946233630180359, 0.9910146594047546, 0.9907304048538208, 0.9893264770507812], "(2, 9, 2, 5)": [0.2986156940460205, 0.516647458076477, 0.9541000723838806, 0.2258623242378235, 0.25442638993263245, 0.5018907189369202, 0.31208372116088867], "(2, 9, 2, 4)": [0.9922133684158325, 0.8740445375442505, 0.8636314868927002, 0.9459521174430847, 0.8962449431419373, 0.9108227491378784, 0.8806574940681458], "(1, 8, 2, 3)": [0.5464558005332947, 0.241238072514534, 0.9887455701828003, 0.047408126294612885, 0.3000498116016388, 0.20732398331165314, 0.07939642667770386], "(2, 3, 2, 4)": [0.9934021234512329, 0.9876715540885925, 0.9623828530311584, 0.9927263259887695, 0.9973857402801514, 0.9531099200248718, 0.9680479764938354], "(2, 3, 1, 4)": [0.0, 0.34915870428085327, 0.0, 0.45188477635383606, 0.2755098044872284, 0.4519094228744507, 0.9959696531295776], "(2, 4, 2, 4)": [0.9862115979194641, 0.9890895485877991, 0.9829469919204712, 0.9984298348426819, 0.988573431968689, 0.9939446449279785, 0.9706155061721802], "(2, 5, 2, 5)": [0.18519285321235657, 0.02440313622355461, 0.9952412247657776, 0.3005311191082001, 0.20437762141227722, 0.00486880075186491, 0.24979740381240845], "(2, 6, 2, 5)": [0.08351313322782516, 0.39412277936935425, 0.48519250750541687, 0.9959983229637146, 0.31587815284729004, 0.4303745627403259, 0.682930052280426], "(2, 6, 2, 4)": [0.9978854656219482, 0.9987877011299133, 0.997575581073761, 0.997673749923706, 0.9969714879989624, 0.9979153871536255, 0.9948360323905945], "(2, 7, 2, 4)": [0.9939751625061035, 0.9940049648284912, 0.9931762218475342, 0.9942247867584229, 0.9938095211982727, 0.9940398931503296, 0.9940387010574341], "(2, 8, 2, 5)": [0.9931619167327881, 0.6256484389305115, 0.3366968631744385, 0.41667869687080383, 0.34251436591148376, 0.44434577226638794, 0.758287787437439], "(2, 10, 2, 5)": [0.26366573572158813, 0.11494548618793488, 0.05010437220335007, 0.00790901854634285, 0.12993869185447693, 0.06985583156347275, 0.5366240739822388], "(2, 6, 1, 4)": [0.8687009215354919, 0.904609203338623, 0.8994498252868652, 0.9064328074455261, 0.9971364140510559, 0.9628880023956299, 0.8984346985816956], "(2, 6, 1, 3)": [0.994780957698822, 0.9950879216194153, 0.9938191175460815, 0.9972771406173706, 0.9968552589416504, 0.9973822832107544, 0.9975000619888306], "(2, 7, 1, 3)": [0.9919241666793823, 0.9929523468017578, 0.9915858507156372, 0.9955854415893555, 0.991577684879303, 0.993678092956543, 0.9929473996162415], "(2, 7, 1, 4)": [0.9934263825416565, 0.9967254400253296, 0.9936339259147644, 0.994470477104187, 0.9930406212806702, 0.9921140670776367, 0.9903134703636169], "(2, 9, 1, 4)": [0.978075385093689, 0.9927657246589661, 0.9793677926063538, 0.9795084595680237, 0.9761649966239929, 0.9295954704284668, 0.9813125729560852], "(2, 10, 1, 4)": [0.022573338821530342, 0.4431176483631134, 0.05517548695206642, 0.3125356435775757, 0.3866626024246216, 0.30853912234306335, 0.9028005003929138], "(1, 3, 2, 4)": [0.9065535664558411, 0.38274627923965454, 0.30935728549957275, 0.24633057415485382, 0.29758936166763306, 0.545958936214447, 0.2706575393676758], "(1, 4, 1, 3)": [0.4470311403274536, 0.46293938159942627, 0.7828550338745117, 0.6842761635780334, 0.6841899156570435, 0.6865251064300537, 0.9875711798667908], "(1, 5, 1, 3)": [0.9481713771820068, 0.9659764170646667, 0.9847947955131531, 0.9466333389282227, 0.9822610020637512, 0.9075443744659424, 0.950192391872406], "(1, 4, 2, 4)": [0.9665243029594421, 0.8819178938865662, 0.8491289019584656, 0.9945247769355774, 0.9541177749633789, 0.853144645690918, 0.7960830330848694], "(1, 4, 2, 3)": [0.31420189142227173, 0.4698265492916107, 0.2522386908531189, 0.552963137626648, 0.3238146901130676, 0.5381171107292175, 0.9909133315086365], "(1, 5, 2, 4)": [0.9845433235168457, 0.9811319708824158, 0.9697268605232239, 0.9756989479064941, 0.9938521385192871, 0.9923567771911621, 0.9926769137382507], "(2, 7, 2, 3)": [0.978680431842804, 0.9362900853157043, 0.9950190782546997, 0.9529166221618652, 0.9513590931892395, 0.9945743083953857, 0.979430079460144], "(1, 6, 1, 4)": [0.9874476790428162, 0.9883294105529785, 0.991830587387085, 0.9876822829246521, 0.9740457534790039, 0.9808120131492615, 0.9819585680961609], "(1, 8, 1, 4)": [0.9904499650001526, 0.9650498032569885, 0.9793429374694824, 0.966080904006958, 0.9671048521995544, 0.9784945845603943, 0.9692034721374512], "(1, 8, 1, 3)": [0.9810980558395386, 0.9905835390090942, 0.983027994632721, 0.9861449599266052, 0.9860004186630249, 0.9865445494651794, 0.9864825010299683], "(1, 9, 1, 4)": [0.9265078902244568, 0.9842935800552368, 0.9412177801132202, 0.9464731216430664, 0.9363497495651245, 0.9371899962425232, 0.9301701784133911], "(1, 9, 1, 3)": [0.9710198640823364, 0.9890053868293762, 0.9775478839874268, 0.9804297089576721, 0.9803725481033325, 0.982297956943512, 0.9806615114212036], "(1, 10, 1, 4)": [0.8361735343933105, 0.7970409989356995, 0.9132639169692993, 0.842612624168396, 0.7585568428039551, 0.7368320822715759, 0.7891235947608948], "(2, 5, 2, 4)": [0.9985253810882568, 0.9835782647132874, 0.9986358880996704, 0.9971554279327393, 0.9646875262260437, 0.9983693957328796, 0.9971804618835449], "(2, 4, 1, 3)": [0.8004706501960754, 0.9244065284729004, 0.8032426834106445, 0.7394387722015381, 0.9932947754859924, 0.5986971855163574, 0.7087584733963013], "(2, 3, 1, 3)": [0.521411120891571, 0.5185403227806091, 0.8198850154876709, 0.6558328866958618, 0.6607056260108948, 0.9959412813186646, 0.3649456202983856],