{"q_values": {"(1, 6, 2, 4)": [0.9914655685424805, 0.996722400188446, 0.989902675151825, 0.9939689636230469, 0.9923146367073059, 0.991204023361206, 0.990665853023529], "(1, 6, 1, 3)": [0.9969984292984009, 0.9899837374687195, 0.9918212890625, 0.9924842119216919, 0.9927147030830383, 0.9935730695724487, 0.9934393763542175], "(1, 7, 2, 4)": [0.9807268381118774, 0.9800944924354553, 0.9793881177902222, 0.9795280694961548, 0.9724923968315125, 0.9883337020874023, 0.9799961447715759], "(1, 7, 1, 3)": [0.9588708877563477, 0.9843803644180298, 0.9957683086395264, 0.9844275712966919, 0.9836490154266357, 0.9815917015075684, 0.982099175453186], "(1, 7, 1, 4)": [0.9698616862297058, 0.9520670771598816, 0.9781126379966736, 0.9787927865982056, 0.9795169234275818, 0.9870174527168274, 0.9782140851020813], "(1, 8, 2, 4)": [0.9891389012336731, 0.9728067517280579, 0.9725216627120972, 0.9718604683876038, 0.9679837226867676, 0.9679446220397949, 0.970485270023346], "(1, 8, 2, 5)": [0.981258749961853, 0.9174782633781433, 0.814963161945343, 0.8806192874908447, 0.22882701456546783, 0.9336611032485962, 0.4695126414299011], "(1, 9, 2, 4)": [0.9912921786308289, 0.9171343445777893, 0.8735405206680298, 0.9096930623054504, 0.8693931102752686, 0.8232904672622681, 0.9142537713050842], "(1, 9, 2, 5)": [0.9592203497886658, 0.30155259370803833, 0.5958290100097656, 0.6592074036598206, 0.17343074083328247, 0.6428810358047485, 0.36949872970581055], "(1, 10, 2, 4)": [0.0, 0.4040972590446472, 0.2403329461812973, 0.2323174923658371, -0.0012069125659763813, 0.940158486366272, 0.37539130449295044], "(2, 4, 1, 4)": [0.9782740473747253, 0.03537014126777649, 0.5697335004806519, 0.00953699927777052, 0.5638997554779053, 0.02201009914278984, 0.16191448271274567], "(1, 1, 1, 3)": [0.7235854268074036, 0.5998313426971436, 0.6899225115776062, 0.5285592079162598, 0.25612831115722656, 0.9213696718215942, 0.6054952144622803], "(1, 1, 2, 4)": [0.9310128092765808, 0.05120483413338661, 0.0, 0.03233734145760536, 0.0, 0.026492109522223473, 0.19118313491344452], "(2, 8, 1, 4)": [0.997134268283844, 0.9857072234153748, 0.9915192723274231, 0.9448867440223694, 0.7865991592407227, 0.9213469624519348, 0.9767126441001892], "(2, 8, 2, 4)": [0.9946971535682678, 0.9971092343330383, 0.9901381134986877, 0.9902575612068176, 0.9825143218040466, 0.9657705426216125, 0.9773561358451843], "(2, 8, 1, 3)": [0.9903101921081543, 0.9921212792396545, 0.996619701385498, 0.9937383532524109, 0.9937946200370789, 0.9927735328674316, 0.9910331964492798], "(2, 9, 2, 5)": [0.2986156940460205, 0.516647458076477, 0.9731216430664062, 0.2258623242378235, 0.25442638993263245, 0.5018907189369202, 0.31208372116088867], "(2, 9, 2, 4)": [0.992108166217804, 0.8740445375442505, 0.8636314868927002, 0.9459521174430847, 0.8962449431419373, 0.9108227491378784, 0.8806574940681458], "(1, 8, 2, 3)": [0.5464558005332947, 0.241238072514534, 0.9877762794494629, 0.047408126294612885, 0.3000498116016388, 0.20732398331165314, 0.07939642667770386], "(2, 3, 2, 4)": [0.9586864113807678, 0.9614311456680298, 0.9623828530311584, 0.9553527235984802, 0.977487325668335, 0.9347226619720459, 0.9672667384147644], "(2, 3, 1, 4)": [0.0, 0.34915870428085327, 0.0, 0.45188477635383606, 0.2755098044872284, 0.4519094228744507, 0.9906384944915771], "(2, 4, 2, 4)": [0.9791591167449951, 0.9823235273361206, 0.9902570247650146, 0.995985746383667, 0.9899646043777466, 0.9885391592979431, 0.9770215153694153], "(2, 5, 2, 5)": [0.18519285321235657, 0.02440313622355461, 0.997308611869812, 0.5093377232551575, 0.20437762141227722, 0.00486880075186491, 0.24979740381240845], "(2, 6, 2, 5)": [0.35733306407928467, 0.39412277936935425, 0.48519250750541687, 0.9971765875816345, 0.31587815284729004, 0.4303745627403259, 0.682930052280426], "(2, 6, 2, 4)": [0.9928377270698547, 0.991575300693512, 0.9813026785850525, 0.9958757162094116, 0.9974913597106934, 0.9953462481498718, 0.9953293800354004], "(2, 7, 2, 4)": [0.99309903383255, 0.9960981607437134, 0.9971014857292175, 0.9961779117584229, 0.995957612991333, 0.9962590932846069, 0.9960129857063293], "(2, 8, 2, 5)": [0.9928731918334961, 0.6256484389305115, 0.3366968631744385, 0.5891706943511963, 0.34251436591148376, 0.7255300283432007, 0.829587459564209], "(2, 10, 2, 5)": [0.26366573572158813, 0.11494548618793488, 0.05010437220335007, 0.00790901854634285, 0.12993869185447693, 0.06985583156347275, 0.5366240739822388], "(2, 6, 1, 4)": [0.8687009215354919, 0.9322203397750854, 0.8994498252868652, 0.9524990916252136, 0.9976345896720886, 0.9705056548118591, 0.9280771613121033], "(2, 6, 1, 3)": [0.9803559184074402, 0.9891531467437744, 0.9669305682182312, 0.9948546290397644, 0.9954422116279602, 0.9954054355621338, 0.9976131916046143], "(2, 7, 1, 3)": [0.9960778951644897, 0.9957196116447449, 0.9959942698478699, 0.9956555366516113, 0.9951633810997009, 0.9971041679382324, 0.9934815168380737], "(2, 7, 1, 4)": [0.990982174873352, 0.9948866367340088, 0.9934872984886169, 0.9942100644111633, 0.9941449761390686, 0.9971137046813965, 0.9232860803604126], "(2, 9, 1, 4)": [0.978075385093689, 0.9952244162559509, 0.9793677926063538, 0.9795084595680237, 0.9761649966239929, 0.9295954704284668, 0.9813125729560852], "(2, 10, 1, 4)": [0.022573338821530342, 0.4431176483631134, 0.05517548695206642, 0.3125356435775757, 0.3866626024246216, 0.30853912234306335, 0.8916599154472351], "(1, 3, 2, 4)": [0.8989073038101196, 0.38274627923965454, 0.30935728549957275, 0.24633057415485382, 0.29758936166763306, 0.545958936214447, 0.2706575393676758], "(1, 4, 1, 3)": [0.7256566882133484, 0.933255672454834, 0.9223816990852356, 0.9769918322563171, 0.9957526922225952, 0.9838188290596008, 0.9821868538856506], "(1, 5, 1, 3)": [0.9942706227302551, 0.9937430024147034, 0.9943166971206665, 0.9916255474090576, 0.9953022003173828, 0.9970053434371948, 0.9942928552627563], "(1, 4, 2, 4)": [0.9856324791908264, 0.9897772669792175, 0.9867510795593262, 0.9942586421966553, 0.9968900084495544, 0.9921269416809082, 0.8977513313293457], "(1, 4, 2, 3)": [0.6615053415298462, 0.6256232261657715, 0.8175757527351379, 0.6860691905021667, 0.5256502032279968, 0.6739599108695984, 0.9967023134231567], "(1, 5, 2, 4)": [0.9958724975585938, 0.9958111047744751, 0.996676504611969, 0.9958328604698181, 0.9955251812934875, 0.9951799511909485, 0.9948566555976868], "(2, 7, 2, 3)": [0.978680431842804, 0.9666000604629517, 0.9953792095184326, 0.9751694798469543, 0.9737134575843811, 0.9973881840705872, 0.9903215765953064], "(1, 6, 1, 4)": [0.9861104488372803, 0.983559250831604, 0.9910978674888611, 0.9910444021224976, 0.9927646517753601, 0.9899441003799438, 0.9901502132415771], "(1, 8, 1, 4)": [0.9549241662025452, 0.945134162902832, 0.960807204246521, 0.9667266011238098, 0.9891109466552734, 0.9612864255905151, 0.9663162231445312], "(1, 8, 1, 3)": [0.9820196628570557, 0.9945957064628601, 0.9643378257751465, 0.9871321320533752, 0.9836171269416809, 0.9829716086387634, 0.9820848107337952], "(1, 9, 1, 4)": [0.9543079733848572, 0.994981050491333, 0.9569927453994751, 0.95656818151474, 0.9658663272857666, 0.9582688212394714, 0.9567534923553467], "(1, 9, 1, 3)": [0.979360044002533, 0.9946188926696777, 0.9687586426734924, 0.9801432490348816, 0.9748614430427551, 0.9729800820350647, 0.9837127923965454], "(1, 10, 1, 4)": [0.8361735343933105, 0.7970409989356995, 0.9459866881370544, 0.879378080368042, 0.7585568428039551, 0.7368320822715759, 0.7891235947608948], "(2, 5, 2, 4)": [0.9948419332504272, 0.9933958649635315, 0.9952799677848816, 0.9949963092803955, 0.9955692887306213, 0.9924172759056091, 0.9971542954444885], "(2, 4, 1, 3)": [0.8004706501960754, 0.9451755881309509, 0.9009678363800049, 0.7394387722015381, 0.9811050295829773, 0.8003230690956116, 0.7946780323982239], "(2, 3, 1, 3)": [0.521411120891571, 0.5185403227806091, 0.8198850154876709, 0.6558328866958618, 0.6607056260108948, 0.9865398406982422, 0.3649456202983856],