{"q_values": {"(1, 6, 2, 4)": [0.9890180826187134, 0.9864314198493958, 0.9858258962631226, 0.9869260787963867, 0.986716628074646, 0.9868798851966858, 0.9868701100349426], "(1, 6, 1, 3)": [0.9840240478515625, 0.9933275580406189, 0.9880236983299255, 0.9881715774536133, 0.988422691822052, 0.98807692527771, 0.9880899786949158], "(1, 7, 2, 4)": [0.9818037152290344, 0.9833744764328003, 0.9839013814926147, 0.9896349310874939, 0.9800074696540833, 0.980534017086029, 0.9821048974990845], "(1, 7, 1, 3)": [0.9814847111701965, 0.9828635454177856, 0.9819159507751465, 0.9788528680801392, 0.9792650938034058, 0.9859137535095215, 0.9831227660179138], "(1, 7, 1, 4)": [0.9803178906440735, 0.9758805632591248, 0.9808961153030396, 0.9789931774139404, 0.9803512692451477, 0.9857655763626099, 0.9791901111602783], "(1, 8, 2, 4)": [0.9741420149803162, 0.9748391509056091, 0.9718531370162964, 0.9752199053764343, 0.9809766411781311, 0.9764869213104248, 0.9645563960075378], "(1, 8, 2, 5)": [0.9831603169441223, 0.9174782633781433, 0.8642166256904602, 0.8806192874908447, 0.452157199382782, 0.9336611032485962, 0.4695126414299011], "(1, 9, 2, 4)": [0.9794650077819824, 0.9355980157852173, 0.8735405206680298, 0.9328185319900513, 0.9042555093765259, 0.8232904672622681, 0.9382838010787964], "(1, 9, 2, 5)": [0.9824705719947815, 0.30155259370803833, 0.5958290100097656, 0.6592074036598206, 0.17343074083328247, 0.6428810358047485, 0.5517762899398804], "(1, 10, 2, 4)": [0.0, 0.4040972590446472, 0.2403329461812973, 0.2323174923658371, -0.0012069125659763813, 0.9573127031326294, 0.37539130449295044], "(2, 4, 1, 4)": [0.9936918020248413, 0.03537014126777649, 0.6981432437896729, 0.00953699927777052, 0.5638997554779053, 0.02201009914278984, 0.5883591771125793], "(1, 1, 1, 3)": [0.7235854268074036, 0.5998313426971436, 0.6899225115776062, 0.5285592079162598, 0.46558868885040283, 0.9514773488044739, 0.6054952144622803], "(1, 1, 2, 4)": [0.9525077939033508, 0.05120483413338661, 0.0, 0.03233734145760536, 0.0, 0.026492109522223473, 0.19118313491344452], "(2, 8, 1, 4)": [0.9888231754302979, 0.9926037788391113, 0.9885340929031372, 0.9888734817504883, 0.9890537858009338, 0.9887245297431946, 0.9434611797332764], "(2, 8, 2, 4)": [0.9877705574035645, 0.9894329905509949, 0.9910866618156433, 0.9861422777175903, 0.9881584048271179, 0.9846053719520569, 0.9854505062103271], "(2, 8, 1, 3)": [0.9900355339050293, 0.9891318678855896, 0.9949125051498413, 0.9899044632911682, 0.9897168278694153, 0.988340437412262, 0.9880253672599792], "(2, 9, 2, 5)": [0.2986156940460205, 0.516647458076477, 0.9896268248558044, 0.2258623242378235, 0.25442638993263245, 0.5018907189369202, 0.31208372116088867], "(2, 9, 2, 4)": [0.9897489547729492, 0.8740445375442505, 0.9322819709777832, 0.9696881175041199, 0.8962449431419373, 0.9672184586524963, 0.9159035682678223], "(1, 8, 2, 3)": [0.5464558005332947, 0.241238072514534, 0.9897989630699158, 0.047408126294612885, 0.3000498116016388, 0.20732398331165314, 0.07939642667770386], "(2, 3, 2, 4)": [0.977253794670105, 0.980280876159668, 0.9726483225822449, 0.9798890948295593, 0.9852190017700195, 0.9732484221458435, 0.9789720773696899], "(2, 3, 1, 4)": [0.0, 0.34915870428085327, 0.0, 0.45188477635383606, 0.2755098044872284, 0.4519094228744507, 0.9969046115875244], "(2, 4, 2, 4)": [0.987227201461792, 0.9911514520645142, 0.9907019138336182, 0.9854845404624939, 0.9892794489860535, 0.9954850077629089, 0.985956072807312], "(2, 5, 2, 5)": [0.4292007088661194, 0.6628912687301636, 0.9953737258911133, 0.5093377232551575, 0.44179874658584595, 0.5111979246139526, 0.8177628517150879], "(2, 6, 2, 5)": [0.889379620552063, 0.8962334990501404, 0.8740901350975037, 0.994924783706665, 0.831172525882721, 0.7196497321128845, 0.9437877535820007], "(2, 6, 2, 4)": [0.9942803978919983, 0.9962300062179565, 0.9941451549530029, 0.9946613311767578, 0.9888119697570801, 0.9953145384788513, 0.9946677088737488], "(2, 7, 2, 4)": [0.9912481307983398, 0.9913620948791504, 0.9936915040016174, 0.9921926856040955, 0.9924718737602234, 0.9922535419464111, 0.9924192428588867], "(2, 8, 2, 5)": [0.9914851784706116, 0.6256484389305115, 0.6735706329345703, 0.5891706943511963, 0.676598310470581, 0.7255300283432007, 0.829587459564209], "(2, 10, 2, 5)": [0.26366573572158813, 0.11494548618793488, 0.05010437220335007, 0.00790901854634285, 0.12993869185447693, 0.06985583156347275, 0.6663953065872192], "(2, 6, 1, 4)": [0.9918180704116821, 0.9957714676856995, 0.9937960505485535, 0.992796778678894, 0.9930157661437988, 0.9794323444366455, 0.9902172684669495], "(2, 6, 1, 3)": [0.9773026704788208, 0.9903004169464111, 0.9827999472618103, 0.9923549890518188, 0.9961642026901245, 0.9935528039932251, 0.9919722676277161], "(2, 7, 1, 3)": [0.991547703742981, 0.9933547973632812, 0.9919699430465698, 0.9917110204696655, 0.9894683957099915, 0.9910510182380676, 0.990775465965271], "(2, 7, 1, 4)": [0.9918414950370789, 0.9907029867172241, 0.9898030161857605, 0.9914577603340149, 0.992652416229248, 0.9904310703277588, 0.9880399703979492], "(2, 9, 1, 4)": [0.9556431174278259, 0.9624611139297485, 0.9876195192337036, 0.9696253538131714, 0.9704349040985107, 0.9710826873779297, 0.9766234159469604], "(2, 10, 1, 4)": [0.022573338821530342, 0.4431176483631134, 0.05517548695206642, 0.3125356435775757, 0.3866626024246216, 0.30853912234306335, 0.9511933326721191], "(1, 3, 2, 4)": [0.9629145860671997, 0.38274627923965454, 0.30935728549957275, 0.24633057415485382, 0.29758936166763306, 0.545958936214447, 0.2706575393676758], "(1, 4, 1, 3)": [0.979405403137207, 0.9796711802482605, 0.9860577583312988, 0.9815503358840942, 0.9817493557929993, 0.9949010610580444, 0.9833254218101501], "(1, 5, 1, 3)": [0.9902921915054321, 0.9948254227638245, 0.9901392459869385, 0.989574134349823, 0.9910140633583069, 0.9898747205734253, 0.9902123212814331], "(1, 4, 2, 4)": [0.9869996905326843, 0.9902734160423279, 0.9931336641311646, 0.9916659593582153, 0.9948447346687317, 0.9923113584518433, 0.9922323822975159], "(1, 4, 2, 3)": [0.9838767647743225, 0.9815261960029602, 0.983410120010376, 0.9852964878082275, 0.9855465888977051, 0.9948303699493408, 0.9882429838180542], "(1, 5, 2, 4)": [0.9916463494300842, 0.9949279427528381, 0.9916418194770813, 0.9910736680030823, 0.9921176433563232, 0.9914842844009399, 0.9913911819458008], "(2, 7, 2, 3)": [0.9940717220306396, 0.982062041759491, 0.994215190410614, 0.9888703227043152, 0.9933190941810608, 0.9941710233688354, 0.9941128492355347], "(1, 6, 1, 4)": [0.9830719828605652, 0.9786668419837952, 0.9801087975502014, 0.9599724411964417, 0.9849557876586914, 0.9841839671134949, 0.9887315034866333], "(1, 8, 1, 4)": [0.9820681214332581, 0.975368320941925, 0.9770026206970215, 0.9718272089958191, 0.9737192988395691, 0.9670233726501465, 0.9763217568397522], "(1, 8, 1, 3)": [0.9789475798606873, 0.9786838889122009, 0.9733501076698303, 0.9765324592590332, 0.9701401591300964, 0.9819400310516357, 0.9788163900375366], "(1, 9, 1, 4)": [0.9726999402046204, 0.9670963883399963, 0.9699907302856445, 0.9680103659629822, 0.9713663458824158, 0.9627843499183655, 0.963630735874176], "(1, 9, 1, 3)": [0.9758356809616089, 0.9756070971488953, 0.9749115109443665, 0.974025547504425, 0.9743379950523376, 0.9726590514183044, 0.9802068471908569], "(1, 10, 1, 4)": [0.8361735343933105, 0.7970409989356995, 0.8594843149185181, 0.9574254155158997, 0.7585568428039551, 0.8006358742713928, 0.8411199450492859], "(2, 5, 2, 4)": [0.9823455214500427, 0.992114245891571, 0.9875958561897278, 0.9888514876365662, 0.9894589781761169, 0.9960536956787109, 0.9825477600097656], "(2, 4, 1, 3)": [0.930108368396759, 0.9722131490707397, 0.9804637432098389, 0.8153736591339111, 0.9946373105049133, 0.8588918447494507, 0.8558155298233032], "(2, 3, 1, 3)": [0.6643412113189697, 0.5185403227806091, 0.8198850154876709, 0.6558328866958618, 0.6607056260108948, 0.9865270853042603, 0.3649456202983856],