{"q_values": {"(1, 6, 2, 4)": [0.9881212711334229, 0.9879785776138306, 0.9882465600967407, 0.9879705309867859, 0.9881337881088257, 0.9879657626152039, 0.9879189729690552], "(1, 6, 1, 3)": [0.9818689227104187, 0.9805253744125366, 0.9953086972236633, 0.9799068570137024, 0.9869940876960754, 0.98694908618927, 0.9870207905769348], "(1, 7, 2, 4)": [0.9847389459609985, 0.9841848611831665, 0.9840911030769348, 0.9842826724052429, 0.9840821623802185, 0.9865086078643799, 0.9834244847297668], "(1, 7, 1, 3)": [0.9854854941368103, 0.983489453792572, 0.9928112030029297, 0.9829381704330444, 0.9855796098709106, 0.979916512966156, 0.9845832586288452], "(1, 7, 1, 4)": [0.9882871508598328, 0.982763409614563, 0.9810624718666077, 0.9790325164794922, 0.9835344552993774, 0.9837827682495117, 0.9830479621887207], "(1, 8, 2, 4)": [0.9788827300071716, 0.985192060470581, 0.9752702116966248, 0.979853093624115, 0.9789092540740967, 0.9765542149543762, 0.9645563960075378], "(1, 8, 2, 5)": [0.9853965044021606, 0.9520252346992493, 0.9008540511131287, 0.9118319153785706, 0.452157199382782, 0.9336611032485962, 0.4695126414299011], "(1, 9, 2, 4)": [0.9839165210723877, 0.9355980157852173, 0.9071750640869141, 0.9569528102874756, 0.9042555093765259, 0.871013879776001, 0.9382838010787964], "(1, 9, 2, 5)": [0.9843740463256836, 0.30155259370803833, 0.5958290100097656, 0.6592074036598206, 0.17343074083328247, 0.6428810358047485, 0.5517762899398804], "(1, 10, 2, 4)": [0.0, 0.4040972590446472, 0.2403329461812973, 0.2323174923658371, -0.0012069125659763813, 0.9489833116531372, 0.37539130449295044], "(2, 4, 1, 4)": [0.9970954060554504, 0.6673790216445923, 0.9253997206687927, 0.30480238795280457, 0.5638997554779053, 0.31460875272750854, 0.711093008518219], "(1, 1, 1, 3)": [0.84261554479599, 0.7100545763969421, 0.8301985263824463, 0.5285592079162598, 0.7095354795455933, 0.9480587244033813, 0.7823825478553772], "(1, 1, 2, 4)": [0.9585065245628357, 0.05120483413338661, 0.0, 0.03233734145760536, 0.0, 0.026492109522223473, 0.19118313491344452], "(2, 8, 1, 4)": [0.9953912496566772, 0.9890083074569702, 0.9882593154907227, 0.9845070838928223, 0.9218725562095642, 0.9888866543769836, 0.9821996688842773], "(2, 8, 2, 4)": [0.9953726530075073, 0.9904125928878784, 0.9818128347396851, 0.9898092746734619, 0.990963876247406, 0.9901579022407532, 0.985909640789032], "(2, 8, 1, 3)": [0.9932105541229248, 0.995344877243042, 0.9924041032791138, 0.9896547198295593, 0.9909708499908447, 0.9927341341972351, 0.9915737509727478], "(2, 9, 2, 5)": [0.2986156940460205, 0.516647458076477, 0.9742894172668457, 0.2258623242378235, 0.25442638993263245, 0.5018907189369202, 0.5089177489280701], "(2, 9, 2, 4)": [0.9880456924438477, 0.9109057188034058, 0.9498630166053772, 0.9771150946617126, 0.8962449431419373, 0.9672184586524963, 0.9159035682678223], "(1, 8, 2, 3)": [0.6783315539360046, 0.241238072514534, 0.987036406993866, 0.047408126294612885, 0.3000498116016388, 0.20732398331165314, 0.07939642667770386], "(2, 3, 2, 4)": [0.9750687479972839, 0.9787391424179077, 0.9770370125770569, 0.9973437190055847, 0.9868226051330566, 0.9751591682434082, 0.978947639465332], "(2, 3, 1, 4)": [0.0, 0.34915870428085327, 0.2949821949005127, 0.45188477635383606, 0.2755098044872284, 0.4519094228744507, 0.99778151512146], "(2, 4, 2, 4)": [0.9854708909988403, 0.9791709184646606, 0.9853559136390686, 0.9865578413009644, 0.9880112409591675, 0.988287091255188, 0.9960784316062927], "(2, 5, 2, 5)": [0.4292007088661194, 0.832984209060669, 0.9959164261817932, 0.7575321197509766, 0.7246423363685608, 0.8796905875205994, 0.9091935157775879], "(2, 6, 2, 5)": [0.9590616822242737, 0.9254141449928284, 0.910926342010498, 0.9959169626235962, 0.9403808116912842, 0.9017524719238281, 0.9710968732833862], "(2, 6, 2, 4)": [0.9889428615570068, 0.9903221130371094, 0.9941198229789734, 0.9954079985618591, 0.9960930347442627, 0.9955195188522339, 0.9942431449890137], "(2, 7, 2, 4)": [0.9960389733314514, 0.9940128922462463, 0.9946063160896301, 0.994777262210846, 0.994535505771637, 0.9880974888801575, 0.9947346448898315], "(2, 8, 2, 5)": [0.9773434400558472, 0.7362800240516663, 0.6735706329345703, 0.7113180756568909, 0.676598310470581, 0.804790198802948, 0.829587459564209], "(2, 10, 2, 5)": [0.26366573572158813, 0.11494548618793488, 0.05010437220335007, 0.00790901854634285, 0.12993869185447693, 0.06985583156347275, 0.7558636665344238], "(2, 6, 1, 4)": [0.9915698766708374, 0.9955902695655823, 0.9944676160812378, 0.9937330484390259, 0.9929593801498413, 0.9961467981338501, 0.7002389430999756], "(2, 6, 1, 3)": [0.970059335231781, 0.9906013011932373, 0.9957517981529236, 0.9862616062164307, 0.9949859380722046, 0.9951433539390564, 0.9960998296737671], "(2, 7, 1, 3)": [0.9945597648620605, 0.9948017001152039, 0.9935134649276733, 0.9934570789337158, 0.9948356747627258, 0.9962034225463867, 0.9948334097862244], "(2, 7, 1, 4)": [0.994889497756958, 0.9919976592063904, 0.9926409721374512, 0.9930476546287537, 0.9690458178520203, 0.9825392365455627, 0.9879559874534607], "(2, 9, 1, 4)": [0.9752644300460815, 0.9624611139297485, 0.9823517203330994, 0.9704387784004211, 0.9771520495414734, 0.9774314761161804, 0.9670877456665039], "(2, 10, 1, 4)": [0.022573338821530342, 0.4431176483631134, 0.05517548695206642, 0.3125356435775757, 0.3866626024246216, 0.30853912234306335, 0.9633432626724243], "(1, 3, 2, 4)": [0.9630828499794006, 0.38274627923965454, 0.30935728549957275, 0.24633057415485382, 0.29758936166763306, 0.545958936214447, 0.2706575393676758], "(1, 4, 1, 3)": [0.9812393188476562, 0.9917144179344177, 0.9432356357574463, 0.9865312576293945, 0.9901717305183411, 0.9897074699401855, 0.996225118637085], "(1, 5, 1, 3)": [0.9910532236099243, 0.992402195930481, 0.983320951461792, 0.9962579011917114, 0.9936999678611755, 0.9935992956161499, 0.9895895719528198], "(1, 4, 2, 4)": [0.9851945638656616, 0.9852715134620667, 0.9928911328315735, 0.9931436777114868, 0.9963091015815735, 0.9919442534446716, 0.9929361939430237], "(1, 4, 2, 3)": [0.988408088684082, 0.9882588386535645, 0.9855564832687378, 0.9622906446456909, 0.9865503907203674, 0.9961285591125488, 0.9855135679244995], "(1, 5, 2, 4)": [0.9910048842430115, 0.9966280460357666, 0.993272602558136, 0.9921355247497559, 0.9910247921943665, 0.9938321709632874, 0.9910038709640503], "(2, 7, 2, 3)": [0.9254913330078125, 0.9919582009315491, 0.9855557680130005, 0.9888704419136047, 0.9820378422737122, 0.9912431836128235, 0.995978057384491], "(1, 6, 1, 4)": [0.9845855236053467, 0.9836335778236389, 0.9846537709236145, 0.9866148233413696, 0.9858447909355164, 0.9842652678489685, 0.9855470657348633], "(1, 8, 1, 4)": [0.9751468300819397, 0.9725354909896851, 0.9724392294883728, 0.9772849082946777, 0.9761486649513245, 0.9843813180923462, 0.9756301045417786], "(1, 8, 1, 3)": [0.9886767268180847, 0.9754963517189026, 0.9813912510871887, 0.9798713326454163, 0.9737954139709473, 0.9799395799636841, 0.9679638743400574], "(1, 9, 1, 4)": [0.9881245493888855, 0.9772500991821289, 0.9681065082550049, 0.9644269347190857, 0.9685637950897217, 0.9665353894233704, 0.9728257060050964], "(1, 9, 1, 3)": [0.9890193939208984, 0.973338782787323, 0.9773211479187012, 0.9631292223930359, 0.9611207246780396, 0.9682603478431702, 0.9721453189849854], "(1, 10, 1, 4)": [0.8748119473457336, 0.7970409989356995, 0.8594843149185181, 0.9536531567573547, 0.7585568428039551, 0.885064423084259, 0.8411199450492859], "(2, 5, 2, 4)": [0.9904163479804993, 0.9864112734794617, 0.9900798797607422, 0.9909388422966003, 0.9912553429603577, 0.9958930015563965, 0.9904756546020508], "(2, 4, 1, 3)": [0.9915627241134644, 0.9722143411636353, 0.9941126108169556, 0.966152012348175, 0.9964104890823364, 0.9891257286071777, 0.948799192905426], "(2, 3, 1, 3)": [0.6643412113189697, 0.6572096943855286, 0.8693975806236267, 0.6558328866958618, 0.6607056260108948, 0.9977825880050659, 0.3649456202983856],