{"q_values": {"(1, 6, 2, 4)": [0.9810041189193726, 0.9894236922264099, 0.9858258962631226, 0.9861992597579956, 0.9882230758666992, 0.9864126443862915, 0.9862271547317505], "(1, 6, 1, 3)": [0.987442135810852, 0.9779680967330933, 0.9888315200805664, 0.999137818813324, 0.9895642995834351, 0.9895544648170471, 0.9898208379745483], "(1, 7, 2, 4)": [0.9802066683769226, 0.9887108206748962, 0.9798623323440552, 0.9798555374145508, 0.9767159223556519, 0.9828618168830872, 0.9791257381439209], "(1, 7, 1, 3)": [0.9979045987129211, 0.9863997101783752, 0.9820100665092468, 0.98397296667099, 0.9805266857147217, 0.9733131527900696, 0.9829079508781433], "(1, 7, 1, 4)": [0.9861013293266296, 0.9836934208869934, 0.984103262424469, 0.9872841238975525, 0.9799280166625977, 0.977968692779541, 0.9816246032714844], "(1, 8, 2, 4)": [0.9687771201133728, 0.9748391509056091, 0.9647097587585449, 0.9752199053764343, 0.9884286522865295, 0.9730061292648315, 0.9645563960075378], "(1, 8, 2, 5)": [0.9846580028533936, 0.9174782633781433, 0.8642166256904602, 0.8806192874908447, 0.452157199382782, 0.9336611032485962, 0.4695126414299011], "(1, 9, 2, 4)": [0.9823595285415649, 0.9355980157852173, 0.8735405206680298, 0.9328185319900513, 0.9042555093765259, 0.8232904672622681, 0.9382838010787964], "(1, 9, 2, 5)": [0.9786434769630432, 0.30155259370803833, 0.5958290100097656, 0.6592074036598206, 0.17343074083328247, 0.6428810358047485, 0.36949872970581055], "(1, 10, 2, 4)": [0.0, 0.4040972590446472, 0.2403329461812973, 0.2323174923658371, -0.0012069125659763813, 0.9550730586051941, 0.37539130449295044], "(2, 4, 1, 4)": [0.9988143444061279, 0.03537014126777649, 0.6981432437896729, 0.00953699927777052, 0.5638997554779053, 0.02201009914278984, 0.4129112958908081], "(1, 1, 1, 3)": [0.7235854268074036, 0.5998313426971436, 0.6899225115776062, 0.5285592079162598, 0.46558868885040283, 0.9596600532531738, 0.6054952144622803], "(1, 1, 2, 4)": [0.9638029932975769, 0.05120483413338661, 0.0, 0.03233734145760536, 0.0, 0.026492109522223473, 0.19118313491344452], "(2, 8, 1, 4)": [0.998715877532959, 0.9891767501831055, 0.9908097982406616, 0.990124523639679, 0.9903478622436523, 0.9927270412445068, 0.9434611797332764], "(2, 8, 2, 4)": [0.9989873170852661, 0.9952436685562134, 0.9938041567802429, 0.996993899345398, 0.9914727807044983, 0.9877824187278748, 0.9905261397361755], "(2, 8, 1, 3)": [0.9986107349395752, 0.9979097247123718, 0.9952638149261475, 0.9978201985359192, 0.9953954815864563, 0.9960409998893738, 0.9968801140785217], "(2, 9, 2, 5)": [0.2986156940460205, 0.516647458076477, 0.9491997957229614, 0.2258623242378235, 0.25442638993263245, 0.5018907189369202, 0.31208372116088867], "(2, 9, 2, 4)": [0.996206521987915, 0.8740445375442505, 0.9322819709777832, 0.9780495166778564, 0.8962449431419373, 0.9672184586524963, 0.9159035682678223], "(1, 8, 2, 3)": [0.5464558005332947, 0.241238072514534, 0.9930920600891113, 0.047408126294612885, 0.3000498116016388, 0.20732398331165314, 0.07939642667770386], "(2, 3, 2, 4)": [0.9693466424942017, 0.9701870083808899, 0.9726483225822449, 0.9677824974060059, 0.9986744523048401, 0.9523047208786011, 0.9672667384147644], "(2, 3, 1, 4)": [0.0, 0.34915870428085327, 0.0, 0.45188477635383606, 0.2755098044872284, 0.4519094228744507, 0.9978368282318115], "(2, 4, 2, 4)": [0.987227201461792, 0.9905713796615601, 0.9878988862037659, 0.9854845404624939, 0.9861923456192017, 0.9883302450180054, 0.9988555312156677], "(2, 5, 2, 5)": [0.4292007088661194, 0.6628912687301636, 0.9989827275276184, 0.5093377232551575, 0.44179874658584595, 0.5111979246139526, 0.8177628517150879], "(2, 6, 2, 5)": [0.8439314961433411, 0.8522212505340576, 0.8740901350975037, 0.9990441799163818, 0.831172525882721, 0.7196497321128845, 0.842755913734436], "(2, 6, 2, 4)": [0.9860110282897949, 0.9878427982330322, 0.9969055652618408, 0.9967117309570312, 0.9947282671928406, 0.9961471557617188, 0.9990165829658508], "(2, 7, 2, 4)": [0.9970658421516418, 0.9967424869537354, 0.9979151487350464, 0.9962650537490845, 0.9990590810775757, 0.9922772645950317, 0.9918450117111206], "(2, 8, 2, 5)": [0.9990325570106506, 0.6256484389305115, 0.6735706329345703, 0.5891706943511963, 0.676598310470581, 0.7255300283432007, 0.829587459564209], "(2, 10, 2, 5)": [0.26366573572158813, 0.11494548618793488, 0.05010437220335007, 0.00790901854634285, 0.12993869185447693, 0.06985583156347275, 0.6663953065872192], "(2, 6, 1, 4)": [0.9347842931747437, 0.9867227077484131, 0.9933377504348755, 0.996451735496521, 0.9478155970573425, 0.8954293131828308, 0.9629968404769897], "(2, 6, 1, 3)": [0.9905286431312561, 0.9973529577255249, 0.9884815216064453, 0.9990718364715576, 0.9967921376228333, 0.9971738457679749, 0.996796727180481], "(2, 7, 1, 3)": [0.9927852749824524, 0.99896639585495, 0.9959126114845276, 0.9970356822013855, 0.9935885071754456, 0.9961307644844055, 0.9943637847900391], "(2, 7, 1, 4)": [0.998229444026947, 0.9881761074066162, 0.9899610280990601, 0.989256739616394, 0.9907369613647461, 0.9925352931022644, 0.9837640523910522], "(2, 9, 1, 4)": [0.9980490207672119, 0.9624611139297485, 0.9760926961898804, 0.9605059623718262, 0.9607516527175903, 0.9624848961830139, 0.9766650795936584], "(2, 10, 1, 4)": [0.022573338821530342, 0.4431176483631134, 0.05517548695206642, 0.3125356435775757, 0.3866626024246216, 0.30853912234306335, 0.9454829096794128], "(1, 3, 2, 4)": [0.9620156288146973, 0.38274627923965454, 0.30935728549957275, 0.24633057415485382, 0.29758936166763306, 0.545958936214447, 0.2706575393676758], "(1, 4, 1, 3)": [0.996504008769989, 0.9944177269935608, 0.9890614748001099, 0.9912312030792236, 0.9960271716117859, 0.9964258074760437, 0.9992469549179077], "(1, 5, 1, 3)": [0.9988073110580444, 0.998664915561676, 0.9984289407730103, 0.9976214170455933, 0.9986758828163147, 0.9980996251106262, 0.9988283514976501], "(1, 4, 2, 4)": [0.9980030059814453, 0.9980959296226501, 0.9978320002555847, 0.9959471821784973, 0.998261034488678, 0.9992678761482239, 0.9799320697784424], "(1, 4, 2, 3)": [0.9878023862838745, 0.9906600713729858, 0.9928165078163147, 0.9974889755249023, 0.996051013469696, 0.9943884015083313, 0.999288022518158], "(1, 5, 2, 4)": [0.9976693987846375, 0.9976507425308228, 0.9978054761886597, 0.9977791905403137, 0.995688796043396, 0.9953110814094543, 0.997911274433136], "(2, 7, 2, 3)": [0.9946412444114685, 0.982062041759491, 0.9945616722106934, 0.9888703227043152, 0.9933190941810608, 0.9956699013710022, 0.9987838864326477], "(1, 6, 1, 4)": [0.9771420955657959, 0.9876105189323425, 0.9872715473175049, 0.9877461791038513, 0.9701848030090332, 0.9902707934379578, 0.9886617064476013], "(1, 8, 1, 4)": [0.9712103605270386, 0.9561776518821716, 0.9728202819824219, 0.9858715534210205, 0.9687449336051941, 0.9797297716140747, 0.9540214538574219], "(1, 8, 1, 3)": [0.9870743155479431, 0.9961919784545898, 0.9804335236549377, 0.9782827496528625, 0.9745170474052429, 0.9813923239707947, 0.982978105545044], "(1, 9, 1, 4)": [0.9751462340354919, 0.969187319278717, 0.9708025455474854, 0.9761164784431458, 0.9687870144844055, 0.9529304504394531, 0.9762256145477295], "(1, 9, 1, 3)": [0.9771367907524109, 0.9772392511367798, 0.975024402141571, 0.9724024534225464, 0.944981575012207, 0.9811033010482788, 0.9777329564094543], "(1, 10, 1, 4)": [0.8361735343933105, 0.7970409989356995, 0.8594843149185181, 0.9683186411857605, 0.7585568428039551, 0.8006358742713928, 0.8411199450492859], "(2, 5, 2, 4)": [0.9962241053581238, 0.9938175678253174, 0.9975464344024658, 0.994110643863678, 0.992201030254364, 0.9966599941253662, 0.9989961981773376], "(2, 4, 1, 3)": [0.9009150266647339, 0.9607781171798706, 0.9635947942733765, 0.7394387722015381, 0.9988119006156921, 0.8003230690956116, 0.8558155298233032], "(2, 3, 1, 3)": [0.6643412113189697, 0.5185403227806091, 0.8198850154876709, 0.6558328866958618, 0.6607056260108948, 0.9980735182762146, 0.3649456202983856],