{"q_values": {"(1, 6, 2, 4)": [0.9869182705879211, 0.9864314198493958, 0.9858258962631226, 0.9931888580322266, 0.986716628074646, 0.9868798851966858, 0.9868701100349426], "(1, 6, 1, 3)": [0.9840240478515625, 0.9838520288467407, 0.9980934262275696, 0.9879282712936401, 0.9871975183486938, 0.9895206093788147, 0.9919877052307129], "(1, 7, 2, 4)": [0.9818037152290344, 0.9920772910118103, 0.9826787114143372, 0.9833719730377197, 0.9800074696540833, 0.980534017086029, 0.9821048974990845], "(1, 7, 1, 3)": [0.9857794642448425, 0.997539758682251, 0.9819159507751465, 0.9788528680801392, 0.9792650938034058, 0.9786598682403564, 0.9831972122192383], "(1, 7, 1, 4)": [0.9803178906440735, 0.9758805632591248, 0.9818077683448792, 0.9812628030776978, 0.9803512692451477, 0.9923044443130493, 0.9791901111602783], "(1, 8, 2, 4)": [0.9741420149803162, 0.9748391509056091, 0.9718531370162964, 0.9752199053764343, 0.9887799620628357, 0.9764869213104248, 0.9645563960075378], "(1, 8, 2, 5)": [0.985817551612854, 0.9174782633781433, 0.8642166256904602, 0.8806192874908447, 0.452157199382782, 0.9336611032485962, 0.4695126414299011], "(1, 9, 2, 4)": [0.9888008832931519, 0.9355980157852173, 0.9071750640869141, 0.9328185319900513, 0.9042555093765259, 0.871013879776001, 0.9382838010787964], "(1, 9, 2, 5)": [0.9868535399436951, 0.30155259370803833, 0.5958290100097656, 0.6592074036598206, 0.17343074083328247, 0.6428810358047485, 0.5517762899398804], "(1, 10, 2, 4)": [0.0, 0.4040972590446472, 0.2403329461812973, 0.2323174923658371, -0.0012069125659763813, 0.9591644406318665, 0.37539130449295044], "(2, 4, 1, 4)": [0.9967121481895447, 0.03537014126777649, 0.6981432437896729, 0.30480238795280457, 0.5638997554779053, 0.31460875272750854, 0.5883591771125793], "(1, 1, 1, 3)": [0.7235854268074036, 0.5998313426971436, 0.6899225115776062, 0.5285592079162598, 0.46558868885040283, 0.9591724872589111, 0.6054952144622803], "(1, 1, 2, 4)": [0.9572466015815735, 0.05120483413338661, 0.0, 0.03233734145760536, 0.0, 0.026492109522223473, 0.19118313491344452], "(2, 8, 1, 4)": [0.9911476373672485, 0.9972872734069824, 0.9885340929031372, 0.9903037548065186, 0.9890537858009338, 0.9887245297431946, 0.9434611797332764], "(2, 8, 2, 4)": [0.9938597083091736, 0.9937868714332581, 0.9970453381538391, 0.9934172034263611, 0.9930795431137085, 0.9912840723991394, 0.9854505062103271], "(2, 8, 1, 3)": [0.9958977103233337, 0.9891318678855896, 0.9973077774047852, 0.9935465455055237, 0.994883120059967, 0.9908219575881958, 0.9939756393432617], "(2, 9, 2, 5)": [0.2986156940460205, 0.516647458076477, 0.9896268248558044, 0.2258623242378235, 0.25442638993263245, 0.5018907189369202, 0.31208372116088867], "(2, 9, 2, 4)": [0.9911115169525146, 0.8740445375442505, 0.9322819709777832, 0.9696881175041199, 0.8962449431419373, 0.9672184586524963, 0.9159035682678223], "(1, 8, 2, 3)": [0.5464558005332947, 0.241238072514534, 0.9897989630699158, 0.047408126294612885, 0.3000498116016388, 0.20732398331165314, 0.07939642667770386], "(2, 3, 2, 4)": [0.977253794670105, 0.980280876159668, 0.9726483225822449, 0.9798890948295593, 0.9944767951965332, 0.9732484221458435, 0.9828271865844727], "(2, 3, 1, 4)": [0.0, 0.34915870428085327, 0.0, 0.45188477635383606, 0.2755098044872284, 0.4519094228744507, 0.9968435764312744], "(2, 4, 2, 4)": [0.987227201461792, 0.9896247386932373, 0.9907019138336182, 0.9854845404624939, 0.9892794489860535, 0.988395631313324, 0.9976365566253662], "(2, 5, 2, 5)": [0.4292007088661194, 0.6628912687301636, 0.9977680444717407, 0.5093377232551575, 0.44179874658584595, 0.6568000316619873, 0.8712863326072693], "(2, 6, 2, 5)": [0.9435924291610718, 0.8962334990501404, 0.8740901350975037, 0.9975559115409851, 0.9159657955169678, 0.8030029535293579, 0.9710968732833862], "(2, 6, 2, 4)": [0.9958465695381165, 0.9913848638534546, 0.9963581562042236, 0.9960299134254456, 0.9969813823699951, 0.9976558089256287, 0.9964860677719116], "(2, 7, 2, 4)": [0.9941867589950562, 0.9977164268493652, 0.9952049255371094, 0.9952512383460999, 0.9962946772575378, 0.9944590330123901, 0.9948444962501526], "(2, 8, 2, 5)": [0.9918316602706909, 0.6256484389305115, 0.6735706329345703, 0.5891706943511963, 0.676598310470581, 0.7255300283432007, 0.829587459564209], "(2, 10, 2, 5)": [0.26366573572158813, 0.11494548618793488, 0.05010437220335007, 0.00790901854634285, 0.12993869185447693, 0.06985583156347275, 0.6663953065872192], "(2, 6, 1, 4)": [0.9918180704116821, 0.992965579032898, 0.9947113394737244, 0.992796778678894, 0.9976093173027039, 0.984592616558075, 0.9917026162147522], "(2, 6, 1, 3)": [0.9889001250267029, 0.9589507579803467, 0.9931240081787109, 0.9976845383644104, 0.9963679313659668, 0.9967607259750366, 0.9962770938873291], "(2, 7, 1, 3)": [0.964763343334198, 0.9517523646354675, 0.9752197861671448, 0.9976707100868225, 0.9894683957099915, 0.9941592216491699, 0.9954729080200195], "(2, 7, 1, 4)": [0.9975513815879822, 0.9913128614425659, 0.992438554763794, 0.9933207631111145, 0.991828978061676, 0.9915969967842102, 0.9921211004257202], "(2, 9, 1, 4)": [0.9556431174278259, 0.9624611139297485, 0.9926784634590149, 0.9696253538131714, 0.9704349040985107, 0.9710826873779297, 0.9766234159469604], "(2, 10, 1, 4)": [0.022573338821530342, 0.4431176483631134, 0.05517548695206642, 0.3125356435775757, 0.3866626024246216, 0.30853912234306335, 0.9511933326721191], "(1, 3, 2, 4)": [0.9631091952323914, 0.38274627923965454, 0.30935728549957275, 0.24633057415485382, 0.29758936166763306, 0.545958936214447, 0.2706575393676758], "(1, 4, 1, 3)": [0.984363317489624, 0.9890118837356567, 0.982833206653595, 0.9859561920166016, 0.98967045545578, 0.9981868267059326, 0.9901580810546875], "(1, 5, 1, 3)": [0.9933668375015259, 0.9981493949890137, 0.990512490272522, 0.9926110506057739, 0.9874780178070068, 0.9943022131919861, 0.9914145469665527], "(1, 4, 2, 4)": [0.9962660074234009, 0.9971078634262085, 0.9963913559913635, 0.9969046711921692, 0.9982539415359497, 0.9967310428619385, 0.9705058932304382], "(1, 4, 2, 3)": [0.9936593174934387, 0.9925758838653564, 0.9924458861351013, 0.9913183450698853, 0.9855465888977051, 0.9865570664405823, 0.998261570930481], "(1, 5, 2, 4)": [0.9981480240821838, 0.9943494200706482, 0.9938870668411255, 0.9944466948509216, 0.9961854815483093, 0.9945725202560425, 0.9947712421417236], "(2, 7, 2, 3)": [0.7904952764511108, 0.9867732524871826, 0.9950606822967529, 0.9914775490760803, 0.9933190941810608, 0.9970775246620178, 0.9953535199165344], "(1, 6, 1, 4)": [0.9830719828605652, 0.9786668419837952, 0.9801087975502014, 0.9599724411964417, 0.988375723361969, 0.9841839671134949, 0.9844517111778259], "(1, 8, 1, 4)": [0.9764928817749023, 0.9961954951286316, 0.978998064994812, 0.9718272089958191, 0.9764546155929565, 0.9670233726501465, 0.9763217568397522], "(1, 8, 1, 3)": [0.9969137907028198, 0.9786838889122009, 0.9733501076698303, 0.9765324592590332, 0.9771689176559448, 0.973569393157959, 0.9789335131645203], "(1, 9, 1, 4)": [0.9664031863212585, 0.9899286031723022, 0.9804338812828064, 0.9719425439834595, 0.9695219397544861, 0.9627843499183655, 0.963630735874176], "(1, 9, 1, 3)": [0.9702909588813782, 0.9753847718238831, 0.9955371618270874, 0.9773796200752258, 0.9766074419021606, 0.9726590514183044, 0.9751256108283997], "(1, 10, 1, 4)": [0.8361735343933105, 0.7970409989356995, 0.8594843149185181, 0.9635379910469055, 0.7585568428039551, 0.8006358742713928, 0.8411199450492859], "(2, 5, 2, 4)": [0.9868302345275879, 0.992114245891571, 0.9953619837760925, 0.9888514876365662, 0.9930018782615662, 0.9976215958595276, 0.9871656894683838], "(2, 4, 1, 3)": [0.950129508972168, 0.9845046997070312, 0.9356763362884521, 0.8153736591339111, 0.9933559894561768, 0.9494078755378723, 0.8558155298233032], "(2, 3, 1, 3)": [0.6643412113189697, 0.5185403227806091, 0.8198850154876709, 0.6558328866958618, 0.6607056260108948, 0.9898142218589783, 0.3649456202983856],