{"q_values": {"(1, 6, 2, 4)": [0.9907458424568176, 0.9899991154670715, 0.989801287651062, 0.9883608818054199, 0.9892778992652893, 0.9871543645858765, 0.9881042242050171], "(1, 6, 1, 3)": [0.9761373996734619, 0.9838626980781555, 0.9891345500946045, 0.983043909072876, 0.9917806386947632, 0.9870290756225586, 0.9858756065368652], "(1, 7, 2, 4)": [0.9832656383514404, 0.9906027913093567, 0.9826787114143372, 0.9828824996948242, 0.9856510162353516, 0.9833958148956299, 0.9834244847297668], "(1, 7, 1, 3)": [0.9834169149398804, 0.9917933940887451, 0.983659565448761, 0.9754572510719299, 0.9737070798873901, 0.9800439476966858, 0.9783653020858765], "(1, 7, 1, 4)": [0.9827746152877808, 0.9762672185897827, 0.9733240604400635, 0.9798763394355774, 0.9759807586669922, 0.9804222583770752, 0.9769930839538574], "(1, 8, 2, 4)": [0.9773732423782349, 0.9874940514564514, 0.9752702116966248, 0.9787753224372864, 0.9789092540740967, 0.9764869213104248, 0.9645563960075378], "(1, 8, 2, 5)": [0.9773385524749756, 0.9380958676338196, 0.9008540511131287, 0.8806192874908447, 0.452157199382782, 0.9336611032485962, 0.4695126414299011], "(1, 9, 2, 4)": [0.9806786179542542, 0.9355980157852173, 0.9071750640869141, 0.9569528102874756, 0.9042555093765259, 0.871013879776001, 0.9382838010787964], "(1, 9, 2, 5)": [0.9695811867713928, 0.30155259370803833, 0.5958290100097656, 0.6592074036598206, 0.17343074083328247, 0.6428810358047485, 0.5517762899398804], "(1, 10, 2, 4)": [0.0, 0.4040972590446472, 0.2403329461812973, 0.2323174923658371, -0.0012069125659763813, 0.9551995992660522, 0.37539130449295044], "(2, 4, 1, 4)": [0.9920468926429749, 0.03537014126777649, 0.6981432437896729, 0.30480238795280457, 0.5638997554779053, 0.31460875272750854, 0.5883591771125793], "(1, 1, 1, 3)": [0.84261554479599, 0.5998313426971436, 0.8301985263824463, 0.5285592079162598, 0.7095354795455933, 0.9581659436225891, 0.7823825478553772], "(1, 1, 2, 4)": [0.95121830701828, 0.05120483413338661, 0.0, 0.03233734145760536, 0.0, 0.026492109522223473, 0.19118313491344452], "(2, 8, 1, 4)": [0.9933724403381348, 0.9856456518173218, 0.9882593154907227, 0.9845070838928223, 0.8904550075531006, 0.9814652800559998, 0.9688752293586731], "(2, 8, 2, 4)": [0.9883291721343994, 0.9872828125953674, 0.991762101650238, 0.9865372180938721, 0.9808881878852844, 0.9720683097839355, 0.97836834192276], "(2, 8, 1, 3)": [0.9942646622657776, 0.9900935292243958, 0.989167332649231, 0.9909731149673462, 0.9894170761108398, 0.9890562891960144, 0.9867448210716248], "(2, 9, 2, 5)": [0.2986156940460205, 0.516647458076477, 0.9678758382797241, 0.2258623242378235, 0.25442638993263245, 0.5018907189369202, 0.31208372116088867], "(2, 9, 2, 4)": [0.9884829521179199, 0.8740445375442505, 0.9498630166053772, 0.9696881175041199, 0.8962449431419373, 0.9672184586524963, 0.9159035682678223], "(1, 8, 2, 3)": [0.6783315539360046, 0.241238072514534, 0.9886949062347412, 0.047408126294612885, 0.3000498116016388, 0.20732398331165314, 0.07939642667770386], "(2, 3, 2, 4)": [0.9850894212722778, 0.9784363508224487, 0.9770370125770569, 0.9784196615219116, 0.9736117720603943, 0.9712462425231934, 0.9759323000907898], "(2, 3, 1, 4)": [0.0, 0.34915870428085327, 0.0, 0.45188477635383606, 0.2755098044872284, 0.4519094228744507, 0.988953173160553], "(2, 4, 2, 4)": [0.9804702997207642, 0.9791709184646606, 0.9806264638900757, 0.981802761554718, 0.9838579893112183, 0.9791613817214966, 0.9944204688072205], "(2, 5, 2, 5)": [0.4292007088661194, 0.762880802154541, 0.9954085946083069, 0.6549457907676697, 0.6082302331924438, 0.6568000316619873, 0.8712863326072693], "(2, 6, 2, 5)": [0.9590616822242737, 0.9254141449928284, 0.8740901350975037, 0.9956896305084229, 0.9159657955169678, 0.8030029535293579, 0.9710968732833862], "(2, 6, 2, 4)": [0.9806830883026123, 0.9940914511680603, 0.9954715967178345, 0.9933677911758423, 0.9945511221885681, 0.9941710829734802, 0.9937796592712402], "(2, 7, 2, 4)": [0.995646595954895, 0.9911112189292908, 0.9916426539421082, 0.9916099905967712, 0.9929589629173279, 0.9916604161262512, 0.9916397929191589], "(2, 8, 2, 5)": [0.991733193397522, 0.7362800240516663, 0.6735706329345703, 0.5891706943511963, 0.676598310470581, 0.804790198802948, 0.829587459564209], "(2, 10, 2, 5)": [0.26366573572158813, 0.11494548618793488, 0.05010437220335007, 0.00790901854634285, 0.12993869185447693, 0.06985583156347275, 0.7558636665344238], "(2, 6, 1, 4)": [0.9942864179611206, 0.9953542351722717, 0.9931289553642273, 0.9925876259803772, 0.9929593801498413, 0.9878106713294983, 0.9936643242835999], "(2, 6, 1, 3)": [0.9927071332931519, 0.9918134808540344, 0.9872108697891235, 0.9944767355918884, 0.9945279955863953, 0.9942741394042969, 0.9939804077148438], "(2, 7, 1, 3)": [0.988189160823822, 0.9888339042663574, 0.9901520609855652, 0.9957749247550964, 0.9908779859542847, 0.9895818829536438, 0.9891098737716675], "(2, 7, 1, 4)": [0.9958315491676331, 0.9898459315299988, 0.9891878962516785, 0.9919061660766602, 0.9571742415428162, 0.9766534566879272, 0.9889723062515259], "(2, 9, 1, 4)": [0.9662331342697144, 0.9624611139297485, 0.9893355965614319, 0.9704387784004211, 0.9704349040985107, 0.9710826873779297, 0.9670877456665039], "(2, 10, 1, 4)": [0.022573338821530342, 0.4431176483631134, 0.05517548695206642, 0.3125356435775757, 0.3866626024246216, 0.30853912234306335, 0.9624232649803162], "(1, 3, 2, 4)": [0.9628967642784119, 0.38274627923965454, 0.30935728549957275, 0.24633057415485382, 0.29758936166763306, 0.545958936214447, 0.2706575393676758], "(1, 4, 1, 3)": [0.984363317489624, 0.9874591827392578, 0.9873704314231873, 0.9853140115737915, 0.9899134635925293, 0.9935500621795654, 0.9918029308319092], "(1, 5, 1, 3)": [0.9890264272689819, 0.992909848690033, 0.99275141954422, 0.9927605986595154, 0.9941836595535278, 0.9860159754753113, 0.9927027821540833], "(1, 4, 2, 4)": [0.9906367063522339, 0.9928681254386902, 0.9920788407325745, 0.9943037033081055, 0.9925136566162109, 0.9899646639823914, 0.9853366017341614], "(1, 4, 2, 3)": [0.9874998927116394, 0.9762248992919922, 0.9926873445510864, 0.9901635646820068, 0.9891954064369202, 0.9943104982376099, 0.989278256893158], "(1, 5, 2, 4)": [0.9921780228614807, 0.9939852952957153, 0.9923313856124878, 0.9921702146530151, 0.9923235774040222, 0.9921420216560364, 0.9922471642494202], "(2, 7, 2, 3)": [0.8952072858810425, 0.9897282719612122, 0.9855557680130005, 0.9888704419136047, 0.9758548736572266, 0.9957373142242432, 0.9927029013633728], "(1, 6, 1, 4)": [0.9858764410018921, 0.982040286064148, 0.9815962910652161, 0.9696047306060791, 0.9829457402229309, 0.9916565418243408, 0.9796048402786255], "(1, 8, 1, 4)": [0.9930316209793091, 0.9773154854774475, 0.9777897596359253, 0.9794468879699707, 0.9772405028343201, 0.9757844805717468, 0.9783934354782104], "(1, 8, 1, 3)": [0.9722986817359924, 0.989912748336792, 0.9748813509941101, 0.9727643132209778, 0.9769657254219055, 0.9772466421127319, 0.9798933267593384], "(1, 9, 1, 4)": [0.970455527305603, 0.9831380844116211, 0.9677771925926208, 0.9689019322395325, 0.9689200520515442, 0.9683395624160767, 0.9690576195716858], "(1, 9, 1, 3)": [0.9884382486343384, 0.9666093587875366, 0.9643409252166748, 0.958697497844696, 0.9494450688362122, 0.9682603478431702, 0.9674559831619263], "(1, 10, 1, 4)": [0.8748119473457336, 0.7970409989356995, 0.8594843149185181, 0.9551423788070679, 0.7585568428039551, 0.8496233820915222, 0.8411199450492859], "(2, 5, 2, 4)": [0.9901815056800842, 0.98209547996521, 0.9903324246406555, 0.9775190949440002, 0.9847584962844849, 0.9956278204917908, 0.984845757484436], "(2, 4, 1, 3)": [0.9626480937004089, 0.8952162861824036, 0.9631858468055725, 0.8153736591339111, 0.9914142489433289, 0.9494078755378723, 0.8558155298233032], "(2, 3, 1, 3)": [0.6643412113189697, 0.6572096943855286, 0.8693975806236267, 0.6558328866958618, 0.6607056260108948, 0.9831998348236084, 0.3649456202983856],