{"q_values": {"(1, 6, 2, 4)": [0.9914138317108154, 0.992734968662262, 0.9918586611747742, 0.9926053881645203, 0.9922916293144226, 0.9890998601913452, 0.994158923625946], "(1, 6, 1, 3)": [0.990532636642456, 0.9872354865074158, 0.9905055165290833, 0.9800074696540833, 0.9957944750785828, 0.9890682101249695, 0.9855929017066956], "(1, 7, 2, 4)": [0.9832656383514404, 0.9947189092636108, 0.9826787114143372, 0.9828824996948242, 0.9856510162353516, 0.9833958148956299, 0.9834244847297668], "(1, 7, 1, 3)": [0.9947915077209473, 0.9767584800720215, 0.9816045165061951, 0.9879021644592285, 0.9789738655090332, 0.9829027056694031, 0.9821107387542725], "(1, 7, 1, 4)": [0.9841938018798828, 0.9854267239570618, 0.9768006801605225, 0.9844224452972412, 0.9816687703132629, 0.9804222583770752, 0.981157124042511], "(1, 8, 2, 4)": [0.9773732423782349, 0.9907520413398743, 0.9752702116966248, 0.9787753224372864, 0.9789092540740967, 0.9764869213104248, 0.9645563960075378], "(1, 8, 2, 5)": [0.9773385524749756, 0.9380958676338196, 0.9008540511131287, 0.8806192874908447, 0.452157199382782, 0.9336611032485962, 0.4695126414299011], "(1, 9, 2, 4)": [0.9877943396568298, 0.9355980157852173, 0.9071750640869141, 0.9569528102874756, 0.9042555093765259, 0.871013879776001, 0.9382838010787964], "(1, 9, 2, 5)": [0.9695811867713928, 0.30155259370803833, 0.5958290100097656, 0.6592074036598206, 0.17343074083328247, 0.6428810358047485, 0.5517762899398804], "(1, 10, 2, 4)": [0.0, 0.4040972590446472, 0.2403329461812973, 0.2323174923658371, -0.0012069125659763813, 0.9551995992660522, 0.37539130449295044], "(2, 4, 1, 4)": [0.9946895241737366, 0.03537014126777649, 0.7871652841567993, 0.30480238795280457, 0.5638997554779053, 0.31460875272750854, 0.5883591771125793], "(1, 1, 1, 3)": [0.84261554479599, 0.5998313426971436, 0.8301985263824463, 0.5285592079162598, 0.7095354795455933, 0.9568586945533752, 0.7823825478553772], "(1, 1, 2, 4)": [0.9553309679031372, 0.05120483413338661, 0.0, 0.03233734145760536, 0.0, 0.026492109522223473, 0.19118313491344452], "(2, 8, 1, 4)": [0.9945405125617981, 0.9856456518173218, 0.9882593154907227, 0.9845070838928223, 0.8904550075531006, 0.9814652800559998, 0.9688752293586731], "(2, 8, 2, 4)": [0.9905419945716858, 0.9872828125953674, 0.9921753406524658, 0.9865372180938721, 0.9845800399780273, 0.9720683097839355, 0.97836834192276], "(2, 8, 1, 3)": [0.9961246252059937, 0.9900935292243958, 0.989167332649231, 0.9909731149673462, 0.9909708499908447, 0.9890562891960144, 0.9867448210716248], "(2, 9, 2, 5)": [0.2986156940460205, 0.516647458076477, 0.9678758382797241, 0.2258623242378235, 0.25442638993263245, 0.5018907189369202, 0.31208372116088867], "(2, 9, 2, 4)": [0.991401731967926, 0.8740445375442505, 0.9498630166053772, 0.9696881175041199, 0.8962449431419373, 0.9672184586524963, 0.9159035682678223], "(1, 8, 2, 3)": [0.6783315539360046, 0.241238072514534, 0.9890905022621155, 0.047408126294612885, 0.3000498116016388, 0.20732398331165314, 0.07939642667770386], "(2, 3, 2, 4)": [0.9750687479972839, 0.9787391424179077, 0.9770370125770569, 0.9938629269599915, 0.976108968257904, 0.9751591682434082, 0.978947639465332], "(2, 3, 1, 4)": [0.0, 0.34915870428085327, 0.2949821949005127, 0.45188477635383606, 0.2755098044872284, 0.4519094228744507, 0.9843126535415649], "(2, 4, 2, 4)": [0.9804702997207642, 0.9791709184646606, 0.9806264638900757, 0.981802761554718, 0.9838579893112183, 0.9791613817214966, 0.9974353313446045], "(2, 5, 2, 5)": [0.4292007088661194, 0.762880802154541, 0.9965201616287231, 0.6549457907676697, 0.6082302331924438, 0.6568000316619873, 0.8712863326072693], "(2, 6, 2, 5)": [0.9590616822242737, 0.9254141449928284, 0.8740901350975037, 0.9949981570243835, 0.9159657955169678, 0.8030029535293579, 0.9710968732833862], "(2, 6, 2, 4)": [0.9856300950050354, 0.9940914511680603, 0.9956294298171997, 0.9948809742927551, 0.9951558113098145, 0.9953489899635315, 0.995627224445343], "(2, 7, 2, 4)": [0.9946290254592896, 0.9911112189292908, 0.9939461350440979, 0.9916099905967712, 0.9946231842041016, 0.9947924613952637, 0.9947085976600647], "(2, 8, 2, 5)": [0.9929720759391785, 0.7362800240516663, 0.6735706329345703, 0.5891706943511963, 0.676598310470581, 0.804790198802948, 0.829587459564209], "(2, 10, 2, 5)": [0.26366573572158813, 0.11494548618793488, 0.05010437220335007, 0.00790901854634285, 0.12993869185447693, 0.06985583156347275, 0.7558636665344238], "(2, 6, 1, 4)": [0.9915698766708374, 0.9936394691467285, 0.9937379360198975, 0.9925876259803772, 0.9929593801498413, 0.9938007593154907, 0.9972633123397827], "(2, 6, 1, 3)": [0.9954949617385864, 0.9962316751480103, 0.9901254773139954, 0.9969211220741272, 0.9960490465164185, 0.9964545369148254, 0.9962254762649536], "(2, 7, 1, 3)": [0.9943925738334656, 0.9964593648910522, 0.9937744140625, 0.9946123957633972, 0.9942589998245239, 0.9936657547950745, 0.9936994910240173], "(2, 7, 1, 4)": [0.9979496598243713, 0.9921048283576965, 0.9931302070617676, 0.9937413334846497, 0.9571742415428162, 0.9766534566879272, 0.9889723062515259], "(2, 9, 1, 4)": [0.9662331342697144, 0.9624611139297485, 0.9914480447769165, 0.9704387784004211, 0.9704349040985107, 0.9710826873779297, 0.9670877456665039], "(2, 10, 1, 4)": [0.022573338821530342, 0.4431176483631134, 0.05517548695206642, 0.3125356435775757, 0.3866626024246216, 0.30853912234306335, 0.9624232649803162], "(1, 3, 2, 4)": [0.9626228213310242, 0.38274627923965454, 0.30935728549957275, 0.24633057415485382, 0.29758936166763306, 0.545958936214447, 0.2706575393676758], "(1, 4, 1, 3)": [0.9875861406326294, 0.9555384516716003, 0.9432356357574463, 0.9818598031997681, 0.9879231452941895, 0.9944498538970947, 0.9859890341758728], "(1, 5, 1, 3)": [0.9930970072746277, 0.9960341453552246, 0.9887673854827881, 0.9938541054725647, 0.9931800365447998, 0.993423581123352, 0.9912530183792114], "(1, 4, 2, 4)": [0.9940693378448486, 0.9939612150192261, 0.9932161569595337, 0.9951435327529907, 0.9949952363967896, 0.9918130040168762, 0.9853366017341614], "(1, 4, 2, 3)": [0.9874998927116394, 0.9762248992919922, 0.9930924773216248, 0.9901635646820068, 0.9891954064369202, 0.9960120320320129, 0.989278256893158], "(1, 5, 2, 4)": [0.9940698146820068, 0.9942132830619812, 0.9900188446044922, 0.9945325255393982, 0.994488537311554, 0.9944937825202942, 0.9946125149726868], "(2, 7, 2, 3)": [0.8952072858810425, 0.9919582009315491, 0.9855557680130005, 0.9888704419136047, 0.9758548736572266, 0.9980885982513428, 0.9927029013633728], "(1, 6, 1, 4)": [0.9835238456726074, 0.9954628944396973, 0.9762896299362183, 0.988622784614563, 0.9859960079193115, 0.9847562909126282, 0.989676296710968], "(1, 8, 1, 4)": [0.9913917183876038, 0.9773154854774475, 0.9777897596359253, 0.9794468879699707, 0.9772405028343201, 0.9757844805717468, 0.9783934354782104], "(1, 8, 1, 3)": [0.9722986817359924, 0.9945576190948486, 0.9748813509941101, 0.9727643132209778, 0.9769657254219055, 0.9772466421127319, 0.9798933267593384], "(1, 9, 1, 4)": [0.970455527305603, 0.9901012182235718, 0.9677771925926208, 0.9689019322395325, 0.9689200520515442, 0.9683395624160767, 0.9690576195716858], "(1, 9, 1, 3)": [0.9935704469680786, 0.9666093587875366, 0.9643409252166748, 0.958697497844696, 0.9494450688362122, 0.9682603478431702, 0.9725934267044067], "(1, 10, 1, 4)": [0.8748119473457336, 0.7970409989356995, 0.8594843149185181, 0.9481690526008606, 0.7585568428039551, 0.8496233820915222, 0.8411199450492859], "(2, 5, 2, 4)": [0.9901815056800842, 0.9864112734794617, 0.9903324246406555, 0.9775190949440002, 0.9847584962844849, 0.9973827004432678, 0.984845757484436], "(2, 4, 1, 3)": [0.9626480937004089, 0.8952162861824036, 0.9720238447189331, 0.869228184223175, 0.991859495639801, 0.9494078755378723, 0.8558155298233032], "(2, 3, 1, 3)": [0.6643412113189697, 0.6572096943855286, 0.8693975806236267, 0.6558328866958618, 0.6607056260108948, 0.9882673025131226, 0.3649456202983856],