{"q_values": {"(1, 6, 2, 4)": [0.9929968118667603, 0.9864314198493958, 0.9858258962631226, 0.9898237586021423, 0.9865484237670898, 0.9883084893226624, 0.9862801432609558], "(1, 6, 1, 3)": [0.985135555267334, 0.9817623496055603, 0.9843446016311646, 0.9824187755584717, 0.9857629537582397, 0.9841572046279907, 0.9865922927856445], "(1, 7, 2, 4)": [0.9818037152290344, 0.9848871231079102, 0.9826787114143372, 0.9856783747673035, 0.9835662841796875, 0.983497679233551, 0.9838707447052002], "(1, 7, 1, 3)": [0.9801470041275024, 0.9829326868057251, 0.9803272485733032, 0.9836410284042358, 0.9854671955108643, 0.9800439476966858, 0.9833880066871643], "(1, 7, 1, 4)": [0.975104033946991, 0.9810018539428711, 0.9818077683448792, 0.9812628030776978, 0.9855499267578125, 0.9804222583770752, 0.9706640243530273], "(1, 8, 2, 4)": [0.9773732423782349, 0.9856709837913513, 0.9752702116966248, 0.9787753224372864, 0.9789887070655823, 0.9764869213104248, 0.9645563960075378], "(1, 8, 2, 5)": [0.9870839715003967, 0.9380958676338196, 0.9008540511131287, 0.8806192874908447, 0.452157199382782, 0.9336611032485962, 0.4695126414299011], "(1, 9, 2, 4)": [0.9832961559295654, 0.9355980157852173, 0.9071750640869141, 0.9569528102874756, 0.9042555093765259, 0.871013879776001, 0.9382838010787964], "(1, 9, 2, 5)": [0.9717257618904114, 0.30155259370803833, 0.5958290100097656, 0.6592074036598206, 0.17343074083328247, 0.6428810358047485, 0.5517762899398804], "(1, 10, 2, 4)": [0.0, 0.4040972590446472, 0.2403329461812973, 0.2323174923658371, -0.0012069125659763813, 0.9560738205909729, 0.37539130449295044], "(2, 4, 1, 4)": [0.9953934550285339, 0.03537014126777649, 0.6981432437896729, 0.30480238795280457, 0.5638997554779053, 0.31460875272750854, 0.5883591771125793], "(1, 1, 1, 3)": [0.84261554479599, 0.5998313426971436, 0.7732690572738647, 0.5285592079162598, 0.6143797636032104, 0.9558382034301758, 0.6054952144622803], "(1, 1, 2, 4)": [0.9618871808052063, 0.05120483413338661, 0.0, 0.03233734145760536, 0.0, 0.026492109522223473, 0.19118313491344452], "(2, 8, 1, 4)": [0.9884414076805115, 0.9915866255760193, 0.9880867600440979, 0.9882329106330872, 0.9890537858009338, 0.9769181609153748, 0.9688752293586731], "(2, 8, 2, 4)": [0.9883291721343994, 0.9890313744544983, 0.9903653264045715, 0.9900121688842773, 0.9899806976318359, 0.9720683097839355, 0.9724979996681213], "(2, 8, 1, 3)": [0.9894819855690002, 0.9897264242172241, 0.9897715449333191, 0.9926844835281372, 0.9889835119247437, 0.987866997718811, 0.9887859225273132], "(2, 9, 2, 5)": [0.2986156940460205, 0.516647458076477, 0.9578540325164795, 0.2258623242378235, 0.25442638993263245, 0.5018907189369202, 0.31208372116088867], "(2, 9, 2, 4)": [0.9899283051490784, 0.8740445375442505, 0.9322819709777832, 0.9696881175041199, 0.8962449431419373, 0.9672184586524963, 0.9159035682678223], "(1, 8, 2, 3)": [0.6783315539360046, 0.241238072514534, 0.9869365096092224, 0.047408126294612885, 0.3000498116016388, 0.20732398331165314, 0.07939642667770386], "(2, 3, 2, 4)": [0.977253794670105, 0.980280876159668, 0.9795056581497192, 0.9798890948295593, 0.9950534701347351, 0.9732484221458435, 0.9828271865844727], "(2, 3, 1, 4)": [0.0, 0.34915870428085327, 0.0, 0.45188477635383606, 0.2755098044872284, 0.4519094228744507, 0.9963796734809875], "(2, 4, 2, 4)": [0.987227201461792, 0.9896247386932373, 0.9907019138336182, 0.9888150095939636, 0.9917697310447693, 0.988395631313324, 0.9954624176025391], "(2, 5, 2, 5)": [0.4292007088661194, 0.762880802154541, 0.9962624311447144, 0.5093377232551575, 0.6082302331924438, 0.6568000316619873, 0.8712863326072693], "(2, 6, 2, 5)": [0.9590616822242737, 0.8962334990501404, 0.8740901350975037, 0.9947333931922913, 0.9159657955169678, 0.8030029535293579, 0.9710968732833862], "(2, 6, 2, 4)": [0.9954420328140259, 0.995345950126648, 0.9905824661254883, 0.9952408671379089, 0.9953565001487732, 0.9953427910804749, 0.9951537251472473], "(2, 7, 2, 4)": [0.9916828274726868, 0.9945364594459534, 0.9925556182861328, 0.9934192895889282, 0.9927765727043152, 0.9935320615768433, 0.9934265613555908], "(2, 8, 2, 5)": [0.9920642375946045, 0.7362800240516663, 0.6735706329345703, 0.5891706943511963, 0.676598310470581, 0.804790198802948, 0.829587459564209], "(2, 10, 2, 5)": [0.26366573572158813, 0.11494548618793488, 0.05010437220335007, 0.00790901854634285, 0.12993869185447693, 0.06985583156347275, 0.7558636665344238], "(2, 6, 1, 4)": [0.9918180704116821, 0.992965579032898, 0.9949586391448975, 0.9945506453514099, 0.9944883584976196, 0.984592616558075, 0.992692232131958], "(2, 6, 1, 3)": [0.9930782914161682, 0.9589507579803467, 0.9931240081787109, 0.9931053519248962, 0.9925466179847717, 0.9927896857261658, 0.991666316986084], "(2, 7, 1, 3)": [0.9811006188392639, 0.9924877882003784, 0.9919608235359192, 0.9927785396575928, 0.9927265644073486, 0.9924451112747192, 0.9928009510040283], "(2, 7, 1, 4)": [0.9931506514549255, 0.9941890239715576, 0.9922640323638916, 0.993259847164154, 0.9931211471557617, 0.9927066564559937, 0.9928210973739624], "(2, 9, 1, 4)": [0.9662331342697144, 0.9624611139297485, 0.9874957203865051, 0.9739557504653931, 0.9704349040985107, 0.9710826873779297, 0.9743891358375549], "(2, 10, 1, 4)": [0.022573338821530342, 0.4431176483631134, 0.05517548695206642, 0.3125356435775757, 0.3866626024246216, 0.30853912234306335, 0.9587536454200745], "(1, 3, 2, 4)": [0.9635570049285889, 0.38274627923965454, 0.30935728549957275, 0.24633057415485382, 0.29758936166763306, 0.545958936214447, 0.2706575393676758], "(1, 4, 1, 3)": [0.984363317489624, 0.9844525456428528, 0.9873704314231873, 0.9853140115737915, 0.9879910945892334, 0.9950125217437744, 0.9924657344818115], "(1, 5, 1, 3)": [0.987091064453125, 0.9895228147506714, 0.9890549182891846, 0.9881232380867004, 0.9865248799324036, 0.9860159754753113, 0.9938051104545593], "(1, 4, 2, 4)": [0.9888937473297119, 0.9917831420898438, 0.9950293302536011, 0.9939442873001099, 0.97141033411026, 0.9940568804740906, 0.9923929572105408], "(1, 4, 2, 3)": [0.994194507598877, 0.9681377410888672, 0.9936845898628235, 0.992458164691925, 0.9891954064369202, 0.9913800954818726, 0.995059609413147], "(1, 5, 2, 4)": [0.9935894012451172, 0.9924612641334534, 0.9917677044868469, 0.991593062877655, 0.9925903081893921, 0.9913175106048584, 0.9911718368530273], "(2, 7, 2, 3)": [0.8952072858810425, 0.9897282719612122, 0.9941619038581848, 0.9888704419136047, 0.994319498538971, 0.9943662881851196, 0.9943715333938599], "(1, 6, 1, 4)": [0.9818009734153748, 0.9870719313621521, 0.9815962910652161, 0.9599724411964417, 0.9786967039108276, 0.9826293587684631, 0.9737422466278076], "(1, 8, 1, 4)": [0.9873486161231995, 0.9770192503929138, 0.9766294956207275, 0.9763372540473938, 0.9766662120819092, 0.9794437289237976, 0.979463517665863], "(1, 8, 1, 3)": [0.9708049297332764, 0.977767825126648, 0.9754787683486938, 0.9760728478431702, 0.9792408347129822, 0.9872432351112366, 0.9785445332527161], "(1, 9, 1, 4)": [0.9769353866577148, 0.9676493406295776, 0.9672386646270752, 0.9688835740089417, 0.9662437438964844, 0.9683395624160767, 0.9689774513244629], "(1, 9, 1, 3)": [0.9870336651802063, 0.968209981918335, 0.9737597703933716, 0.9729521870613098, 0.9704813361167908, 0.9748386740684509, 0.9747294187545776], "(1, 10, 1, 4)": [0.8748119473457336, 0.7970409989356995, 0.8594843149185181, 0.9592108726501465, 0.7585568428039551, 0.8496233820915222, 0.8411199450492859], "(2, 5, 2, 4)": [0.9868302345275879, 0.9959003329277039, 0.9950599074363708, 0.9945165514945984, 0.9891295433044434, 0.9931064248085022, 0.9894234538078308], "(2, 4, 1, 3)": [0.950129508972168, 0.9845046997070312, 0.9356763362884521, 0.8153736591339111, 0.9949814081192017, 0.9494078755378723, 0.8558155298233032], "(2, 3, 1, 3)": [0.6643412113189697, 0.5185403227806091, 0.8198850154876709, 0.6558328866958618, 0.6607056260108948, 0.9950501918792725, 0.3649456202983856],