{"q_values": {"(1, 6, 2, 4)": [0.987433135509491, 0.9891753792762756, 0.9858258962631226, 0.9861992597579956, 0.988632082939148, 0.9885619282722473, 0.9862271547317505], "(1, 6, 1, 3)": [0.9861045479774475, 0.9868592619895935, 0.9802040457725525, 0.9831786155700684, 0.9869396090507507, 0.9789590835571289, 0.9898561239242554], "(1, 7, 2, 4)": [0.9802066683769226, 0.9836358428001404, 0.9798623323440552, 0.988773763179779, 0.9800074696540833, 0.9828618168830872, 0.9791257381439209], "(1, 7, 1, 3)": [0.9827849268913269, 0.9726444482803345, 0.9895949363708496, 0.9816271662712097, 0.9825941324234009, 0.983864426612854, 0.9803422689437866], "(1, 7, 1, 4)": [0.9783810377120972, 0.9815406799316406, 0.9808961153030396, 0.9832489490509033, 0.9844194650650024, 0.9823897480964661, 0.9837738275527954], "(1, 8, 2, 4)": [0.9687771201133728, 0.9748391509056091, 0.9718531370162964, 0.9752199053764343, 0.9879934787750244, 0.9730061292648315, 0.9645563960075378], "(1, 8, 2, 5)": [0.9850162267684937, 0.9174782633781433, 0.8642166256904602, 0.8806192874908447, 0.452157199382782, 0.9336611032485962, 0.4695126414299011], "(1, 9, 2, 4)": [0.9890819191932678, 0.9355980157852173, 0.8735405206680298, 0.9328185319900513, 0.9042555093765259, 0.8232904672622681, 0.9382838010787964], "(1, 9, 2, 5)": [0.9820061922073364, 0.30155259370803833, 0.5958290100097656, 0.6592074036598206, 0.17343074083328247, 0.6428810358047485, 0.36949872970581055], "(1, 10, 2, 4)": [0.0, 0.4040972590446472, 0.2403329461812973, 0.2323174923658371, -0.0012069125659763813, 0.956274151802063, 0.37539130449295044], "(2, 4, 1, 4)": [0.9979385137557983, 0.03537014126777649, 0.6981432437896729, 0.00953699927777052, 0.5638997554779053, 0.02201009914278984, 0.5883591771125793], "(1, 1, 1, 3)": [0.7235854268074036, 0.5998313426971436, 0.6899225115776062, 0.5285592079162598, 0.46558868885040283, 0.9521799683570862, 0.6054952144622803], "(1, 1, 2, 4)": [0.9635355472564697, 0.05120483413338661, 0.0, 0.03233734145760536, 0.0, 0.026492109522223473, 0.19118313491344452], "(2, 8, 1, 4)": [0.9973787069320679, 0.9891767501831055, 0.9908097982406616, 0.990124523639679, 0.9928970336914062, 0.9927270412445068, 0.9434611797332764], "(2, 8, 2, 4)": [0.9901349544525146, 0.9969048500061035, 0.9938041567802429, 0.9950694441795349, 0.9914727807044983, 0.9945448637008667, 0.9930260181427002], "(2, 8, 1, 3)": [0.9939125776290894, 0.9953954815864563, 0.9960469603538513, 0.9945310354232788, 0.9960435628890991, 0.9960409998893738, 0.996500551700592], "(2, 9, 2, 5)": [0.2986156940460205, 0.516647458076477, 0.9491997957229614, 0.2258623242378235, 0.25442638993263245, 0.5018907189369202, 0.31208372116088867], "(2, 9, 2, 4)": [0.9936018586158752, 0.8740445375442505, 0.9322819709777832, 0.9780495166778564, 0.8962449431419373, 0.9672184586524963, 0.9159035682678223], "(1, 8, 2, 3)": [0.5464558005332947, 0.241238072514534, 0.9930920600891113, 0.047408126294612885, 0.3000498116016388, 0.20732398331165314, 0.07939642667770386], "(2, 3, 2, 4)": [0.9693466424942017, 0.9701870083808899, 0.9726483225822449, 0.9677824974060059, 0.9978703856468201, 0.9523047208786011, 0.9672667384147644], "(2, 3, 1, 4)": [0.0, 0.34915870428085327, 0.0, 0.45188477635383606, 0.2755098044872284, 0.4519094228744507, 0.9982777833938599], "(2, 4, 2, 4)": [0.987227201461792, 0.9931008815765381, 0.9907019138336182, 0.9854845404624939, 0.9861923456192017, 0.9913581013679504, 0.9977487921714783], "(2, 5, 2, 5)": [0.4292007088661194, 0.6628912687301636, 0.997651994228363, 0.5093377232551575, 0.44179874658584595, 0.5111979246139526, 0.8177628517150879], "(2, 6, 2, 5)": [0.8439314961433411, 0.8962334990501404, 0.8740901350975037, 0.9976581931114197, 0.831172525882721, 0.7196497321128845, 0.9220026731491089], "(2, 6, 2, 4)": [0.9896204471588135, 0.9909461140632629, 0.9973273277282715, 0.9967117309570312, 0.9973210096359253, 0.9961471557617188, 0.9976524114608765], "(2, 7, 2, 4)": [0.9967972636222839, 0.9967424869537354, 0.9909046292304993, 0.9966642260551453, 0.9970732927322388, 0.9922772645950317, 0.9918450117111206], "(2, 8, 2, 5)": [0.9973402619361877, 0.6256484389305115, 0.6735706329345703, 0.5891706943511963, 0.676598310470581, 0.7255300283432007, 0.829587459564209], "(2, 10, 2, 5)": [0.26366573572158813, 0.11494548618793488, 0.05010437220335007, 0.00790901854634285, 0.12993869185447693, 0.06985583156347275, 0.6663953065872192], "(2, 6, 1, 4)": [0.9667551517486572, 0.9901102185249329, 0.9943367838859558, 0.9959810376167297, 0.9478155970573425, 0.9627025127410889, 0.9808923602104187], "(2, 6, 1, 3)": [0.9945108890533447, 0.9838049411773682, 0.9915430545806885, 0.9952178597450256, 0.9945544600486755, 0.9959715008735657, 0.995800793170929], "(2, 7, 1, 3)": [0.9941174387931824, 0.9971981644630432, 0.9945363402366638, 0.9951229691505432, 0.9951831698417664, 0.9952327013015747, 0.9948126673698425], "(2, 7, 1, 4)": [0.9935177564620972, 0.9881761074066162, 0.9899610280990601, 0.989256739616394, 0.9907369613647461, 0.9968792796134949, 0.9880399703979492], "(2, 9, 1, 4)": [0.9938815832138062, 0.9624611139297485, 0.9760926961898804, 0.9605059623718262, 0.9607516527175903, 0.9624848961830139, 0.9766650795936584], "(2, 10, 1, 4)": [0.022573338821530342, 0.4431176483631134, 0.05517548695206642, 0.3125356435775757, 0.3866626024246216, 0.30853912234306335, 0.9454829096794128], "(1, 3, 2, 4)": [0.9640625715255737, 0.38274627923965454, 0.30935728549957275, 0.24633057415485382, 0.29758936166763306, 0.545958936214447, 0.2706575393676758], "(1, 4, 1, 3)": [0.9891080856323242, 0.9864094853401184, 0.9846910238265991, 0.9835191369056702, 0.9851001501083374, 0.9854920506477356, 0.9965699911117554], "(1, 5, 1, 3)": [0.9934622049331665, 0.9963048100471497, 0.993903636932373, 0.9877790212631226, 0.9946653842926025, 0.9948446750640869, 0.9947614669799805], "(1, 4, 2, 4)": [0.9905901551246643, 0.9949847459793091, 0.9955718517303467, 0.9967856407165527, 0.9956398010253906, 0.9957376718521118, 0.9799320697784424], "(1, 4, 2, 3)": [0.9878023862838745, 0.9924924969673157, 0.9928165078163147, 0.9875372648239136, 0.996051013469696, 0.9943884015083313, 0.9964191913604736], "(1, 5, 2, 4)": [0.9945839047431946, 0.9955537915229797, 0.9942958950996399, 0.9944798350334167, 0.9943593740463257, 0.9945857524871826, 0.9942795634269714], "(2, 7, 2, 3)": [0.9946412444114685, 0.982062041759491, 0.9945616722106934, 0.9888703227043152, 0.9933190941810608, 0.9956699013710022, 0.997604250907898], "(1, 6, 1, 4)": [0.9867261052131653, 0.9898405075073242, 0.9832303524017334, 0.93023681640625, 0.983463704586029, 0.984866738319397, 0.9874327182769775], "(1, 8, 1, 4)": [0.975546658039093, 0.9665392637252808, 0.9861056804656982, 0.9707118272781372, 0.9436593651771545, 0.9286784529685974, 0.9540214538574219], "(1, 8, 1, 3)": [0.9864103198051453, 0.9810834527015686, 0.9804335236549377, 0.9782827496528625, 0.9745170474052429, 0.9813923239707947, 0.982978105545044], "(1, 9, 1, 4)": [0.9871225953102112, 0.969187319278717, 0.9741199016571045, 0.9712708592414856, 0.9687870144844055, 0.9529304504394531, 0.9748246073722839], "(1, 9, 1, 3)": [0.9742382168769836, 0.9874255657196045, 0.9793684482574463, 0.9774741530418396, 0.944981575012207, 0.9749175310134888, 0.9765075445175171], "(1, 10, 1, 4)": [0.8361735343933105, 0.7970409989356995, 0.8594843149185181, 0.9667537808418274, 0.7585568428039551, 0.8006358742713928, 0.8411199450492859], "(2, 5, 2, 4)": [0.9962241053581238, 0.9950864911079407, 0.9968252182006836, 0.994110643863678, 0.992201030254364, 0.9976520538330078, 0.9929925799369812], "(2, 4, 1, 3)": [0.930108368396759, 0.9722131490707397, 0.9740503430366516, 0.7394387722015381, 0.9978160262107849, 0.8003230690956116, 0.8558155298233032], "(2, 3, 1, 3)": [0.6643412113189697, 0.5185403227806091, 0.8198850154876709, 0.6558328866958618, 0.6607056260108948, 0.9979437589645386, 0.3649456202983856],