{"q_values": {"(1, 6, 2, 4)": [0.9968064427375793, 0.9902188181877136, 0.9880968928337097, 0.9900050759315491, 0.9920634627342224, 0.9871543645858765, 0.9950047731399536], "(1, 6, 1, 3)": [0.9967281818389893, 0.9909643530845642, 0.9891345500946045, 0.9914575219154358, 0.9925265908241272, 0.9841572046279907, 0.9858756065368652], "(1, 7, 2, 4)": [0.9818037152290344, 0.9834332466125488, 0.9826787114143372, 0.9835554361343384, 0.9862248301506042, 0.983497679233551, 0.9834244847297668], "(1, 7, 1, 3)": [0.9814255833625793, 0.9822080135345459, 0.9826108813285828, 0.9872521162033081, 0.9835710525512695, 0.9800439476966858, 0.9833880066871643], "(1, 7, 1, 4)": [0.9777702689170837, 0.9810018539428711, 0.9818077683448792, 0.9812628030776978, 0.9829165935516357, 0.9804222583770752, 0.9748928546905518], "(1, 8, 2, 4)": [0.9773732423782349, 0.9789611101150513, 0.9752702116966248, 0.9787753224372864, 0.9833232760429382, 0.9764869213104248, 0.9645563960075378], "(1, 8, 2, 5)": [0.982505738735199, 0.9380958676338196, 0.9008540511131287, 0.8806192874908447, 0.452157199382782, 0.9336611032485962, 0.4695126414299011], "(1, 9, 2, 4)": [0.9751128554344177, 0.9355980157852173, 0.9071750640869141, 0.9569528102874756, 0.9042555093765259, 0.871013879776001, 0.9382838010787964], "(1, 9, 2, 5)": [0.9778623580932617, 0.30155259370803833, 0.5958290100097656, 0.6592074036598206, 0.17343074083328247, 0.6428810358047485, 0.5517762899398804], "(1, 10, 2, 4)": [0.0, 0.4040972590446472, 0.2403329461812973, 0.2323174923658371, -0.0012069125659763813, 0.951755940914154, 0.37539130449295044], "(2, 4, 1, 4)": [0.9907605051994324, 0.03537014126777649, 0.6981432437896729, 0.30480238795280457, 0.5638997554779053, 0.31460875272750854, 0.5883591771125793], "(1, 1, 1, 3)": [0.84261554479599, 0.5998313426971436, 0.7732690572738647, 0.5285592079162598, 0.7095354795455933, 0.9483895301818848, 0.7823825478553772], "(1, 1, 2, 4)": [0.9592911601066589, 0.05120483413338661, 0.0, 0.03233734145760536, 0.0, 0.026492109522223473, 0.19118313491344452], "(2, 8, 1, 4)": [0.9922086000442505, 0.9856456518173218, 0.9867647290229797, 0.9845070838928223, 0.8468069434165955, 0.9769181609153748, 0.9688752293586731], "(2, 8, 2, 4)": [0.9883291721343994, 0.9872828125953674, 0.9914159774780273, 0.9865372180938721, 0.9808881878852844, 0.9720683097839355, 0.9724979996681213], "(2, 8, 1, 3)": [0.992460310459137, 0.9875262379646301, 0.989167332649231, 0.9888819456100464, 0.9894170761108398, 0.9905800223350525, 0.9867448210716248], "(2, 9, 2, 5)": [0.2986156940460205, 0.516647458076477, 0.9678758382797241, 0.2258623242378235, 0.25442638993263245, 0.5018907189369202, 0.31208372116088867], "(2, 9, 2, 4)": [0.9853697419166565, 0.8740445375442505, 0.9498630166053772, 0.9696881175041199, 0.8962449431419373, 0.9672184586524963, 0.9159035682678223], "(1, 8, 2, 3)": [0.6783315539360046, 0.241238072514534, 0.9859313368797302, 0.047408126294612885, 0.3000498116016388, 0.20732398331165314, 0.07939642667770386], "(2, 3, 2, 4)": [0.9778647422790527, 0.9766254425048828, 0.9770370125770569, 0.9752665162086487, 0.9874506592750549, 0.9732484221458435, 0.9718092083930969], "(2, 3, 1, 4)": [0.0, 0.34915870428085327, 0.0, 0.45188477635383606, 0.2755098044872284, 0.4519094228744507, 0.9855044484138489], "(2, 4, 2, 4)": [0.9862494468688965, 0.9850848317146301, 0.9869803190231323, 0.9760757088661194, 0.9948473572731018, 0.9846819639205933, 0.9816627502441406], "(2, 5, 2, 5)": [0.4292007088661194, 0.762880802154541, 0.9944168925285339, 0.5093377232551575, 0.6082302331924438, 0.6568000316619873, 0.8712863326072693], "(2, 6, 2, 5)": [0.9590616822242737, 0.9254141449928284, 0.8740901350975037, 0.9898194074630737, 0.9159657955169678, 0.8030029535293579, 0.9710968732833862], "(2, 6, 2, 4)": [0.9933887720108032, 0.9938624501228333, 0.9937052726745605, 0.99387127161026, 0.989056408405304, 0.9930402636528015, 0.9935138821601868], "(2, 7, 2, 4)": [0.9916828274726868, 0.9919625520706177, 0.9917084574699402, 0.9919845461845398, 0.9919565320014954, 0.9917431473731995, 0.9917250275611877], "(2, 8, 2, 5)": [0.9922938942909241, 0.7362800240516663, 0.6735706329345703, 0.5891706943511963, 0.676598310470581, 0.804790198802948, 0.829587459564209], "(2, 10, 2, 5)": [0.26366573572158813, 0.11494548618793488, 0.05010437220335007, 0.00790901854634285, 0.12993869185447693, 0.06985583156347275, 0.7558636665344238], "(2, 6, 1, 4)": [0.9918180704116821, 0.992965579032898, 0.9920899868011475, 0.9925876259803772, 0.9945580363273621, 0.984592616558075, 0.992692232131958], "(2, 6, 1, 3)": [0.9905270338058472, 0.978557288646698, 0.9791470766067505, 0.9936786890029907, 0.9945409893989563, 0.9917746782302856, 0.9935319423675537], "(2, 7, 1, 3)": [0.988189160823822, 0.9857750535011292, 0.9901520609855652, 0.9912970066070557, 0.9908779859542847, 0.9912838339805603, 0.9920728206634521], "(2, 7, 1, 4)": [0.9903720021247864, 0.9898459315299988, 0.9912149906158447, 0.990239143371582, 0.9914416670799255, 0.991566002368927, 0.9889723062515259], "(2, 9, 1, 4)": [0.9662331342697144, 0.9624611139297485, 0.972560703754425, 0.9704387784004211, 0.9704349040985107, 0.9710826873779297, 0.9670877456665039], "(2, 10, 1, 4)": [0.022573338821530342, 0.4431176483631134, 0.05517548695206642, 0.3125356435775757, 0.3866626024246216, 0.30853912234306335, 0.9624232649803162], "(1, 3, 2, 4)": [0.9631077647209167, 0.38274627923965454, 0.30935728549957275, 0.24633057415485382, 0.29758936166763306, 0.545958936214447, 0.2706575393676758], "(1, 4, 1, 3)": [0.984363317489624, 0.9844525456428528, 0.9873704314231873, 0.9853140115737915, 0.9879910945892334, 0.9923723340034485, 0.9953749179840088], "(1, 5, 1, 3)": [0.9890264272689819, 0.9906338453292847, 0.9941133856773376, 0.9954619407653809, 0.9922372102737427, 0.9860159754753113, 0.9968312382698059], "(1, 4, 2, 4)": [0.9906367063522339, 0.9917831420898438, 0.9947811961174011, 0.9929367303848267, 0.9793031215667725, 0.9846481084823608, 0.992999255657196], "(1, 4, 2, 3)": [0.9847410917282104, 0.9681377410888672, 0.9852108359336853, 0.9845691919326782, 0.9891954064369202, 0.9956361651420593, 0.9865115880966187], "(1, 5, 2, 4)": [0.9944366812705994, 0.9945210814476013, 0.9954359531402588, 0.9957228302955627, 0.9961144328117371, 0.9951069951057434, 0.994988203048706], "(2, 7, 2, 3)": [0.8952072858810425, 0.9897282719612122, 0.9939812421798706, 0.9888704419136047, 0.9931489825248718, 0.9935540556907654, 0.9927029013633728], "(1, 6, 1, 4)": [0.9858764410018921, 0.982040286064148, 0.9815962910652161, 0.9599724411964417, 0.9829457402229309, 0.9975588917732239, 0.9737422466278076], "(1, 8, 1, 4)": [0.9798974990844727, 0.9764293432235718, 0.9777897596359253, 0.9785143136978149, 0.9795462489128113, 0.9791035652160645, 0.9790515899658203], "(1, 8, 1, 3)": [0.9772984981536865, 0.9735649228096008, 0.9748813509941101, 0.9727643132209778, 0.9730927348136902, 0.981158971786499, 0.9769365787506104], "(1, 9, 1, 4)": [0.9692949652671814, 0.970605194568634, 0.9677771925926208, 0.9689019322395325, 0.9689200520515442, 0.9683395624160767, 0.9690821766853333], "(1, 9, 1, 3)": [0.9696371555328369, 0.9666093587875366, 0.9643409252166748, 0.958697497844696, 0.9494450688362122, 0.9762333631515503, 0.9674559831619263], "(1, 10, 1, 4)": [0.8748119473457336, 0.7970409989356995, 0.8594843149185181, 0.9592000842094421, 0.7585568428039551, 0.8496233820915222, 0.8411199450492859], "(2, 5, 2, 4)": [0.9920194149017334, 0.9919666051864624, 0.9921133518218994, 0.9591386318206787, 0.9904733896255493, 0.9947787523269653, 0.991275429725647], "(2, 4, 1, 3)": [0.9626480937004089, 0.8952162861824036, 0.9631858468055725, 0.8153736591339111, 0.9922960996627808, 0.9494078755378723, 0.8558155298233032], "(2, 3, 1, 3)": [0.6643412113189697, 0.5185403227806091, 0.8198850154876709, 0.6558328866958618, 0.6607056260108948, 0.9814529418945312, 0.3649456202983856],