{"q_values": {"(1, 6, 2, 4)": [0.9895147681236267, 0.9956804513931274, 0.986823320388794, 0.9896257519721985, 0.9871205687522888, 0.9917243123054504, 0.9905045032501221], "(1, 6, 1, 3)": [0.9974411129951477, 0.9885455369949341, 0.9929239749908447, 0.9910777807235718, 0.9884500503540039, 0.9905398488044739, 0.9877355098724365], "(1, 7, 2, 4)": [0.9805895090103149, 0.9800944924354553, 0.98595130443573, 0.9803491234779358, 0.9724923968315125, 0.9801862835884094, 0.9802483916282654], "(1, 7, 1, 3)": [0.9773849248886108, 0.984660804271698, 0.9823965430259705, 0.9924412369728088, 0.9837899804115295, 0.986178994178772, 0.9879065752029419], "(1, 7, 1, 4)": [0.9774477481842041, 0.9752993583679199, 0.9858983159065247, 0.985156238079071, 0.9865184426307678, 0.9863833785057068, 0.9837925434112549], "(1, 8, 2, 4)": [0.9693639874458313, 0.9728067517280579, 0.9781346917152405, 0.9718604683876038, 0.9724717140197754, 0.9679446220397949, 0.9748063683509827], "(1, 8, 2, 5)": [0.973508358001709, 0.9174782633781433, 0.8642166256904602, 0.8806192874908447, 0.22882701456546783, 0.9336611032485962, 0.4695126414299011], "(1, 9, 2, 4)": [0.974567174911499, 0.9355980157852173, 0.8735405206680298, 0.9328185319900513, 0.8693931102752686, 0.8232904672622681, 0.9382838010787964], "(1, 9, 2, 5)": [0.9618119597434998, 0.30155259370803833, 0.5958290100097656, 0.6592074036598206, 0.17343074083328247, 0.6428810358047485, 0.36949872970581055], "(1, 10, 2, 4)": [0.0, 0.4040972590446472, 0.2403329461812973, 0.2323174923658371, -0.0012069125659763813, 0.9454809427261353, 0.37539130449295044], "(2, 4, 1, 4)": [0.9917727112770081, 0.03537014126777649, 0.5697335004806519, 0.00953699927777052, 0.5638997554779053, 0.02201009914278984, 0.16191448271274567], "(1, 1, 1, 3)": [0.7235854268074036, 0.5998313426971436, 0.6899225115776062, 0.5285592079162598, 0.25612831115722656, 0.9500053524971008, 0.6054952144622803], "(1, 1, 2, 4)": [0.9472689032554626, 0.05120483413338661, 0.0, 0.03233734145760536, 0.0, 0.026492109522223473, 0.19118313491344452], "(2, 8, 1, 4)": [0.9952993392944336, 0.9888536334037781, 0.9889944791793823, 0.9783042669296265, 0.9440673589706421, 0.9686139822006226, 0.9824988842010498], "(2, 8, 2, 4)": [0.9881955981254578, 0.9900634288787842, 0.9924907684326172, 0.9903461933135986, 0.987671434879303, 0.9902982115745544, 0.9883568286895752], "(2, 8, 1, 3)": [0.9890392422676086, 0.9909775853157043, 0.997101366519928, 0.9896066784858704, 0.9877085089683533, 0.9857210516929626, 0.9902481436729431], "(2, 9, 2, 5)": [0.2986156940460205, 0.516647458076477, 0.9731216430664062, 0.2258623242378235, 0.25442638993263245, 0.5018907189369202, 0.31208372116088867], "(2, 9, 2, 4)": [0.9909234642982483, 0.8740445375442505, 0.8636314868927002, 0.9459521174430847, 0.8962449431419373, 0.9108227491378784, 0.8806574940681458], "(1, 8, 2, 3)": [0.5464558005332947, 0.241238072514534, 0.9888492822647095, 0.047408126294612885, 0.3000498116016388, 0.20732398331165314, 0.07939642667770386], "(2, 3, 2, 4)": [0.9693466424942017, 0.9701870083808899, 0.9782195091247559, 0.9677824974060059, 0.9910491704940796, 0.9347226619720459, 0.9672667384147644], "(2, 3, 1, 4)": [0.0, 0.34915870428085327, 0.0, 0.45188477635383606, 0.2755098044872284, 0.4519094228744507, 0.9921444058418274], "(2, 4, 2, 4)": [0.9791591167449951, 0.985701322555542, 0.9689551591873169, 0.9839977025985718, 0.991767406463623, 0.9849465489387512, 0.9859490990638733], "(2, 5, 2, 5)": [0.18519285321235657, 0.5201506614685059, 0.9971491098403931, 0.5093377232551575, 0.20437762141227722, 0.00486880075186491, 0.47341975569725037], "(2, 6, 2, 5)": [0.35733306407928467, 0.39412277936935425, 0.6384894251823425, 0.9974275231361389, 0.31587815284729004, 0.4303745627403259, 0.842755913734436], "(2, 6, 2, 4)": [0.9893021583557129, 0.9961370229721069, 0.9960370659828186, 0.9940611720085144, 0.9975088834762573, 0.9954618811607361, 0.9958621263504028], "(2, 7, 2, 4)": [0.9972529411315918, 0.9934729337692261, 0.9940717220306396, 0.9952363967895508, 0.9963403940200806, 0.9955610632896423, 0.9953513741493225], "(2, 8, 2, 5)": [0.9935423135757446, 0.6256484389305115, 0.3366968631744385, 0.5891706943511963, 0.5385238528251648, 0.7255300283432007, 0.829587459564209], "(2, 10, 2, 5)": [0.26366573572158813, 0.11494548618793488, 0.05010437220335007, 0.00790901854634285, 0.12993869185447693, 0.06985583156347275, 0.5366240739822388], "(2, 6, 1, 4)": [0.90753173828125, 0.9518306255340576, 0.9288427829742432, 0.9820064306259155, 0.9968399405479431, 0.9782999753952026, 0.9803524613380432], "(2, 6, 1, 3)": [0.9957985281944275, 0.9933204054832458, 0.9820214509963989, 0.9943400621414185, 0.9966294765472412, 0.9934918284416199, 0.9973075985908508], "(2, 7, 1, 3)": [0.9797680377960205, 0.9935212135314941, 0.997107744216919, 0.9932605028152466, 0.9927876591682434, 0.9942324161529541, 0.9942619204521179], "(2, 7, 1, 4)": [0.990982174873352, 0.9940084218978882, 0.9966652393341064, 0.9911136031150818, 0.9938104152679443, 0.8511777520179749, 0.9712488055229187], "(2, 9, 1, 4)": [0.978075385093689, 0.9624611139297485, 0.9921256899833679, 0.9605059623718262, 0.9761649966239929, 0.9482253193855286, 0.9692781567573547], "(2, 10, 1, 4)": [0.022573338821530342, 0.4431176483631134, 0.05517548695206642, 0.3125356435775757, 0.3866626024246216, 0.30853912234306335, 0.9299996495246887], "(1, 3, 2, 4)": [0.9186884760856628, 0.38274627923965454, 0.30935728549957275, 0.24633057415485382, 0.29758936166763306, 0.545958936214447, 0.2706575393676758], "(1, 4, 1, 3)": [0.9747530221939087, 0.9648504257202148, 0.9849591255187988, 0.9851963520050049, 0.9780896306037903, 0.9977532029151917, 0.9691246151924133], "(1, 5, 1, 3)": [0.9943743944168091, 0.9954358339309692, 0.9968243837356567, 0.9977520704269409, 0.9962149858474731, 0.996153712272644, 0.9866916537284851], "(1, 4, 2, 4)": [0.9949162006378174, 0.9932763576507568, 0.996580958366394, 0.996210515499115, 0.9823321104049683, 0.9959119558334351, 0.9901658296585083], "(1, 4, 2, 3)": [0.8322057127952576, 0.736937403678894, 0.9542566537857056, 0.9220329523086548, 0.9413497447967529, 0.8855403661727905, 0.9977685213088989], "(1, 5, 2, 4)": [0.9957290291786194, 0.9881699085235596, 0.9977777004241943, 0.9954347014427185, 0.9967882633209229, 0.9968630075454712, 0.9965129494667053], "(2, 7, 2, 3)": [0.990532398223877, 0.982062041759491, 0.9964818358421326, 0.9815775156021118, 0.9889583587646484, 0.9974510669708252, 0.9903215765953064], "(1, 6, 1, 4)": [0.9870239496231079, 0.9970954060554504, 0.9877490997314453, 0.9873204231262207, 0.9870101809501648, 0.9857860803604126, 0.9865788817405701], "(1, 8, 1, 4)": [0.9549241662025452, 0.945134162902832, 0.960807204246521, 0.9667266011238098, 0.9684343338012695, 0.9674408435821533, 0.9677465558052063], "(1, 8, 1, 3)": [0.990573525428772, 0.9851405620574951, 0.9643378257751465, 0.9853344559669495, 0.9836171269416809, 0.9829716086387634, 0.9820848107337952], "(1, 9, 1, 4)": [0.9543079733848572, 0.956429660320282, 0.9669438600540161, 0.9650659561157227, 0.9738184809684753, 0.9621559381484985, 0.9609783291816711], "(1, 9, 1, 3)": [0.9664022922515869, 0.9891788363456726, 0.9749088883399963, 0.9749348163604736, 0.9828742146492004, 0.9729800820350647, 0.9782171845436096], "(1, 10, 1, 4)": [0.8361735343933105, 0.7970409989356995, 0.9524386525154114, 0.879378080368042, 0.7585568428039551, 0.7368320822715759, 0.7891235947608948], "(2, 5, 2, 4)": [0.9943229556083679, 0.9947275519371033, 0.9945328235626221, 0.9881367683410645, 0.9880930781364441, 0.9972662329673767, 0.9837874174118042], "(2, 4, 1, 3)": [0.8004706501960754, 0.9451755881309509, 0.9009678363800049, 0.7394387722015381, 0.9928099513053894, 0.8003230690956116, 0.7946780323982239], "(2, 3, 1, 3)": [0.521411120891571, 0.5185403227806091, 0.8198850154876709, 0.6558328866958618, 0.6607056260108948, 0.9878480434417725, 0.3649456202983856],