{"q_values": {"(1, 6, 2, 4)": [0.9914207458496094, 0.9944975972175598, 0.9932306408882141, 0.9918004274368286, 0.992150604724884, 0.991806149482727, 0.9918532967567444], "(1, 6, 1, 3)": [0.9876393675804138, 0.988707423210144, 0.9913926124572754, 0.9881307482719421, 0.9944977164268494, 0.9903891086578369, 0.9918126463890076], "(1, 7, 2, 4)": [0.9862774610519409, 0.9853888154029846, 0.9840911030769348, 0.9856346845626831, 0.987486720085144, 0.9885185360908508, 0.9942132830619812], "(1, 7, 1, 3)": [0.9741163849830627, 0.9948601722717285, 0.9877986907958984, 0.9829381704330444, 0.9842314124107361, 0.9849610924720764, 0.9858517050743103], "(1, 7, 1, 4)": [0.9848455190658569, 0.983610987663269, 0.9829109907150269, 0.9790325164794922, 0.9835706353187561, 0.9877822399139404, 0.994154155254364], "(1, 8, 2, 4)": [0.9788827300071716, 0.993461012840271, 0.9754942655563354, 0.979853093624115, 0.9789092540740967, 0.9765542149543762, 0.9645563960075378], "(1, 8, 2, 5)": [0.994022786617279, 0.9520252346992493, 0.9255790114402771, 0.9118319153785706, 0.452157199382782, 0.9336611032485962, 0.4695126414299011], "(1, 9, 2, 4)": [0.9793336391448975, 0.9355980157852173, 0.9321401715278625, 0.9569528102874756, 0.9279001951217651, 0.871013879776001, 0.9382838010787964], "(1, 9, 2, 5)": [0.9702865481376648, 0.30155259370803833, 0.5958290100097656, 0.6592074036598206, 0.17343074083328247, 0.6428810358047485, 0.5517762899398804], "(1, 10, 2, 4)": [0.0, 0.4040972590446472, 0.2403329461812973, 0.2323174923658371, -0.0012069125659763813, 0.9659808278083801, 0.37539130449295044], "(2, 4, 1, 4)": [0.9985325336456299, 0.6673790216445923, 0.9253997206687927, 0.30480238795280457, 0.5638997554779053, 0.31460875272750854, 0.7973344922065735], "(1, 1, 1, 3)": [0.84261554479599, 0.7100545763969421, 0.8301985263824463, 0.6549308896064758, 0.7847909927368164, 0.9542636871337891, 0.7823825478553772], "(1, 1, 2, 4)": [0.9617608189582825, 0.05120483413338661, 0.0, 0.03233734145760536, 0.0, 0.026492109522223473, 0.19118313491344452], "(2, 8, 1, 4)": [0.9977912902832031, 0.9890083074569702, 0.990035891532898, 0.9879758954048157, 0.9445660710334778, 0.9888866543769836, 0.9821996688842773], "(2, 8, 2, 4)": [0.9935563206672668, 0.9954208135604858, 0.996212363243103, 0.9936954975128174, 0.9786219000816345, 0.9944042563438416, 0.989724338054657], "(2, 8, 1, 3)": [0.9951262474060059, 0.9979014992713928, 0.9952619075775146, 0.9962316155433655, 0.9972883462905884, 0.9964882135391235, 0.9952407479286194], "(2, 9, 2, 5)": [0.2986156940460205, 0.516647458076477, 0.96934974193573, 0.2258623242378235, 0.25442638993263245, 0.5018907189369202, 0.5089177489280701], "(2, 9, 2, 4)": [0.9944666624069214, 0.9368122816085815, 0.9498630166053772, 0.9790554046630859, 0.8962449431419373, 0.9672184586524963, 0.9159035682678223], "(1, 8, 2, 3)": [0.6783315539360046, 0.241238072514534, 0.9938840866088867, 0.047408126294612885, 0.3000498116016388, 0.20732398331165314, 0.07939642667770386], "(2, 3, 2, 4)": [0.9798705577850342, 0.9804847240447998, 0.9802950024604797, 0.9978412985801697, 0.9819488525390625, 0.9814149737358093, 0.9796821475028992], "(2, 3, 1, 4)": [0.0, 0.34915870428085327, 0.2949821949005127, 0.45188477635383606, 0.2755098044872284, 0.4519094228744507, 0.9920459985733032], "(2, 4, 2, 4)": [0.9883338809013367, 0.9900388717651367, 0.9885402917861938, 0.9932090044021606, 0.9908628463745117, 0.9978928565979004, 0.992793083190918], "(2, 5, 2, 5)": [0.4292007088661194, 0.8825007081031799, 0.9981664419174194, 0.829520583152771, 0.7246423363685608, 0.9572957158088684, 0.9539819359779358], "(2, 6, 2, 5)": [0.9590616822242737, 0.9460024237632751, 0.937200665473938, 0.9981642961502075, 0.9569385051727295, 0.9510843753814697, 0.984498143196106], "(2, 6, 2, 4)": [0.9878726005554199, 0.9936984777450562, 0.9941269159317017, 0.996349036693573, 0.995658278465271, 0.9888222813606262, 0.9953884482383728], "(2, 7, 2, 4)": [0.9951329827308655, 0.9913959503173828, 0.9884719848632812, 0.9966813921928406, 0.9955655336380005, 0.9913762807846069, 0.9940198659896851], "(2, 8, 2, 5)": [0.9929987192153931, 0.8147958517074585, 0.6735706329345703, 0.7113180756568909, 0.676598310470581, 0.9016221165657043, 0.5837112069129944], "(2, 10, 2, 5)": [0.26366573572158813, 0.11494548618793488, 0.05010437220335007, 0.00790901854634285, 0.3806998133659363, 0.06985583156347275, 0.7558636665344238], "(2, 6, 1, 4)": [0.9976158738136292, 0.9955658912658691, 0.9865778088569641, 0.996785044670105, 0.996404230594635, 0.9873372912406921, 0.9894461631774902], "(2, 6, 1, 3)": [0.9749850630760193, 0.9767828583717346, 0.9886292815208435, 0.9970729351043701, 0.9973046779632568, 0.9968875646591187, 0.9973287582397461], "(2, 7, 1, 3)": [0.9953331351280212, 0.9965658187866211, 0.9956311583518982, 0.9970260262489319, 0.9968042373657227, 0.996850311756134, 0.9963002800941467], "(2, 7, 1, 4)": [0.9981558918952942, 0.9954742789268494, 0.9963245391845703, 0.9955686330795288, 0.9963150024414062, 0.995414137840271, 0.9953600168228149], "(2, 9, 1, 4)": [0.9752644300460815, 0.9624611139297485, 0.9977754950523376, 0.9704387784004211, 0.9771520495414734, 0.9774314761161804, 0.974199116230011], "(2, 10, 1, 4)": [0.022573338821530342, 0.4431176483631134, 0.05517548695206642, 0.3125356435775757, 0.3866626024246216, 0.30853912234306335, 0.9555668830871582], "(1, 3, 2, 4)": [0.9602519273757935, 0.38274627923965454, 0.30935728549957275, 0.24633057415485382, 0.29758936166763306, 0.545958936214447, 0.2706575393676758], "(1, 4, 1, 3)": [0.9819578528404236, 0.986877977848053, 0.9828349351882935, 0.988227128982544, 0.995013415813446, 0.9886119961738586, 0.9876129627227783], "(1, 5, 1, 3)": [0.9754157066345215, 0.9869838953018188, 0.9913961887359619, 0.9914663434028625, 0.9945944547653198, 0.9954578876495361, 0.9955057501792908], "(1, 4, 2, 4)": [0.9889874458312988, 0.9896717071533203, 0.997624933719635, 0.9971241354942322, 0.9969962239265442, 0.9973770976066589, 0.9971774220466614], "(1, 4, 2, 3)": [0.9936586618423462, 0.9918581247329712, 0.9970152974128723, 0.9887932538986206, 0.9941840171813965, 0.9970727562904358, 0.984333336353302], "(1, 5, 2, 4)": [0.995560884475708, 0.9956416487693787, 0.9956379532814026, 0.9955097436904907, 0.9956588745117188, 0.9957676529884338, 0.9956945180892944], "(2, 7, 2, 3)": [0.9939287900924683, 0.9957491159439087, 0.9971552491188049, 0.998543381690979, 0.9953708052635193, 0.996981680393219, 0.9915249347686768], "(1, 6, 1, 4)": [0.9749282598495483, 0.9826331734657288, 0.9863218069076538, 0.9710079431533813, 0.9871490597724915, 0.9944235682487488, 0.9861722588539124], "(1, 8, 1, 4)": [0.9729092121124268, 0.993337869644165, 0.9853684306144714, 0.9780412316322327, 0.980488657951355, 0.9823617935180664, 0.9764629602432251], "(1, 8, 1, 3)": [0.9835728406906128, 0.9859145879745483, 0.9834253191947937, 0.9854137897491455, 0.9847192168235779, 0.9871423840522766, 0.9763286113739014], "(1, 9, 1, 4)": [0.970098078250885, 0.9910475611686707, 0.9681065082550049, 0.9770129323005676, 0.9698783755302429, 0.9703153967857361, 0.9706052541732788], "(1, 9, 1, 3)": [0.9720118045806885, 0.9950703382492065, 0.9758439660072327, 0.9728264808654785, 0.9708901047706604, 0.974139928817749, 0.972464919090271], "(1, 10, 1, 4)": [0.8748119473457336, 0.7970409989356995, 0.8594843149185181, 0.9505235552787781, 0.7585568428039551, 0.885064423084259, 0.8411199450492859], "(2, 5, 2, 4)": [0.9941191673278809, 0.9946473240852356, 0.9935980439186096, 0.996650218963623, 0.9891387224197388, 0.9981719851493835, 0.9934839606285095], "(2, 4, 1, 3)": [0.9769737124443054, 0.9796658754348755, 0.9852291941642761, 0.966152012348175, 0.9933425188064575, 0.9979814291000366, 0.948799192905426], "(2, 3, 1, 3)": [0.6643412113189697, 0.6572096943855286, 0.8693975806236267, 0.6558328866958618, 0.6607056260108948, 0.9970294237136841, 0.5525695085525513],