{"q_values": {"(1, 6, 2, 4)": [0.614995539188385, 0.5998899340629578, 0.6194988489151001, 0.6533756852149963, 0.6069564819335938, 0.6057218313217163, 0.5845428705215454], "(1, 6, 1, 3)": [0.6355457901954651, 0.6262356042861938, 0.5897050499916077, 0.6390616297721863, 0.6382824182510376, 0.6377255320549011, 0.6489738821983337], "(1, 7, 2, 4)": [0.6001811027526855, 0.6150815486907959, 0.6875951290130615, 0.6346908211708069, 0.5015593767166138, 0.5363765954971313, 0.4800143837928772], "(1, 7, 1, 3)": [0.5705932974815369, 0.6180087327957153, 0.6819620728492737, 0.675542950630188, 0.6321308612823486, 0.6766637563705444, 0.6683444380760193], "(1, 7, 1, 4)": [0.6822274923324585, 0.6997910737991333, 0.6925542950630188, 0.690013587474823, 0.6702955365180969, 0.6836466193199158, 0.6623313426971436], "(1, 8, 2, 4)": [0.40438398718833923, 0.6631673574447632, 0.15516582131385803, 0.39851272106170654, 0.23167996108531952, 0.44050872325897217, 0.21795448660850525], "(1, 8, 2, 5)": [0.32626408338546753, 0.10480599105358124, 0.1381465345621109, 0.11499548703432083, 0.008929526433348656, 0.027617815881967545, 0.016302794218063354], "(1, 9, 2, 4)": [0.595724880695343, 0.2724122107028961, 0.1199713945388794, 0.24078190326690674, 0.30230021476745605, 0.24856626987457275, 0.22436736524105072], "(1, 9, 2, 5)": [0.3627775311470032, 0.05385556071996689, 0.07316760718822479, 0.020794393494725227, 0.020806539803743362, 0.08949156850576401, 0.0717761442065239], "(1, 10, 2, 4)": [0.0, 0.33517614006996155, 0.025819692760705948, 0.010316883213818073, -0.0012069125659763813, 0.11570185422897339, 0.08550573885440826], "(2, 4, 1, 4)": [0.2817496061325073, 0.03537014126777649, 0.01712631620466709, 0.00953699927777052, 0.2136216014623642, 0.02201009914278984, 0.16191448271274567], "(1, 1, 1, 3)": [0.4567018151283264, 0.08948158472776413, 0.13193313777446747, 0.29289188981056213, 0.2417886108160019, 0.20638851821422577, 0.21683990955352783], "(1, 1, 2, 4)": [0.14545714855194092, 0.05120483413338661, 0.0, 0.03233734145760536, 0.0, 0.026492109522223473, 0.005308686289936304], "(2, 8, 1, 4)": [0.3967013657093048, 0.3012735843658447, 0.31990915536880493, 0.3597462773323059, 0.3566078245639801, 0.44932448863983154, 0.3585122227668762], "(2, 8, 2, 4)": [0.44577112793922424, 0.4080217480659485, 0.3878788650035858, 0.41536104679107666, 0.41093093156814575, 0.3866592049598694, 0.38196972012519836], "(2, 8, 1, 3)": [0.33227285742759705, 0.3848801553249359, 0.3828677535057068, 0.40435656905174255, 0.4583551585674286, 0.3593333661556244, 0.44213464856147766], "(2, 9, 2, 5)": [0.12071841955184937, 0.32245150208473206, 0.19384965300559998, 0.2258623242378235, 0.17650949954986572, 0.17455807328224182, 0.21077978610992432], "(2, 9, 2, 4)": [0.38803038001060486, 0.43785059452056885, 0.43667784333229065, 0.3579257130622864, 0.3949059844017029, 0.4016152024269104, 0.31627365946769714], "(1, 8, 2, 3)": [0.08801869302988052, 0.032949451357126236, 0.39539796113967896, 0.047408126294612885, 0.003891000058501959, 0.010518963448703289, 0.07939642667770386], "(2, 3, 2, 4)": [0.3835342824459076, 0.31832945346832275, 0.33629846572875977, 0.4181153476238251, 0.3782626688480377, 0.3305898904800415, 0.40279069542884827], "(2, 3, 1, 4)": [0.0, 0.01920754462480545, 0.0, 0.026242345571517944, 0.04477118328213692, 0.0, 0.3038003146648407], "(2, 4, 2, 4)": [0.3541242778301239, 0.37756162881851196, 0.3940756022930145, 0.3834122121334076, 0.374966025352478, 0.3794582188129425, 0.38052135705947876], "(2, 5, 2, 5)": [0.18519285321235657, 0.02440313622355461, 0.34321466088294983, 0.24841834604740143, 0.20437762141227722, 0.00486880075186491, 0.08867784589529037], "(2, 6, 2, 5)": [0.08351313322782516, 0.13591784238815308, 0.2660859525203705, 0.3450908362865448, 0.14302262663841248, 0.09398758411407471, 0.15441223978996277], "(2, 6, 2, 4)": [0.3899900019168854, 0.392573744058609, 0.39190399646759033, 0.4259601831436157, 0.3892817795276642, 0.3808172047138214, 0.40661758184432983], "(2, 7, 2, 4)": [0.3859042525291443, 0.3901040852069855, 0.3809162974357605, 0.39080002903938293, 0.42665335536003113, 0.39821821451187134, 0.3942500650882721], "(2, 8, 2, 5)": [0.3637711703777313, 0.16004091501235962, 0.150045245885849, 0.19234752655029297, 0.1295158565044403, 0.13482794165611267, 0.14251098036766052], "(2, 10, 2, 5)": [0.2558286190032959, 0.11494548618793488, 0.05010437220335007, 0.00790901854634285, 0.12993869185447693, 0.06985583156347275, 0.14278823137283325], "(2, 6, 1, 4)": [0.23247770965099335, 0.20659086108207703, 0.1611374318599701, 0.10816530883312225, 0.3569382131099701, 0.13617168366909027, 0.07989281415939331], "(2, 6, 1, 3)": [0.2793821692466736, 0.3243764340877533, 0.2219417542219162, 0.3304882347583771, 0.286237508058548, 0.2785913348197937, 0.3741205632686615], "(2, 7, 1, 3)": [0.3737547993659973, 0.3776308000087738, 0.3605507016181946, 0.3638283908367157, 0.40441781282424927, 0.354918897151947, 0.3678150773048401], "(2, 7, 1, 4)": [0.4372575879096985, 0.24001376330852509, 0.1775919795036316, 0.14480507373809814, 0.20779460668563843, 0.32423529028892517, 0.07153715193271637], "(2, 9, 1, 4)": [0.4026537835597992, 0.41561567783355713, 0.5332205295562744, 0.3284309506416321, 0.39066237211227417, 0.36276406049728394, 0.32075756788253784], "(2, 10, 1, 4)": [0.022573338821530342, 0.04899946600198746, 0.0, 0.03795916587114334, 0.06681381911039352, 0.019263148307800293, 0.33714818954467773], "(1, 3, 2, 4)": [0.28760698437690735, 0.2759120762348175, 0.26808956265449524, 0.24633057415485382, 0.29758936166763306, 0.4528025984764099, 0.1902502030134201], "(1, 4, 1, 3)": [0.44735389947891235, 0.43191421031951904, 0.44840094447135925, 0.4559014141559601, 0.4616522490978241, 0.45728012919425964, 0.445656418800354], "(1, 5, 1, 3)": [0.5708137154579163, 0.5855517983436584, 0.5495363473892212, 0.5613589882850647, 0.5847717523574829, 0.6014156341552734, 0.6071082949638367], "(1, 4, 2, 4)": [0.4885580539703369, 0.4911346137523651, 0.49506187438964844, 0.5479702949523926, 0.5397603511810303, 0.4668402373790741, 0.3738406002521515], "(1, 4, 2, 3)": [0.31420189142227173, 0.31564611196517944, 0.11692899465560913, 0.2813061475753784, 0.3238146901130676, 0.19291096925735474, 0.5353460311889648], "(1, 5, 2, 4)": [0.5847447514533997, 0.5601040124893188, 0.5786401033401489, 0.5712503790855408, 0.5844050645828247, 0.5777456164360046, 0.5810934901237488], "(2, 7, 2, 3)": [0.15668663382530212, 0.14206022024154663, 0.215694859623909, 0.25993242859840393, 0.15837576985359192, 0.3859297037124634, 0.1485748291015625], "(1, 6, 1, 4)": [0.6320869326591492, 0.6542531251907349, 0.6208460927009583, 0.6152665019035339, 0.6017302870750427, 0.613487720489502, 0.6344448924064636], "(1, 8, 1, 4)": [0.7244585156440735, 0.7106722593307495, 0.7115283608436584, 0.6759251356124878, 0.6627015471458435, 0.6429660320281982, 0.6604917049407959], "(1, 8, 1, 3)": [0.7144363522529602, 0.7104498147964478, 0.7169686555862427, 0.7180642485618591, 0.7120071053504944, 0.7200367450714111, 0.7244897484779358], "(1, 9, 1, 4)": [0.6205389499664307, 0.6327540278434753, 0.5611016750335693, 0.572146475315094, 0.4204432964324951, 0.4369063377380371, 0.5876637697219849], "(1, 9, 1, 3)": [0.5312249660491943, 0.721546471118927, 0.6456993222236633, 0.5208137035369873, 0.6244135499000549, 0.5465714931488037, 0.6293858289718628], "(1, 10, 1, 4)": [0.38824760913848877, 0.10785727202892303, 0.2381591796875, 0.06857265532016754, 0.02819112315773964, 0.4052754044532776, 0.06136040389537811], "(2, 5, 2, 4)": [0.45609092712402344, 0.4380379319190979, 0.4703077971935272, 0.4484500586986542, 0.4196799397468567, 0.4622929096221924, 0.46191853284835815], "(2, 4, 1, 3)": [0.29586273431777954, 0.2377394437789917, 0.277408242225647, 0.22296389937400818, 0.3735388517379761, 0.2781846821308136, 0.29289549589157104], "(2, 3, 1, 3)": [0.16771885752677917, 0.24770039319992065, 0.2298501431941986, 0.25544628500938416, 0.22916020452976227, 0.3722701966762543, 0.24251365661621094],