{"q_values": {"(1, 6, 2, 4)": [0.7003602385520935, 0.7079772353172302, 0.7188679575920105, 0.7212456464767456, 0.755621612071991, 0.708568811416626, 0.6161870360374451], "(1, 6, 1, 3)": [0.659109890460968, 0.6921529173851013, 0.6230435371398926, 0.6592068076133728, 0.7031908631324768, 0.727290689945221, 0.6470628976821899], "(1, 7, 2, 4)": [0.7487188577651978, 0.7191265225410461, 0.7353653311729431, 0.7766891717910767, 0.8063985705375671, 0.7761226296424866, 0.6371000409126282], "(1, 7, 1, 3)": [0.7057137489318848, 0.7821771502494812, 0.7858422994613647, 0.7604517936706543, 0.7755967378616333, 0.8226392269134521, 0.7886490225791931], "(1, 7, 1, 4)": [0.7948620319366455, 0.7869185209274292, 0.794278621673584, 0.8287783265113831, 0.807584285736084, 0.7926012277603149, 0.76140958070755], "(1, 8, 2, 4)": [0.8239362239837646, 0.776302695274353, 0.7613248229026794, 0.8028059601783752, 0.7859625816345215, 0.7555052042007446, 0.7345041036605835], "(1, 8, 2, 5)": [0.6977095603942871, 0.10480599105358124, 0.3410780429840088, 0.11499548703432083, 0.008929526433348656, 0.027617815881967545, 0.016302794218063354], "(1, 9, 2, 4)": [0.7880077362060547, 0.4176684021949768, 0.30728620290756226, 0.5310314297676086, 0.34763118624687195, 0.4830184876918793, 0.2900936007499695], "(1, 9, 2, 5)": [0.48634102940559387, 0.05385556071996689, 0.1546698808670044, 0.020794393494725227, 0.020806539803743362, 0.08949156850576401, 0.26411813497543335], "(1, 10, 2, 4)": [0.0, 0.3201240003108978, 0.025819692760705948, 0.010316883213818073, -0.0012069125659763813, 0.5419104099273682, 0.37539130449295044], "(2, 4, 1, 4)": [0.4257414638996124, 0.03537014126777649, 0.2183367758989334, 0.00953699927777052, 0.2136216014623642, 0.02201009914278984, 0.16191448271274567], "(1, 1, 1, 3)": [0.5258412957191467, 0.22604677081108093, 0.13193313777446747, 0.3433893322944641, 0.2417886108160019, 0.20638851821422577, 0.21683990955352783], "(1, 1, 2, 4)": [0.14545714855194092, 0.05120483413338661, 0.0, 0.03233734145760536, 0.0, 0.026492109522223473, 0.005308686289936304], "(2, 8, 1, 4)": [0.6557906866073608, 0.5764365196228027, 0.6060971617698669, 0.6207267045974731, 0.6851385235786438, 0.7083113789558411, 0.6519091725349426], "(2, 8, 2, 4)": [0.6934981346130371, 0.6659944653511047, 0.6555306911468506, 0.6453806161880493, 0.6592397093772888, 0.6467915773391724, 0.642774760723114], "(2, 8, 1, 3)": [0.6354531049728394, 0.6724872589111328, 0.6044978499412537, 0.6253145933151245, 0.6951228380203247, 0.5783817768096924, 0.6656395196914673], "(2, 9, 2, 5)": [0.12071841955184937, 0.5333867073059082, 0.4371718764305115, 0.2258623242378235, 0.25442638993263245, 0.17455807328224182, 0.21077978610992432], "(2, 9, 2, 4)": [0.7141122221946716, 0.6132301688194275, 0.6037198901176453, 0.5941477417945862, 0.5685816407203674, 0.5814153552055359, 0.5519858598709106], "(1, 8, 2, 3)": [0.08801869302988052, 0.241238072514534, 0.39539796113967896, 0.047408126294612885, 0.003891000058501959, 0.20732398331165314, 0.07939642667770386], "(2, 3, 2, 4)": [0.5001684427261353, 0.48024046421051025, 0.4824363589286804, 0.5493379235267639, 0.5447494387626648, 0.5472913980484009, 0.5166254639625549], "(2, 3, 1, 4)": [0.0, 0.01920754462480545, 0.0, 0.026242345571517944, 0.04477118328213692, 0.25437283515930176, 0.44326791167259216], "(2, 4, 2, 4)": [0.5313836336135864, 0.5514643788337708, 0.5315032601356506, 0.5894051194190979, 0.5476287603378296, 0.5212551355361938, 0.5345427989959717], "(2, 5, 2, 5)": [0.18519285321235657, 0.02440313622355461, 0.3829316794872284, 0.24841834604740143, 0.20437762141227722, 0.00486880075186491, 0.08867784589529037], "(2, 6, 2, 5)": [0.08351313322782516, 0.13591784238815308, 0.2660859525203705, 0.4890177845954895, 0.14302262663841248, 0.20989952981472015, 0.24554479122161865], "(2, 6, 2, 4)": [0.4947457015514374, 0.5852600932121277, 0.5048822164535522, 0.6495815515518188, 0.5501324534416199, 0.5125019550323486, 0.5887784957885742], "(2, 7, 2, 4)": [0.5826141834259033, 0.63446444272995, 0.6129499673843384, 0.5709283947944641, 0.6905375123023987, 0.5780652761459351, 0.5470008850097656], "(2, 8, 2, 5)": [0.6119046211242676, 0.39813095331192017, 0.150045245885849, 0.24568331241607666, 0.2088024914264679, 0.3178054094314575, 0.23779916763305664], "(2, 10, 2, 5)": [0.2558286190032959, 0.11494548618793488, 0.05010437220335007, 0.00790901854634285, 0.12993869185447693, 0.06985583156347275, 0.14278823137283325], "(2, 6, 1, 4)": [0.23247770965099335, 0.20659086108207703, 0.1611374318599701, 0.23831909894943237, 0.46365800499916077, 0.13617168366909027, 0.2787589728832245], "(2, 6, 1, 3)": [0.2793821692466736, 0.3664553761482239, 0.4309214651584625, 0.3935336470603943, 0.4158763587474823, 0.31875988841056824, 0.5821177959442139], "(2, 7, 1, 3)": [0.48970142006874084, 0.49507269263267517, 0.4309583902359009, 0.4245794713497162, 0.4751743674278259, 0.5158458948135376, 0.5581868886947632], "(2, 7, 1, 4)": [0.5402601957321167, 0.3424237072467804, 0.1775919795036316, 0.3026488721370697, 0.35303235054016113, 0.366834431886673, 0.2501046061515808], "(2, 9, 1, 4)": [0.6651800274848938, 0.7651295065879822, 0.6486952900886536, 0.6648738384246826, 0.6505856513977051, 0.6708741188049316, 0.6492494940757751], "(2, 10, 1, 4)": [0.022573338821530342, 0.30013683438301086, 0.05517548695206642, 0.26293325424194336, 0.13279840350151062, 0.019263148307800293, 0.5461690425872803], "(1, 3, 2, 4)": [0.28760698437690735, 0.2759120762348175, 0.26808956265449524, 0.24633057415485382, 0.29758936166763306, 0.4528025984764099, 0.1902502030134201], "(1, 4, 1, 3)": [0.44674035906791687, 0.45494866371154785, 0.457950621843338, 0.4622412919998169, 0.5275877714157104, 0.4305812120437622, 0.445656418800354], "(1, 5, 1, 3)": [0.5464370846748352, 0.5506439208984375, 0.5594300031661987, 0.5858401656150818, 0.5847717523574829, 0.5581713318824768, 0.6524714827537537], "(1, 4, 2, 4)": [0.4984988570213318, 0.49312251806259155, 0.5935747623443604, 0.5570574998855591, 0.5397603511810303, 0.5438980460166931, 0.4784865975379944], "(1, 4, 2, 3)": [0.31420189142227173, 0.31564611196517944, 0.11692899465560913, 0.2813061475753784, 0.3238146901130676, 0.19291096925735474, 0.5891308188438416], "(1, 5, 2, 4)": [0.5997357964515686, 0.6115143895149231, 0.6988981366157532, 0.685310959815979, 0.6641813516616821, 0.7184986472129822, 0.5844413042068481], "(2, 7, 2, 3)": [0.15668663382530212, 0.14206022024154663, 0.28999635577201843, 0.25993242859840393, 0.2284841537475586, 0.5634704232215881, 0.1485748291015625], "(1, 6, 1, 4)": [0.6755908131599426, 0.720452070236206, 0.6699832081794739, 0.6357787847518921, 0.6433449387550354, 0.613487720489502, 0.6482959389686584], "(1, 8, 1, 4)": [0.8115021586418152, 0.8380341529846191, 0.8285512924194336, 0.8236199021339417, 0.8333355188369751, 0.8334159255027771, 0.8203079104423523], "(1, 8, 1, 3)": [0.8327980637550354, 0.8291208148002625, 0.8332986831665039, 0.838744580745697, 0.833023190498352, 0.8295502066612244, 0.8293857574462891], "(1, 9, 1, 4)": [0.8363896608352661, 0.7645612955093384, 0.7827939391136169, 0.7060569524765015, 0.7357631921768188, 0.7378385066986084, 0.793777585029602], "(1, 9, 1, 3)": [0.8149587512016296, 0.8176418542861938, 0.8151321411132812, 0.8255386352539062, 0.835143506526947, 0.7813979387283325, 0.8161666393280029], "(1, 10, 1, 4)": [0.341865211725235, 0.10785727202892303, 0.2381591796875, 0.15662197768688202, 0.34625697135925293, 0.5466302037239075, 0.40941596031188965], "(2, 5, 2, 4)": [0.5510878562927246, 0.5165330171585083, 0.5351948738098145, 0.5243164896965027, 0.6035652160644531, 0.5496324896812439, 0.5188643336296082], "(2, 4, 1, 3)": [0.400642454624176, 0.33547863364219666, 0.4156011939048767, 0.3578376770019531, 0.5072560906410217, 0.3019121289253235, 0.32929885387420654], "(2, 3, 1, 3)": [0.2002081722021103, 0.3137175738811493, 0.28441837430000305, 0.3313502073287964, 0.38874778151512146, 0.5152547359466553, 0.3649456202983856],