{"q_values": {"(1, 4, 1, 1)": [0.01662721484899521, 0.017839202657341957, 0.018284283578395844, 0.018513329327106476, 0.01892981119453907], "(1, 5, 1, 1)": [0.008262918330729008, 0.013603595085442066, 0.013722293078899384, 0.017252756282687187, 0.01230092253535986], "(1, 6, 1, 1)": [0.003375665284693241, 0.007245154120028019, 0.00380716472864151, -0.004225973971188068, -0.0025435066781938076], "(2, 3, 1, 1)": [0.0195148978382349, 0.01915137842297554, 0.019574346020817757, 0.019578780978918076, 0.019554926082491875], "(1, 1, 1, 1)": [0.002316453494131565, 0.0008349218405783176, 0.0015205489471554756, -0.0016609728336334229, 0.01610841602087021], "(2, 5, 1, 1)": [0.014605655334889889, 0.013068589381873608, 0.014451013877987862, 0.015366206876933575, 0.017261281609535217], "(2, 6, 1, 1)": [0.007486796006560326, 0.0017776452004909515, -0.006907323841005564, -0.007056261412799358, -0.007886170409619808], "(2, 2, 1, 1)": [0.0168323814868927, 0.01621425896883011, 0.016248619183897972, 0.012273646891117096, 0.013272784650325775], "(2, 4, 1, 1)": [0.019595392048358917, 0.019459689036011696, 0.019166503101587296, 0.019286591559648514, 0.019423363730311394], "(2, 1, 1, 1)": [0.005134681239724159, 0.0028747250325977802, 0.005715786479413509, 0.0044782450422644615, 0.001238248310983181], "(1, 2, 1, 1)": [0.016821177676320076, 0.01608976721763611, 0.01625618152320385, 0.0168679878115654, 0.01891307160258293], "(1, 3, 1, 1)": [0.01945580169558525, 0.019133593887090683, 0.018966827541589737, 0.01965082809329033, 0.01951882243156433]}}