{"q_values": {"(1, 4, 1, 1)": [0.019772903993725777, 0.01981637254357338, 0.019759826362133026, 0.01942710019648075, 0.01974673755466938], "(1, 5, 1, 1)": [0.016777576878666878, 0.018091551959514618, 0.018617786467075348, 0.01853059232234955, 0.018487408757209778], "(1, 6, 1, 1)": [0.0017568194307386875, 0.0022667325101792812, -0.0014824816025793552, 0.0047099594958126545, 0.005413706414401531], "(2, 3, 1, 1)": [0.019574478268623352, 0.019621312618255615, 0.019809572026133537, 0.019841676577925682, 0.01981448195874691], "(1, 1, 1, 1)": [0.003018579911440611, 0.012477416545152664, -0.006230342201888561, 0.006523053161799908, 0.006614724174141884], "(2, 5, 1, 1)": [0.01811114512383938, 0.018465135246515274, 0.017328690737485886, 0.018498895689845085, 0.01804996281862259], "(2, 6, 1, 1)": [0.007028554566204548, 0.015420335344970226, 0.007392623461782932, 0.012051258236169815, 0.008370479568839073], "(2, 2, 1, 1)": [0.01766463741660118, 0.016100231558084488, 0.017885329201817513, 0.01770741306245327, 0.01754707470536232], "(2, 4, 1, 1)": [0.01973833329975605, 0.019405407831072807, 0.019749924540519714, 0.019513973966240883, 0.019633008167147636], "(2, 1, 1, 1)": [0.001691192388534546, 0.010262289084494114, 0.004105205647647381, 0.004004640504717827, 0.007702392525970936], "(1, 2, 1, 1)": [0.018252650275826454, 0.014069486409425735, 0.01755932904779911, 0.01906808279454708, 0.01809885911643505], "(1, 3, 1, 1)": [0.01973767578601837, 0.019414648413658142, 0.019711697474122047, 0.01976006105542183, 0.019799962639808655]}}