{"q_values": {"(1, 4, 1, 1)": [0.01968253403902054, 0.013402835465967655, 0.012306907214224339, 0.011479840613901615, 0.017929960042238235], "(1, 5, 1, 1)": [0.019199896603822708, 0.015163080766797066, 0.00915752537548542, 0.016206424683332443, 0.017135506495833397], "(1, 6, 1, 1)": [-0.0005265204235911369, -0.00024066120386123657, 0.0020784614607691765, 0.0019860006868839264, 0.004941331222653389], "(2, 3, 1, 1)": [0.019104620441794395, 0.018915899097919464, 0.019202424213290215, 0.01899891160428524, 0.017625300213694572], "(1, 1, 1, 1)": [-0.008470513857901096, -0.007775860372930765, -0.003166382433846593, 0.004958966746926308, -0.0008839801885187626], "(2, 5, 1, 1)": [0.01704031601548195, 0.01641901768743992, 0.018000535666942596, 0.016500016674399376, 0.015180004760622978], "(2, 6, 1, 1)": [-0.0004442678764462471, 0.015666784718632698, -0.0054770708084106445, -0.003336748108267784, -0.007886170409619808], "(2, 2, 1, 1)": [0.01541396789252758, 0.014455894008278847, 0.014835813082754612, 0.013044803403317928, 0.009844773449003696], "(2, 4, 1, 1)": [0.019805653020739555, 0.018739942461252213, 0.01833953522145748, 0.019500527530908585, 0.019371038302779198], "(2, 1, 1, 1)": [0.0010699029080569744, 0.0029792836867272854, 0.002269041258841753, -0.00042076408863067627, 0.011794574558734894], "(1, 2, 1, 1)": [0.014746363274753094, 0.01577337272465229, 0.015313992276787758, 0.015070137567818165, 0.01839357428252697], "(1, 3, 1, 1)": [0.019397471100091934, 0.01876123994588852, 0.01866358146071434, 0.013147675432264805, 0.01870587468147278]}}