{"q_values": {"(1, 4, 1, 1)": [0.015275958925485611, 0.016511686146259308, 0.018780387938022614, 0.010452089831233025, 0.019182616844773293], "(1, 5, 1, 1)": [0.010369048453867435, 0.009995398111641407, 0.015337668359279633, 0.013217582367360592, 0.013097346760332584], "(1, 6, 1, 1)": [-0.004713390022516251, -0.009737561456859112, -0.008229025639593601, 0.0008030375465750694, -0.004645044915378094], "(2, 3, 1, 1)": [0.016544964164495468, 0.019144579768180847, 0.013341198675334454, 0.015284068882465363, 0.015131073072552681], "(1, 1, 1, 1)": [-0.006093140225857496, -0.012385787442326546, -0.00751275010406971, -0.006567288190126419, 0.005851672030985355], "(2, 5, 1, 1)": [0.012773041613399982, 0.019064949825406075, 0.011728024110198021, 0.01320530567318201, 0.011613964103162289], "(2, 6, 1, 1)": [0.017961230129003525, -0.009052449837327003, -0.00985301099717617, -0.009359700605273247, -0.010243348777294159], "(2, 2, 1, 1)": [0.012291920371353626, 0.013915440067648888, 0.01597665064036846, 0.008409964852035046, 0.0098117059096694], "(2, 4, 1, 1)": [0.01977737434208393, 0.018749244511127472, 0.018344495445489883, 0.018529633060097694, 0.018269721418619156], "(2, 1, 1, 1)": [-0.006774797569960356, -0.0048918030224740505, 0.0015608612447977066, -0.008490125648677349, -0.008362272754311562], "(1, 2, 1, 1)": [0.014391373842954636, 0.014150701463222504, 0.012872401624917984, 0.013622216880321503, 0.018179671838879585], "(1, 3, 1, 1)": [0.018671229481697083, 0.018977371975779533, 0.018492447212338448, 0.019169604405760765, 0.01830393262207508]}}