{"q_values": {"(1, 4, 1, 1)": [0.019782910123467445, 0.01970290020108223, 0.019664742052555084, 0.019750142470002174, 0.01950053498148918], "(1, 5, 1, 1)": [0.009931779466569424, 0.016801966354250908, 0.016702739521861076, 0.01644015684723854, 0.015628017485141754], "(1, 6, 1, 1)": [0.0020784768275916576, 0.005274037830531597, 0.0041228774935007095, 0.0018655234016478062, -0.004209307953715324], "(2, 3, 1, 1)": [0.01967693865299225, 0.019701536744832993, 0.019582698121666908, 0.019772419705986977, 0.019899601116776466], "(1, 1, 1, 1)": [0.0010157963261008263, 0.003364821895956993, -2.0907260477542877e-05, -0.007467529270797968, -0.005664255935698748], "(2, 5, 1, 1)": [0.01920386590063572, 0.018005261197686195, 0.01779593713581562, 0.018251735717058182, 0.017590835690498352], "(2, 6, 1, 1)": [0.012745210900902748, 0.0056552160531282425, 0.0032842964865267277, 0.003454329911619425, -0.0027052941732108593], "(2, 2, 1, 1)": [0.017132466658949852, 0.017183789983391762, 0.018423356115818024, 0.01843060739338398, 0.01892520673573017], "(2, 4, 1, 1)": [0.013180593028664589, 0.01931360550224781, 0.019566604867577553, 0.01949792355298996, 0.019428327679634094], "(2, 1, 1, 1)": [-0.0004457230679690838, 0.007794706616550684, -0.0017058984376490116, 0.001937865512445569, 0.014685707166790962], "(1, 2, 1, 1)": [0.017350293695926666, 0.015689125284552574, 0.017566844820976257, 0.016176220029592514, 0.017503581941127777], "(1, 3, 1, 1)": [0.01912270486354828, 0.019428111612796783, 0.01917399652302265, 0.018339473754167557, 0.01934666931629181]}}