{"q_values": {"(1, 4, 1, 1)": [0.019489917904138565, 0.01940433867275715, 0.01943398453295231, 0.01947200298309326, 0.01940544694662094], "(1, 5, 1, 1)": [0.01556110568344593, 0.009940742515027523, 0.01728249527513981, 0.01761416345834732, 0.017493491992354393], "(1, 6, 1, 1)": [0.015802698209881783, 0.003195551224052906, 0.003559582866728306, 0.0031661977991461754, 0.005544506944715977], "(2, 3, 1, 1)": [0.01905333250761032, 0.01820259355008602, 0.019090183079242706, 0.014894968830049038, 0.01913788542151451], "(1, 1, 1, 1)": [-0.00017562182620167732, 0.00045665306970477104, 0.005009160377085209, 0.003955266438424587, 0.00791217666119337], "(2, 5, 1, 1)": [0.019114810973405838, 0.017127063125371933, 0.015669453889131546, 0.01626012474298477, 0.015544957481324673], "(2, 6, 1, 1)": [-0.0034205103293061256, 0.014653682708740234, -0.0011708992533385754, 0.0019538900814950466, 0.005850743968039751], "(2, 2, 1, 1)": [0.01718183234333992, 0.01613011211156845, 0.015529668889939785, 0.009505468420684338, 0.015516242012381554], "(2, 4, 1, 1)": [0.01967628113925457, 0.019190989434719086, 0.019245542585849762, 0.01935163512825966, 0.018938472494482994], "(2, 1, 1, 1)": [0.0059491670690476894, 0.005198863800615072, 0.004120102152228355, 0.007005670107901096, 0.0016601425595581532], "(1, 2, 1, 1)": [0.016150757670402527, 0.017933983355760574, 0.01642383635044098, 0.01734408177435398, 0.012714283540844917], "(1, 3, 1, 1)": [0.015291355550289154, 0.019237641245126724, 0.018705489113926888, 0.018239371478557587, 0.01975039392709732]}}