{"q_values": {"(1, 4, 1, 1)": [0.019560055807232857, 0.019415440037846565, 0.01651845872402191, 0.019200429320335388, 0.018950598314404488], "(1, 5, 1, 1)": [0.017369255423545837, 0.018229667097330093, 0.018405748531222343, 0.017640192061662674, 0.015727125108242035], "(1, 6, 1, 1)": [0.0006523525808006525, 0.0037240982055664062, 0.0008606370538473129, 0.001248957123607397, 0.003580926451832056], "(2, 3, 1, 1)": [0.01923615112900734, 0.019699931144714355, 0.01956220343708992, 0.01959444396197796, 0.019789893180131912], "(1, 1, 1, 1)": [0.0021736202761530876, 0.0017232606187462807, 0.004610239062458277, -0.0030558714643120766, 0.005345301236957312], "(2, 5, 1, 1)": [0.014999069273471832, 0.01565593108534813, 0.018222026526927948, 0.01762261614203453, 0.018464751541614532], "(2, 6, 1, 1)": [0.0012378543615341187, -0.0023415321484208107, 0.000796739012002945, 0.002633343916386366, 0.0034860691521316767], "(2, 2, 1, 1)": [0.01807805709540844, 0.016622191295027733, 0.016844477504491806, 0.01673588901758194, 0.016855919733643532], "(2, 4, 1, 1)": [0.0197076965123415, 0.019708681851625443, 0.01960654743015766, 0.019482072442770004, 0.019623294472694397], "(2, 1, 1, 1)": [0.004963845945894718, 0.004242216236889362, 0.004677307326346636, 0.007446586154401302, 0.0035804728977382183], "(1, 2, 1, 1)": [0.016535399481654167, 0.01837562955915928, 0.016987770795822144, 0.018352948129177094, 0.0171683207154274], "(1, 3, 1, 1)": [0.019616277888417244, 0.019458917900919914, 0.019575180485844612, 0.01954292692244053, 0.019630882889032364]}}