{"q_values": {"(1, 4, 1, 1)": [0.018951766192913055, 0.010924768634140491, 0.018971672281622887, 0.018949737772345543, 0.0188745129853487], "(1, 5, 1, 1)": [0.011881825514137745, 0.009715929627418518, 0.009159939363598824, 0.013413634151220322, 0.013602375984191895], "(1, 6, 1, 1)": [-0.003215187694877386, -0.005238805897533894, -0.0032404749654233456, -0.003227895824238658, -0.0031666290014982224], "(2, 3, 1, 1)": [0.019133463501930237, 0.019090017303824425, 0.01926460489630699, 0.01989791728556156, 0.019305415451526642], "(1, 1, 1, 1)": [-0.0042931572534143925, -0.004389406181871891, -0.005434354767203331, 0.015920352190732956, -0.003997122868895531], "(2, 5, 1, 1)": [0.015940599143505096, 0.01590011455118656, 0.015031842514872551, 0.016419649124145508, 0.015663720667362213], "(2, 6, 1, 1)": [-0.0004702843725681305, 0.0033654477447271347, -0.003310578875243664, -0.0003162217326462269, -0.009447738528251648], "(2, 2, 1, 1)": [0.015167045406997204, 0.014615455642342567, 0.00855314265936613, 0.01351145002990961, 0.012409375049173832], "(2, 4, 1, 1)": [0.019528623670339584, 0.008064068853855133, 0.019151369109749794, 0.019565008580684662, 0.019203094765543938], "(2, 1, 1, 1)": [-0.0031055142171680927, -0.0016404255293309689, -0.0029660139698535204, -0.0014226126950234175, -0.0031477808952331543], "(1, 2, 1, 1)": [0.01473311148583889, 0.017275242134928703, 0.01457415521144867, 0.014515256509184837, 0.017930425703525543], "(1, 3, 1, 1)": [0.019539784640073776, 0.0190983135253191, 0.019603494554758072, 0.0196461733430624, 0.019863858819007874]}}