{"q_values": {"(1, 4, 1, 1)": [0.0197670329362154, 0.0191267728805542, 0.019301103428006172, 0.01942226104438305, 0.01845388673245907], "(1, 5, 1, 1)": [0.012678958475589752, 0.014815062284469604, 0.009159939363598824, 0.016186242923140526, 0.014917125925421715], "(1, 6, 1, 1)": [0.005105515010654926, -0.005238805897533894, -0.007994931191205978, 0.009023507125675678, -0.007541485130786896], "(2, 3, 1, 1)": [0.017477625980973244, 0.018605682998895645, 0.01813732460141182, 0.018617868423461914, 0.018658971413969994], "(1, 1, 1, 1)": [-0.0042931572534143925, -0.004389406181871891, -0.005434354767203331, -0.005978938192129135, 0.0003884024918079376], "(2, 5, 1, 1)": [0.019245442003011703, 0.01724543422460556, 0.017019089311361313, 0.016296345740556717, 0.015991665422916412], "(2, 6, 1, 1)": [0.006249825470149517, -0.003539205528795719, -0.003310578875243664, -0.002824143273755908, -0.009447738528251648], "(2, 2, 1, 1)": [0.01286935806274414, 0.011671220883727074, 0.010786281898617744, 0.010304161347448826, 0.012409375049173832], "(2, 4, 1, 1)": [0.01963580586016178, 0.01930428296327591, 0.017949098721146584, 0.01952933520078659, 0.019516460597515106], "(2, 1, 1, 1)": [-0.004981702193617821, 4.910677671432495e-05, -0.005833448842167854, -0.005170670337975025, -0.008362272754311562], "(1, 2, 1, 1)": [0.015369203872978687, 0.014738941565155983, 0.01457415521144867, 0.016732975840568542, 0.014713502489030361], "(1, 3, 1, 1)": [0.01919601857662201, 0.019055046141147614, 0.019359229132533073, 0.015415224246680737, 0.019101064652204514]}}