{"q_values": {"(1, 4, 1, 1)": [0.013360749930143356, 0.018793806433677673, 0.018482539802789688, 0.010434834286570549, 0.01816404052078724], "(1, 5, 1, 1)": [0.01937532238662243, 0.01379893347620964, 0.01793452724814415, 0.017400532960891724, 0.017182203009724617], "(1, 6, 1, 1)": [0.002893452998250723, 0.006968237459659576, 0.0051901149563491344, 0.0035249372012913227, 0.00297269644215703], "(2, 3, 1, 1)": [0.017408302053809166, 0.019151540473103523, 0.018194571137428284, 0.01661696657538414, 0.01972091943025589], "(1, 1, 1, 1)": [-0.00848338007926941, -0.0037851897068321705, -0.0001624496653676033, -0.009938294067978859, 0.015323133207857609], "(2, 5, 1, 1)": [0.019409101456403732, 0.015259692445397377, 0.01437223982065916, 0.013865252025425434, 0.013548477552831173], "(2, 6, 1, 1)": [-0.00494723953306675, -0.006643960252404213, -0.005476903170347214, -0.006036554928869009, -0.006815936416387558], "(2, 2, 1, 1)": [0.017958998680114746, 0.018021952360868454, 0.01565253548324108, 0.018742188811302185, 0.01789562776684761], "(2, 4, 1, 1)": [0.019799821078777313, 0.019119232892990112, 0.01905653439462185, 0.01929503120481968, 0.019294297322630882], "(2, 1, 1, 1)": [-0.0023973053321242332, 0.0027004063595086336, 0.00263882614672184, 0.006782399490475655, 0.006283495109528303], "(1, 2, 1, 1)": [0.017442671582102776, 0.016891608014702797, 0.016890887171030045, 0.01904161088168621, 0.017278825864195824], "(1, 3, 1, 1)": [0.01949741691350937, 0.019489675760269165, 0.01913362182676792, 0.01947147399187088, 0.01951237954199314]}}