{"q_values": {"(1, 4, 1, 1)": [0.01992005668580532, 0.015731655061244965, 0.016857633367180824, 0.01884469762444496, 0.01816430315375328], "(1, 5, 1, 1)": [0.00990950595587492, 0.012710152193903923, 0.014817502349615097, 0.015025276690721512, 0.0174372810870409], "(1, 6, 1, 1)": [0.0002571740187704563, 0.002399059943854809, 0.0011691823601722717, -0.0009171864949166775, -0.0005978243425488472], "(2, 3, 1, 1)": [0.019040515646338463, 0.018543491140007973, 0.01935461163520813, 0.019103694707155228, 0.019978616386651993], "(1, 1, 1, 1)": [-0.006143664009869099, -0.003196538193151355, -0.005434354767203331, 0.016250580549240112, 0.0015105577185750008], "(2, 5, 1, 1)": [0.01906537264585495, 0.016262728720903397, 0.014972505159676075, 0.015701858326792717, 0.015554292127490044], "(2, 6, 1, 1)": [0.0021835281513631344, -0.0022215747740119696, -0.003310578875243664, -0.0003162217326462269, -0.009447738528251648], "(2, 2, 1, 1)": [0.01627488248050213, 0.01427882257848978, 0.015438441187143326, 0.014441930688917637, 0.009832624346017838], "(2, 4, 1, 1)": [0.01818915084004402, 0.018216952681541443, 0.010309447534382343, 0.01909777894616127, 0.018664201721549034], "(2, 1, 1, 1)": [-0.0027084664907306433, -0.006522209383547306, 0.003609683830291033, -0.005248556844890118, 0.00191793916746974], "(1, 2, 1, 1)": [0.014868700876832008, 0.016951560974121094, 0.01457415521144867, 0.017369378358125687, 0.01931842416524887], "(1, 3, 1, 1)": [0.019400566816329956, 0.019333818927407265, 0.019771695137023926, 0.016770029440522194, 0.019378943368792534]}}