{"q_values": {"(1, 4, 1, 1)": [0.019840281456708908, 0.01994212158024311, 0.019919663667678833, 0.019840549677610397, 0.019576190039515495], "(1, 5, 1, 1)": [0.0165238119661808, 0.017874252051115036, 0.016860835254192352, 0.017968710511922836, 0.016202284023165703], "(1, 6, 1, 1)": [0.00818455871194601, 0.007698111701756716, 0.014063096605241299, 0.006006920710206032, 0.0010501369833946228], "(2, 3, 1, 1)": [0.019427713006734848, 0.019649416208267212, 0.019726267084479332, 0.019817417487502098, 0.019701184704899788], "(1, 1, 1, 1)": [0.0068909404799342155, 0.003745928406715393, -0.0004218744579702616, -0.00028332509100437164, 0.016279660165309906], "(2, 5, 1, 1)": [0.017860934138298035, 0.01847691461443901, 0.01715792529284954, 0.017819613218307495, 0.01690586842596531], "(2, 6, 1, 1)": [0.0028484901413321495, 0.005663653835654259, 0.004929115530103445, 0.002493510954082012, 0.006120278965681791], "(2, 2, 1, 1)": [0.015550754964351654, 0.016426749527454376, 0.01682543009519577, 0.016472388058900833, 0.01907668076455593], "(2, 4, 1, 1)": [0.01969221793115139, 0.019522331655025482, 0.019708091393113136, 0.01972341164946556, 0.0193684883415699], "(2, 1, 1, 1)": [0.005380540154874325, 0.008358575403690338, 0.008430985733866692, 0.004198967479169369, 0.0028686230070888996], "(1, 2, 1, 1)": [0.0178034957498312, 0.01692212000489235, 0.018872559070587158, 0.018390942364931107, 0.018787013366818428], "(1, 3, 1, 1)": [0.019705552607774734, 0.019659951329231262, 0.01960872858762741, 0.019837835803627968, 0.01965741440653801]}}