{"q_values": {"(1, 4, 1, 1)": [0.010882516391575336, 0.00841105729341507, 0.01050975825637579, 0.01884169690310955, 0.019337786361575127], "(1, 5, 1, 1)": [0.011966853402554989, 0.017957838252186775, 0.007944238372147083, 0.009186549112200737, 0.01491441298276186], "(1, 6, 1, 1)": [-0.006396392360329628, 0.007785815745592117, 0.0018483884632587433, 0.000506384763866663, -0.004127241671085358], "(2, 3, 1, 1)": [0.018153205513954163, 0.018787726759910583, 0.018417341634631157, 0.019879771396517754, 0.01924027130007744], "(1, 1, 1, 1)": [0.0004509836435317993, -0.003196538193151355, -0.005434354767203331, -0.0031752721406519413, -0.004739417694509029], "(2, 5, 1, 1)": [0.0178863313049078, 0.013023093342781067, 0.013756672851741314, 0.013078605756163597, 0.013501415029168129], "(2, 6, 1, 1)": [-0.008550582453608513, 0.010381502099335194, -0.005050787702202797, -0.009394876658916473, -0.004835081286728382], "(2, 2, 1, 1)": [0.01390276663005352, 0.012930134311318398, 0.01178803388029337, 0.012235005386173725, 0.019356517121195793], "(2, 4, 1, 1)": [0.013497453182935715, 0.01893092878162861, 0.0191876832395792, 0.019551308825612068, 0.018619604408740997], "(2, 1, 1, 1)": [-0.006007243879139423, -0.006522209383547306, 0.0031626708805561066, -0.005248556844890118, -0.005180324427783489], "(1, 2, 1, 1)": [0.014868700876832008, 0.016159674152731895, 0.01457415521144867, 0.01510654017329216, 0.01940857619047165], "(1, 3, 1, 1)": [0.019198669120669365, 0.018949788063764572, 0.019011830911040306, 0.015416263602674007, 0.01980876922607422]}}