{"q_values": {"(1, 4, 1, 1)": [0.018803289160132408, 0.019879311323165894, 0.014973156154155731, 0.019324226304888725, 0.019387124106287956], "(1, 5, 1, 1)": [0.0142343295738101, 0.019373120740056038, 0.01743164286017418, 0.015079300850629807, 0.01372061762958765], "(1, 6, 1, 1)": [-0.00430678203701973, -0.00741550512611866, 0.0037504886277019978, -0.002080719918012619, -0.0011941108386963606], "(2, 3, 1, 1)": [0.019439518451690674, 0.01920441724359989, 0.010730204172432423, 0.019008390605449677, 0.01935136504471302], "(1, 1, 1, 1)": [-0.004734453745186329, -0.0030709714628756046, -0.003166382433846593, -0.0028797585982829332, 0.005488870199769735], "(2, 5, 1, 1)": [0.01944323256611824, 0.01547801773995161, 0.01734282076358795, 0.0164466742426157, 0.016168439760804176], "(2, 6, 1, 1)": [0.01114379707723856, -0.0071366834454238415, 0.0029743474442511797, -0.0034825901966542006, -0.007886170409619808], "(2, 2, 1, 1)": [0.015708448365330696, 0.015273384749889374, 0.011184358038008213, 0.011993946507573128, 0.01659240759909153], "(2, 4, 1, 1)": [0.019863996654748917, 0.019242659211158752, 0.016068626195192337, 0.018832581117749214, 0.018905363976955414], "(2, 1, 1, 1)": [0.0007171174511313438, 0.005426035262644291, 0.004104516934603453, 0.0017061727121472359, 0.0012667574919760227], "(1, 2, 1, 1)": [0.016961392015218735, 0.017679035663604736, 0.015816882252693176, 0.01699247770011425, 0.01925473101437092], "(1, 3, 1, 1)": [0.019392194226384163, 0.01957530900835991, 0.019236747175455093, 0.019276458770036697, 0.013540668413043022]}}