{"q_values": {"(1, 4, 1, 1)": [0.019632510840892792, 0.019534854218363762, 0.019664285704493523, 0.01937049627304077, 0.01951628550887108], "(1, 5, 1, 1)": [0.00981418788433075, 0.010007866658270359, 0.016739197075366974, 0.01607874408364296, 0.016259614378213882], "(1, 6, 1, 1)": [0.003294383641332388, 0.014939868822693825, 0.004333551041781902, 0.007564873900264502, 0.003819577395915985], "(2, 3, 1, 1)": [0.01954496093094349, 0.019460536539554596, 0.0194943118840456, 0.019477421417832375, 0.01907065510749817], "(1, 1, 1, 1)": [-0.00848338007926941, 0.00015467312186956406, -0.0007169037126004696, -0.008935237303376198, 0.0006083957850933075], "(2, 5, 1, 1)": [0.016374189406633377, 0.016035206615924835, 0.016144011169672012, 0.015004732646048069, 0.01536773331463337], "(2, 6, 1, 1)": [-0.0007012654095888138, -0.00028601428493857384, -0.0008435030467808247, -0.0022317632101476192, -0.001773823518306017], "(2, 2, 1, 1)": [0.015828046947717667, 0.013766051270067692, 0.017447305843234062, 0.016488386318087578, 0.014513169415295124], "(2, 4, 1, 1)": [0.019642982631921768, 0.01960245706140995, 0.019490977749228477, 0.0194191075861454, 0.01937350444495678], "(2, 1, 1, 1)": [0.003471716307103634, 0.005032525397837162, 0.007322725374251604, 0.0077884625643491745, 0.0004189317114651203], "(1, 2, 1, 1)": [0.015603126958012581, 0.017502853646874428, 0.018145106732845306, 0.018080566078424454, 0.019080961123108864], "(1, 3, 1, 1)": [0.019589437171816826, 0.01940820924937725, 0.019578291103243828, 0.019265174865722656, 0.019857853651046753]}}