{"q_values": {"(1, 4, 1, 1)": [0.015253427438437939, 0.01659027300775051, 0.015110667794942856, 0.010346857830882072, 0.019230665639042854], "(1, 5, 1, 1)": [0.011885331012308598, 0.012697247788310051, 0.011380485258996487, 0.00940224714577198, 0.015211294405162334], "(1, 6, 1, 1)": [0.004905034322291613, 0.00782068818807602, -3.892090171575546e-05, -0.0011061797849833965, 2.929428592324257e-05], "(2, 3, 1, 1)": [0.019702807068824768, 0.019459638744592667, 0.019520867615938187, 0.01948569528758526, 0.019927194342017174], "(1, 1, 1, 1)": [0.002316453494131565, 0.0008349218405783176, 0.0015205489471554756, -0.0016609728336334229, 0.005005363374948502], "(2, 5, 1, 1)": [0.016750361770391464, 0.015011242590844631, 0.0120067298412323, 0.015038331039249897, 0.011093536391854286], "(2, 6, 1, 1)": [0.0077181714586913586, -0.005750421434640884, -0.006907323841005564, -0.007056261412799358, -0.009620511904358864], "(2, 2, 1, 1)": [0.017175769433379173, 0.015544884838163853, 0.016192957758903503, 0.015139511786401272, 0.019487816840410233], "(2, 4, 1, 1)": [0.0195736326277256, 0.019540024921298027, 0.019543852657079697, 0.019193356856703758, 0.01954273320734501], "(2, 1, 1, 1)": [0.0007700263522565365, -0.004366452805697918, 0.00242222985252738, 0.01781698688864708, -0.0017796007450670004], "(1, 2, 1, 1)": [0.01742614060640335, 0.017815181985497475, 0.017479872331023216, 0.016834158450365067, 0.0161574836820364], "(1, 3, 1, 1)": [0.019398104399442673, 0.019455263391137123, 0.018603920936584473, 0.019302748143672943, 0.019850999116897583]}}