{"q_values": {"(1, 4, 1, 1)": [0.01663934253156185, 0.016511686146259308, 0.018743468448519707, 0.010452089831233025, 0.018428003415465355], "(1, 5, 1, 1)": [0.010369048453867435, 0.009995398111641407, 0.013265050016343594, 0.013217582367360592, 0.014225756749510765], "(1, 6, 1, 1)": [-0.007100151386111975, -0.010451920330524445, -0.008229025639593601, -0.004719814285635948, -0.002741987118497491], "(2, 3, 1, 1)": [0.017358090728521347, 0.019355308264493942, 0.013341198675334454, 0.015284068882465363, 0.016442256048321724], "(1, 1, 1, 1)": [-0.006093140225857496, -0.012385787442326546, -0.00751275010406971, -0.006567288190126419, -0.0021563370246440172], "(2, 5, 1, 1)": [0.012773041613399982, 0.017695866525173187, 0.011728024110198021, 0.014356844127178192, 0.011613964103162289], "(2, 6, 1, 1)": [0.007832156494259834, -0.009052449837327003, -0.00985301099717617, -0.009359700605273247, -0.010243348777294159], "(2, 2, 1, 1)": [0.015771793201565742, 0.013791601173579693, 0.011588608846068382, 0.01172630861401558, 0.011837932281196117], "(2, 4, 1, 1)": [0.019851623103022575, 0.018749244511127472, 0.018344495445489883, 0.018529633060097694, 0.018269721418619156], "(2, 1, 1, 1)": [-0.008368446491658688, -0.003303166478872299, -0.0011072512716054916, -0.008490125648677349, 0.001006933394819498], "(1, 2, 1, 1)": [0.01431715115904808, 0.014150701463222504, 0.014737593941390514, 0.01825074292719364, 0.014864848926663399], "(1, 3, 1, 1)": [0.01937505044043064, 0.018907232210040092, 0.01887308433651924, 0.01914697326719761, 0.01830393262207508]}}