{"q_values": {"(1, 4, 1, 1)": [0.019767969846725464, 0.019723400473594666, 0.01971898227930069, 0.019693471491336823, 0.019638122990727425], "(1, 5, 1, 1)": [0.015931226313114166, 0.018213151022791862, 0.015925435349345207, 0.014833603985607624, 0.018016954883933067], "(1, 6, 1, 1)": [0.014587725512683392, -0.001126214861869812, 0.006601493805646896, -0.004185487981885672, 0.010049077682197094], "(2, 3, 1, 1)": [0.01963568851351738, 0.019648686051368713, 0.019439853727817535, 0.019785622134804726, 0.0197132658213377], "(1, 1, 1, 1)": [0.009659165516495705, 0.009574705734848976, 0.010410352610051632, 0.004511387087404728, 0.003814064897596836], "(2, 5, 1, 1)": [0.017094887793064117, 0.018034495413303375, 0.017402751371264458, 0.015727447345852852, 0.017987746745347977], "(2, 6, 1, 1)": [0.0059155966155231, 0.007327010855078697, 0.008400334045290947, 0.005664805881679058, 0.0009881015866994858], "(2, 2, 1, 1)": [0.01752479560673237, 0.01831430196762085, 0.018972424790263176, 0.01850568875670433, 0.01856962777674198], "(2, 4, 1, 1)": [0.019620342180132866, 0.01921362429857254, 0.019762905314564705, 0.018989810720086098, 0.019619198516011238], "(2, 1, 1, 1)": [0.0025269356556236744, 0.011514360085129738, 0.006657768972218037, 0.0090496726334095, 0.015957999974489212], "(1, 2, 1, 1)": [0.018032819032669067, 0.016642417758703232, 0.016449125483632088, 0.01636124774813652, 0.018040329217910767], "(1, 3, 1, 1)": [0.01963265985250473, 0.019603373482823372, 0.019701587036252022, 0.01915203407406807, 0.01967787742614746]}}