{"q_values": {"(1, 4, 1, 1)": [0.01993965171277523, 0.019743194803595543, 0.019354771822690964, 0.01978248357772827, 0.019823001697659492], "(1, 5, 1, 1)": [0.01568617671728134, 0.01682913489639759, 0.014485819265246391, 0.016114551573991776, 0.01570047251880169], "(1, 6, 1, 1)": [-8.996669203042984e-05, -0.001199129270389676, 0.0015047998167574406, -0.0010447693057358265, 0.0019795848056674004], "(2, 3, 1, 1)": [0.0195008572191, 0.01905098184943199, 0.019549258053302765, 0.019730957224965096, 0.019471900537610054], "(1, 1, 1, 1)": [0.003634705673903227, 0.0020972597412765026, 0.002860142383724451, -0.0021342700347304344, 0.004914270248264074], "(2, 5, 1, 1)": [0.01867099106311798, 0.019458837807178497, 0.018194759264588356, 0.018703045323491096, 0.018751049414277077], "(2, 6, 1, 1)": [0.013616267591714859, 0.0018902039155364037, 0.007337515242397785, -0.0026319921016693115, -0.0011146022006869316], "(2, 2, 1, 1)": [0.016945291310548782, 0.016549846157431602, 0.016367381438612938, 0.017439115792512894, 0.01913856901228428], "(2, 4, 1, 1)": [0.01087368093430996, 0.019596651196479797, 0.01983226276934147, 0.019641917198896408, 0.019650768488645554], "(2, 1, 1, 1)": [-0.001475111348554492, 2.8168782591819763e-05, 0.0013777585700154305, 0.004553047940135002, 1.9222963601350784e-05], "(1, 2, 1, 1)": [0.018288837745785713, 0.01816249080002308, 0.017557678744196892, 0.01820952259004116, 0.019216062501072884], "(1, 3, 1, 1)": [0.01959250494837761, 0.01966625638306141, 0.019613562151789665, 0.019558535888791084, 0.019715355709195137]}}