{"q_values": {"(1, 4, 1, 1)": [0.01985349878668785, 0.01974383369088173, 0.019671285524964333, 0.019739942625164986, 0.019758567214012146], "(1, 5, 1, 1)": [0.018164871260523796, 0.017171435058116913, 0.017399746924638748, 0.015864668413996696, 0.016794022172689438], "(1, 6, 1, 1)": [-0.002283183392137289, 0.0006048530340194702, 0.001192573457956314, 0.008837915025651455, 0.008061167784035206], "(2, 3, 1, 1)": [0.01971699856221676, 0.019633108749985695, 0.019613411277532578, 0.01977108046412468, 0.019788093864917755], "(1, 1, 1, 1)": [-0.0003069271333515644, 0.008273705840110779, 0.0008055795915424824, 0.0034946328960359097, 0.010167291387915611], "(2, 5, 1, 1)": [0.018308395519852638, 0.0187491774559021, 0.016440384089946747, 0.018495017662644386, 0.01833418942987919], "(2, 6, 1, 1)": [0.0033288083504885435, 0.007106503006070852, -0.0016416686121374369, -0.00014895107597112656, 0.003265571314841509], "(2, 2, 1, 1)": [0.016861503943800926, 0.017222797498106956, 0.017490951344370842, 0.018030891194939613, 0.017808079719543457], "(2, 4, 1, 1)": [0.019397350028157234, 0.019374843686819077, 0.019468368962407112, 0.01934751495718956, 0.019457701593637466], "(2, 1, 1, 1)": [0.002792659215629101, 0.00550601352006197, 0.004482015036046505, 0.01408175565302372, 0.007315004710108042], "(1, 2, 1, 1)": [0.015676436945796013, 0.01751011423766613, 0.01758025586605072, 0.017363790422677994, 0.018135201185941696], "(1, 3, 1, 1)": [0.01931700110435486, 0.019642837345600128, 0.01953117921948433, 0.019721191376447678, 0.019687389954924583]}}