{"q_values": {"(1, 4, 1, 1)": [0.019491096958518028, 0.0194011852145195, 0.01942797377705574, 0.019370539113879204, 0.01883317343890667], "(1, 5, 1, 1)": [0.016990985721349716, 0.010154577903449535, 0.01648811623454094, 0.016710065305233, 0.015231318771839142], "(1, 6, 1, 1)": [0.002982080914080143, 0.0025111311115324497, 0.004355213604867458, 0.0019498057663440704, -0.0029917943757027388], "(2, 3, 1, 1)": [0.019589167088270187, 0.019553501158952713, 0.018962524831295013, 0.017629167065024376, 0.01994943432509899], "(1, 1, 1, 1)": [-0.0041015176102519035, -0.00634821318089962, -0.005654612556099892, -0.009938294067978859, 0.01668594963848591], "(2, 5, 1, 1)": [0.014928292483091354, 0.014704433269798756, 0.018802329897880554, 0.013459446839988232, 0.013320544734597206], "(2, 6, 1, 1)": [0.013478324748575687, -0.005462348461151123, -0.004426133818924427, -0.005636416841298342, -0.009620511904358864], "(2, 2, 1, 1)": [0.0164677482098341, 0.015544884838163853, 0.016192957758903503, 0.015139511786401272, 0.019247837364673615], "(2, 4, 1, 1)": [0.01651887036859989, 0.01983473263680935, 0.01917179673910141, 0.018222751095891, 0.01829029992222786], "(2, 1, 1, 1)": [0.0007700263522565365, -0.004366452805697918, 0.00242222985252738, 0.007619859185069799, -0.0017796007450670004], "(1, 2, 1, 1)": [0.018032876774668694, 0.017673419788479805, 0.018543656915426254, 0.01820450834929943, 0.01933225244283676], "(1, 3, 1, 1)": [0.019564522430300713, 0.019609268754720688, 0.01968981884419918, 0.01950397714972496, 0.019827520474791527]}}