{"q_values": {"(1, 4, 1, 1)": [0.01990336924791336, 0.01878959685564041, 0.019020680338144302, 0.019741158932447433, 0.0196797177195549], "(1, 5, 1, 1)": [0.015262086875736713, 0.019420748576521873, 0.00915752537548542, 0.017054229974746704, 0.015562094748020172], "(1, 6, 1, 1)": [-0.0005265204235911369, -0.00024066120386123657, -0.004251838196069002, 0.004534615203738213, -0.0006052758544683456], "(2, 3, 1, 1)": [0.01647566631436348, 0.019078023731708527, 0.018417341634631157, 0.015348494052886963, 0.01890610344707966], "(1, 1, 1, 1)": [-0.004034722689539194, -0.003196538193151355, 0.002490115351974964, -0.0019704927690327168, -0.0024486049078404903], "(2, 5, 1, 1)": [0.019261084496974945, 0.017290346324443817, 0.017882367596030235, 0.017910636961460114, 0.017387453466653824], "(2, 6, 1, 1)": [0.018112007528543472, -0.000336269848048687, -0.0054770708084106445, -0.006329934112727642, -0.00040660472586750984], "(2, 2, 1, 1)": [0.014574016444385052, 0.015796365216374397, 0.01178803388029337, 0.009769097901880741, 0.010276701301336288], "(2, 4, 1, 1)": [0.015438038855791092, 0.019865790382027626, 0.019743885844945908, 0.019625430926680565, 0.019687892869114876], "(2, 1, 1, 1)": [0.00018748734146356583, -0.006522209383547306, 0.0007532690651714802, -0.000832598190754652, -0.0013057731557637453], "(1, 2, 1, 1)": [0.01622561551630497, 0.01451133657246828, 0.015022427774965763, 0.01510654017329216, 0.01793266274034977], "(1, 3, 1, 1)": [0.01886857859790325, 0.018736349418759346, 0.01879183016717434, 0.019683372229337692, 0.019016196951270103]}}