{"q_values": {"(1, 4, 1, 1)": [0.01918654888868332, 0.016401663422584534, 0.019204776734113693, 0.01926174759864807, 0.019355924800038338], "(1, 5, 1, 1)": [0.015396708622574806, 0.017353083938360214, 0.0172298401594162, 0.01682664081454277, 0.017098071053624153], "(1, 6, 1, 1)": [0.0037634889595210552, 0.0042730337008833885, 0.00589259248226881, 0.005223570391535759, 0.0021037845872342587], "(2, 3, 1, 1)": [0.01925598829984665, 0.019379977136850357, 0.019503915682435036, 0.019784700125455856, 0.019563743844628334], "(1, 1, 1, 1)": [-0.0024552056565880775, -0.0037220348604023457, 0.0020993018988519907, 0.005775495432317257, 0.004796659108251333], "(2, 5, 1, 1)": [0.01862233504652977, 0.018061650916934013, 0.01844438537955284, 0.018564939498901367, 0.017890816554427147], "(2, 6, 1, 1)": [0.009390606544911861, 0.01573970541357994, 0.010113378055393696, 0.007318183314055204, 0.008386658504605293], "(2, 2, 1, 1)": [0.016575172543525696, 0.017649203538894653, 0.01669507473707199, 0.01797221601009369, 0.017805499956011772], "(2, 4, 1, 1)": [0.01982990652322769, 0.019643865525722504, 0.01968577317893505, 0.019724534824490547, 0.0197720006108284], "(2, 1, 1, 1)": [0.0036124042235314846, 0.006956851109862328, 0.003920769784599543, 0.007825847715139389, 6.909016519784927e-05], "(1, 2, 1, 1)": [0.017519904300570488, 0.01789768785238266, 0.017770886421203613, 0.017783137038350105, 0.018282275646924973], "(1, 3, 1, 1)": [0.01965685933828354, 0.019533080980181694, 0.019496478140354156, 0.01954389549791813, 0.019641956314444542]}}