{"q_values": {"(1, 4, 1, 1)": [0.019902905449271202, 0.01942116767168045, 0.019746268168091774, 0.019755985587835312, 0.019224369898438454], "(1, 5, 1, 1)": [0.01535110455006361, 0.01576213724911213, 0.015208082273602486, 0.015342051163315773, 0.015750043094158173], "(1, 6, 1, 1)": [0.004126995336264372, 0.0010951301082968712, 0.005307605490088463, 0.00023333728313446045, 0.0017090779729187489], "(2, 3, 1, 1)": [0.019204389303922653, 0.019455574452877045, 0.0193089060485363, 0.017429517582058907, 0.018663056194782257], "(1, 1, 1, 1)": [-0.0033462713472545147, 0.0022231314796954393, 0.0037354957312345505, -0.001314070075750351, 0.015920599922537804], "(2, 5, 1, 1)": [0.015018447302281857, 0.018256468698382378, 0.01521917711943388, 0.01686606928706169, 0.016718365252017975], "(2, 6, 1, 1)": [-0.0007012654095888138, 0.010451706126332283, 0.0005707861855626106, -0.00023934617638587952, -0.0031180367805063725], "(2, 2, 1, 1)": [0.016324905678629875, 0.016272488981485367, 0.016680262982845306, 0.01684522069990635, 0.009416037239134312], "(2, 4, 1, 1)": [0.019564084708690643, 0.019459392875432968, 0.01971021294593811, 0.01904536411166191, 0.019473150372505188], "(2, 1, 1, 1)": [-0.0030618426389992237, 0.00107487547211349, 9.429268538951874e-05, -0.0012670888099819422, 0.015721164643764496], "(1, 2, 1, 1)": [0.017343595623970032, 0.018481984734535217, 0.01727358065545559, 0.016281239688396454, 0.018502095714211464], "(1, 3, 1, 1)": [0.01953362300992012, 0.01976143568754196, 0.01956809125840664, 0.019476067274808884, 0.019077841192483902]}}