{"q_values": {"(1, 4, 1, 1)": [0.019838957116007805, 0.01782626286149025, 0.01927836239337921, 0.019500406458973885, 0.019413957372307777], "(1, 5, 1, 1)": [0.01738511398434639, 0.019129127264022827, 0.01736336387693882, 0.018251242116093636, 0.014935305342078209], "(1, 6, 1, 1)": [0.007086562924087048, 0.0009001502767205238, -0.0026452732272446156, 0.007218712940812111, -0.0005700085312128067], "(2, 3, 1, 1)": [0.019436152651906013, 0.019724033772945404, 0.01971789076924324, 0.01969393901526928, 0.019510161131620407], "(1, 1, 1, 1)": [0.002946610562503338, 0.00970720499753952, 0.011974809691309929, 0.011120769195258617, 0.016933906823396683], "(2, 5, 1, 1)": [0.01886516995728016, 0.013723586685955524, 0.015372117981314659, 0.017411503940820694, 0.01597217097878456], "(2, 6, 1, 1)": [0.004125866107642651, -0.0019739572890102863, -0.0008874582126736641, -0.0026319921016693115, -0.00400285329669714], "(2, 2, 1, 1)": [0.017440367490053177, 0.016646478325128555, 0.017896203324198723, 0.01654891110956669, 0.016304101794958115], "(2, 4, 1, 1)": [0.01959189586341381, 0.019616112112998962, 0.019520897418260574, 0.019532544538378716, 0.019457221031188965], "(2, 1, 1, 1)": [-0.0013888035900890827, 0.0016543520614504814, 0.0033800925593823195, 0.007479707710444927, -0.0005864240229129791], "(1, 2, 1, 1)": [0.01816195249557495, 0.01839396171271801, 0.018042007461190224, 0.01806636154651642, 0.019423678517341614], "(1, 3, 1, 1)": [0.0197550430893898, 0.019857285544276237, 0.019809912890195847, 0.01969393715262413, 0.010754842311143875]}}