{"q_values": {"(1, 4, 1, 1)": [0.019848043099045753, 0.018319323658943176, 0.01863570138812065, 0.019243108108639717, 0.019444284960627556], "(1, 5, 1, 1)": [0.015262086875736713, 0.0193317998200655, 0.00915752537548542, 0.016216635704040527, 0.015562094748020172], "(1, 6, 1, 1)": [-0.0005265204235911369, -0.00024066120386123657, -0.000807872973382473, 0.0033084768801927567, -0.0006052758544683456], "(2, 3, 1, 1)": [0.019484177231788635, 0.019030019640922546, 0.018825748935341835, 0.018832582980394363, 0.008355754427611828], "(1, 1, 1, 1)": [-0.004034722689539194, -0.003647312056273222, -0.004126769956201315, 0.014642339199781418, -0.0036535453982651234], "(2, 5, 1, 1)": [0.01933075673878193, 0.017290346324443817, 0.017509737983345985, 0.017910636961460114, 0.017387453466653824], "(2, 6, 1, 1)": [0.01746530830860138, -0.000336269848048687, -0.0054770708084106445, -0.006329934112727642, -0.00040660472586750984], "(2, 2, 1, 1)": [0.014961514621973038, 0.013000307604670525, 0.011518929153680801, 0.014097213745117188, 0.010422827675938606], "(2, 4, 1, 1)": [0.019884265959262848, 0.0197366401553154, 0.019612859934568405, 0.019565382972359657, 0.01957051083445549], "(2, 1, 1, 1)": [-0.012109162285923958, -0.006522209383547306, 0.0004914030432701111, -0.006076641846448183, -0.005742963403463364], "(1, 2, 1, 1)": [0.01439723651856184, 0.014318404719233513, 0.014850378967821598, 0.014655535109341145, 0.018197912722826004], "(1, 3, 1, 1)": [0.019322047010064125, 0.01956956461071968, 0.019200030714273453, 0.019264986738562584, 0.013532144948840141]}}