{"q_values": {"(1, 4, 1, 1)": [0.010757029987871647, 0.015134853310883045, 0.01961100660264492, 0.018167071044445038, 0.018147964030504227], "(1, 5, 1, 1)": [0.010046496987342834, 0.009482125751674175, 0.014812297187745571, 0.015361504629254341, 0.014240801334381104], "(1, 6, 1, 1)": [-0.0033700475469231606, -0.005238805897533894, -0.003508190158754587, -0.006118259392678738, -0.007541485130786896], "(2, 3, 1, 1)": [0.013245716691017151, 0.018348990008234978, 0.010736092925071716, 0.010911724530160427, 0.013285559602081776], "(1, 1, 1, 1)": [-0.006093140225857496, -0.006642437539994717, -0.005434354767203331, -0.005978938192129135, 0.007210073061287403], "(2, 5, 1, 1)": [0.018191663548350334, 0.01738164946436882, 0.016005219891667366, 0.014981980435550213, 0.015991665422916412], "(2, 6, 1, 1)": [-0.008808094076812267, -0.003539205528795719, -0.00603967672213912, -0.0031075221486389637, -0.010410677641630173], "(2, 2, 1, 1)": [0.011348336935043335, 0.015541596338152885, 0.010786281898617744, 0.010304161347448826, 0.0098117059096694], "(2, 4, 1, 1)": [0.01963646709918976, 0.019132543355226517, 0.018344495445489883, 0.019350841641426086, 0.01924298144876957], "(2, 1, 1, 1)": [-0.006172447465360165, -0.007448586169630289, -0.00309459469281137, -0.007001638412475586, -0.008362272754311562], "(1, 2, 1, 1)": [0.016037870198488235, 0.013902237638831139, 0.013768632896244526, 0.013725326396524906, 0.012838867492973804], "(1, 3, 1, 1)": [0.019160958006978035, 0.018712524324655533, 0.019161175936460495, 0.019565382972359657, 0.019090881571173668]}}