{"q_values": {"(1, 4, 1, 1)": [0.017213888466358185, 0.011776424013078213, 0.01511058397591114, 0.018384359776973724, 0.01844939962029457], "(1, 5, 1, 1)": [0.013848744332790375, 0.00738164409995079, 0.014629349112510681, 0.013699689880013466, 0.016168542206287384], "(1, 6, 1, 1)": [-0.0002564024180173874, 0.007764294743537903, -0.005681612063199282, -0.0008316417224705219, -0.0065263789147138596], "(2, 3, 1, 1)": [0.019146477803587914, 0.012194152921438217, 0.018860284239053726, 0.0197320394217968, 0.019259735941886902], "(1, 1, 1, 1)": [-0.006143664009869099, -0.003196538193151355, -0.005434354767203331, 0.010550134815275669, -0.004739417694509029], "(2, 5, 1, 1)": [0.014177044853568077, 0.0183783620595932, 0.01262196246534586, 0.015349011868238449, 0.012853426858782768], "(2, 6, 1, 1)": [-0.008550582453608513, -0.008873267099261284, -0.0006964066997170448, -0.009394876658916473, -0.007207793183624744], "(2, 2, 1, 1)": [0.01390276663005352, 0.012930134311318398, 0.013864699751138687, 0.012235005386173725, 0.01929086074233055], "(2, 4, 1, 1)": [0.010460063815116882, 0.017899034544825554, 0.01940113678574562, 0.018181750550866127, 0.018305577337741852], "(2, 1, 1, 1)": [-0.0027084664907306433, -0.006522209383547306, -0.002252229955047369, -0.005248556844890118, 0.008697576820850372], "(1, 2, 1, 1)": [0.014868700876832008, 0.016159674152731895, 0.01457415521144867, 0.01510654017329216, 0.018909187987446785], "(1, 3, 1, 1)": [0.019198669120669365, 0.018949788063764572, 0.019011830911040306, 0.015416263602674007, 0.019822845235466957]}}