{"q_values": {"(1, 4, 1, 1)": [0.01952962763607502, 0.019549701362848282, 0.019197342917323112, 0.019348135218024254, 0.019532185047864914], "(1, 5, 1, 1)": [0.017844464629888535, 0.017880413681268692, 0.015662644058465958, 0.01848467066884041, 0.017774673178792], "(1, 6, 1, 1)": [0.01577705144882202, 0.01409883052110672, 0.002376902848482132, 0.008037678897380829, 0.014290515333414078], "(2, 3, 1, 1)": [0.019397452473640442, 0.01861715130507946, 0.019306818023324013, 0.019422082230448723, 0.01972249150276184], "(1, 1, 1, 1)": [0.006393122486770153, 0.00836683064699173, 0.0024370127357542515, 0.009569186717271805, 0.01219596154987812], "(2, 5, 1, 1)": [0.017739545553922653, 0.01670769602060318, 0.01643129624426365, 0.01781129650771618, 0.017427323386073112], "(2, 6, 1, 1)": [0.013125332072377205, 0.0026103707496076822, 0.004183379467576742, 0.001756815705448389, -0.002573784440755844], "(2, 2, 1, 1)": [0.01819446124136448, 0.016934366896748543, 0.018967632204294205, 0.018051762133836746, 0.018115945160388947], "(2, 4, 1, 1)": [0.019444985315203667, 0.01942775957286358, 0.019741052761673927, 0.01961476542055607, 0.01977461576461792], "(2, 1, 1, 1)": [0.0003734747879207134, 0.0032207020558416843, 0.0053066108375787735, 0.014445574954152107, 0.0026185009628534317], "(1, 2, 1, 1)": [0.01743893511593342, 0.017136037349700928, 0.018304407596588135, 0.018869474530220032, 0.018504103645682335], "(1, 3, 1, 1)": [0.019603664055466652, 0.019550904631614685, 0.019617682322859764, 0.019233427941799164, 0.0198341254144907]}}