{"q_values": {"(1, 4, 1, 1)": [0.010377999395132065, 0.018509216606616974, 0.01926056481897831, 0.01927560567855835, 0.019111614674329758], "(1, 5, 1, 1)": [0.017438307404518127, 0.01701025664806366, 0.016958992928266525, 0.017149828374385834, 0.013353557325899601], "(1, 6, 1, 1)": [0.0018882262520492077, 0.0024506538175046444, 0.0031181788071990013, 0.000462487805634737, 0.003261205740272999], "(2, 3, 1, 1)": [0.0194685198366642, 0.018590528517961502, 0.01957288384437561, 0.013502362184226513, 0.019244030117988586], "(1, 1, 1, 1)": [0.003634705673903227, 0.005748149007558823, 0.002925638575106859, -0.0030369788873940706, 0.00649355910718441], "(2, 5, 1, 1)": [0.017223583534359932, 0.017957884818315506, 0.017552142962813377, 0.017439763993024826, 0.01664452627301216], "(2, 6, 1, 1)": [-0.0019066294189542532, 0.01582907885313034, 0.0019037725869566202, 0.0007849861867725849, -0.0020763101056218147], "(2, 2, 1, 1)": [0.01830611564218998, 0.01808525249361992, 0.01772741600871086, 0.01624857634305954, 0.018264882266521454], "(2, 4, 1, 1)": [0.019767269492149353, 0.019607745110988617, 0.01966615952551365, 0.019642023369669914, 0.019523046910762787], "(2, 1, 1, 1)": [0.006327993702143431, 0.004330221563577652, 0.007297799922525883, 0.005770494230091572, 0.006322628818452358], "(1, 2, 1, 1)": [0.017350034788250923, 0.017186157405376434, 0.017693204805254936, 0.01885097101330757, 0.01827150210738182], "(1, 3, 1, 1)": [0.019480211660265923, 0.01947968080639839, 0.019510842859745026, 0.01956232637166977, 0.019797703251242638]}}