{"q_values": {"(1, 4, 1, 1)": [0.019141091033816338, 0.010707871988415718, 0.019375832751393318, 0.018344083800911903, 0.01880268007516861], "(1, 5, 1, 1)": [0.017966415733098984, 0.010214829817414284, 0.017971135675907135, 0.01639540307223797, 0.017502309754490852], "(1, 6, 1, 1)": [0.011524082161486149, 0.008260136470198631, 0.0017263637855648994, 0.0032328329980373383, -0.0032255982514470816], "(2, 3, 1, 1)": [0.01967613212764263, 0.01961948350071907, 0.01908404752612114, 0.019640402868390083, 0.019899558275938034], "(1, 1, 1, 1)": [0.00328704877756536, 0.00045665306970477104, 0.00015405984595417976, 0.003201864194124937, -0.00047883670777082443], "(2, 5, 1, 1)": [0.018223419785499573, 0.017470896244049072, 0.01719667576253414, 0.017866184934973717, 0.01764821447432041], "(2, 6, 1, 1)": [-0.002950158901512623, 0.014802396297454834, -0.0038469433784484863, -0.0010301549918949604, -0.0005033002234995365], "(2, 2, 1, 1)": [0.016538366675376892, 0.017946716398000717, 0.01736946776509285, 0.016801632940769196, 0.01920444890856743], "(2, 4, 1, 1)": [0.018985118716955185, 0.019185256212949753, 0.019286038354039192, 0.019588641822338104, 0.019443407654762268], "(2, 1, 1, 1)": [0.0007491288706660271, 0.010022379457950592, 0.0029388368129730225, 0.0012309490703046322, 0.0009510922245681286], "(1, 2, 1, 1)": [0.015711743384599686, 0.016763433814048767, 0.01495777815580368, 0.015650752931833267, 0.019164547324180603], "(1, 3, 1, 1)": [0.01953834667801857, 0.01945507526397705, 0.01942720264196396, 0.019570492208003998, 0.019812755286693573]}}