{"q_values": {"(2, 6, 1, 1)": [0.021414917893707752, 0.017301980406045914, 0.01971440203487873, 0.02175180707126856, 0.02029751054942608, 0.020688800141215324, 0.020603804849088192, 0.019798393361270428, 0.021327205933630466, 0.022066411562263966, 0.02036452293395996], "(2, 6, 2, 2)": [0.020589645020663738, 0.020242733880877495, 0.02114587463438511, 0.020039121620357037, 0.02106216363608837, 0.021930644288659096, 0.02165062725543976, 0.022084251046180725, 0.021832574158906937, 0.02149821538478136, 0.02056753635406494], "(2, 7, 2, 2)": [0.02151947095990181, 0.021276995539665222, 0.02140304446220398, 0.021478860639035702, 0.02144655864685774, 0.021325468085706234, 0.02051371056586504, 0.021449744701385498, 0.021252441219985485, 0.02143175434321165, 0.02069109957665205], "(2, 8, 2, 2)": [0.020214756950736046, 0.02037622779607773, 0.020358960144221783, 0.01984915416687727, 0.02020567562431097, 0.020269491709768772, 0.020184872671961784, 0.019824454560875893, 0.02028307318687439, 0.019844706170260906, 0.02026146464049816], "(2, 9, 2, 2)": [0.010017244145274162, 0.012465809006243944, 0.018298648297786713, 0.016062850132584572, 0.01441794354468584, 0.01565250800922513, 0.011456383392214775, 0.015820051543414593, 0.01512031676247716, 0.005517507437616587, 0.017744136042892933], "(2, 10, 2, 2)": [-0.00844994024373591, -0.005051786545664072, -0.020478806924074888, -0.022014317102730274, -0.02248365106061101, -0.011230754666030407, -0.020063198637217283, -0.01724006189033389, -0.017275815829634666, -0.017119435593485832, -0.02934990730136633], "(2, 1, 2, 2)": [-0.003957366570830345, 0.0, 0.0025480189360678196, 0.004097923170775175, 0.004644209519028664, 0.0028213337063789368, 0.0025023072957992554, 0.012550328858196735, 0.002504384843632579, 0.0028204270638525486, 0.002740508643910289], "(2, 2, 2, 2)": [0.018854322843253613, 0.01780126243829727, 0.017713019624352455, 0.01786386501044035, 0.01862536370754242, 0.017114829272031784, 0.01902292389422655, 0.01809655874967575, 0.01865890994668007, 0.017523251473903656, 0.020027452148497105], "(2, 3, 2, 2)": [0.019698607735335827, 0.01932596694678068, 0.020309895277023315, 0.02071293070912361, 0.020496194250881672, 0.020669241435825825, 0.019474518485367298, 0.021069662645459175, 0.0208179522305727, 0.020168544724583626, 0.02011526469141245], "(3, 3, 2, 2)": [0.01759272161871195, 0.019253557547926903, 0.02078530192375183, 0.01914331316947937, 0.01972315926104784, 0.019149549305438995, 0.020225321874022484, 0.018456106074154377, 0.02041677199304104, 0.01840166188776493, 0.02035561576485634], "(3, 4, 2, 2)": [0.013514128280803561, 0.02083740197122097, 0.017967911437153816, 0.02013801410794258, 0.02019022312015295, 0.02026315126568079, 0.0213782312348485, 0.020681134425103664, 0.02096725720912218, 0.021902987733483315, 0.020889748819172382], "(3, 4, 2, 1)": [0.006452304543927312, 0.007930805906653404, 0.010114443954080343, 0.008643850218504667, 0.008782540448009968, 0.015495502855628729, 0.012135954573750496, 0.005410218145698309, 0.01053418219089508, 0.01332453079521656, 0.020906743593513966], "(3, 3, 2, 1)": [0.01573717873543501, 0.015515869949012995, 0.015093592461198568, 0.014191707596182823, 0.02003537956625223, 0.016187714878469706, 0.018065805546939373, 0.01289837691001594, 0.011228976538404822, 0.01504887267947197, 0.012513033812865615], "(3, 3, 1, 1)": [0.019934355281293392, 0.01980199385434389, 0.02017578762024641, 0.01959722675383091, 0.01945352926850319, 0.019381594844162464, 0.019525635987520218, 0.019533437676727772, 0.019826248288154602, 0.020216040313243866, 0.019814315252006054], "(3, 2, 1, 1)": [0.003461777698248625, 0.010143097024410963, 0.007309135515242815, 0.014876243658363819, 0.004586723167449236, 0.01250015664845705, 0.01595642836764455, 0.017631051130592823, 0.015818423591554165, 0.009775222279131413, 0.01648031733930111], "(3, 8, 1, 2)": [0.015432937536388636, 0.016103744506835938, 0.013157702051103115, 0.014417025726288557, 0.013687326572835445, 0.013837449252605438, 0.014318759553134441, 0.019381647929549217, 0.01054808241315186, 0.009949992410838604, 0.009094014763832092], "(3, 7, 1, 1)": [0.01795528456568718, 0.019232009537518024, 0.021812275052070618, 0.019434266723692417, 0.018016612622886896, 0.018327437341213226, 0.020115605555474758, 0.01861992385238409, 0.017917145043611526, 0.020438657142221928, 0.016815418377518654], "(3, 6, 1, 1)": [0.0221550352871418, 0.02048509009182453, 0.021820000372827053, 0.020686141215264797, 0.02168971113860607, 0.017717693001031876, 0.020294583402574062, 0.020150630734860897, 0.01976650394499302, 0.017064657993614674, 0.021518263965845108], "(3, 6, 2, 2)": [0.021813715808093548, 0.020832743495702744, 0.02053847163915634, 0.02191712986677885, 0.021801887080073357, 0.0219591511413455, 0.021044575609266758, 0.02204866334795952, 0.02089694794267416, 0.02193298004567623, 0.021866511553525925], "(3, 6, 1, 2)": [0.012652740115299821, 0.0, 0.002998191164806485, 0.0, 0.0032957454677671194, 0.010346092283725739, 0.0, 0.0, 0.0032217365223914385, 0.006296277977526188, 0.0], "(3, 5, 1, 1)": [0.02161368727684021, 0.02142714522778988, 0.021403031423687935, 0.021870223805308342, 0.022006717510521412, 0.021845501847565174, 0.021755740977823734, 0.021733908914029598, 0.021667996421456337, 0.021864169277250767, 0.020715538412332535], "(3, 4, 1, 1)": [0.02018012199550867, 0.020598662085831165, 0.021199648268520832, 0.02136873174458742, 0.0212844992056489, 0.020526601932942867, 0.02107569109648466, 0.02071436494588852, 0.019614159129559994, 0.021023547276854515, 0.020324825309216976], "(2, 4, 1, 1)": [0.021309795789420605, 0.02134448941797018, 0.021397188305854797, 0.021354000084102154, 0.02022790163755417, 0.02111178170889616, 0.02118415478616953, 0.02096815500408411, 0.021081100217998028, 0.021177005022764206, 0.021061725914478302], "(2, 3, 1, 1)": [0.019873403944075108, 0.019796584732830524, 0.01995823346078396, 0.019641795195639133, 0.020028723403811455, 0.0200400585308671, 0.020405189134180546, 0.020461211912333965, 0.020405330695211887, 0.020545936189591885, 0.020332948304712772], "(2, 2, 1, 1)": [0.006202202755957842, 0.008961916901171207, 0.013049720786511898, 0.0171981705352664, 0.01629815809428692, 0.01373988762497902, 0.017402157187461853, 0.017034362070262432, 0.013568354304879904, 0.015506035182625055, 0.010237118229269981], "(3, 3, 1, 2)": [0.0029621196445077658, 0.013539684470742941, 0.00617065210826695, 0.0063414310570806265, 0.008275896543636918, 0.005999079905450344, 0.008197876159101725, 0.0028897165320813656, 0.005187521688640118, 0.002937606768682599, 0.0031796374823898077], "(2, 2, 2, 1)": [0.017420164309442043, 0.016489417292177677, 0.013154327403753996, 0.013569616712629795, 0.015407745260745287, 0.018178017809987068, 0.01940938550978899, 0.01463544461876154, 0.015103478450328112, 0.016560271847993135, 0.01753982435911894], "(2, 1, 1, 1)": [-0.03656398877501488, -0.02702140249311924, -0.028768601827323437, -0.025258708745241165, -0.025070127099752426, -0.029599827714264393, -0.027222834527492523, -0.02819380071014166, -0.02513798139989376, -0.02438235469162464, -0.029613503254950047], "(3, 7, 2, 2)": [0.02130497619509697, 0.021098416298627853, 0.021122553385794163, 0.020155965350568295, 0.0215280894190073, 0.020802335813641548, 0.02129168901592493, 0.02130274474620819, 0.02123694960027933, 0.02123471163213253, 0.020934886299073696], "(3, 8, 2, 2)": [0.02065194584429264, 0.02017803117632866, 0.02004049438983202, 0.0200726380571723, 0.020162527449429035, 0.019692073576152325, 0.019869199953973293, 0.019423597492277622, 0.019870304502546787, 0.020306846126914024, 0.020373000763356686], "(3, 8, 1, 1)": [0.020507648587226868, 0.02035357430577278, 0.02008002996444702, 0.020359374582767487, 0.01871339324861765, 0.020942389965057373, 0.019521336071193218, 0.0165645987726748, 0.019635791890323162, 0.01913007628172636, 0.01956451404839754],