{"q_values": {"(2, 6, 1, 1)": [0.017116600647568703, 0.011384119046851993, 0.013455676846206188, 0.019114992581307888, 0.011154772015288472, 0.01500210678204894, 0.015125354751944542, 0.015436046291142702, 0.011628511128947139, 0.0212156530469656, 0.01707442943006754], "(2, 6, 2, 2)": [0.01350568886846304, 0.016116246581077576, 0.01678659487515688, 0.015175312291830778, 0.01380683621391654, 0.020153284072875977, 0.01657370710745454, 0.021690670400857925, 0.019010360352694988, 0.01932427380234003, 0.013268077746033669], "(2, 7, 2, 2)": [0.020995959639549255, 0.020463344641029835, 0.019472707994282246, 0.01950716692954302, 0.021281455643475056, 0.019821627996861935, 0.017108557745814323, 0.020747307687997818, 0.01979419495910406, 0.02047532983124256, 0.019296439364552498], "(2, 8, 2, 2)": [0.01812739670276642, 0.01941921841353178, 0.01917232573032379, 0.018945761024951935, 0.018204689025878906, 0.0186969181522727, 0.019787004217505455, 0.01809739414602518, 0.020316291600465775, 0.019326411187648773, 0.019027214497327805], "(2, 9, 2, 2)": [0.017995454370975494, 0.009439614601433277, 0.016542132012546062, 0.01197864324785769, 0.006623685359954834, 0.011281791143119335, 0.011541187763214111, 0.005469582509249449, 0.0009933991823345423, 0.002655304968357086, 0.01121960231103003], "(2, 10, 2, 2)": [-0.006712830159813166, -0.010676715523004532, -0.006603654008358717, -0.011183892376720905, -0.006607474759221077, -0.011230754666030407, -0.0065118796192109585, -0.006543987430632114, -0.012678034137934446, -0.006349936593323946, -0.013111977837979794], "(2, 1, 2, 2)": [-0.006529491860419512, 0.0, 0.0025480189360678196, 0.004097923170775175, 0.0, 0.0, 0.0, 0.005513506010174751, 0.0, 0.0, 0.002740508643910289], "(2, 2, 2, 2)": [0.016349690966308117, 0.01077386038377881, 0.01110061164945364, 0.015041987877339125, 0.013488201424479485, 0.007554550655186176, 0.01245690556243062, 0.015284251421689987, 0.01167373824864626, 0.00591431837528944, 0.018618776462972164], "(2, 3, 2, 2)": [0.011588954366743565, 0.010258445050567389, 0.01730797439813614, 0.01598020689561963, 0.0158902108669281, 0.01704795751720667, 0.01738216681405902, 0.019870824180543423, 0.014327181968837976, 0.016958190593868494, 0.01141800731420517], "(3, 3, 2, 2)": [0.013692430220544338, 0.01613561622798443, 0.01792120188474655, 0.014135130681097507, 0.012376227416098118, 0.013156188651919365, 0.013868870213627815, 0.009513675002381206, 0.01541160885244608, 0.012487022206187248, 0.01427422882989049], "(3, 4, 2, 2)": [0.011655147885903716, 0.017689785920083523, 0.014864041469991207, 0.0138524379581213, 0.018372157588601112, 0.017301983200013638, 0.019085831940174103, 0.016704833135008812, 0.018281864002346992, 0.021151943132281303, 0.018758589401841164], "(3, 4, 2, 1)": [0.003193364944308996, 0.004935004748404026, 0.006049436749890447, 0.006413702620193362, 0.00789199210703373, 0.013815899845212698, 0.00985816540196538, 0.0030649176333099604, 0.00815024715848267, 0.01332453079521656, 0.018079842440783978], "(3, 3, 2, 1)": [0.0028222878463566303, 0.004915577359497547, 0.01249476382508874, 0.0, 0.0170037392526865, 0.01121477223932743, 0.012968026101589203, 0.008660237304866314, 0.007873885566368699, 0.012624477501958609, 0.006502990610897541], "(3, 3, 1, 1)": [0.01797435712069273, 0.016428121365606785, 0.01969088241457939, 0.017249573953449726, 0.016313436441123486, 0.01651154225692153, 0.011305966414511204, 0.0125916195102036, 0.016522427089512348, 0.015754319727420807, 0.015324490144848824], "(3, 2, 1, 1)": [0.0024655507877469063, 0.011107387254014611, 0.013429708778858185, 0.01806548424065113, 0.016465180553495884, 0.012299655005335808, 0.016856659669429064, 0.014230044558644295, 0.003957926761358976, 0.017139471136033535, 0.013891104143112898], "(3, 8, 1, 2)": [0.012700303923338652, 0.011362721212208271, 0.009377051144838333, 0.008032589918002486, 0.011116730514913797, 0.009240414947271347, 0.010024855844676495, 0.016952326521277428, 0.009447346208617091, 0.007783887442201376, 0.008561261929571629], "(3, 7, 1, 1)": [0.014317172579467297, 0.016293919645249844, 0.01964685507118702, 0.012916084611788392, 0.015629534609615803, 0.01715216413140297, 0.018795174546539783, 0.015884552150964737, 0.01159616350196302, 0.01650400087237358, 0.011606830637902021], "(3, 6, 1, 1)": [0.02094476856291294, 0.019545125775039196, 0.017468399368226528, 0.016830405220389366, 0.018626030534505844, 0.014990996103733778, 0.018772943876683712, 0.015523389913141727, 0.015235097147524357, 0.012958693783730268, 0.018537724390625954], "(3, 6, 2, 2)": [0.020643173716962337, 0.018963809125125408, 0.017216040287166834, 0.018969746306538582, 0.01851638127118349, 0.018339119851589203, 0.0187494195997715, 0.021956495009362698, 0.018337118439376354, 0.019945871084928513, 0.019791563041508198], "(3, 6, 1, 2)": [0.012039733352139592, 0.0, 0.002998191164806485, 0.0, 0.0032957454677671194, 0.010346092283725739, 0.0, 0.0, 0.0032217365223914385, 0.006296277977526188, 0.0], "(3, 5, 1, 1)": [0.0203557051718235, 0.01949745137244463, 0.02042318508028984, 0.020167890936136246, 0.02192705124616623, 0.020635307766497135, 0.021239902824163437, 0.02078244835138321, 0.02105441316962242, 0.020355560816824436, 0.017361012287437916], "(3, 4, 1, 1)": [0.015263390727341175, 0.017431712709367275, 0.01827175635844469, 0.01923227868974209, 0.021351324394345284, 0.01780887134373188, 0.016776659060269594, 0.016901416704058647, 0.015851244796067476, 0.01714229304343462, 0.017100085504353046], "(2, 4, 1, 1)": [0.02094564028084278, 0.020174095407128334, 0.02125741820782423, 0.021061720326542854, 0.01586425444111228, 0.020142207853496075, 0.020173448137938976, 0.018960156477987766, 0.01725950464606285, 0.017396684736013412, 0.01912550162523985], "(2, 3, 1, 1)": [0.01734682358801365, 0.01921009086072445, 0.019484632648527622, 0.020160856656730175, 0.01994408294558525, 0.019496136344969273, 0.019839641638100147, 0.019789567217230797, 0.019620249047875404, 0.0185323441401124, 0.019027641974389553], "(2, 2, 1, 1)": [0.005972638260573149, 0.006153428694233298, 0.009787304559722543, 0.008492018096148968, 0.01734945923089981, 0.016561681404709816, 0.016727309674024582, 0.006874659098684788, 0.013144501484930515, 0.012414449825882912, 0.012902989983558655], "(3, 3, 1, 2)": [0.0029621196445077658, 0.01049482193775475, 0.0030538004357367754, 0.0, 0.0028357296250760555, 0.0029656647238880396, 0.0028335789684206247, 0.0028897165320813656, 0.003028815845027566, 0.002937606768682599, 0.0], "(2, 2, 2, 1)": [0.013119401410222054, 0.011965234763920307, 0.011506137438118458, 0.005573745118454099, 0.007194648031145334, 0.013367153704166412, 0.015893156174570322, 0.011700477451086044, 0.010534334927797318, 0.013807379174977541, 0.011183899827301502], "(2, 1, 1, 1)": [-0.034740932285785675, -0.01704117376357317, -0.01756266551092267, -0.0207189223729074, -0.019631908740848303, -0.010964576154947281, -0.02407543733716011, -0.025246200151741505, -0.011151682585477829, -0.0037627536803483963, -0.015677561052143574], "(3, 7, 2, 2)": [0.019653722643852234, 0.018907767720520496, 0.01981948036700487, 0.017405719961971045, 0.020040509290993214, 0.017680815421044827, 0.017361008562147617, 0.01628542924299836, 0.01890285685658455, 0.020768671296536922, 0.019338533282279968], "(3, 8, 2, 2)": [0.020131253637373447, 0.018900902941823006, 0.01894940808415413, 0.018284174613654613, 0.01626018388196826, 0.012508241459727287, 0.01643164735287428, 0.016014449298381805, 0.018371949903666973, 0.017540191300213337, 0.019361084327101707], "(3, 8, 1, 1)": [0.017669775523245335, 0.01591644762083888, 0.01458295015618205, 0.012478317599743605, 0.013016919605433941, 0.019323148764669895, 0.015251146163791418, 0.009510392555966973, 0.014983633998781443, 0.01609930209815502, 0.016043901443481445],