{"q_values": {"(2, 6, 2, 3)": [0.05109815672039986, 0.04477305710315704, 0.04646701738238335, 0.042012304067611694, 0.03111594170331955, 0.051312196999788284, 0.0521397739648819, 0.049286000430583954, 0.04763229191303253], "(2, 6, 1, 2)": [0.054808877408504486, 0.03997271880507469, 0.04772576317191124, 0.05759350582957268, 0.055470239371061325, 0.050026893615722656, 0.04515279084444046, 0.04778742417693138, 0.04380756989121437], "(2, 7, 2, 3)": [0.04441743344068527, 0.040435705333948135, 0.04083776846528053, 0.03588404133915901, 0.04030488803982735, 0.039431557059288025, 0.02393564023077488, 0.03667387366294861, 0.03973762318491936], "(2, 8, 2, 3)": [0.028437577188014984, 0.029572777450084686, 0.03033612295985222, 0.018212340772151947, 0.029666032642126083, 0.035384707152843475, 0.0329064205288887, 0.032276902347803116, 0.0294534582644701], "(2, 8, 2, 4)": [0.0, 0.0, 0.0, 0.004165170714259148, 0.0, 0.002662050072103739, 0.0, 0.0, 0.0035423997323960066], "(2, 9, 2, 4)": [0.0, 0.0, 0.0, -0.005690204910933971, 0.005158737301826477, 0.0010248387698084116, 0.0, 0.0, 0.0], "(3, 4, 1, 3)": [0.0, 0.00767429219558835, 0.0, 0.0, 0.0, 0.0, 0.006952530704438686, 0.0, 0.0], "(2, 1, 2, 3)": [0.0, 0.0, 0.002540985820814967, 0.0, 0.0, 0.0, 0.0, 0.0, 0.0025154913309961557], "(2, 2, 2, 3)": [0.032053496688604355, 0.037386178970336914, 0.011801280081272125, 0.02950318530201912, 0.014410160481929779, 0.019716165959835052, 0.02334735170006752, 0.03161342442035675, 0.013315621763467789], "(2, 2, 1, 2)": [0.02962629497051239, 0.038172896951436996, 0.022880665957927704, 0.029697362333536148, 0.04035225138068199, 0.029601670801639557, 0.038189101964235306, 0.03756619989871979, 0.03520149737596512], "(2, 3, 2, 3)": [0.05752895027399063, 0.025082219392061234, 0.04990549758076668, 0.022591523826122284, 0.029854407534003258, 0.026066936552524567, 0.02887502871453762, 0.03654533252120018, 0.029492264613509178], "(2, 3, 2, 2)": [0.029195837676525116, 0.020764240995049477, 0.026614662259817123, 0.021651841700077057, 0.004051773808896542, 0.00397035526111722, 0.020660437643527985, 0.014068396762013435, 0.00469310162588954], "(2, 2, 2, 2)": [0.02366117760539055, 0.025595959275960922, 0.017104731872677803, 0.00583973154425621, 0.014586994424462318, 0.030230196192860603, 0.028258029371500015, 0.01736217550933361, 0.021672362461686134], "(3, 2, 2, 3)": [0.020938511937856674, 0.00906854122877121, 0.022225653752684593, 0.02737738937139511, 0.012625869363546371, 0.025432448834180832, 0.02743145450949669, 0.0, 0.021785352379083633], "(3, 2, 2, 2)": [0.01039804331958294, 0.009704024530947208, 0.021270668134093285, 0.008049633353948593, 0.0056081609800457954, 0.008802101947367191, 0.0, 0.010013284161686897, 0.003488547634333372], "(3, 3, 2, 3)": [0.0318356528878212, 0.0350361093878746, 0.027786914259195328, 0.03948459029197693, 0.02973170205950737, 0.009199477732181549, 0.04082321748137474, 0.021356476470828056, 0.0344582125544548], "(3, 4, 2, 3)": [0.02509535290300846, 0.031177569180727005, 0.04895693063735962, 0.043347544968128204, 0.037682849913835526, 0.04459097236394882, 0.03195264935493469, 0.0433344766497612, 0.044712379574775696], "(3, 5, 2, 3)": [0.03264378756284714, 0.027585666626691818, 0.05273178964853287, 0.03567732125520706, 0.03072747401893139, 0.04282455891370773, 0.053589753806591034, 0.04698500782251358, 0.04513964056968689], "(3, 6, 2, 3)": [0.047509413212537766, 0.04080349951982498, 0.04762668535113335, 0.04249805957078934, 0.04669180512428284, 0.05286891758441925, 0.037159115076065063, 0.03754723072052002, 0.050100550055503845], "(3, 7, 2, 3)": [0.048032429069280624, 0.04753129556775093, 0.046709105372428894, 0.04616963490843773, 0.04538576677441597, 0.04920327290892601, 0.047981537878513336, 0.036118440330028534, 0.04441509768366814], "(3, 8, 2, 2)": [0.0, 0.0, 0.0, 0.0, 0.0, 0.002829934936016798, 0.0, 0.0028232985641807318, 0.0], "(3, 8, 2, 3)": [0.028661713004112244, 0.003959678113460541, 0.027550457045435905, 0.03326860070228577, 0.02751215361058712, 0.03185621649026871, 0.033746927976608276, 0.030935004353523254, 0.03414531424641609], "(3, 7, 2, 2)": [0.015788257122039795, 0.002874992787837982, 0.0, 0.0, 0.0, 0.01581326127052307, 0.0, 0.0, 0.0], "(3, 7, 1, 2)": [0.035257671028375626, 0.034413233399391174, 0.049149658530950546, 0.05150013417005539, 0.05050127953290939, 0.044964369386434555, 0.04601103067398071, 0.04662277176976204, 0.030679991468787193], "(3, 6, 1, 2)": [0.037534307688474655, 0.0454733781516552, 0.04427282512187958, 0.03530650958418846, 0.02687700092792511, 0.03650481626391411, 0.03829455375671387, 0.04374786466360092, 0.035576872527599335], "(3, 6, 2, 2)": [0.01501372829079628, 0.021134935319423676, 0.026300452649593353, 0.015576266683638096, 0.010796787217259407, 0.017241597175598145, 0.015081794001162052, 0.0, 0.02967754565179348], "(3, 5, 1, 2)": [0.03618539124727249, 0.038331467658281326, 0.04369957372546196, 0.03378588333725929, 0.02989030070602894, 0.0397709384560585, 0.036501575261354446, 0.04576858878135681, 0.034027837216854095], "(3, 4, 1, 2)": [0.03462625667452812, 0.038775570690631866, 0.018259113654494286, 0.036335334181785583, 0.03789029270410538, 0.023586563766002655, 0.025146253407001495, 0.02646448276937008, 0.02688058838248253], "(3, 3, 1, 2)": [0.024678707122802734, 0.018265150487422943, 0.025339506566524506, 0.03302546963095665, 0.02125626802444458, 0.02449541725218296, 0.025947779417037964, 0.024875571951270103, 0.04604862257838249], "(3, 2, 1, 2)": [0.030625302344560623, 0.022677941247820854, 0.01159651204943657, 0.03137550503015518, 0.02400471642613411, 0.027649322524666786, 0.027496350929141045, 0.019514471292495728, 0.012487934902310371], "(3, 1, 1, 2)": [-0.006076562684029341, 0.0037863312754780054, 0.0, 0.0, 0.0, 0.0, -0.0013371326494961977, 0.0, -0.00730892876163125], "(3, 8, 1, 3)": [0.00374829419888556, 0.010800137184560299, 0.006008127238601446, 0.010838733054697514, 0.0, 0.007861530408263206, 0.024513911455869675, 0.0, 0.0], "(3, 7, 1, 3)": [0.014730233699083328, 0.015926402062177658, 0.023709459230303764, 0.03262681886553764, 0.007628282997757196, 0.013001598417758942, 0.0, 0.0, 0.009670780971646309], "(3, 6, 1, 3)": [0.0, 0.01649969257414341, 0.024315033107995987, 0.0217435322701931, 0.023765575140714645, 0.004940311890095472, 0.020153313875198364, 0.017262814566493034, 0.03460169956088066], "(3, 4, 1, 1)": [0.0029229396022856236, 0.0, 0.0, 0.0, 0.0028552981093525887, 0.0, 0.0, 0.0, 0.012657935731112957], "(2, 3, 1, 1)": [0.0, 0.0067442432045936584, 0.0, 0.0, 0.004772327374666929, 0.012208612635731697, 0.012749443762004375, 0.0, 0.020847860723733902], "(2, 3, 1, 2)": [0.05415426939725876, 0.059127822518348694, 0.05184163153171539, 0.03485905006527901, 0.05150914937257767, 0.06049669161438942, 0.04714936017990112, 0.051590681076049805, 0.05448833853006363], "(2, 2, 1, 1)": [0.0042243655771017075, 0.0, 0.0, 0.004211269319057465, 0.0, 0.01780748926103115, 0.01609119400382042, 0.0, 0.0], "(2, 1, 1, 1)": [0.0, -0.006685065571218729, 0.0, 0.0, -0.006659721955657005, 0.0, 0.0, 0.0, 0.0], "(2, 8, 2, 2)": [0.0, 0.012300080619752407, 0.006152732763439417, 0.0, 0.0, 0.0, 0.0, 0.0, 0.0], "(3, 3, 1, 3)": [0.0036414351779967546, 0.0, 0.0, 0.0, 0.0, 0.0, 0.0, 0.0, 0.012126442044973373], "(2, 1, 1, 2)": [0.0008391716983169317, -0.011447331868112087, -0.0045426636934280396, 0.012680403888225555, -0.003356140572577715, 0.00823373906314373, -0.004690045025199652, 0.00850057415664196, 0.004443544428795576], "(2, 5, 1, 2)": [0.06172383576631546, 0.05345555394887924, 0.05773615464568138, 0.050384651869535446, 0.04242263734340668, 0.05255739390850067, 0.0536654032766819, 0.05066920071840286, 0.04373250901699066], "(2, 5, 1, 3)": [0.017257843166589737, 0.029046475887298584, 0.0, 0.0, 0.01164326537400484, 0.011641641147434711, 0.02545708790421486, 0.0, 0.034226544201374054],