{"q_values": {"(2, 6, 2, 3)": [0.10732799023389816, 0.0851844847202301, 0.09540379047393799, 0.08800461143255234, 0.09732454270124435, 0.09330054372549057, 0.09222007542848587, 0.07590370625257492, 0.09294639527797699], "(2, 6, 1, 2)": [0.08483675122261047, 0.0973225086927414, 0.09998079389333725, 0.10980796068906784, 0.10359115898609161, 0.09057299792766571, 0.09451664239168167, 0.09444748610258102, 0.10754894465208054], "(2, 7, 2, 3)": [0.0943007841706276, 0.08153530210256577, 0.08218949288129807, 0.08032498508691788, 0.08574366569519043, 0.08026241511106491, 0.07985827326774597, 0.09088239818811417, 0.08704669028520584], "(2, 8, 2, 3)": [0.07322274148464203, 0.06472009420394897, 0.057595252990722656, 0.05783991888165474, 0.06879884004592896, 0.06751658022403717, 0.05994723364710808, 0.06934013962745667, 0.05693696439266205], "(2, 8, 2, 4)": [0.0, 0.0, 0.0, 0.004165170714259148, 0.004250534810125828, 0.002662050072103739, 0.0, 0.0, 0.0035423997323960066], "(2, 9, 2, 4)": [0.0, 0.0, 0.0, -0.0007533766329288483, 0.005158737301826477, 0.0010248387698084116, 0.0041389428079128265, 0.0, 0.0], "(3, 4, 1, 3)": [0.015557796694338322, 0.02156752161681652, 0.0, 0.023705212399363518, 0.011933205649256706, 0.0, 0.006952530704438686, 0.021761763840913773, 0.018311630934476852], "(2, 1, 2, 3)": [0.0, 0.0, 0.002540985820814967, 0.005844833329319954, 0.0, 0.0, 0.0, 0.0, 0.0025154913309961557], "(2, 2, 2, 3)": [0.061064936220645905, 0.07202542573213577, 0.030577650293707848, 0.051266640424728394, 0.07879827171564102, 0.05540114641189575, 0.061166755855083466, 0.06380349397659302, 0.04161333665251732], "(2, 2, 1, 2)": [0.053551122546195984, 0.05632703751325607, 0.06655062735080719, 0.07537063956260681, 0.04767691716551781, 0.0716630220413208, 0.06665897369384766, 0.07873832434415817, 0.05245659500360489], "(2, 3, 2, 3)": [0.07895678281784058, 0.06582265347242355, 0.07048314809799194, 0.06675340980291367, 0.05721074342727661, 0.07359781861305237, 0.08238770812749863, 0.0783221572637558, 0.07748845219612122], "(2, 3, 2, 2)": [0.05883196368813515, 0.020764240995049477, 0.0769457221031189, 0.021651841700077057, 0.03267016261816025, 0.044279418885707855, 0.03648088872432709, 0.035314641892910004, 0.048933740705251694], "(2, 2, 2, 2)": [0.04352721571922302, 0.03258835896849632, 0.030934762209653854, 0.00583973154425621, 0.03351249173283577, 0.03660137578845024, 0.03925156220793724, 0.034485481679439545, 0.04271918162703514], "(3, 2, 2, 3)": [0.037761807441711426, 0.044460479170084, 0.035701677203178406, 0.05245198681950569, 0.012625869363546371, 0.04983093589544296, 0.04068680480122566, 0.02869657427072525, 0.04840078577399254], "(3, 2, 2, 2)": [0.03898366913199425, 0.009704024530947208, 0.03437699005007744, 0.01847827062010765, 0.0056081609800457954, 0.02020406536757946, 0.0, 0.010013284161686897, 0.036299411207437515], "(3, 3, 2, 3)": [0.06675439327955246, 0.053075890988111496, 0.053752195090055466, 0.058812640607357025, 0.05166572332382202, 0.053727783262729645, 0.04882532358169556, 0.06150475889444351, 0.062306009232997894], "(3, 4, 2, 3)": [0.08012508600950241, 0.0725032389163971, 0.07579217106103897, 0.08122211694717407, 0.08287667483091354, 0.07686328142881393, 0.08233021944761276, 0.07971182465553284, 0.09277041256427765], "(3, 5, 2, 3)": [0.09051834046840668, 0.08933886885643005, 0.08438312262296677, 0.0934402346611023, 0.10642293095588684, 0.11148545145988464, 0.10322331637144089, 0.10480242222547531, 0.09629857540130615], "(3, 6, 2, 3)": [0.08550981432199478, 0.087894007563591, 0.07844958454370499, 0.10210005939006805, 0.09956573694944382, 0.09767048060894012, 0.08860474079847336, 0.10077764838933945, 0.07689579576253891], "(3, 7, 2, 3)": [0.07285703718662262, 0.06912735104560852, 0.08131144940853119, 0.06831930577754974, 0.08668988943099976, 0.08391107618808746, 0.07997796684503555, 0.08198558539152145, 0.08329755067825317], "(3, 8, 2, 2)": [0.020486753433942795, 0.0, 0.0, 0.0, 0.008955489844083786, 0.01805642805993557, 0.021229587495326996, 0.0028232985641807318, 0.02121789939701557], "(3, 8, 2, 3)": [0.06110028922557831, 0.07821304351091385, 0.06808073073625565, 0.07955745607614517, 0.060029223561286926, 0.05561945587396622, 0.07219517976045609, 0.06895796209573746, 0.06462130695581436], "(3, 7, 2, 2)": [0.015788257122039795, 0.002874992787837982, 0.0, 0.0, 0.0, 0.01581326127052307, 0.026315344497561455, 0.02632511593401432, 0.0], "(3, 7, 1, 2)": [0.0730825811624527, 0.07261950522661209, 0.0765267163515091, 0.060674626380205154, 0.07631943374872208, 0.044964369386434555, 0.060282181948423386, 0.06618112325668335, 0.0651022344827652], "(3, 6, 1, 2)": [0.08037885278463364, 0.07359465956687927, 0.08554960042238235, 0.07379011064767838, 0.07405813038349152, 0.07779645919799805, 0.0673438236117363, 0.07188333570957184, 0.07799337804317474], "(3, 6, 2, 2)": [0.03777331858873367, 0.05569290369749069, 0.030223354697227478, 0.05969167500734329, 0.010796787217259407, 0.057854752987623215, 0.015081794001162052, 0.0, 0.04203185439109802], "(3, 5, 1, 2)": [0.07389378547668457, 0.07470983266830444, 0.0739331766963005, 0.07038663327693939, 0.07970701158046722, 0.06611744314432144, 0.06854338198900223, 0.0827701985836029, 0.07889312505722046], "(3, 4, 1, 2)": [0.07665356248617172, 0.06948444247245789, 0.07894883304834366, 0.08455215394496918, 0.07257863879203796, 0.07595313340425491, 0.07228294759988785, 0.07084563374519348, 0.05341365560889244], "(3, 3, 1, 2)": [0.045578304678201675, 0.07269424945116043, 0.06070920079946518, 0.07748715579509735, 0.03132215887308121, 0.05966285243630409, 0.06257858127355576, 0.05520403012633324, 0.059686802327632904], "(3, 2, 1, 2)": [0.05280773341655731, 0.028834888711571693, 0.05174987018108368, 0.050246711820364, 0.050022587180137634, 0.047758184373378754, 0.052004531025886536, 0.04286684840917587, 0.039611220359802246], "(3, 1, 1, 2)": [0.01006435975432396, -0.003893768647685647, 0.0, 0.021322697401046753, 0.0, 0.01092039979994297, -0.0049974313005805016, 0.018374228850007057, -0.01060475129634142], "(3, 8, 1, 3)": [0.015055472031235695, 0.035882651805877686, 0.03337465226650238, 0.010838733054697514, 0.011993463151156902, 0.03003036603331566, 0.04599323123693466, 0.023028764873743057, 0.0], "(3, 7, 1, 3)": [0.046992603689432144, 0.015926402062177658, 0.023709459230303764, 0.045458368957042694, 0.021781502291560173, 0.013001598417758942, 0.019935164600610733, 0.02803717367351055, 0.042562954127788544], "(3, 6, 1, 3)": [0.060165561735630035, 0.03677094355225563, 0.024315033107995987, 0.0217435322701931, 0.0407489538192749, 0.004940311890095472, 0.042639024555683136, 0.04456688091158867, 0.03460169956088066], "(3, 4, 1, 1)": [0.0029229396022856236, 0.0038446688558906317, 0.0, 0.0, 0.0028552981093525887, 0.0, 0.0, 0.016544675454497337, 0.012657935731112957], "(2, 3, 1, 1)": [0.0, 0.018538175150752068, 0.0, 0.013070759363472462, 0.004772327374666929, 0.012208612635731697, 0.012749443762004375, 0.019335344433784485, 0.020847860723733902], "(2, 3, 1, 2)": [0.07366248965263367, 0.08869174122810364, 0.09973974525928497, 0.08421842753887177, 0.08914106339216232, 0.07951563596725464, 0.08892215043306351, 0.0804448127746582, 0.08624289184808731], "(2, 2, 1, 1)": [0.0042243655771017075, 0.0, 0.0, 0.004211269319057465, 0.0015121485339477658, 0.03500467911362648, 0.03376351296901703, 0.01697300374507904, 0.0], "(2, 1, 1, 1)": [0.0, -0.006685065571218729, 0.0, 0.0, -0.006659721955657005, 0.0, 0.0, 0.01424271147698164, 0.0], "(2, 8, 2, 2)": [0.0, 0.012300080619752407, 0.045236390084028244, 0.03863879665732384, 0.01805971749126911, 0.0, 0.031612902879714966, 0.0, 0.020972872152924538], "(3, 3, 1, 3)": [0.0036414351779967546, 0.01645922288298607, 0.016538582742214203, 0.0, 0.0, 0.0, 0.0, 0.0, 0.012126442044973373], "(2, 1, 1, 2)": [0.019501417875289917, -0.0025592264719307423, 0.011333346366882324, -0.001200496917590499, 0.03271111100912094, 0.011399111710488796, 0.005817383527755737, 0.03079313598573208, 0.01637767255306244],