{"q_values": {"(2, 6, 1, 1)": [0.03830591402947903, 0.03607517294585705, 0.04130410775542259, 0.031545527279376984, 0.037032999098300934, 0.039636364206671715, 0.020206899382174015, 0.03905813209712505, 0.02927349228411913, 0.04008909687399864, 0.02874988503754139], "(2, 6, 2, 2)": [0.04135465621948242, 0.03258673567324877, 0.020676777698099613, 0.03363717533648014, 0.032143290154635906, 0.02870008908212185, 0.036167772486805916, 0.034194341860711575, 0.03332273103296757, 0.02953393943607807, 0.03370331972837448], "(2, 7, 2, 2)": [0.03775363974273205, 0.02641674131155014, 0.03801340237259865, 0.038145652040839195, 0.03699595108628273, 0.0388781912624836, 0.03808408975601196, 0.034568557515740395, 0.035457223653793335, 0.038295967504382133, 0.03379758447408676], "(2, 8, 2, 2)": [0.022030483931303024, 0.03240687772631645, 0.037713756784796715, 0.03756537660956383, 0.030893263407051563, 0.03758331201970577, 0.031594293192029, 0.03705407492816448, 0.03142785653471947, 0.029888300225138664, 0.03012794628739357], "(2, 9, 2, 2)": [0.01974763534963131, 0.01591582130640745, 0.018922301940619946, 0.019787168595939875, 0.0290987528860569, 0.01335436012595892, 0.026591594330966473, 0.028435013256967068, 0.015870504081249237, 0.01979812979698181, -0.01763127278536558], "(2, 10, 2, 2)": [-0.019469663500785828, -0.01593482494354248, -0.016316426917910576, -0.03238464146852493, -0.017408233135938644, 0.0, -0.041625712998211384, -0.04133058339357376, 0.0, -0.014855594374239445, -0.014500672928988934], "(2, 1, 2, 2)": [-0.005784998647868633, 0.0, -0.011517629493027925, 0.02294377889484167, 0.014858636073768139, 0.02466198056936264, 0.0, 0.03479788079857826, 0.01490192674100399, 0.01486983336508274, 0.01007426343858242], "(2, 2, 2, 2)": [0.011595513671636581, 0.017443665768951178, 0.02908438164740801, 0.02993805892765522, 0.03471415676176548, 0.0320249292999506, 0.03252362087368965, 0.030438456684350967, 0.02290796209126711, 0.03127237316220999, 0.022718417458236217], "(2, 3, 2, 2)": [0.031124905683100224, 0.02869965136051178, 0.03171192202717066, 0.027936452068388462, 0.03709829039871693, 0.027623540721833706, 0.028684359043836594, 0.028415709733963013, 0.03352627623826265, 0.032928839325904846, 0.028835102915763855], "(3, 3, 2, 2)": [0.03429652936756611, 0.03216887079179287, 0.029637224040925503, 0.03334996476769447, 0.030555807054042816, 0.031819894909858704, 0.030676458030939102, 0.03272720333188772, 0.03292503301054239, 0.03232158813625574, 0.03688818961381912], "(3, 4, 2, 2)": [0.034414539113640785, 0.03593045473098755, 0.03511081077158451, 0.03580845333635807, 0.03154933452606201, 0.03496873378753662, 0.03467158414423466, 0.029722999781370163, 0.038133544847369194, 0.03233479894697666, 0.03499315120279789], "(3, 4, 2, 1)": [0.03487761691212654, 0.009212639182806015, 0.0378915062174201, 0.02842877898365259, 0.027254324406385422, 0.007841717451810837, 0.018793484196066856, 0.03490229696035385, 0.020995914936065674, 0.03454964980483055, 0.03373790718615055], "(3, 3, 2, 1)": [0.02553774882107973, 0.026699461974203587, 0.03341564070433378, 0.0, 0.009129427373409271, 0.030080944299697876, 0.03163147158920765, 0.017453549429774284, 0.02635426726192236, 0.03952902927994728, 0.03924974985420704], "(3, 3, 1, 1)": [0.02934527862817049, 0.027868174016475677, 0.0389997698366642, 0.030917282216250896, 0.035124776884913445, 0.035382747650146484, 0.03174027148634195, 0.034824532456696033, 0.0352348405867815, 0.022452199831604958, 0.03702501021325588], "(3, 2, 1, 1)": [0.01850028894841671, 0.024167180992662907, 0.022568233776837587, -0.005807985085994005, 0.022178158164024353, 0.015031543094664812, -0.00510846171528101, 0.017301316373050213, 0.015173795633018017, -0.004640117287635803, 0.02467462606728077], "(3, 8, 1, 2)": [0.02887642104178667, 0.012367978692054749, 0.02664368599653244, 0.01091760490089655, 0.02280005719512701, 0.020510489121079445, 0.030026395805180073, 0.025783569552004337, 0.018019601702690125, 0.016422370448708534, 0.01998760737478733], "(3, 7, 1, 1)": [0.03772144578397274, 0.03704528696835041, 0.035092808306217194, 0.03015463426709175, 0.03463230840861797, 0.02392798475921154, 0.03151783626526594, 0.03645108640193939, 0.037171950563788414, 0.0, 0.03796129673719406], "(3, 6, 1, 1)": [0.03487434610724449, 0.03489610180258751, 0.031438468024134636, 0.020519286394119263, 0.021541456691920757, 0.03340909816324711, 0.022459342144429684, 0.030477306805551052, 0.026614105328917503, 0.024689288809895515, 0.035831376910209656], "(3, 6, 2, 2)": [0.02412075735628605, 0.016321919858455658, 0.03840124234557152, 0.0398412961512804, 0.02926595974713564, 0.03718801587820053, 0.035585302859544754, 0.03788133151829243, 0.034352706745266914, 0.039298977702856064, 0.03799299895763397], "(3, 6, 1, 2)": [0.03584783524274826, 0.040994699113070965, 0.027665886096656322, 0.01670084521174431, 0.02475849539041519, 0.029538280330598354, 0.020229345187544823, 0.020304180681705475, 0.03518250770866871, 0.011905334889888763, 0.04178768768906593], "(3, 5, 1, 1)": [0.03497116640210152, 0.03482201136648655, 0.03511461988091469, 0.03169916570186615, 0.030160495080053806, 0.031194590963423252, 0.031474024057388306, 0.02960257977247238, 0.032635075971484184, 0.03321379330009222, 0.02859782986342907], "(3, 4, 1, 1)": [0.03325953520834446, 0.033891377970576286, 0.034688450396060944, 0.034919558092951775, 0.034715401008725166, 0.03468393534421921, 0.034006064757704735, 0.034696148708462715, 0.033139429055154324, 0.034303050488233566, 0.03057866171002388], "(2, 4, 1, 1)": [0.029476488009095192, 0.0333917336538434, 0.03719835542142391, 0.03507317043840885, 0.036894986405968666, 0.037865929305553436, 0.0367871318012476, 0.03261606115847826, 0.02990738023072481, 0.03522107936441898, 0.03312357235699892], "(2, 3, 1, 1)": [0.03330205753445625, 0.03336777910590172, 0.025191379711031914, 0.011696677654981613, 0.03388485126197338, 0.03395547531545162, 0.03303349670022726, 0.019887158647179604, 0.014548243023455143, 0.033900970593094826, 0.034412914887070656], "(2, 2, 1, 1)": [0.012097137980163097, 0.012396098114550114, 0.0027926089242100716, -0.008546241093426943, -0.00922782439738512, -0.0033986084163188934, 0.009927041828632355, 0.009559042751789093, 0.004419846460223198, 0.012703288346529007, 0.005093737505376339], "(3, 3, 1, 2)": [0.0, 0.016237977892160416, 0.0, 0.0, 0.0, 0.0, 0.011475729756057262, 0.0, 0.017219796776771545, 0.0180182047188282, 0.0], "(2, 2, 2, 1)": [0.03537239506840706, 0.008633915334939957, 0.022055997513234615, 0.025254768785089254, 0.03308744542300701, 0.03559926524758339, 0.03706429712474346, 0.02999739535152912, 0.019029906019568443, 0.03164968267083168, 0.024022038094699383], "(2, 1, 1, 1)": [-0.06253235973417759, -0.012138668447732925, -0.022891728207468987, -0.03242067992687225, -0.058581966906785965, -0.041689565405249596, -0.06425248831510544, -0.02621275745332241, -0.013759203255176544, -0.02568209357559681, -0.005762636661529541], "(3, 7, 2, 2)": [0.033282396383583546, 0.03305364027619362, 0.03404395841062069, 0.03296585939824581, 0.029901208356022835, 0.03596360608935356, 0.03435459919273853, 0.036360666155815125, 0.04006727412343025, 0.036128388717770576, 0.03658892400562763], "(3, 8, 2, 2)": [0.034077069722115993, 0.004301224835216999, 0.009320532903075218, 0.02995354775339365, 0.030984463170170784, 0.035395849496126175, 0.03442690521478653, 0.02144667226821184, 0.03180331364274025, 0.00949038565158844, 0.02675093151628971], "(3, 8, 1, 1)": [0.0325187798589468, 0.01583320088684559, 0.026908562518656254, 0.02963598258793354, 0.020784633234143257, 0.02427901979535818, 0.024791658855974674, 0.018075281754136086, 0.038870858028531075, 0.02704168763011694, 0.018346156924962997], "(3, 9, 2, 2)": [0.003726959228515625, 0.019289467483758926, 0.011007267981767654, 0.013807575218379498, 0.01759043661877513, -0.003579511307179928, 0.015004302375018597, -0.02267248649150133, -0.001780528575181961, -0.016401748172938824, -0.008394695818424225],