{"q_values": {"(2, 6, 1, 1)": [0.0220564603805542, 0.031029238365590572, 0.03560872934758663, 0.04060761444270611, 0.03166894428431988, 0.016037466004490852, 0.0430794358253479, 0.019346607849001884, 0.032351186498999596, 0.020423960871994495, 0.03646571561694145], "(2, 6, 2, 2)": [0.024146431125700474, 0.03421058692038059, 0.032252922654151917, 0.02926586475223303, 0.029608665965497494, 0.03263636492192745, 0.03371651377528906, 0.032140761613845825, 0.026494868099689484, 0.03477771766483784, 0.025395778939127922], "(2, 7, 2, 2)": [0.040791383013129234, 0.024701048620045185, 0.04196692630648613, 0.034955089911818504, 0.03306003101170063, 0.035790903493762016, 0.035212382674217224, 0.03457263484597206, 0.028157133609056473, 0.03743201121687889, 0.03871086984872818], "(2, 8, 2, 2)": [0.03264477010816336, 0.020748356357216835, 0.027831174433231354, 0.03288978338241577, 0.027007662691175938, 0.03393576107919216, 0.034222912043333054, 0.02367192879319191, 0.0346908550709486, 0.03403810039162636, 0.03242414724081755], "(2, 9, 2, 2)": [0.02397356554865837, 0.03163471631705761, 0.02708459459245205, 0.022492630407214165, 0.020420565269887447, 0.022157848812639713, 0.02748989313840866, 0.020272046327590942, 0.0032925214618444443, -0.013800832908600569, 0.008950036950409412], "(2, 10, 2, 2)": [-0.019469663500785828, 0.0, 0.0, -0.02762642502784729, -0.020497506484389305, 0.0, 0.0, -0.026175949722528458, 0.0, 0.0, 0.0], "(2, 1, 2, 2)": [0.0, 0.0, -0.005834175739437342, 0.010023005306720734, 0.0, 0.009944088757038116, 0.0, 0.026604000478982925, 0.0, 0.0, 0.01007426343858242], "(2, 2, 2, 2)": [0.029029421508312225, 0.037949953228235245, 0.007508793845772743, 0.02520877681672573, 0.028715510852634907, 0.02360490895807743, 0.03130331449210644, 0.027219416573643684, 0.01647287467494607, 0.03117341175675392, 0.022718417458236217], "(2, 3, 2, 2)": [0.019588517025113106, 0.02618548274040222, 0.027885892428457737, 0.032345857471227646, 0.034125542268157005, 0.02919009607285261, 0.030977100133895874, 0.033910032361745834, 0.03373335301876068, 0.03937688283622265, 0.034984853118658066], "(3, 3, 2, 2)": [0.031510693952441216, 0.03617947734892368, 0.0234828507527709, 0.019787879660725594, 0.03712458908557892, 0.03628476336598396, 0.025201055221259594, 0.034982746466994286, 0.028257600031793118, 0.03402910381555557, 0.03192491829395294], "(3, 4, 2, 2)": [0.03237730450928211, 0.03396495431661606, 0.0331201646476984, 0.028340930119156837, 0.014909664168953896, 0.04018782638013363, 0.033559943549335, 0.03732045367360115, 0.023311124183237553, 0.034307779744267464, 0.01976988185197115], "(3, 4, 2, 1)": [0.01877184771001339, 0.009212639182806015, 0.014977036975324154, 0.011764478869736195, 0.02347261644899845, 0.018762078136205673, 0.009478877298533916, 0.011739283800125122, 0.023282688111066818, 0.03153248317539692, 0.0212258817628026], "(3, 3, 2, 1)": [0.015837591141462326, 0.015529775060713291, 0.01322016492486, 0.0, 0.009129427373409271, 0.02719791140407324, 0.0202313419431448, 0.01298777386546135, 0.028485733084380627, 0.03147480171173811, 0.0], "(3, 3, 1, 1)": [0.006104110740125179, 0.025390535593032837, 0.019943224266171455, 0.015071161091327667, 0.03325175680220127, 0.030008776113390923, 0.019738059490919113, 0.016715072095394135, 0.02656498271971941, 0.02292531356215477, 0.011098458431661129], "(3, 2, 1, 1)": [0.023881555534899235, -0.011138065718114376, 0.011140028014779091, 0.03050835244357586, 0.023589871358126402, 0.03048497810959816, 0.026661360636353493, 0.017261809669435024, 0.03052921872586012, 0.019755452871322632, -0.0016674180515110493], "(3, 8, 1, 2)": [0.022567846812307835, 0.02074466086924076, 0.02664368599653244, 0.01091760490089655, 0.02280005719512701, 0.009097187779843807, 0.011021698825061321, 0.03439238853752613, 0.018019601702690125, 0.01138726994395256, 0.01998760737478733], "(3, 7, 1, 1)": [0.03772144578397274, 0.04392506927251816, 0.04061201587319374, 0.0379041638225317, 0.03516091965138912, 0.039406636729836464, 0.009303838945925236, 0.03628267161548138, 0.04749693721532822, 0.0, 0.03915546275675297], "(3, 6, 1, 1)": [0.020616501569747925, 0.011999995447695255, 0.0272534666582942, 0.0, 0.03679032064974308, 0.03929782845079899, 0.025564558804035187, 0.0393354594707489, 0.03622431866824627, 0.03148339223116636, 0.0430370531976223], "(3, 6, 2, 2)": [0.02740324754267931, 0.032799314707517624, 0.027002932503819466, 0.03634646534919739, 0.03353289421647787, 0.037325335666537285, 0.03274210449308157, 0.03518286906182766, 0.03511294350028038, 0.03454945981502533, 0.035529994405806065], "(3, 6, 1, 2)": [0.023857351392507553, 0.040994699113070965, 0.036459325812757015, 0.016923466697335243, 0.02475849539041519, 0.011996994726359844, 0.018154202029109, 0.020304180681705475, 0.03518250770866871, 0.011905334889888763, 0.04178768768906593], "(3, 5, 1, 1)": [0.01897862646728754, 0.028630942106246948, 0.03740784898400307, 0.028992257080972195, 0.02795486431568861, 0.028254279866814613, 0.03276177402585745, 0.02632997091859579, 0.020081359893083572, 0.0304159764200449, 0.020277013070881367], "(3, 4, 1, 1)": [0.014493336901068687, 0.0244433656334877, 0.02058213483542204, 0.026435635052621365, 0.030157316476106644, 0.027758652344346046, 0.0186812374740839, 0.03028815146535635, 0.023818491026759148, 0.030631370842456818, 0.02433476410806179], "(2, 4, 1, 1)": [0.039944255724549294, 0.03377274237573147, 0.03684057109057903, 0.03367704153060913, 0.03777863644063473, 0.03521159663796425, 0.038870638236403465, 0.03440351225435734, 0.025178246200084686, 0.026682442985475063, 0.02825106680393219], "(2, 3, 1, 1)": [0.021986356005072594, 0.03008535783737898, 0.029934807680547237, 0.02312836144119501, 0.029895749874413013, 0.028522309847176075, 0.03192825336009264, 0.02409497182816267, 0.030734778381884098, 0.02138572558760643, 0.036865392699837685], "(2, 2, 1, 1)": [0.02770146820694208, 0.022932724095880985, 0.022535033524036407, 0.023681641556322575, 0.039079844020307064, -0.00694723054766655, 0.022463650442659855, 0.03285546414554119, -0.011466670082882047, 0.0006400858983397484, 0.026763560250401497], "(3, 3, 1, 2)": [0.0, 0.016237977892160416, 0.0, 0.0, 0.0, 0.0, 0.011475729756057262, 0.0, 0.017219796776771545, 0.0, 0.0], "(2, 2, 2, 1)": [0.022146904841065407, 0.032624708488583565, 0.00894386600703001, 0.007200829219073057, 0.01768928352976218, 0.032703050412237644, 0.021597323939204216, 0.02999739535152912, 0.0, 0.01907076220959425, 0.026505685411393642], "(2, 1, 1, 1)": [-0.026350947096943855, -0.02218281663954258, -0.026124415919184685, -0.05264502763748169, -0.01830962672829628, -0.008180325850844383, -0.02199685201048851, 0.0, -0.012011968530714512, -0.02818417362868786, -0.0062147583812475204], "(3, 7, 2, 2)": [0.03683124668896198, 0.03649327717721462, 0.023610547184944153, 0.03774117864668369, 0.03524436242878437, 0.03558344952762127, 0.036950308829545975, 0.036121685057878494, 0.034633444622159004, 0.03405810333788395, 0.03365919552743435], "(3, 8, 2, 2)": [0.02369359601289034, 0.031410861760377884, 0.02644768077880144, 0.029807322658598423, 0.0320342006161809, 0.03456994704902172, 0.029130397364497185, 0.031667849980294704, 0.00842154398560524, 0.003720376640558243, 0.002644740976393223], "(3, 8, 1, 1)": [0.009295748546719551, 0.011105131357908249, 0.016936393454670906, 0.0, 0.02544998098164797, 0.02401089295744896, 0.009064076468348503, 0.018075281754136086, 0.028321802616119385, 0.008318549022078514, 0.012972557917237282], "(3, 9, 2, 2)": [0.011472104117274284, -0.012097824364900589, 0.024091459810733795, 0.018880711868405342, 0.014105360954999924, -0.004080402664840221, 0.0065957410261034966, -0.0006861034780740738, 0.030045687220990658, -0.00256199948489666, 0.03206189349293709], "(3, 9, 1, 2)": [0.010088391602039337, 0.0, 0.024196472950279713, 0.00920135248452425, 0.021925133652985096, 0.023394599556922913, 0.01685354206711054, 0.009145678952336311, 0.01046704314649105, 0.010412599891424179, 0.0],