{"q_values": {"(2, 6, 1, 1)": [0.03340292535722256, 0.036377277225255966, 0.03837740421295166, 0.030547641217708588, 0.03601345047354698, 0.03627774305641651, 0.025306369177997112, 0.03671429678797722, 0.0385668333619833, 0.03790857456624508, 0.03577680140733719], "(2, 6, 2, 2)": [0.026618963107466698, 0.035950668156147, 0.03683687373995781, 0.03437487594783306, 0.028256717137992382, 0.035382090136408806, 0.0385543555021286, 0.03564133122563362, 0.03765890561044216, 0.036429036408662796, 0.03652372770011425], "(2, 7, 2, 2)": [0.03786172904074192, 0.03468388132750988, 0.039124745875597, 0.035569868981838226, 0.03753199800848961, 0.020080069079995155, 0.03751067444682121, 0.019643694162368774, 0.036922212690114975, 0.038137804716825485, 0.03754846006631851], "(2, 8, 2, 2)": [0.03983141854405403, 0.029467417858541012, 0.026990758255124092, 0.00833367370069027, 0.012463754042983055, 0.02289541158825159, 0.025780802592635155, 0.018423384055495262, 0.013185777701437473, 0.03181643225252628, 0.03021149802953005], "(2, 9, 2, 2)": [0.013803497422486544, 0.018649162724614143, 0.009681470692157745, 0.012247556820511818, 0.0275579784065485, -0.016682091169059277, -0.010951397940516472, 0.015455114655196667, 0.014212535694241524, 0.01617538370192051, -0.04039984382688999], "(2, 10, 2, 2)": [-0.03361527435481548, -0.01593482494354248, 0.013324219733476639, -0.03238464146852493, -0.03583355434238911, 0.0, -0.039377566426992416, -0.030024331994354725, 0.0, -0.03120598290115595, -0.023488052189350128], "(2, 1, 2, 2)": [-0.005784998647868633, 0.0, -0.011517629493027925, 0.024330548010766506, 0.014858636073768139, 0.02466198056936264, 0.015542194247245789, 0.033137962222099304, 0.01490192674100399, 0.03800003230571747, 0.01007426343858242], "(2, 2, 2, 2)": [0.027461341582238674, 0.03309864643961191, 0.02777015045285225, 0.0256224712356925, 0.02622005995362997, 0.026980441063642502, 0.026506565511226654, 0.028326415456831455, 0.02901498321443796, 0.02850663848221302, 0.02900325320661068], "(2, 3, 2, 2)": [0.03423078544437885, 0.025235438719391823, 0.02956012822687626, 0.029297467321157455, 0.03158796485513449, 0.03676522336900234, 0.03463137708604336, 0.03175600618124008, 0.033327534794807434, 0.03234283346682787, 0.03493358567357063], "(3, 3, 2, 2)": [0.02523054089397192, 0.0334266759455204, 0.023548883385956287, 0.03025011345744133, 0.03398004733026028, 0.032958462834358215, 0.03411740995943546, 0.029838365502655506, 0.033704706467688084, 0.03180478420108557, 0.03512254357337952], "(3, 4, 2, 2)": [0.03826049529016018, 0.03843732737004757, 0.03657348453998566, 0.037356747314333916, 0.0377376452088356, 0.038620613515377045, 0.03760433755815029, 0.03804641403257847, 0.03806841932237148, 0.03656112588942051, 0.03695709444582462], "(3, 4, 2, 1)": [0.03380655124783516, 0.03109992202371359, 0.03724770434200764, 0.03373904526233673, 0.036043643951416016, 0.03640264458954334, 0.03695995919406414, 0.037133798003196716, 0.03677413985133171, 0.03454964980483055, 0.03748697228729725], "(3, 3, 2, 1)": [0.03429366648197174, 0.0230351397767663, 0.020994151011109352, 0.025078702718019485, 0.025709817185997963, 0.02811369113624096, 0.02671695686876774, 0.03188859857618809, 0.02635426726192236, 0.027979817241430283, 0.03424251079559326], "(3, 3, 1, 1)": [0.021426375955343246, 0.03414773568511009, 0.013609849847853184, 0.023439493961632252, 0.013053751550614834, 0.00909713190048933, 0.034421637654304504, 0.010857397690415382, 0.03067724034190178, 0.032672797329723835, 0.029142290353775024], "(3, 2, 1, 1)": [0.0055634500458836555, 0.0007362077012658119, 7.324106991291046e-05, 0.008047581184655428, 0.0057984450832009315, 0.013865472748875618, 0.018578057643026114, 0.00226797629147768, 0.03270547650754452, -0.004640117287635803, 0.024103411473333836], "(3, 8, 1, 2)": [0.02887642104178667, 0.03794336877763271, 0.029912425205111504, 0.034675098955631256, 0.03284999169409275, 0.027140039019286633, 0.03584099840372801, 0.027387846261262894, 0.02369580790400505, 0.026239074766635895, 0.026025542058050632], "(3, 7, 1, 1)": [0.034016769379377365, 0.03787476383149624, 0.03812604211270809, 0.038233302533626556, 0.037998754531145096, 0.03608497232198715, 0.030788936652243137, 0.03746861405670643, 0.03257095254957676, 0.01983697898685932, 0.037725526839494705], "(3, 6, 1, 1)": [0.037913164123892784, 0.037553802132606506, 0.0355061162263155, 0.03782154060900211, 0.03789190202951431, 0.03274156246334314, 0.037278469651937485, 0.03671368211507797, 0.038350244984030724, 0.035279689356684685, 0.037536490708589554], "(3, 6, 2, 2)": [0.038096994161605835, 0.03765430487692356, 0.03787590563297272, 0.03802395612001419, 0.03728766180574894, 0.03777141869068146, 0.03740655444562435, 0.03470756486058235, 0.03740894794464111, 0.03638348542153835, 0.036055076867341995], "(3, 6, 1, 2)": [0.03584783524274826, 0.040994699113070965, 0.027665886096656322, 0.03384065255522728, 0.021166684105992317, 0.029538280330598354, 0.020229345187544823, 0.018611397594213486, 0.03518250770866871, 0.030884219333529472, 0.04000857472419739], "(3, 5, 1, 1)": [0.038064610213041306, 0.03509392775595188, 0.03565487638115883, 0.033316513523459435, 0.0379561185836792, 0.036963289603590965, 0.034158097580075264, 0.03664637356996536, 0.031019961461424828, 0.03492709621787071, 0.0265047550201416], "(3, 4, 1, 1)": [0.031885357573628426, 0.03555270843207836, 0.03320417366921902, 0.02923309989273548, 0.027544014155864716, 0.035662150010466576, 0.03532817121595144, 0.03530898131430149, 0.03419862687587738, 0.03173405956476927, 0.03363289497792721], "(2, 4, 1, 1)": [0.030636295676231384, 0.03450930863618851, 0.031925467774271965, 0.033907994627952576, 0.03493035212159157, 0.033788977190852165, 0.03121848963201046, 0.026359611190855503, 0.031794944778084755, 0.03320002183318138, 0.030855274759232998], "(2, 3, 1, 1)": [0.027765536680817604, 0.02984477300196886, 0.03170768544077873, 0.03157300315797329, 0.023518177680671215, 0.02788695227354765, 0.02632488589733839, 0.030528603121638298, 0.026753339916467667, 0.030116562731564045, 0.025611654855310917], "(2, 2, 1, 1)": [-0.02659931220114231, 0.007790525443851948, 0.0157661447301507, -0.01196802593767643, -0.011671459302306175, 0.01942791137844324, -0.012232081964612007, 0.006841510534286499, 0.003808128647506237, 0.022286062128841877, 0.02848981413990259], "(3, 3, 1, 2)": [0.0, 0.016237977892160416, 0.017456457018852234, 0.0, 0.0, 0.011362221091985703, 0.011475729756057262, 0.0, 0.01703302562236786, 0.0180182047188282, 0.0], "(2, 2, 2, 1)": [0.02050421293824911, 0.03391369804739952, 0.028206373564898968, 0.007927672937512398, 0.03968948870897293, 0.026837891899049282, 0.025689282454550266, 0.009625377133488655, 0.012201914563775063, 0.025093693286180496, 0.0278181666508317], "(2, 1, 1, 1)": [-0.06253235973417759, -0.05700545571744442, -0.027586745098233223, -0.031761081889271736, -0.03451511636376381, -0.041689565405249596, -0.03785763494670391, 0.008995039388537407, -0.05016833171248436, -0.04371553845703602, -0.005762636661529541], "(3, 7, 2, 2)": [0.03628573380410671, 0.03294210135936737, 0.03168755583465099, 0.031078971922397614, 0.034664424136281013, 0.024930201470851898, 0.03539597429335117, 0.02533313911408186, 0.03490757383406162, 0.031213381327688694, 0.03420794103294611], "(3, 8, 2, 2)": [0.026068936102092266, 0.014057787135243416, 0.0264211967587471, 0.012334926053881645, 0.013369555585086346, 0.02494504489004612, 0.023261189460754395, 0.021092589711770415, 0.0006370292976498604, -0.0023264558985829353, 0.02561366558074951], "(3, 8, 1, 1)": [0.023412873968482018, 0.024835480377078056, 0.027903526090085506, 0.022779669612646103, 0.023528434336185455, 0.022689089179039, 0.023509200662374496, 0.018864797428250313, 0.034326979890465736, 0.0370183102786541, 0.02418677043169737],