{"q_values": {"(2, 6, 1, 1)": [0.030113810673356056, 0.03860560432076454, 0.03615911491215229, 0.037608882412314415, 0.03799117170274258, 0.03911028243601322, 0.03870328702032566, 0.0384477823972702, 0.03842032141983509, 0.03684687986969948, 0.03800849989056587], "(2, 6, 2, 2)": [0.02712204959243536, 0.03709808737039566, 0.039055075496435165, 0.03687633387744427, 0.0381812434643507, 0.0383515153080225, 0.03654665872454643, 0.03165418654680252, 0.03750022128224373, 0.037304049357771873, 0.033758874982595444], "(2, 7, 2, 2)": [0.03538145124912262, 0.03139520902186632, 0.03452588990330696, 0.035431137308478355, 0.028728033415973186, 0.036392709240317345, 0.03261992707848549, 0.032724482007324696, 0.03618505038321018, 0.028443504124879837, 0.03275810368359089], "(2, 8, 2, 2)": [0.02941910084336996, 0.027950319461524487, 0.025563250295817852, 0.02244243724271655, 0.027619609609246254, 0.02355486247688532, 0.016212180256843567, 0.023105373606085777, 0.025910763069987297, 0.020672003738582134, 0.0234841238707304], "(2, 9, 2, 2)": [0.007284192834049463, 0.017228019423782825, 0.011508041992783546, 0.011609269306063652, 0.023730159271508455, 0.025917953811585903, 0.01585779618471861, -0.013600094243884087, 0.020084848161786795, 0.013686524704098701, -0.02099011279642582], "(2, 10, 2, 2)": [-0.03361527435481548, -0.01593482494354248, -0.009295057505369186, -0.03238464146852493, -0.04458758421242237, -0.013199560344219208, -0.039377566426992416, -0.030024331994354725, -0.009382719174027443, -0.039643097668886185, -0.012899668887257576], "(2, 1, 2, 2)": [-0.005784998647868633, 0.0, -0.011517629493027925, -0.008370266295969486, -0.017688047140836716, 0.02466198056936264, 0.014799601398408413, 0.033137962222099304, 0.015407138504087925, 0.036764432676136494, 0.01007426343858242], "(2, 2, 2, 2)": [0.024642948992550373, 0.027007369324564934, 0.02016268391162157, 0.0330658620223403, 0.03299559000879526, 0.028686062432825565, 0.029825747944414616, 0.028026070445775986, 0.028043195605278015, 0.029658752493560314, 0.03344818949699402], "(2, 3, 2, 2)": [0.03304295428097248, 0.03389292396605015, 0.03461389243602753, 0.03474723733961582, 0.03440665081143379, 0.03339735418558121, 0.035045262426137924, 0.035474127158522606, 0.03554964438080788, 0.03549833036959171, 0.03707483969628811], "(3, 3, 2, 2)": [0.0314919650554657, 0.031668717972934246, 0.023295871913433075, 0.022839292883872986, 0.03435892052948475, 0.032958462834358215, 0.034621549770236015, 0.03301104437559843, 0.03213154152035713, 0.03415365144610405, 0.03331662714481354], "(3, 4, 2, 2)": [0.03578677959740162, 0.03476412035524845, 0.03575378097593784, 0.033148596063256264, 0.03165170177817345, 0.03617227263748646, 0.034690091386437416, 0.03642887808382511, 0.03641846776008606, 0.02974076382815838, 0.0355872567743063], "(3, 4, 2, 1)": [0.02960072085261345, 0.03458330221474171, 0.03239133208990097, 0.03520239144563675, 0.03780812583863735, 0.03554890677332878, 0.034969158470630646, 0.03358901105821133, 0.036537494510412216, 0.03565501049160957, 0.03691232576966286], "(3, 3, 2, 1)": [0.03180872090160847, 0.0230351397767663, 0.03207096643745899, 0.029690280556678772, 0.02533558290451765, 0.0319215152412653, 0.031535365618765354, 0.03226138185709715, 0.037101203575730324, 0.027979817241430283, 0.03473006747663021], "(3, 3, 1, 1)": [0.02371200267225504, 0.023873338475823402, 0.026093469001352787, 0.017024477943778038, 0.024880556389689445, 0.02599053829908371, 0.02615720871835947, 0.025084977969527245, 0.022981881629675627, 0.02650591731071472, 0.015032549388706684], "(3, 2, 1, 1)": [-0.004456322640180588, 0.018450334202498198, -0.029734084382653236, 0.008221786003559828, -0.024161045788787305, 0.014714369550347328, 0.01106166560202837, 0.017151039093732834, 0.013085553422570229, 0.04345892183482647, 0.024589603766798973], "(3, 8, 1, 2)": [0.02432192023843527, 0.031033992767333984, 0.029912425205111504, 0.03616094961762428, 0.030897945165634155, 0.03238142654299736, 0.032841991633176804, 0.028285281732678413, 0.02369580790400505, 0.02575056627392769, 0.013923452235758305], "(3, 7, 1, 1)": [0.03629241697490215, 0.032903095707297325, 0.03598702326416969, 0.03098839893937111, 0.03480067662894726, 0.03284782916307449, 0.036960842087864876, 0.03225640580058098, 0.03331098426133394, 0.02563715446740389, 0.035693464800715446], "(3, 6, 1, 1)": [0.03587100841104984, 0.0358809232711792, 0.03678177483379841, 0.02904532477259636, 0.03732149116694927, 0.03723995387554169, 0.03897020034492016, 0.03286963887512684, 0.03484087251126766, 0.036468256264925, 0.03738515265285969], "(3, 6, 2, 2)": [0.029143999330699444, 0.03559616394340992, 0.030699914321303368, 0.03082074038684368, 0.0345310065895319, 0.03396226651966572, 0.03224606718868017, 0.027002569288015366, 0.0339298564940691, 0.03756584785878658, 0.03449014946818352], "(3, 6, 1, 2)": [0.037976182997226715, 0.040994699113070965, 0.027665886096656322, 0.037023723125457764, 0.042480720207095146, 0.029538280330598354, 0.020229345187544823, 0.018611397594213486, 0.029901841655373573, 0.030884219333529472, 0.04000857472419739], "(3, 5, 1, 1)": [0.037022482603788376, 0.036329299211502075, 0.034444814547896385, 0.034523895010352135, 0.03713829070329666, 0.034538259729743004, 0.0399918369948864, 0.032162101939320564, 0.0317376209422946, 0.03422334138303995, 0.030300822108983994], "(3, 4, 1, 1)": [0.034030456095933914, 0.024932854808866978, 0.035762105137109756, 0.033937640488147736, 0.03602958098053932, 0.035111356526613235, 0.03524100221693516, 0.02576629165560007, 0.028349539265036583, 0.03720719739794731, 0.03353089094161987], "(2, 4, 1, 1)": [0.03491687402129173, 0.03298076428472996, 0.03231073450297117, 0.03196502383798361, 0.034715987741947174, 0.03179118409752846, 0.0341298570856452, 0.03449101001024246, 0.034453682601451874, 0.030208516865968704, 0.03338318504393101], "(2, 3, 1, 1)": [0.029190012253820896, 0.02934613823890686, 0.029666805639863014, 0.02398407831788063, 0.02025342546403408, 0.019736772403120995, 0.020067806355655193, 0.02419163892045617, 0.03069428540766239, 0.02739578764885664, 0.030619063414633274], "(2, 2, 1, 1)": [-0.0016675973311066628, 0.014892898499965668, 0.005013303831219673, -0.01068594679236412, 0.0123675805516541, 0.004343772307038307, -0.012807583436369896, 0.012427310459315777, 0.01235461700707674, 0.03605133853852749, 0.011628581210970879], "(3, 3, 1, 2)": [0.0, 0.03006088361144066, 0.017456457018852234, 0.013903340324759483, 0.013730608858168125, 0.011362221091985703, 0.011475729756057262, 0.0, 0.01703302562236786, 0.03666045144200325, 0.0], "(2, 2, 2, 1)": [0.011870188638567924, 0.014000730589032173, 0.03072067443281412, 0.029597630724310875, 0.025224594399333, 0.02684925775974989, 0.0292847640812397, 0.0327322818338871, 0.03085796907544136, 0.030717410147190094, 0.03180779796093702], "(2, 1, 1, 1)": [-0.0629580207169056, -0.0326837133616209, -0.020418409258127213, -0.016814298927783966, -0.05101942829787731, -0.021501742536202073, -0.03785763494670391, -0.01617173384875059, -0.03330283239483833, -0.031064346432685852, 0.0030928421765565872], "(3, 7, 2, 2)": [0.03310189209878445, 0.027938089333474636, 0.030852723866701126, 0.034609751775860786, 0.026758674532175064, 0.034217593260109425, 0.033181519247591496, 0.02637437079101801, 0.02778270933777094, 0.01911318674683571, 0.021081351675093174], "(3, 8, 2, 2)": [0.014878129586577415, 0.027987567707896233, 0.012241693213582039, 0.01697518303990364, 0.019900170154869556, 0.020076320506632328, 0.013344950042665005, 0.022126122377812862, 0.020897476002573967, 0.019502922892570496, 0.01800152100622654], "(3, 8, 1, 1)": [0.02960488572716713, 0.03245171159505844, 0.03008370939642191, 0.030634515918791294, 0.029262453317642212, 0.03159369993954897, 0.030681241303682327, 0.03331791050732136, 0.03136481624096632, 0.028855765238404274, 0.03113297652453184],