{"q_values": {"(2, 6, 1, 1)": [0.0, 0.0, 0.0, 0.0, 0.0, 0.0, 0.0, 0.0, 0.0, 0.0, 0.01193000003695488], "(2, 6, 2, 2)": [0.0, 0.0, 0.0, 0.0, 0.0, 0.0, 0.0, 0.011827723123133183, 0.0, 0.011892324313521385, 0.0], "(2, 7, 2, 2)": [0.01167178712785244, 0.0, 0.009149102494120598, 0.0, 0.0, 0.01170251052826643, 0.0, 0.0, 0.011645099148154259, 0.011574944481253624, 0.0], "(2, 8, 2, 2)": [0.0, 0.0, 0.0, 0.0, 0.011322684586048126, 0.0, 0.010799402371048927, 0.0, 0.026662343181669712, 0.0, 0.0], "(2, 9, 2, 2)": [0.0, 0.009931817650794983, 0.010589934885501862, 0.0, 0.0, 0.010131516493856907, 0.0, 0.010375076904892921, 0.0, 0.0, 0.0], "(2, 10, 2, 2)": [0.0, 0.0, 0.0, -0.02620716392993927, 0.0, 0.0, 0.0, 0.0, 0.0, 0.0, 0.0]}}