{"q_values": {"(2, 6, 1, 1)": [0.03561008907854557, 0.03769488073885441, 0.039007168263196945, 0.03755412623286247, 0.03729957342147827, 0.03244899399578571, 0.03763709031045437, 0.038468386977910995, 0.03774520941078663, 0.03684200532734394, 0.034079426899552345], "(2, 6, 2, 2)": [0.03539623133838177, 0.03388502448797226, 0.026119777001440525, 0.026447171345353127, 0.035619571805000305, 0.035665363073349, 0.03562102094292641, 0.034044791013002396, 0.035027552396059036, 0.03586945869028568, 0.03397523984313011], "(2, 7, 2, 2)": [0.0342471357434988, 0.028364602476358414, 0.03250044584274292, 0.029879892244935036, 0.034755174070596695, 0.03097300138324499, 0.0337558276951313, 0.03133071679621935, 0.03455374389886856, 0.03275841474533081, 0.034813353791832924], "(2, 8, 2, 2)": [0.018803750164806843, 0.03159034065902233, 0.03073488362133503, 0.03197007067501545, 0.0336452666670084, 0.024909096769988537, 0.030360602773725986, 0.028814335353672504, 0.001003970392048359, -0.0011142641305923462, 0.031579602509737015], "(2, 9, 2, 2)": [0.007810540497303009, -0.009767002426087856, 0.008903708774596453, -0.016690170392394066, 0.010098580969497561, 0.01049525011330843, -0.008078671991825104, -0.005719337612390518, 0.008653871715068817, 0.011113821994513273, 0.011207444593310356], "(2, 10, 2, 2)": [0.0015154201537370682, -0.015060988254845142, -0.0448228120803833, -0.021727215498685837, -0.04458758421242237, -0.016848402097821236, -0.039377566426992416, -0.028245755471289158, -0.012682322412729263, -0.0017953291535377502, -0.05004047974944115], "(2, 1, 2, 2)": [-0.005784998647868633, 0.0, -0.011517629493027925, -0.008370266295969486, -0.017688047140836716, 0.03213817626237869, 0.014799601398408413, 0.03017415665090084, 0.014181247912347317, 0.036764432676136494, 0.01007426343858242], "(2, 2, 2, 2)": [0.02807355858385563, 0.03178071975708008, 0.009789793752133846, 0.013668457977473736, 0.02844342030584812, 0.027051220647990704, 0.029360943473875523, 0.03043002262711525, 0.03055616468191147, 0.032624535262584686, 0.032412814907729626], "(2, 3, 2, 2)": [0.028822116553783417, 0.03384471870958805, 0.029644927009940147, 0.03701572306454182, 0.034604791551828384, 0.03369017597287893, 0.03402833640575409, 0.03431923873722553, 0.033437704667449, 0.03212052118033171, 0.03460521996021271], "(3, 3, 2, 2)": [0.032272256910800934, 0.03586488589644432, 0.034943701699376106, 0.033535486087203026, 0.032674677670001984, 0.0366329587996006, 0.029896462336182594, 0.03552381694316864, 0.030958784744143486, 0.034923626109957695, 0.0349898524582386], "(3, 4, 2, 2)": [0.030138937756419182, 0.03408079780638218, 0.031438134610652924, 0.03414785489439964, 0.03055442962795496, 0.03432845138013363, 0.028522461652755737, 0.03267540782690048, 0.03266236372292042, 0.029805297031998634, 0.029599087312817574], "(3, 4, 2, 1)": [0.03326336108148098, 0.030388804152607918, 0.03127671964466572, 0.033876627683639526, 0.03356371074914932, 0.03551715612411499, 0.031108178198337555, 0.034716224297881126, 0.030795471742749214, 0.029807323589920998, 0.031002061441540718], "(3, 3, 2, 1)": [0.03431213367730379, 0.034194523468613625, 0.03091930877417326, 0.03412017039954662, 0.03453352302312851, 0.03335858695209026, 0.034267744049429893, 0.03325838316231966, 0.03432572819292545, 0.035161957144737244, 0.03595547378063202], "(3, 3, 1, 1)": [0.03152268845587969, 0.02396315522491932, 0.031514646485447884, 0.027943149209022522, 0.03187715634703636, 0.023431888781487942, 0.02218929212540388, 0.03177202958613634, 0.01065848395228386, 0.03167002182453871, 0.027783808298408985], "(3, 2, 1, 1)": [0.01866313675418496, -0.0001446641981601715, 0.006212256848812103, -0.008032076992094517, 0.003135107457637787, 0.03344210237264633, 0.007605115883052349, 0.015150514431297779, 0.03250712621957064, 0.02999536134302616, 0.04284409433603287], "(3, 8, 1, 2)": [0.02982539962977171, 0.031033992767333984, 0.031069697812199593, 0.03115619532763958, 0.03178670722991228, 0.031070038676261902, 0.01246449165046215, 0.021653121802955866, 0.02369580790400505, 0.031293473206460476, 0.0168307488784194], "(3, 7, 1, 1)": [0.03450915031135082, 0.03585525043308735, 0.0354571808129549, 0.035404566675424576, 0.03430934436619282, 0.03533833846449852, 0.03348742984235287, 0.0355349313467741, 0.03293014783412218, 0.03268357366323471, 0.03443366475403309], "(3, 6, 1, 1)": [0.03535028547048569, 0.0355437807738781, 0.032088400796055794, 0.036178944632411, 0.032840704545378685, 0.0355157945305109, 0.033950796350836754, 0.03528055362403393, 0.03422848880290985, 0.0341520756483078, 0.03403325658291578], "(3, 6, 2, 2)": [0.03332538902759552, 0.03385167755186558, 0.03546812944114208, 0.03477751277387142, 0.034839851781725883, 0.035728730261325836, 0.03395686857402325, 0.031495507806539536, 0.03609703294932842, 0.03503776714205742, 0.034350717440247536], "(3, 6, 1, 2)": [0.037976182997226715, 0.03198572900146246, 0.034720392897725105, 0.03815330192446709, 0.03823709301650524, 0.03994421102106571, 0.039811087772250175, 0.03667156398296356, 0.03197827190160751, 0.038086848333477974, 0.04000857472419739], "(3, 5, 1, 1)": [0.03192460536956787, 0.02854082826524973, 0.030127963051199913, 0.034801727160811424, 0.031288886442780495, 0.0328192412853241, 0.030045652762055397, 0.02186238206923008, 0.032251039519906044, 0.03501533158123493, 0.022935912013053894], "(3, 4, 1, 1)": [0.028389349579811096, 0.03976176120340824, 0.03147940710186958, 0.03196116629987955, 0.03189852740615606, 0.029953659512102604, 0.0371867623180151, 0.029311446473002434, 0.028609421104192734, 0.03432977944612503, 0.03066124301403761], "(2, 4, 1, 1)": [0.025420039892196655, 0.03133500926196575, 0.028745473362505436, 0.030080925673246384, 0.027269303798675537, 0.029777574352920055, 0.03089581150561571, 0.030904890969395638, 0.029569221660494804, 0.029765459708869457, 0.031247632578015327], "(2, 3, 1, 1)": [0.01366351218894124, 0.032929012551903725, 0.020502854138612747, 0.0202059643343091, 0.029517529532313347, 0.025250861421227455, 0.036306437104940414, 0.03604865446686745, 0.022871822118759155, 0.03538831975311041, 0.02671839389950037], "(2, 2, 1, 1)": [-0.017045944929122925, -0.01952082524076104, -0.021311639808118343, -0.02316029742360115, 0.004510108381509781, 0.014013221021741629, 0.0037664836272597313, 0.005180793814361095, 0.004534188657999039, 0.007669172249734402, 0.006759384647011757], "(3, 3, 1, 2)": [0.02161676064133644, 0.03006088361144066, 0.017456457018852234, 0.013903340324759483, 0.013730608858168125, 0.011362221091985703, 0.011475729756057262, 0.0, 0.037781503051519394, 0.03488374687731266, 0.0], "(2, 2, 2, 1)": [0.020697503350675106, 0.0202136542648077, 0.015153376385569572, 0.018129916861653328, 0.02758070547133684, 0.029611699283123016, 0.03074694238603115, 0.03019103594124317, 0.023026732727885246, 0.029248300939798355, 0.03525871969759464], "(2, 1, 1, 1)": [-0.05799924582242966, -0.0326837133616209, -0.025973470881581306, -0.03182476107031107, -0.038018206134438515, -0.03072037361562252, -0.03785763494670391, -0.052228908985853195, -0.029294637963175774, -0.022741518914699554, -0.04578115791082382], "(3, 7, 2, 2)": [0.03747118264436722, 0.035773977637290955, 0.024536222219467163, 0.03374865464866161, 0.02493132371455431, 0.03550752252340317, 0.03264446556568146, 0.03540927916765213, 0.02651883289217949, 0.03605684079229832, 0.03617001511156559], "(3, 8, 2, 2)": [0.03915715776383877, 0.018318609334528446, 0.01288036024197936, 0.0031598806381225586, 0.02401154674589634, 0.019044124986976385, 0.015402840450406075, 0.021303868852555752, 0.01835987577214837, 0.017073348630219698, 0.02042887406423688], "(3, 8, 1, 1)": [0.03543919324874878, 0.036788392812013626, 0.03591405786573887, 0.03591800108551979, 0.03593473136425018, 0.03383904509246349, 0.036164214834570885, 0.036059776321053505, 0.03343307599425316, 0.029578937217593193, 0.034228334203362465],