{"q_values": {"(2, 6, 1, 1)": [0.03510158322751522, 0.036556828767061234, 0.035129763185977936, 0.0389843862503767, 0.030763039365410805, 0.03701483830809593, 0.03504599817097187, 0.03312454745173454, 0.03490234725177288, 0.03414005786180496, 0.029500920325517654], "(2, 6, 2, 2)": [0.03284544125199318, 0.032393161207437515, 0.03379942290484905, 0.035681216046214104, 0.029920007102191448, 0.0316960783675313, 0.03293145727366209, 0.03328099846839905, 0.03013858012855053, 0.027728945016860962, 0.03884883224964142], "(2, 7, 2, 2)": [0.034250400960445404, 0.03162150923162699, 0.03372391313314438, 0.03245809115469456, 0.030042825266718864, 0.030353210866451263, 0.033452725037932396, 0.03372684307396412, 0.032890467904508114, 0.03629699535667896, 0.034237802028656006], "(2, 8, 2, 2)": [0.0287099564447999, 0.03008278924971819, 0.02632889524102211, 0.028899135999381542, 0.02835902851074934, 0.03177681937813759, 0.0288612162694335, 0.029651320539414883, 0.02939426712691784, 0.02652299962937832, 0.02769325114786625], "(2, 9, 2, 2)": [0.021750171668827534, 0.02290090173482895, 0.024221771396696568, 0.012645050883293152, 0.022295331582427025, 0.017189871519804, 0.020090525969862938, 0.016694655176252127, 0.023452499881386757, 0.018910991959273815, 0.0057282946072518826], "(2, 10, 2, 2)": [-0.014060515677556396, -0.013351615983992815, -0.016464844346046448, -0.015524882823228836, -0.01841204334050417, -0.009885757463052869, -0.016718485858291388, -0.014024837873876095, -0.02040758077055216, -0.019395345356315374, -0.021616164594888687], "(2, 1, 2, 2)": [0.005797450430691242, 0.00041226253961212933, 0.0, 0.0, 0.002494610147550702, 0.004124405677430332, 0.0, 0.012412994634360075, 0.0036334514152258635, 0.003150995820760727, 0.002510425867512822], "(2, 2, 2, 2)": [0.025465442799031734, 0.028984143398702145, 0.028313929215073586, 0.027517622336745262, 0.029666717164218426, 0.03126875776797533, 0.02618440892547369, 0.029761943966150284, 0.028365157544612885, 0.02936566900461912, 0.035260872915387154], "(2, 3, 2, 2)": [0.030260633677244186, 0.02580276597291231, 0.028531953692436218, 0.03165306057780981, 0.030674606561660767, 0.03392353653907776, 0.03167947381734848, 0.027676893398165703, 0.03711346536874771, 0.031795511953532696, 0.031885950826108456], "(3, 3, 2, 2)": [0.030087070539593697, 0.025109910406172276, 0.024397827684879303, 0.029114785604178905, 0.026139418594539165, 0.027429903857409954, 0.03318658098578453, 0.022914286702871323, 0.02448909543454647, 0.0182389784604311, 0.026159770786762238], "(3, 4, 2, 2)": [0.036938419565558434, 0.03405570238828659, 0.037094179540872574, 0.035994285717606544, 0.036609018221497536, 0.03615657240152359, 0.03671354986727238, 0.03682429529726505, 0.03831246308982372, 0.039370860904455185, 0.03698908910155296], "(3, 4, 2, 1)": [0.0145754455588758, 0.022042687982320786, 0.012146875727921724, 0.02030747290700674, 0.015526221599429846, 0.009329154156148434, 0.018605411052703857, 0.011791814118623734, 0.021045132540166378, 0.03507307916879654, 0.021578531712293625], "(3, 3, 2, 1)": [0.016270121093839407, 0.018746322952210903, 0.017803366295993328, 0.0, 0.0152237294241786, 0.01818043179810047, 0.013210886158049107, 0.01655916590243578, 0.02595938928425312, 0.021201027557253838, 0.0028613663744181395], "(3, 3, 1, 1)": [0.029646542854607105, 0.028774669393897057, 0.02986515499651432, 0.026354044675827026, 0.0334231685847044, 0.03152307029813528, 0.02058602962642908, 0.02886150684207678, 0.029927300289273262, 0.027983971871435642, 0.030476003885269165], "(3, 2, 1, 1)": [0.012410422787070274, 0.013116446789354086, 0.013545955996960402, 0.016479662619531155, 0.01227386062964797, 0.018934382125735283, 0.022526332177221775, 0.023570402525365353, 0.02656547073274851, 0.023379645310342312, 0.0263792360201478], "(3, 8, 1, 2)": [0.014499745331704617, 0.01878018188290298, 0.02269766665995121, 0.014293333049863577, 0.018391571007668972, 0.018289347179234028, 0.018286163918673992, 0.0333850234746933, 0.023155633360147476, 0.02081281365826726, 0.013507699128240347], "(3, 7, 1, 1)": [0.02697718422859907, 0.03204170800745487, 0.02813907526433468, 0.030774857848882675, 0.028868834488093853, 0.027826832607388496, 0.028941228054463863, 0.03624451905488968, 0.028489568270742893, 0.033232832327485085, 0.03708062320947647], "(3, 6, 1, 1)": [0.03392935171723366, 0.033098542131483555, 0.03608197346329689, 0.035717884078621864, 0.03572540730237961, 0.03622266463935375, 0.03878287971019745, 0.031834433786571026, 0.03352684713900089, 0.03615253232419491, 0.03385799750685692], "(3, 6, 2, 2)": [0.036789700388908386, 0.03686993569135666, 0.0372359249740839, 0.03824174031615257, 0.03826838731765747, 0.03838900104165077, 0.03864266723394394, 0.038627758622169495, 0.038294803351163864, 0.038596440106630325, 0.037982285022735596], "(3, 6, 1, 2)": [0.014331087470054626, 0.0057114046066999435, 0.002998191164806485, 0.012583063449710608, 0.012399842496961355, 0.007868018932640553, 0.00556420860812068, 0.025847353041172028, 0.006989230401813984, 0.006585783325135708, 0.008759915363043547], "(3, 5, 1, 1)": [0.03353447001427412, 0.036172108724713326, 0.03374188952147961, 0.03317349776625633, 0.036556217819452286, 0.03423719294369221, 0.0358926746994257, 0.03257785923779011, 0.03364384360611439, 0.03933507390320301, 0.033511729910969734], "(3, 4, 1, 1)": [0.03157622739672661, 0.025375908240675926, 0.033322639763355255, 0.03231397923082113, 0.03341434337198734, 0.03099800180643797, 0.031046955846250057, 0.028705344535410404, 0.034134505316615105, 0.01788551453500986, 0.03698577731847763], "(2, 4, 1, 1)": [0.03664509765803814, 0.036778805777430534, 0.037512294948101044, 0.036248354241251945, 0.03627637028694153, 0.03606832027435303, 0.036126501858234406, 0.03553367778658867, 0.03380671329796314, 0.03411419317126274, 0.03222087770700455], "(2, 3, 1, 1)": [0.03004900924861431, 0.03241150267422199, 0.029496004804968834, 0.0318293459713459, 0.03163969703018665, 0.031052369624376297, 0.030473762191832066, 0.03192238323390484, 0.03145655896514654, 0.03139352984726429, 0.029263206757605076], "(2, 2, 1, 1)": [0.016942671965807676, 0.00929351057857275, 0.014586509671062231, 0.01793054211884737, 0.017005453817546368, 0.021388495340943336, 0.02259140368551016, 0.024309901520609856, 0.02343185618519783, 0.021457482129335403, 0.02048350404947996], "(3, 3, 1, 2)": [0.004136822186410427, 0.0159364752471447, 0.0037774580996483564, 0.008072090335190296, 0.002807360142469406, 0.0, 0.0067994240671396255, 0.005172738805413246, 0.0, 0.008658511564135551, 0.0], "(2, 2, 2, 1)": [0.010996915400028229, 0.018293153028935194, 0.022864539176225662, 0.01780208107084036, 0.017698361538350582, 0.013728713616728783, 0.02367249596863985, 0.021840592846274376, 0.007678947411477566, 0.03169288206845522, 0.023591451346874237], "(2, 1, 1, 1)": [-0.0175070078112185, -0.016861579846590757, -0.015719616785645485, -0.017563736531883478, -0.02508373698219657, -0.023205936420708895, -0.02639833465218544, -0.019939741119742393, -0.025599360466003418, -0.016351296566426754, -0.009091551881283522], "(3, 7, 2, 2)": [0.03646385110914707, 0.036746324971318245, 0.03658438101410866, 0.0372347105294466, 0.03703688830137253, 0.037397995591163635, 0.03752938471734524, 0.03773222863674164, 0.037398094311356544, 0.03697112388908863, 0.036944253370165825], "(3, 8, 2, 2)": [0.03694763779640198, 0.03238491527736187, 0.03370035998523235, 0.035102350637316704, 0.03454865142703056, 0.03575572185218334, 0.035714948549866676, 0.03429245017468929, 0.03412977606058121, 0.03350308537483215, 0.03453165665268898], "(3, 8, 1, 1)": [0.035380324348807335, 0.035384755581617355, 0.035308729857206345, 0.03765362128615379, 0.03198693413287401, 0.0325844120234251, 0.033880097791552544, 0.026883049868047237, 0.024449207819998264, 0.021941945888102055, 0.03418070264160633],