{"q_values": {"(2, 6, 1, 1)": [0.02776328381150961, 0.027644495479762554, 0.028971191495656967, 0.03184862621128559, 0.027186989784240723, 0.031054409220814705, 0.026855078525841236, 0.02895970828831196, 0.026679301634430885, 0.023030485957860947, 0.025417909026145935], "(2, 6, 2, 2)": [0.019012868404388428, 0.0248963488265872, 0.024999872781336308, 0.023871182464063168, 0.023099930956959724, 0.022581797093153, 0.025250550359487534, 0.024320422671735287, 0.027454904280602932, 0.02288305200636387, 0.029114327393472195], "(2, 7, 2, 2)": [0.030918310396373272, 0.02336100023239851, 0.027544204145669937, 0.024770015850663185, 0.026121607050299644, 0.02341587468981743, 0.023892486467957497, 0.024398607201874256, 0.02183501236140728, 0.03342868946492672, 0.030781248584389687], "(2, 8, 2, 2)": [0.021979319863021374, 0.02455942891538143, 0.02121485210955143, 0.02617128286510706, 0.02479852270334959, 0.031312696635723114, 0.023069508373737335, 0.020910212770104408, 0.025206828489899635, 0.025909701362252235, 0.024331815540790558], "(2, 9, 2, 2)": [0.008424561005085707, 0.016472297720611095, 0.016325263772159815, 0.022156955674290657, 0.009827099274843931, 0.012832177337259054, 0.020676998421549797, 0.018507059663534164, 0.0049063898622989655, 0.009432134218513966, 0.016345023177564144], "(2, 10, 2, 2)": [-0.009858605219051242, -0.0033648493699729443, -0.01088252104818821, -0.014812536537647247, -0.015350434929132462, -0.006041320506483316, -0.005936430301517248, -0.011939950287342072, -0.016752569004893303, -0.004129265900701284, -0.015923547092825174], "(2, 1, 2, 2)": [0.003982916008681059, 0.0, 0.0, 0.0, 0.002494610147550702, 0.004124405677430332, 0.0, 0.008527261205017567, 0.0036334514152258635, 0.0, 0.002510425867512822], "(2, 2, 2, 2)": [0.017420430667698383, 0.012871713377535343, 0.020535861141979694, 0.016894081607460976, 0.010110672796145082, 0.016947181895375252, 0.007427290780469775, 0.016006451100111008, 0.008707845816388726, 0.006992210866883397, 0.026333381421864033], "(2, 3, 2, 2)": [0.02066968660801649, 0.009771937504410744, 0.012059040134772658, 0.015433405293151736, 0.015277125872671604, 0.015457356348633766, 0.01772960275411606, 0.01741012930870056, 0.022842660546302795, 0.017165360040962696, 0.016519993543624878], "(3, 3, 2, 2)": [0.02189374901354313, 0.01902636606246233, 0.013692758046090603, 0.010703181149438024, 0.015510537661612034, 0.017182186245918274, 0.01778672495856881, 0.017992001958191395, 0.013267240021377802, 0.012540147639811039, 0.013020881917327642], "(3, 4, 2, 2)": [0.02229935582727194, 0.01637912727892399, 0.013490112265571952, 0.022666902281343937, 0.022740161046385765, 0.018795900978147984, 0.019337574020028114, 0.021882161498069763, 0.024121717549860477, 0.030063974671065807, 0.028124003671109676], "(3, 4, 2, 1)": [0.0, 0.01315030176192522, 0.012146875727921724, 0.0, 0.006228290731087327, 0.0, 0.004961424507200718, 0.0028817730490118265, 0.015139421448111534, 0.0193815715610981, 0.011018779128789902], "(3, 3, 2, 1)": [0.0056822956539690495, 0.0028018432203680277, 0.009530674666166306, 0.0, 0.010969782480970025, 0.00795199372805655, 0.0075739226303994656, 0.006172783672809601, 0.01506110280752182, 0.005264004692435265, 0.0028613663744181395], "(3, 3, 1, 1)": [0.02222893387079239, 0.019953185692429543, 0.01990707591176033, 0.017994411755353212, 0.025757606141269207, 0.014934170292690396, 0.01614007819443941, 0.005992942489683628, 0.01549645746126771, 0.022414816543459892, 0.011682156473398209], "(3, 2, 1, 1)": [0.006714282091706991, 0.011818612925708294, 0.01467879256233573, 0.020371289923787117, 0.014830329455435276, 0.017454286105930805, 0.017041262239217758, 0.005904418881982565, 0.01848243735730648, 0.01768921222537756, 0.01099411048926413], "(3, 8, 1, 2)": [0.007540522143244743, 0.009891632245853543, 0.014654271770268679, 0.0068652695044875145, 0.01571738999336958, 0.011482828296720982, 0.006902122171595693, 0.019237366504967213, 0.011354907415807247, 0.006511988118290901, 0.008193246088922024], "(3, 7, 1, 1)": [0.014229035470634699, 0.017197524197399616, 0.01636220281943679, 0.021303264424204826, 0.018941938877105713, 0.018987524323165417, 0.021221277303993702, 0.026476397179067135, 0.010444458574056625, 0.01662600156851113, 0.014144307468086481], "(3, 6, 1, 1)": [0.030924604274332523, 0.02615921664983034, 0.02761492971330881, 0.029654094018042088, 0.028412943705916405, 0.023061370477080345, 0.031785741448402405, 0.027771826833486557, 0.02898896113038063, 0.029009168036282063, 0.02348340768367052], "(3, 6, 2, 2)": [0.03210294432938099, 0.03254138492047787, 0.031285895965993404, 0.03332580253481865, 0.0324782133102417, 0.029657251201570034, 0.03510853461921215, 0.033654335886240005, 0.031939526088535786, 0.03447211720049381, 0.03235999494791031], "(3, 6, 1, 2)": [0.009955530986189842, 0.0, 0.002998191164806485, 0.0040267459116876125, 0.0069794864393770695, 0.002993850503116846, 0.00556420860812068, 0.023844518698751926, 0.006989230401813984, 0.006585783325135708, 0.008759915363043547], "(3, 5, 1, 1)": [0.027962842024862766, 0.029499784111976624, 0.028653768822550774, 0.024757585488259792, 0.028197145089507103, 0.030475430190563202, 0.02861310075968504, 0.028631068766117096, 0.027512109838426113, 0.032496100291609764, 0.017910826951265335], "(3, 4, 1, 1)": [0.02362652961164713, 0.020701580680906773, 0.024716929532587528, 0.02550254389643669, 0.025074769742786884, 0.017722642980515957, 0.022443569265305996, 0.02109252940863371, 0.017404125072062016, 0.01026814291253686, 0.03102434892207384], "(2, 4, 1, 1)": [0.03495900146663189, 0.026926026679575443, 0.02791598904877901, 0.02934610564261675, 0.029078892432153225, 0.02766869217157364, 0.030623655766248703, 0.028924889862537384, 0.02970345225185156, 0.026303250342607498, 0.013994312845170498], "(2, 3, 1, 1)": [0.02730920258909464, 0.030299441888928413, 0.02444842830300331, 0.027936057187616825, 0.029222152195870876, 0.021218644455075264, 0.028929072432219982, 0.024570251815021038, 0.022739963605999947, 0.026269356720149517, 0.022772399708628654], "(2, 2, 1, 1)": [0.015390537679195404, 0.02082609198987484, 0.014338211622089148, 0.008145213825628161, 0.01733062556013465, 0.021349525079131126, 0.017548856791108847, 0.011070851352997124, 0.01910842675715685, 0.018932239152491093, 0.015385475941002369], "(3, 3, 1, 2)": [0.004136822186410427, 0.00971671100705862, 0.0037774580996483564, 0.00436782231554389, 0.0, 0.0, 0.0, 0.0, 0.0, 0.005583086051046848, 0.0], "(2, 2, 2, 1)": [0.007584611652418971, 0.018178744241595268, 0.01651057507842779, 0.013599220663309097, 0.0032253097742795944, 0.010898484848439693, 0.015872021205723286, 0.01362161198630929, 0.007678947411477566, 0.02021743915975094, 0.008258405141532421], "(2, 1, 1, 1)": [-0.017030952963978052, -0.010272374376654625, -0.010953416116535664, -0.017563736531883478, -0.025224154349416494, -0.018989920616149902, -0.01834926102310419, -0.015593804884701967, -0.02310862857848406, -0.00880404282361269, -0.0077451481483876705], "(3, 7, 2, 2)": [0.025564763695001602, 0.029661405831575394, 0.026471261866390705, 0.03268930409103632, 0.026363128796219826, 0.032106928527355194, 0.03512258641421795, 0.03311830386519432, 0.030172323808073997, 0.03120534773916006, 0.03174510411918163], "(3, 8, 2, 2)": [0.026616537012159824, 0.0246961684897542, 0.031077295541763306, 0.02406394202262163, 0.028900086879730225, 0.0267726331949234, 0.02769723255187273, 0.028431691229343414, 0.029616961255669594, 0.024928350932896137, 0.026124153286218643], "(3, 8, 1, 1)": [0.022998887114226818, 0.021422481629997492, 0.016351237893104553, 0.01529961172491312, 0.021329783834517002, 0.021565967239439487, 0.01920558698475361, 0.006368212401866913, 0.011221297085285187, 0.012679202482104301, 0.028329305350780487],