{"q_values": {"(2, 6, 2, 2)": [0.019453667104244232, 0.018874961882829666, 0.019347986206412315, 0.019305074587464333, 0.01918635331094265, 0.019251037389039993, 0.0195106640458107, 0.019282588735222816, 0.019277658313512802, 0.01935569941997528, 0.019199088215827942], "(2, 6, 1, 1)": [0.019473738968372345, 0.015928903594613075, 0.019621727988123894, 0.019138077273964882, 0.0195872001349926, 0.01940905675292015, 0.01923869177699089, 0.019464625045657158, 0.019232869148254395, 0.019044211134314537, 0.019302990287542343], "(2, 7, 2, 2)": [0.018758030608296394, 0.018779896199703217, 0.01900157518684864, 0.018978670239448547, 0.018968671560287476, 0.01901429146528244, 0.01879199407994747, 0.018856042996048927, 0.01885334402322769, 0.01841619238257408, 0.0187168400734663], "(2, 7, 1, 1)": [0.019148962572216988, 0.01883634738624096, 0.01890082098543644, 0.019222626462578773, 0.019125664606690407, 0.018727727234363556, 0.018989594653248787, 0.01895427331328392, 0.01889924332499504, 0.01871914602816105, 0.018978195264935493], "(2, 6, 1, 2)": [0.014516777358949184, 0.01722484827041626, 0.010417811572551727, 0.0192401260137558, 0.010630431585013866, 0.013411711901426315, 0.0042508444748818874, 0.014237212017178535, 0.014994852244853973, 0.017325319349765778, 0.014860373921692371], "(2, 7, 1, 2)": [0.01554015651345253, 0.012003988958895206, 0.01726236566901207, 0.01777811348438263, 0.012759283185005188, 0.0, 0.013560906052589417, 0.01418379321694374, 0.016507621854543686, 0.018615558743476868, 0.017310796305537224], "(2, 8, 2, 2)": [0.017836149781942368, 0.017882220447063446, 0.017481405287981033, 0.017748292535543442, 0.017782971262931824, 0.017810551449656487, 0.01774556003510952, 0.01791595295071602, 0.017531145364046097, 0.017554372549057007, 0.017545554786920547], "(2, 8, 1, 2)": [0.01834791898727417, 0.014937344007194042, 0.014139803126454353, 0.01644047349691391, 0.013464560732245445, 0.015006447210907936, 0.013041584752500057, 0.016221139580011368, 0.0054077524691820145, 0.013954699039459229, 0.014725584536790848], "(2, 8, 1, 1)": [0.018597552552819252, 0.018167246133089066, 0.01861666329205036, 0.01853075623512268, 0.01850154995918274, 0.01853853650391102, 0.01828194223344326, 0.01838117651641369, 0.017676550894975662, 0.01828078180551529, 0.018199797719717026], "(2, 9, 2, 2)": [0.016879387199878693, 0.013602018356323242, 0.014695256017148495, 0.003888106904923916, 0.0067781610414385796, 0.014167039655148983, 0.009369335137307644, 0.013985076919198036, 0.01324145495891571, 0.014321548864245415, 0.015245618298649788], "(3, 4, 1, 2)": [0.005674644839018583, 0.0, 0.009443999268114567, 0.008288152515888214, 0.014468513429164886, 0.0, 0.016255859285593033, 0.005827244371175766, 0.0, 0.008429700508713722, 0.0], "(2, 1, 2, 2)": [0.0, 0.0, 0.0025010262615978718, 0.007690213155001402, 0.007383496034890413, 0.006206555292010307, 0.01038379967212677, 0.0024958252906799316, 0.005221834406256676, 0.00831042230129242, 0.005110736005008221], "(2, 1, 1, 1)": [-0.009629903361201286, -0.014684902504086494, -0.014100470580160618, -0.007838339544832706, -0.006218471564352512, -0.007811605464667082, -0.013554638251662254, -0.008878161199390888, -0.011893602088093758, -0.011530760675668716, 0.0014385264366865158], "(3, 8, 1, 2)": [0.013916471973061562, 0.0117403045296669, 0.017297884449362755, 0.014057494699954987, 0.014853712171316147, 0.01174498163163662, 0.009217950515449047, 0.01675485633313656, 0.004292105324566364, 0.007563627790659666, 0.013013184070587158], "(3, 8, 2, 2)": [0.0183736402541399, 0.01757906936109066, 0.017476698383688927, 0.017827222123742104, 0.018083885312080383, 0.017958909273147583, 0.01783270202577114, 0.01735287345945835, 0.01783863455057144, 0.017366886138916016, 0.017473727464675903], "(3, 9, 2, 2)": [0.013578983955085278, 0.014265231788158417, 0.006997225806117058, 0.011799595318734646, 0.010192806832492352, 0.01603190042078495, 0.01188367884606123, 0.014675339683890343, 0.006654519122093916, 0.007989485748112202, 0.010717539116740227], "(2, 8, 2, 1)": [0.0053961812518537045, 0.0, 0.0, 0.0, 0.008739951066672802, 0.0032963675912469625, 0.01091237273067236, 0.004962943959981203, 0.011435193940997124, 0.011941332370042801, 0.004940489307045937], "(3, 3, 2, 2)": [0.018223686143755913, 0.01846301183104515, 0.018272381275892258, 0.018731696531176567, 0.018192362040281296, 0.01842607744038105, 0.018542267382144928, 0.018458228558301926, 0.018808454275131226, 0.01852131262421608, 0.018984701484441757], "(3, 3, 1, 2)": [0.009432898834347725, 0.0, 0.0, 0.009443193674087524, 0.008414626121520996, 0.004883073270320892, 0.01343990582972765, 0.015186537988483906, 0.0, 0.0028543039225041866, 0.00551030645146966], "(3, 4, 2, 2)": [0.019369741901755333, 0.019307849928736687, 0.01908230036497116, 0.019075335934758186, 0.019108425825834274, 0.019423872232437134, 0.019459253177046776, 0.019527561962604523, 0.01951615884900093, 0.01943149045109749, 0.01963309571146965], "(3, 5, 2, 2)": [0.01961832121014595, 0.01899479702115059, 0.019663451239466667, 0.01932259276509285, 0.019577477127313614, 0.01981799304485321, 0.019583379849791527, 0.019790679216384888, 0.019788332283496857, 0.019793512299656868, 0.01968717947602272], "(3, 6, 2, 2)": [0.01980283483862877, 0.019271865487098694, 0.019527971744537354, 0.019564175978302956, 0.019675180315971375, 0.019555069506168365, 0.019583234563469887, 0.019507646560668945, 0.01961589604616165, 0.019715821370482445, 0.019485987722873688], "(3, 7, 2, 2)": [0.019124140962958336, 0.018573841080069542, 0.01897726207971573, 0.018529195338487625, 0.01899879425764084, 0.019026821479201317, 0.01905651018023491, 0.019179075956344604, 0.01875014789402485, 0.01859869435429573, 0.019243087619543076], "(3, 7, 1, 1)": [0.019554711878299713, 0.01966152712702751, 0.019568784162402153, 0.0193773340433836, 0.01957838423550129, 0.019542459398508072, 0.01896446757018566, 0.018995579332113266, 0.019461311399936676, 0.01806345023214817, 0.019574152305722237], "(3, 6, 1, 1)": [0.019832665100693703, 0.01988692581653595, 0.019777823239564896, 0.01978285051882267, 0.01979871653020382, 0.01975433900952339, 0.019739173352718353, 0.019556526094675064, 0.01952207460999489, 0.01960621029138565, 0.01976126618683338], "(3, 7, 1, 2)": [0.015642074868083, 0.005833085160702467, 0.014622015878558159, 0.013933376409113407, 0.009774125181138515, 0.008137286640703678, 0.013928093016147614, 0.011671502143144608, 0.011436142958700657, 0.011556071229279041, 0.017373621463775635], "(3, 9, 1, 2)": [0.007372952997684479, 0.011918118223547935, 0.01344397384673357, 0.0101383151486516, 0.01040092296898365, 0.012424743734300137, 0.01252052467316389, 0.0047680167481303215, 0.01383532676845789, 0.010259527713060379, 0.011498218402266502], "(3, 9, 1, 1)": [0.0167784933000803, 0.01709061488509178, 0.016799381002783775, 0.01735050231218338, 0.017431054264307022, 0.017407376319169998, 0.016060393303632736, 0.01672406680881977, 0.016460102051496506, 0.012869609519839287, 0.01574195921421051], "(2, 9, 1, 1)": [0.015179074369370937, 0.016091393306851387, 0.0162921454757452, 0.01601041480898857, 0.014191361144185066, 0.017078768461942673, 0.017544109374284744, 0.01534698810428381, 0.015641961246728897, 0.014973578974604607, 0.016535859555006027], "(2, 5, 1, 1)": [0.01950898766517639, 0.019253810867667198, 0.01951315626502037, 0.019438812509179115, 0.01929616928100586, 0.019659511744976044, 0.019319957122206688, 0.01946510747075081, 0.019540784880518913, 0.019465647637844086, 0.01930474117398262], "(2, 5, 1, 2)": [0.015659166499972343, 0.015603146515786648, 0.018686793744564056, 0.014349100179970264, 0.014955170452594757, 0.009975407272577286, 0.015512354671955109, 0.014054421335458755, 0.012661167420446873, 0.007943221367895603, 0.010112934745848179],