{"q_values": {"(2, 6, 2, 2)": [0.018973905593156815, 0.016435768455266953, 0.018385328352451324, 0.01841406524181366, 0.01794290728867054, 0.01728222519159317, 0.01848834939301014, 0.018127724528312683, 0.01892857812345028, 0.01724196970462799, 0.018035996705293655], "(2, 6, 1, 1)": [0.017871033400297165, 0.01858341321349144, 0.01818154752254486, 0.01850089244544506, 0.01832226850092411, 0.018803099170327187, 0.018756888806819916, 0.018392760306596756, 0.019142786040902138, 0.018577003851532936, 0.018588531762361526], "(2, 7, 2, 2)": [0.01859506033360958, 0.017902638763189316, 0.017108721658587456, 0.01764296367764473, 0.017796799540519714, 0.01855332963168621, 0.01822073571383953, 0.01860128529369831, 0.018283087760210037, 0.018525483086705208, 0.01816885732114315], "(2, 7, 1, 1)": [0.018247000873088837, 0.018550235778093338, 0.018708301708102226, 0.01905059441924095, 0.018503651022911072, 0.018664276227355003, 0.019003527238965034, 0.01813168078660965, 0.015754222869873047, 0.018391964957118034, 0.01842937245965004], "(2, 6, 1, 2)": [0.012344511225819588, 0.009419368579983711, 0.010417811572551727, 0.00849565677344799, 0.010630431585013866, 0.011484973132610321, 0.0042508444748818874, 0.008945805951952934, 0.013515797443687916, 0.008734527043998241, 0.0], "(2, 7, 1, 2)": [0.011362920515239239, 0.008990520611405373, 0.01320871151983738, 0.010282238945364952, 0.007373310159891844, 0.0, 0.007996231317520142, 0.009009210392832756, 0.013546988368034363, 0.0153508884832263, 0.013328811153769493], "(2, 8, 2, 2)": [0.017175693064928055, 0.017477115616202354, 0.01632550358772278, 0.017041530460119247, 0.017260020598769188, 0.016429835930466652, 0.01630234904587269, 0.017208676785230637, 0.016658535227179527, 0.015972668305039406, 0.01671702042222023], "(2, 8, 1, 2)": [0.0118107870221138, 0.01118028536438942, 0.012700151652097702, 0.010529214516282082, 0.004521376919001341, 0.004599411506205797, 0.003941243048757315, 0.01053670421242714, 0.0, 0.0, 0.01154379639774561], "(2, 8, 1, 1)": [0.018137384206056595, 0.017498299479484558, 0.01736859790980816, 0.017251016572117805, 0.016748683527112007, 0.017479492351412773, 0.012765458784997463, 0.01599760167300701, 0.01259639486670494, 0.01539371907711029, 0.01344386488199234], "(2, 9, 2, 2)": [0.012955180369317532, 0.012340743094682693, 0.012282426469027996, 0.01342889852821827, 0.012233851477503777, 0.006845537573099136, 0.0064314501360058784, 0.005769423209130764, 0.0017320532351732254, 0.012035554274916649, 0.012773117050528526], "(3, 4, 1, 2)": [0.005674644839018583, 0.0, 0.005266302265226841, 0.008288152515888214, 0.009412398561835289, 0.0, 0.00990086980164051, 0.0, 0.0, 0.003749519819393754, 0.0], "(2, 1, 2, 2)": [0.0, 0.0, 0.0025010262615978718, 0.003152333665639162, 0.002471913816407323, 0.0, 0.0, 0.0024958252906799316, 0.0, 0.00831042230129242, 0.0], "(2, 1, 1, 1)": [-0.00840840581804514, -0.01478109322488308, -0.014497319236397743, -0.013018973171710968, -0.014721574261784554, 0.0, -0.012043715454638004, -0.011801224201917648, -0.007145136594772339, -0.00937538780272007, 0.004514903295785189], "(3, 8, 1, 2)": [0.01202869787812233, 0.008753204718232155, 0.01193365640938282, 0.009258842095732689, 0.009773999452590942, 0.007300644647330046, 0.0, 0.008771331049501896, 0.004292105324566364, 0.0028300518169999123, 0.007435731589794159], "(3, 8, 2, 2)": [0.017232725396752357, 0.01778467558324337, 0.017605625092983246, 0.01724819466471672, 0.017102466896176338, 0.01753813773393631, 0.01694626919925213, 0.017510809004306793, 0.017028989270329475, 0.017766213044524193, 0.017131231725215912], "(3, 9, 2, 2)": [0.013098840601742268, 0.012765352614223957, 0.010695166885852814, 0.012868281453847885, -0.004523464944213629, 0.014679951593279839, 0.011472590267658234, 0.014490136876702309, 0.012854433618485928, 0.005807538516819477, 0.006622960325330496], "(2, 8, 2, 1)": [0.0053961812518537045, 0.0, 0.0, 0.0, 0.008739951066672802, 0.0032963675912469625, 0.0032308863010257483, 0.004962943959981203, 0.008368520066142082, 0.005258676130324602, 0.004940489307045937], "(3, 3, 2, 2)": [0.016553495079278946, 0.016566406935453415, 0.01637047342956066, 0.01544987689703703, 0.014141743071377277, 0.014152610674500465, 0.017326729372143745, 0.014433342032134533, 0.017526142299175262, 0.017148472368717194, 0.015349834226071835], "(3, 3, 1, 2)": [0.0, 0.0, 0.0, 0.0, 0.00504677277058363, 0.0, 0.0, 0.008548341691493988, 0.0, 0.0028543039225041866, 0.0], "(3, 4, 2, 2)": [0.016732756048440933, 0.01783408783376217, 0.016585493460297585, 0.017871854826807976, 0.016543999314308167, 0.018641527742147446, 0.019012272357940674, 0.018012579530477524, 0.01917029358446598, 0.019047345966100693, 0.018625717610120773], "(3, 5, 2, 2)": [0.019075041636824608, 0.018325014039874077, 0.01890978217124939, 0.01879468746483326, 0.018960071727633476, 0.019369496032595634, 0.019151557236909866, 0.019291549921035767, 0.01920606568455696, 0.01949019730091095, 0.018569881096482277], "(3, 6, 2, 2)": [0.017096566036343575, 0.019097378477454185, 0.018710363656282425, 0.018293071538209915, 0.019438643008470535, 0.01914236694574356, 0.01913410611450672, 0.019628219306468964, 0.018943332135677338, 0.01942760869860649, 0.019291609525680542], "(3, 7, 2, 2)": [0.018841877579689026, 0.017756668850779533, 0.017132587730884552, 0.018623733893036842, 0.017474930733442307, 0.01883063092827797, 0.01839560642838478, 0.018656130880117416, 0.018497465178370476, 0.018759096041321754, 0.018634770065546036], "(3, 7, 1, 1)": [0.018524734303355217, 0.01816997304558754, 0.018652133643627167, 0.017872806638479233, 0.019067194312810898, 0.017340954393148422, 0.018499543890357018, 0.018174991011619568, 0.016431668773293495, 0.018537867814302444, 0.017675817012786865], "(3, 6, 1, 1)": [0.018105190247297287, 0.019247958436608315, 0.018500030040740967, 0.01733899489045143, 0.0185821782797575, 0.018542200326919556, 0.01691431738436222, 0.01766274869441986, 0.01658620499074459, 0.01898684911429882, 0.018703216686844826], "(3, 7, 1, 2)": [0.008266096003353596, 0.0, 0.009395664557814598, 0.011645641177892685, 0.005709792487323284, 0.004128156695514917, 0.011563760228455067, 0.004143491853028536, 0.011436142958700657, 0.008148523047566414, 0.0153485257178545], "(3, 9, 1, 2)": [0.0031674839556217194, 0.006146955769509077, 0.010929233394563198, 0.00789918377995491, 0.004343780223280191, 0.011462409980595112, 0.00874959398061037, 0.0047680167481303215, 0.009204190224409103, 0.004052907228469849, 0.008770840242505074], "(3, 9, 1, 1)": [0.01284692995250225, 0.01115118246525526, 0.01286361925303936, 0.013843649066984653, 0.007178297266364098, 0.009785870090126991, 0.012836785987019539, 0.011727170087397099, 0.011826351284980774, 0.011495852842926979, 0.01167846005409956], "(2, 9, 1, 1)": [0.009004354476928711, 0.0, 0.004097071476280689, 0.007439987733960152, 0.006536522880196571, 0.00893348641693592, 0.007143910974264145, 0.007634726818650961, 0.012163601815700531, 0.003938219975680113, 0.013133442029356956], "(2, 5, 1, 1)": [0.01926329918205738, 0.019590552896261215, 0.01949198544025421, 0.019240807741880417, 0.01946486346423626, 0.019551925361156464, 0.01899544708430767, 0.019513418897986412, 0.01948733441531658, 0.01919284649193287, 0.018284114077687263], "(2, 5, 1, 2)": [0.008274439722299576, 0.002638657810166478, 0.012727063149213791, 0.00592879019677639, 0.011993363499641418, 0.003022359684109688, 0.01323702372610569, 0.00802946463227272, 0.0, 0.007943221367895603, 0.00591118773445487], "(2, 10, 2, 2)": [0.0, -0.0037886076606810093, 0.0, 0.0, -0.010903534479439259, 0.0, 0.0, 0.0, -0.006642280146479607, -0.012896114960312843, -0.011792740784585476], "(3, 6, 1, 2)": [0.004228587727993727, 0.0053853560239076614, 0.005876235663890839, 0.0, 0.0, 0.0036123928148299456, 0.0, 0.005879639182239771, 0.0, 0.012223731726408005, 0.014572842046618462],