{"q_values": {"(1, 4, 1, 1)": [0.039350103586912155, 0.03944609314203262, 0.0394402202218771, 0.0392403919249773, 0.03917977586388588], "(1, 5, 1, 1)": [0.03657136298716068, 0.037291862070560455, 0.03657252714037895, 0.03713464364409447, 0.03678702749311924], "(1, 6, 1, 1)": [0.020371309481561184, 0.026972655206918716, 0.008882608264684677, 0.01715950295329094, 0.013194563798606396], "(1, 1, 1, 1)": [0.013710304629057646, 0.00881156139075756, 0.019700368866324425, 0.01548168994486332, 0.018131157383322716], "(2, 5, 1, 1)": [0.0374954454600811, 0.035678714513778687, 0.036987291648983955, 0.037206294015049934, 0.03469798527657986], "(2, 6, 1, 1)": [0.015112054534256458, 0.018294798210263252, 0.019670524168759584, 0.012745978776365519, 0.008300942368805408], "(2, 2, 1, 1)": [0.03712530620396137, 0.03710918128490448, 0.03643593192100525, 0.03710084967315197, 0.03795054368674755], "(1, 2, 1, 1)": [0.03336111269891262, 0.03318825177848339, 0.033740585669875145, 0.03286309167742729, 0.03164523281157017], "(2, 4, 1, 1)": [0.039266906678676605, 0.038886189460754395, 0.03880531154572964, 0.03907939791679382, 0.039057014510035515], "(2, 3, 1, 1)": [0.03952142782509327, 0.039440564811229706, 0.03941213712096214, 0.03940208815038204, 0.0396303478628397], "(1, 3, 1, 1)": [0.03894729167222977, 0.038771772757172585, 0.038345541805028915, 0.0387358870357275, 0.038677215576171875], "(2, 1, 1, 1)": [0.010439003352075815, 0.025615034624934196, 0.006861319299787283, 0.014575664885342121, 0.018443807028234005]}}