{"q_values": {"(1, 4, 1, 1)": [0.03030333761125803, 0.02713324036449194, 0.023999574594199657, 0.026614148169755936, 0.03462527319788933], "(1, 5, 1, 1)": [0.026007979176938534, 0.02568268869072199, 0.020573348738253117, 0.026221392676234245, 0.026971204206347466], "(1, 6, 1, 1)": [0.008878715336322784, 0.005299093900248408, 0.007120652124285698, 0.002027074806392193, -0.0001855306327342987], "(1, 1, 1, 1)": [-0.0035248268395662308, -0.00834985077381134, -0.01167970011010766, -0.00655486760661006, 0.02802327647805214], "(2, 5, 1, 1)": [0.027045197784900665, 0.02766386978328228, 0.02972438558936119, 0.025811764411628246, 0.026972145773470402], "(2, 6, 1, 1)": [0.007699588779360056, -0.007225587032735348, -0.0048468513414263725, -0.00571419345214963, -0.005427891854196787], "(2, 2, 1, 1)": [0.026317153126001358, 0.02631163876503706, 0.02206767024472356, 0.024999873712658882, 0.025283880531787872], "(1, 2, 1, 1)": [0.027613528072834015, 0.02860173862427473, 0.029620272107422352, 0.03464909642934799, 0.03063331451267004], "(2, 4, 1, 1)": [0.02761827129870653, 0.031225351616740227, 0.03256447892636061, 0.031036765314638615, 0.030939623713493347], "(2, 3, 1, 1)": [0.026306060142815113, 0.027616490609943867, 0.03299298696219921, 0.029264437034726143, 0.028940233401954174], "(1, 3, 1, 1)": [0.036150867119431496, 0.03639394976198673, 0.03543299436569214, 0.03750583715736866, 0.0365069005638361], "(2, 1, 1, 1)": [0.007486830465495586, 0.0034433561377227306, 1.2055505067110062e-05, -0.005901910364627838, 0.008423396851867437]}}