{"q_values": {"(1, 4, 1, 1)": [0.030512229539453983, 0.029061363078653812, 0.030759278684854507, 0.030822970904409885, 0.02241513691842556], "(1, 5, 1, 1)": [0.019955254159867764, 0.021937252022325993, 0.02228266466408968, 0.021184544079005718, 0.02135161031037569], "(1, 6, 1, 1)": [0.005231420509517193, -0.01319107599556446, -0.007920399773865938, -0.008723936509341002, -0.008473483845591545], "(1, 1, 1, 1)": [0.005916696274653077, -0.0011413064785301685, -0.0022050729021430016, 0.0003352435305714607, 0.03449832275509834], "(2, 5, 1, 1)": [0.037962423637509346, 0.026609642431139946, 0.029103847220540047, 0.025135607458651066, 0.02726867515593767], "(2, 6, 1, 1)": [-0.01612292556092143, -0.010195926297456026, 0.012553109787404537, -0.011315900832414627, -0.013857814949005842], "(2, 2, 1, 1)": [0.018541901372373104, 0.02581439819186926, 0.024643572978675365, 0.03447635844349861, 0.023316617123782635], "(1, 2, 1, 1)": [0.031804513186216354, 0.0318403746932745, 0.03220280259847641, 0.03266577608883381, 0.0344668161123991], "(2, 4, 1, 1)": [0.03318604454398155, 0.03092057630419731, 0.03338056243956089, 0.038304226472973824, 0.03591650165617466], "(2, 3, 1, 1)": [0.028416095301508904, 0.022725564427673817, 0.028589085675776005, 0.03959956206381321, 0.021375611424446106], "(1, 3, 1, 1)": [0.03177245333790779, 0.024400318041443825, 0.028840262442827225, 0.026089475490152836, 0.02695261314511299], "(2, 1, 1, 1)": [0.011795985046774149, 0.0037382193841040134, -0.00895643513649702, -0.002568082883954048, 0.02633092738687992]}}