{"q_values": {"(1, 4, 1, 1)": [0.03479544259607792, 0.03415417857468128, 0.03477976657450199, 0.036526862531900406, 0.03516743704676628], "(1, 5, 1, 1)": [0.03290010616183281, 0.033115772530436516, 0.032903045415878296, 0.03322605788707733, 0.029656981118023396], "(1, 6, 1, 1)": [0.02066350169479847, -0.0020218500867486, 0.0016393843106925488, 0.008968384470790625, 0.0037979772314429283], "(1, 1, 1, 1)": [0.015015366952866316, 0.00578386802226305, 0.0078100464306771755, 0.030909216962754726, 0.010066417045891285], "(2, 5, 1, 1)": [0.03263670392334461, 0.02902677282691002, 0.030498589389026165, 0.031063100323081017, 0.029590273275971413], "(2, 6, 1, 1)": [-0.006484822137281299, -0.005314426263794303, -0.0017082591075450182, -0.00026783207431435585, -0.0004244185984134674], "(2, 2, 1, 1)": [0.0332796685397625, 0.032312604598701, 0.032650889828801155, 0.0338422916829586, 0.0262447502464056], "(1, 2, 1, 1)": [0.03297024220228195, 0.03355999477207661, 0.03264605347067118, 0.03335021249949932, 0.03336983360350132], "(2, 4, 1, 1)": [0.0358846690505743, 0.034541389904916286, 0.03453843854367733, 0.03338485769927502, 0.03466709330677986], "(2, 3, 1, 1)": [0.034010689705610275, 0.03374310024082661, 0.033639270812273026, 0.028269565664231777, 0.03358582593500614], "(1, 3, 1, 1)": [0.036793461069464684, 0.03631819970905781, 0.03703690133988857, 0.03526357561349869, 0.03643355518579483], "(2, 1, 1, 1)": [0.001840026117861271, 0.0070246439427137375, 0.010515859350562096, 0.00535567756742239, 0.00796900736168027]}}