{"q_values": {"(1, 4, 1, 1)": [0.026108198799192905, 0.027243350632488728, 0.02475535962730646, 0.02779397740960121, 0.027903590351343155], "(1, 5, 1, 1)": [0.018555039074271917, 0.017142720986157656, 0.01917202421464026, 0.01999066863209009, 0.022363380528986454], "(1, 6, 1, 1)": [0.0060911462642252445, -0.0005425061099231243, 0.0017789355479180813, -0.0036956490948796272, 0.004764110315591097], "(1, 1, 1, 1)": [-0.009253393393009901, -0.00834985077381134, -0.01167970011010766, -0.00655486760661006, 0.024270422756671906], "(2, 5, 1, 1)": [0.026429477147758007, 0.02392930258065462, 0.02552715316414833, 0.025693170726299286, 0.024640170857310295], "(2, 6, 1, 1)": [-0.011101219337433577, -0.011986318975687027, -0.009730293415486813, -0.009270330891013145, -0.009693447966128588], "(2, 2, 1, 1)": [0.02234708145260811, 0.03180949483066797, 0.02402067743241787, 0.01924219075590372, 0.024000314995646477], "(1, 2, 1, 1)": [0.027613528072834015, 0.02333997841924429, 0.029074453748762608, 0.02572828345000744, 0.03354826755821705], "(2, 4, 1, 1)": [0.03360112011432648, 0.036057934165000916, 0.03634697198867798, 0.03618746064603329, 0.03388554789125919], "(2, 3, 1, 1)": [0.0345337837934494, 0.03186904639005661, 0.03187452256679535, 0.03187867347151041, 0.030730322003364563], "(1, 3, 1, 1)": [0.034083085134625435, 0.03428559564054012, 0.03610595129430294, 0.03498603589832783, 0.03493143990635872], "(2, 1, 1, 1)": [0.005155742401257157, -0.002970262663438916, 0.0012247506529092789, 0.0003534858115017414, -0.0027810130268335342]}}