{"q_values": {"(1, 4, 1, 1)": [0.03896681033074856, 0.03420456126332283, 0.0319576533511281, 0.033890167251229286, 0.035225747153162956], "(1, 5, 1, 1)": [0.035857370123267174, 0.02622065320611, 0.027331906370818615, 0.02626992017030716, 0.024975864216685295], "(1, 6, 1, 1)": [0.022134059108793736, 0.003221915103495121, 0.007871265523135662, 0.006567925680428743, 0.0029057918582111597], "(1, 1, 1, 1)": [-0.0031984371598809958, 0.0005825918633490801, -0.01601368375122547, -0.0036435420624911785, 0.011084739118814468], "(2, 5, 1, 1)": [0.0352507084608078, 0.028597903437912464, 0.028542970307171345, 0.03171342145651579, 0.02794925682246685], "(2, 6, 1, 1)": [0.03241763636469841, -0.006398173980414867, -0.007563755381852388, -0.0006972658447921276, -0.010385212488472462], "(2, 2, 1, 1)": [0.025179787538945675, 0.025723453611135483, 0.022348635829985142, 0.021346215158700943, 0.02530436310917139], "(1, 2, 1, 1)": [0.031251488253474236, 0.03083828277885914, 0.027118654921650887, 0.03213150519877672, 0.03823878616094589], "(2, 4, 1, 1)": [0.032310955226421356, 0.031773543916642666, 0.027572782710194588, 0.031795877031981945, 0.031762818805873394], "(2, 3, 1, 1)": [0.03109221998602152, 0.030534949153661728, 0.0320961344987154, 0.029501624405384064, 0.0322086401283741], "(1, 3, 1, 1)": [0.035329289734363556, 0.03849443420767784, 0.037070246413350105, 0.03483636677265167, 0.030676811933517456], "(2, 1, 1, 1)": [-0.0069615887477993965, 8.6270272731781e-05, -0.00828311825171113, 0.0018127062357962132, -0.004044804023578763]}}