{"q_values": {"(1, 4, 1, 1)": [0.03947308845818043, 0.03822311758995056, 0.03931964933872223, 0.03929268755018711, 0.039379907771945], "(1, 5, 1, 1)": [0.03720049001276493, 0.03606335259974003, 0.03580845706164837, 0.03638518042862415, 0.03363538905978203], "(1, 6, 1, 1)": [0.013494177721440792, 0.0071039763279259205, 0.010333719197660685, 0.019511344842612743, 0.012744028121232986], "(1, 1, 1, 1)": [0.008338558953255415, 0.00021377019584178925, -0.0012733680196106434, 0.0023861832451075315, 0.015176011715084314], "(2, 5, 1, 1)": [0.0358433872461319, 0.035269277170300484, 0.03493383340537548, 0.03434677794575691, 0.035201434046030045], "(2, 6, 1, 1)": [0.03049303125590086, 0.008458487689495087, 0.01928744651377201, 0.013013174291700125, 0.014340778812766075], "(2, 2, 1, 1)": [0.0363849513232708, 0.03614162467420101, 0.03689964488148689, 0.034950774163007736, 0.03501075878739357], "(1, 2, 1, 1)": [0.03099166601896286, 0.031466311775147915, 0.0332625899463892, 0.03223062213510275, 0.03223628830164671], "(2, 4, 1, 1)": [0.039662860333919525, 0.03872494585812092, 0.03870481811463833, 0.03880123980343342, 0.03870772570371628], "(2, 3, 1, 1)": [0.0392208956182003, 0.03884243033826351, 0.03923303075134754, 0.03929701820015907, 0.0394281055778265], "(1, 3, 1, 1)": [0.038833802565932274, 0.03884981945157051, 0.038696056231856346, 0.039092009887099266, 0.03851809352636337], "(2, 1, 1, 1)": [-0.0025347736664116383, 0.004512723535299301, 0.010884605813771486, 0.006299838423728943, -0.002442847704514861]}}