{"q_values": {"(1, 4, 1, 1)": [0.023051016964018345, 0.027060088701546192, 0.02273527253419161, 0.030673743225634098, 0.029971975833177567], "(1, 5, 1, 1)": [0.024180948734283447, 0.020541842095553875, 0.024493618868291378, 0.024775536730885506, 0.021506563760340214], "(1, 6, 1, 1)": [0.009281919803470373, 0.013745065312832594, -0.004145176149904728, 0.011423733551055193, -3.8728583604097366e-05], "(1, 1, 1, 1)": [0.007607457228004932, -0.00834985077381134, -0.01167970011010766, -0.00655486760661006, 0.033855900168418884], "(2, 5, 1, 1)": [0.028989825397729874, 0.02381256315857172, 0.028999985195696354, 0.028929440304636955, 0.028564030304551125], "(2, 6, 1, 1)": [0.010142317041754723, -0.001015997026115656, -0.005113203078508377, 0.00526777864433825, -0.005427891854196787], "(2, 2, 1, 1)": [0.02604701928794384, 0.026528029702603817, 0.02602542657405138, 0.023251093458384275, 0.02906909491866827], "(1, 2, 1, 1)": [0.03271767497062683, 0.03072418551892042, 0.03357979469001293, 0.0325551088899374, 0.03546995669603348], "(2, 4, 1, 1)": [0.030563926324248314, 0.023743707686662674, 0.031650371849536896, 0.031704338267445564, 0.031711285933852196], "(2, 3, 1, 1)": [0.03103267401456833, 0.030738409608602524, 0.02821708843111992, 0.031067784875631332, 0.034110650420188904], "(1, 3, 1, 1)": [0.036397237330675125, 0.036243854090571404, 0.03536159358918667, 0.03568558394908905, 0.03701004758477211], "(2, 1, 1, 1)": [0.005235676188021898, -0.002733897417783737, -0.0027680140919983387, -0.005901910364627838, 0.006746916100382805]}}