{"q_values": {"(1, 4, 1, 1)": [0.032890770584344864, 0.025911557488143444, 0.017248772084712982, 0.015111212618649006, 0.02639545500278473], "(1, 5, 1, 1)": [0.03564511798322201, 0.019709864631295204, 0.023152443580329418, 0.023165367543697357, 0.023586121387779713], "(1, 6, 1, 1)": [0.03302866965532303, -0.01319107599556446, -0.007920399773865938, -0.007949416525661945, -0.008473483845591545], "(1, 1, 1, 1)": [-0.006043940782546997, -0.006568644195795059, -0.015113191679120064, 0.017703957855701447, -0.004941937979310751], "(2, 5, 1, 1)": [0.03626410476863384, 0.025571001693606377, 0.025701655074954033, 0.025181583128869534, 0.025697845965623856], "(2, 6, 1, 1)": [-0.01612292556092143, -0.010195926297456026, 0.0012884715106338263, -0.006374524440616369, -0.013857814949005842], "(2, 2, 1, 1)": [0.021273544058203697, 0.023466304875910282, 0.014301528222858906, 0.019351817667484283, 0.023046468384563923], "(1, 2, 1, 1)": [0.026263554580509663, 0.022906852886080742, 0.02575494349002838, 0.02372161950916052, 0.02982631977647543], "(2, 4, 1, 1)": [0.02356861438602209, 0.03260382544249296, 0.03108515776693821, 0.03488774783909321, 0.030771360732614994], "(2, 3, 1, 1)": [0.030746647156774998, 0.028453928418457508, 0.029877178370952606, 0.026339448988437653, 0.026339221745729446], "(1, 3, 1, 1)": [0.033516062423586845, 0.02602578606456518, 0.03120703250169754, 0.028484756126999855, 0.02939503639936447], "(2, 1, 1, 1)": [-0.003514672163873911, -0.002783642616122961, -0.00895643513649702, 0.007218413986265659, -0.003434344194829464]}}