{"q_values": {"(1, 4, 1, 1)": [0.03709053620696068, 0.03149930201470852, 0.03398140333592892, 0.0327237993478775, 0.034917810931801796], "(1, 5, 1, 1)": [0.034206073731184006, 0.03736147843301296, 0.033958256244659424, 0.03285594284534454, 0.0333244614303112], "(1, 6, 1, 1)": [-9.80449840426445e-05, 0.019218905828893185, -0.003357936628162861, 0.0017494084313511848, 0.0024579968303442], "(1, 1, 1, 1)": [0.012844389537349343, 0.011742889881134033, 0.013104929123073816, 0.012837477028369904, 0.012794171459972858], "(2, 5, 1, 1)": [0.03820233419537544, 0.03651446849107742, 0.036036670207977295, 0.036676472052931786, 0.035174278542399406], "(2, 6, 1, 1)": [0.02443160768598318, 0.0072733997367322445, 0.009758778382092714, -0.0008088471367955208, -0.003932002233341336], "(2, 2, 1, 1)": [0.035814546048641205, 0.03731926158070564, 0.03627057373523712, 0.03559114411473274, 0.0385331716388464], "(1, 2, 1, 1)": [0.03581904247403145, 0.03588263876736164, 0.036026790738105774, 0.03310765326023102, 0.03488858602941036], "(2, 4, 1, 1)": [0.039848361164331436, 0.03954434394836426, 0.03949676267802715, 0.03947080671787262, 0.03946838155388832], "(2, 3, 1, 1)": [0.03904343768954277, 0.03903678432106972, 0.0293979374691844, 0.039840010926127434, 0.03904151730239391], "(1, 3, 1, 1)": [0.037714291363954544, 0.02909249532967806, 0.037315741181373596, 0.03765050135552883, 0.03740808740258217], "(2, 1, 1, 1)": [0.019763951189815998, 0.01775877084583044, 0.02259936835616827, 0.018088705837726593, 0.02601470798254013]}}