{"q_values": {"(1, 4, 1, 1)": [0.03890667296946049, 0.03898988850414753, 0.0382072776556015, 0.03906216472387314, 0.03916557505726814], "(1, 5, 1, 1)": [0.033054525032639503, 0.03506225533783436, 0.03539408557116985, 0.03417467139661312, 0.03455445542931557], "(1, 6, 1, 1)": [0.006858706008642912, 0.006881942972540855, 0.011841841042041779, 0.012944646179676056, 0.014252952300012112], "(1, 1, 1, 1)": [0.0033795649651437998, 0.004102586768567562, 0.0060037123039364815, 0.008841628208756447, 0.008879898814484477], "(2, 5, 1, 1)": [0.033890003338456154, 0.035023586824536324, 0.0315222293138504, 0.032688300125300884, 0.03390158899128437], "(2, 6, 1, 1)": [0.006173303816467524, 0.0036888006143271923, -0.002371398266404867, -0.0015529152005910873, 0.005730919307097793], "(2, 2, 1, 1)": [0.03610611706972122, 0.036991314962506294, 0.03687181696295738, 0.03668098896741867, 0.035148851573467255], "(1, 2, 1, 1)": [0.03458910062909126, 0.03193450439721346, 0.03513902984559536, 0.03521351516246796, 0.037827007472515106], "(2, 4, 1, 1)": [0.039154209196567535, 0.03947022184729576, 0.03921646624803543, 0.038920722901821136, 0.03887874633073807], "(2, 3, 1, 1)": [0.03944777697324753, 0.03925754129886627, 0.03939978405833244, 0.03941436670720577, 0.03944302536547184], "(1, 3, 1, 1)": [0.039431679993867874, 0.0393497534096241, 0.03957347385585308, 0.039418863132596016, 0.03944806940853596], "(2, 1, 1, 1)": [0.013493032660335302, 0.01565779559314251, 0.011981400195509195, 0.020325571298599243, 0.01573222829028964]}}