{"q_values": {"(1, 4, 1, 1)": [0.03766772337257862, 0.025911557488143444, 0.027560346759855747, 0.015111212618649006, 0.030321861617267132], "(1, 5, 1, 1)": [0.03853866457939148, 0.019709864631295204, 0.023152443580329418, 0.023165367543697357, 0.023586121387779713], "(1, 6, 1, 1)": [0.034986620768904686, -0.01319107599556446, -0.007920399773865938, -0.007949416525661945, -0.008473483845591545], "(1, 1, 1, 1)": [-0.01064846059307456, -0.00745981652289629, -0.015113191679120064, -0.0036256355233490467, 0.025153979659080505], "(2, 5, 1, 1)": [0.03737690486013889, 0.028278624638915062, 0.025701655074954033, 0.02972845733165741, 0.025697845965623856], "(2, 6, 1, 1)": [-0.01612292556092143, -0.008844065945595503, 0.001791865797713399, -0.006374524440616369, -0.013857814949005842], "(2, 2, 1, 1)": [0.023450029082596302, 0.025865953415632248, 0.019301744643598795, 0.027449623681604862, 0.024728477001190186], "(1, 2, 1, 1)": [0.025309615768492222, 0.027234182693064213, 0.029009541496634483, 0.02351864706724882, 0.03206590469926596], "(2, 4, 1, 1)": [0.027706878259778023, 0.035457322373986244, 0.03108515776693821, 0.036878105252981186, 0.030771360732614994], "(2, 3, 1, 1)": [0.032262302935123444, 0.028453928418457508, 0.029632246121764183, 0.026575231924653053, 0.029035327956080437], "(1, 3, 1, 1)": [0.034300971776247025, 0.03434782847762108, 0.03449970297515392, 0.03543831966817379, 0.03327338956296444], "(2, 1, 1, 1)": [-0.012984322383999825, -0.0057970136404037476, 0.0022967932745814323, -0.004596649436280131, -0.007710688281804323]}}