{"q_values": {"(1, 4, 1, 1)": [0.03899103030562401, 0.03650962747633457, 0.03596322424709797, 0.0355373490601778, 0.036862486973404884], "(1, 5, 1, 1)": [0.032595591619610786, 0.026784217916429043, 0.0246345866471529, 0.025544711388647556, 0.025107276625931263], "(1, 6, 1, 1)": [-0.0008283455390483141, 0.01648075971752405, 0.004495348548516631, -0.008662740467116237, -0.000944965984672308], "(1, 1, 1, 1)": [0.005380623042583466, 0.008985902182757854, 0.008936778176575899, 0.007329251151531935, 0.013702106662094593], "(2, 5, 1, 1)": [0.03306628204882145, 0.03256135992705822, 0.030440582893788815, 0.030565778724849224, 0.031156723387539387], "(2, 6, 1, 1)": [-0.002078345511108637, 0.010984788415953517, -7.005827501416206e-05, 0.0018529966473579407, 0.0011048053856939077], "(2, 2, 1, 1)": [0.028221609070897102, 0.025194061920046806, 0.023332701064646244, 0.025306993164122105, 0.02715239580720663], "(1, 2, 1, 1)": [0.0355744156986475, 0.035385072231292725, 0.0349643025547266, 0.0343728456646204, 0.03622085228562355], "(2, 4, 1, 1)": [0.028092464432120323, 0.03312707133591175, 0.032221969217061996, 0.032441988587379456, 0.03213700279593468], "(2, 3, 1, 1)": [0.03584968112409115, 0.035952137783169746, 0.037944233044981956, 0.03700101189315319, 0.03708134405314922], "(1, 3, 1, 1)": [0.0379615668207407, 0.037158045917749405, 0.03836187347769737, 0.03705876134335995, 0.038046592846512794], "(2, 1, 1, 1)": [0.018105936236679554, 0.00823891256004572, 0.010561651550233364, 0.015909000299870968, 0.009719789493829012]}}