{"q_values": {"(1, 4, 1, 1)": [0.028416549786925316, 0.02713324036449194, 0.02475535962730646, 0.03277275152504444, 0.028234874829649925], "(1, 5, 1, 1)": [0.02513481304049492, 0.024261915124952793, 0.024758641608059406, 0.035951653495430946, 0.02382292039692402], "(1, 6, 1, 1)": [0.02481023594737053, 0.010080771520733833, 0.012957708910107613, -0.0001757289282977581, 0.0022197850048542023], "(1, 1, 1, 1)": [-0.009253393393009901, -0.00834985077381134, -0.01167970011010766, -0.00655486760661006, 0.021838955581188202], "(2, 5, 1, 1)": [0.027853338047862053, 0.030230187810957432, 0.035830140113830566, 0.028586458414793015, 0.027145839296281338], "(2, 6, 1, 1)": [-0.008333742618560791, 0.02338462695479393, 0.0036594774574041367, -0.006142457481473684, -0.005907251965254545], "(2, 2, 1, 1)": [0.02234708145260811, 0.02529787737876177, 0.027006374672055244, 0.01924219075590372, 0.0319299791008234], "(1, 2, 1, 1)": [0.027613528072834015, 0.02333997841924429, 0.028171448968350887, 0.027973719872534275, 0.037219250574707985], "(2, 4, 1, 1)": [0.03241475950926542, 0.032801927998661995, 0.033193912357091904, 0.03289858624339104, 0.033172289840877056], "(2, 3, 1, 1)": [0.03489585407078266, 0.03490523807704449, 0.0361850094050169, 0.03451021388173103, 0.035922903567552567], "(1, 3, 1, 1)": [0.034727057442069054, 0.034776970744132996, 0.0381252896040678, 0.03656964376568794, 0.03493143990635872], "(2, 1, 1, 1)": [-0.0013613132759928703, -0.0018391385674476624, -0.004521258641034365, -0.005901910364627838, 0.032768821343779564]}}