{"q_values": {"(1, 4, 1, 1)": [0.038438230752944946, 0.03580461069941521, 0.036513546481728554, 0.036429550498723984, 0.036815568804740906], "(1, 5, 1, 1)": [0.03144225012511015, 0.037046756595373154, 0.02995696011930704, 0.03127518482506275, 0.03077517729252577], "(1, 6, 1, 1)": [0.013755365507677197, 0.009924428537487984, 0.0073661464266479015, 0.00849024229682982, 0.008759534917771816], "(1, 1, 1, 1)": [0.01056473283097148, 0.022975622676312923, 0.015104953199625015, 0.013905819039791822, 0.03240491542965174], "(2, 5, 1, 1)": [0.032638413831591606, 0.032371148467063904, 0.03395810164511204, 0.03251463547348976, 0.03263163939118385], "(2, 6, 1, 1)": [0.02886965125799179, 0.012826706282794476, 0.012282466981559992, 0.008378670085221529, -0.0025193458423018456], "(2, 2, 1, 1)": [0.03207525238394737, 0.032172827050089836, 0.03386474587023258, 0.033930568024516106, 0.03245674166828394], "(1, 2, 1, 1)": [0.03582058101892471, 0.035979341715574265, 0.0360251571983099, 0.035749318078160286, 0.037193454802036285], "(2, 4, 1, 1)": [0.03859703429043293, 0.03897739760577679, 0.038813963532447815, 0.03845507279038429, 0.03849892504513264], "(2, 3, 1, 1)": [0.03805124573409557, 0.038395410403609276, 0.03823253512382507, 0.03840173967182636, 0.03849606402218342], "(1, 3, 1, 1)": [0.03849874250590801, 0.0386995617300272, 0.03880698047578335, 0.03894197382032871, 0.03880102559924126], "(2, 1, 1, 1)": [0.009949847357347608, 0.009718140121549368, 0.013368009589612484, 0.01620628358796239, 0.007784548681229353]}}