{"q_values": {"(1, 4, 1, 1)": [0.03445112891495228, 0.030432667583227158, 0.030609280802309513, 0.03030930645763874, 0.030277809128165245], "(1, 5, 1, 1)": [0.020251410081982613, 0.02231915295124054, 0.022092262282967567, 0.029084636829793453, 0.01977480761706829], "(1, 6, 1, 1)": [0.020998872816562653, 0.00014252075925469398, 0.0012790709733963013, 0.000518512912094593, -0.006204501260071993], "(1, 1, 1, 1)": [0.003295365022495389, -0.0011413064785301685, -0.006803455296903849, 0.0003352435305714607, 0.027683972381055355], "(2, 5, 1, 1)": [0.023605426773428917, 0.02379571832716465, 0.023631669580936432, 0.024819517508149147, 0.024522336199879646], "(2, 6, 1, 1)": [-0.013923881109803915, -0.014241301687434316, -0.013653448782861233, -0.011550100520253181, -0.012834724970161915], "(2, 2, 1, 1)": [0.025011679157614708, 0.02403981052339077, 0.024643572978675365, 0.02725636214017868, 0.023316617123782635], "(1, 2, 1, 1)": [0.028233829885721207, 0.02709716185927391, 0.028358622454106808, 0.030598335899412632, 0.02998016495257616], "(2, 4, 1, 1)": [0.02354372199624777, 0.03018883801996708, 0.02979177050292492, 0.03068339917808771, 0.031636932864785194], "(2, 3, 1, 1)": [0.027986382134258747, 0.02531461324542761, 0.02636158000677824, 0.02826437633484602, 0.030728948302567005], "(1, 3, 1, 1)": [0.03589320182800293, 0.035951172932982445, 0.029257814399898052, 0.035062795504927635, 0.03418177552521229], "(2, 1, 1, 1)": [0.007433974649757147, 0.0037382193841040134, -0.00895643513649702, -0.002568082883954048, 0.022051195614039898]}}