{"q_values": {"(1, 4, 1, 1)": [0.03827880509197712, 0.039447130635380745, 0.03925531357526779, 0.039328644052147865, 0.03909013606607914], "(1, 5, 1, 1)": [0.02460355218499899, 0.03587132319808006, 0.03555428609251976, 0.03429258428514004, 0.032267448492348194], "(1, 6, 1, 1)": [0.021870993077754974, 0.006753265857696533, 0.010023611132055521, 0.00785161042585969, 0.004029728006571531], "(1, 1, 1, 1)": [-0.00033691665157675743, 0.004264908377081156, -0.0038726353086531162, 0.004289960488677025, -0.006032738368958235], "(2, 5, 1, 1)": [0.030765254981815815, 0.03139747679233551, 0.029571601189672947, 0.0312619348987937, 0.02879558876156807], "(2, 6, 1, 1)": [0.010541141498833895, 0.006396410055458546, -0.0039714640006423, 0.006261882372200489, 0.004052311182022095], "(2, 2, 1, 1)": [0.0328142698854208, 0.0337512269616127, 0.03506762720644474, 0.03429172933101654, 0.03692363202571869], "(1, 2, 1, 1)": [0.03194514103233814, 0.03102976828813553, 0.03088983613997698, 0.03060623910278082, 0.0370243564248085], "(2, 4, 1, 1)": [0.03745047003030777, 0.03759130835533142, 0.0377802699804306, 0.03733004443347454, 0.03760545328259468], "(2, 3, 1, 1)": [0.035887377336621284, 0.033472929149866104, 0.03617407567799091, 0.03565230220556259, 0.03732755221426487], "(1, 3, 1, 1)": [0.039084017276763916, 0.03917870670557022, 0.03891447000205517, 0.03923650644719601, 0.039300184696912766], "(2, 1, 1, 1)": [0.008393994998186827, 0.004115339368581772, 0.012252593412995338, 0.017404135316610336, 0.020030946470797062]}}