{"q_values": {"(1, 4, 1, 1)": [0.03715059161186218, 0.02902466431260109, 0.03739173896610737, 0.03693441301584244, 0.03785216808319092], "(1, 5, 1, 1)": [0.03209531493484974, 0.031199904158711433, 0.03188060875982046, 0.033669937402009964, 0.03170915227383375], "(1, 6, 1, 1)": [0.012419720645993948, 0.0014332046266645193, 0.009262383915483952, 0.005418574903160334, 0.007939789444208145], "(1, 1, 1, 1)": [-0.0032087345607578754, 0.006243620300665498, -0.0038726353086531162, -0.001666221534833312, -0.004944705870002508], "(2, 5, 1, 1)": [0.036329930648207664, 0.0343458391726017, 0.036540379747748375, 0.0345621258020401, 0.03603817895054817], "(2, 6, 1, 1)": [0.0033070603385567665, 0.0033446867018938065, 0.008121390361338854, 0.0001615411601960659, 0.003769110655412078], "(2, 2, 1, 1)": [0.03365310654044151, 0.035018306225538254, 0.033817291259765625, 0.03486260399222374, 0.034990087151527405], "(1, 2, 1, 1)": [0.03228212520480156, 0.036098070442676544, 0.03474681079387665, 0.0339864082634449, 0.037910694256424904], "(2, 4, 1, 1)": [0.039780326187610626, 0.03916775435209274, 0.039144886657595634, 0.03897259011864662, 0.03936101123690605], "(2, 3, 1, 1)": [0.03869880549609661, 0.03905177116394043, 0.03927583247423172, 0.03882128931581974, 0.03898623771965504], "(1, 3, 1, 1)": [0.03879179805517197, 0.03876027837395668, 0.0386536605656147, 0.03896930627524853, 0.03850201703608036], "(2, 1, 1, 1)": [0.012046525720506907, 0.011539331171661615, 0.019447785802185535, 0.0156325688585639, 0.021714117377996445]}}