{"q_values": {"(1, 4, 1, 1)": [0.03202980011701584, 0.03043927252292633, 0.03571663424372673, 0.03281928598880768, 0.03154524229466915], "(1, 5, 1, 1)": [0.025641693733632565, 0.03158847335726023, 0.028046722523868084, 0.027373201213777065, 0.027460599318146706], "(1, 6, 1, 1)": [0.008295097853988409, 0.02810461539775133, 0.01582714542746544, 0.005340227158740163, -0.000944965984672308], "(1, 1, 1, 1)": [0.00618651183322072, 0.008214179892092943, 0.011714018415659666, 0.016121534630656242, 0.008595474530011415], "(2, 5, 1, 1)": [0.03181269858032465, 0.034175146371126175, 0.03217302728444338, 0.0333679374307394, 0.032844290137290955], "(2, 6, 1, 1)": [-0.001538559328764677, 0.029132701456546783, 0.0031847115606069565, 0.012079192325472832, 0.00408775475807488], "(2, 2, 1, 1)": [0.02726993802934885, 0.026872403919696808, 0.02611677534878254, 0.02130486536771059, 0.02645551972091198], "(1, 2, 1, 1)": [0.03358830139040947, 0.03368290886282921, 0.03227649722248316, 0.03277113474905491, 0.03499460965394974], "(2, 4, 1, 1)": [0.03747917525470257, 0.03747904859483242, 0.036933593451976776, 0.03760032169520855, 0.037260785698890686], "(2, 3, 1, 1)": [0.032823074609041214, 0.03380497917532921, 0.03369858115911484, 0.030303148552775383, 0.03354100231081247], "(1, 3, 1, 1)": [0.03871035762131214, 0.03726574406027794, 0.03742966428399086, 0.037302128970623016, 0.03646599501371384], "(2, 1, 1, 1)": [0.002641779836267233, 0.003931814339011908, 0.0002575854305177927, -0.0007919012568891048, 0.009732084348797798]}}