{"q_values": {"(1, 4, 1, 1)": [0.029677443206310272, 0.03399468585848808, 0.029558277688920498, 0.01864077989012003, 0.029455150477588177], "(1, 5, 1, 1)": [0.03435847535729408, 0.023661050014197826, 0.02548302710056305, 0.027108934707939625, 0.024566310457885265], "(1, 6, 1, 1)": [0.03492077812552452, -0.01336065772920847, -0.007920399773865938, 8.607655763626099e-05, -0.008473483845591545], "(1, 1, 1, 1)": [-0.01064846059307456, -0.003095063380897045, -0.00839405320584774, 0.004097321070730686, 0.00011882185935974121], "(2, 5, 1, 1)": [0.03405181132256985, 0.026377196423709393, 0.027406536042690277, 0.025998001918196678, 0.024204589426517487], "(2, 6, 1, 1)": [-0.01612292556092143, 0.01346083264797926, -0.011744735296815634, -0.01243109256029129, -0.01274807343725115], "(2, 2, 1, 1)": [0.019087115302681923, 0.018764019943773746, 0.018352318555116653, 0.01799230556935072, 0.018904680386185646], "(1, 2, 1, 1)": [0.029697847552597523, 0.028506102040410042, 0.02969374507665634, 0.027870722115039825, 0.029579145833849907], "(2, 4, 1, 1)": [0.027958691120147705, 0.020704640075564384, 0.02816200442612171, 0.024929611943662167, 0.02991594560444355], "(2, 3, 1, 1)": [0.023840210400521755, 0.020347292535007, 0.02163984812796116, 0.024057947099208832, 0.01666977722197771], "(1, 3, 1, 1)": [0.03677455149590969, 0.031262739561498165, 0.032587528228759766, 0.028716490603983402, 0.02688980009406805], "(2, 1, 1, 1)": [-0.011602139100432396, -0.011519250110723078, -0.009401006158441305, -0.010270926402881742, -0.010110358241945505]}}