{"q_values": {"(1, 4, 1, 1)": [0.035514311864972115, 0.03514295443892479, 0.031958866864442825, 0.035205598920583725, 0.035008473321795464], "(1, 5, 1, 1)": [0.02563622687011957, 0.029075536876916885, 0.029209868982434273, 0.02961771935224533, 0.02886686474084854], "(1, 6, 1, 1)": [0.02359609492123127, 0.014944870490580797, 0.015617204131558537, 0.0039059564005583525, 0.005287123145535588], "(1, 1, 1, 1)": [0.007756458129733801, 0.012039562687277794, 0.016405034344643354, 0.017500636633485556, 0.021863042376935482], "(2, 5, 1, 1)": [0.03632161766290665, 0.03295771777629852, 0.0344503428786993, 0.03570385463535786, 0.035415735095739365], "(2, 6, 1, 1)": [0.012003724928945303, 0.01141495630145073, 0.006115898955613375, 0.009338692296296358, -0.003638856578618288], "(2, 2, 1, 1)": [0.0307038938626647, 0.03111896850168705, 0.030337455682456493, 0.031246145255863667, 0.028549115173518658], "(1, 2, 1, 1)": [0.033497000113129616, 0.034762704744935036, 0.03459459729492664, 0.03555278480052948, 0.03519158251583576], "(2, 4, 1, 1)": [0.038344547152519226, 0.03865738771855831, 0.03922491334378719, 0.03841184079647064, 0.038146767765283585], "(2, 3, 1, 1)": [0.03620681166648865, 0.03793047368526459, 0.03809180110692978, 0.03653850592672825, 0.03875136561691761], "(1, 3, 1, 1)": [0.0383757371455431, 0.038433484733104706, 0.03839903138577938, 0.038033755496144295, 0.037531062960624695], "(2, 1, 1, 1)": [0.02101996634155512, 0.022026178427040577, 0.010252286680042744, 0.02231292799115181, 0.010254649445414543]}}