{"q_values": {"(1, 4, 1, 1)": [0.038978882133960724, 0.037250906229019165, 0.037205079570412636, 0.036127712577581406, 0.03787541575729847], "(1, 5, 1, 1)": [0.02718614973127842, 0.03277158737182617, 0.02589250449091196, 0.026461012661457062, 0.03014425002038479], "(1, 6, 1, 1)": [0.022147384472191334, 0.0068244365975260735, 0.009770031552761793, 0.006074237637221813, 0.008837721077725291], "(1, 1, 1, 1)": [0.007972008548676968, 0.004815415712073445, -0.001317773014307022, 0.0048586055636405945, 0.004826282616704702], "(2, 5, 1, 1)": [0.031004326418042183, 0.030081521719694138, 0.02831254620105028, 0.03031440731137991, 0.03065724205225706], "(2, 6, 1, 1)": [0.009296920616179705, 0.004985501058399677, 0.0035240240395069122, 0.0014674733392894268, -0.0014905324205756187], "(2, 2, 1, 1)": [0.028650307096540928, 0.02775538805872202, 0.031704021617770195, 0.028560927137732506, 0.028322524391114712], "(1, 2, 1, 1)": [0.03296094387769699, 0.03356136940419674, 0.03425479680299759, 0.033778080716729164, 0.03428421728312969], "(2, 4, 1, 1)": [0.023427407257258892, 0.02550885733217001, 0.02797695342451334, 0.03059791587293148, 0.028115415945649147], "(2, 3, 1, 1)": [0.033057158812880516, 0.03029416874051094, 0.03285263665020466, 0.029289240017533302, 0.03274207189679146], "(1, 3, 1, 1)": [0.038155507296323776, 0.037598175927996635, 0.03706570155918598, 0.03821028955280781, 0.03830382786691189], "(2, 1, 1, 1)": [0.015514629427343607, 0.018217933364212513, 0.016253200825303793, 0.0222818274050951, 0.006916547892615199]}}