{"q_values": {"(1, 4, 1, 1)": [0.026003477163612843, 0.027707479894161224, 0.025488225743174553, 0.027446403168141842, 0.03005671687424183], "(1, 5, 1, 1)": [0.01747701410204172, 0.019846521317958832, 0.019516185857355595, 0.020658439956605434, 0.02584615908563137], "(1, 6, 1, 1)": [-0.0021250052377581596, -0.004176582442596555, -0.005287608597427607, -0.0013748104684054852, 0.0010137991048395634], "(1, 1, 1, 1)": [0.007607457228004932, -0.00834985077381134, -0.01167970011010766, -0.00655486760661006, 0.03473192825913429], "(2, 5, 1, 1)": [0.03502119146287441, 0.023021947592496872, 0.023903008550405502, 0.024801523424685, 0.027308370918035507], "(2, 6, 1, 1)": [0.02389945276081562, -0.004856542218476534, -0.00785492267459631, -0.0110066719353199, -0.015101241413503885], "(2, 2, 1, 1)": [0.026378240436315536, 0.026528029702603817, 0.02602542657405138, 0.023251093458384275, 0.029116347432136536], "(1, 2, 1, 1)": [0.03271767497062683, 0.03277110308408737, 0.03363794460892677, 0.03256796486675739, 0.03388462960720062], "(2, 4, 1, 1)": [0.0290228258818388, 0.022882433608174324, 0.03058489505201578, 0.030166737735271454, 0.034373361617326736], "(2, 3, 1, 1)": [0.030971703119575977, 0.03167624585330486, 0.032064856961369514, 0.032036084681749344, 0.03623208589851856], "(1, 3, 1, 1)": [0.03885682485997677, 0.03676651045680046, 0.035990387201309204, 0.03568558394908905, 0.03588682413101196], "(2, 1, 1, 1)": [0.005235676188021898, -0.002733897417783737, -0.0027680140919983387, -0.005901910364627838, 0.019523986615240574]}}