{"q_values": {"(2, 6, 1, 1)": [0.03465688414871693, 0.0366103146225214, 0.03248707018792629, 0.03476687893271446, 0.032678852789103985, 0.03590704873204231, 0.034232890233397484, 0.018512415699660778, 0.03547751158475876, 0.03442692384123802, 0.03728553466498852], "(2, 6, 2, 2)": [0.03485740162432194, 0.03499292582273483, 0.03520406596362591, 0.03715629316866398, 0.03573671355843544, 0.037186264991760254, 0.036843616515398026, 0.03801000863313675, 0.03648023307323456, 0.03581761568784714, 0.03517935983836651], "(2, 7, 2, 2)": [0.03241289593279362, 0.03451836109161377, 0.03139002155512571, 0.03321102075278759, 0.033743493258953094, 0.0338236503303051, 0.03322983346879482, 0.03704453073441982, 0.034414978697896004, 0.03384716995060444, 0.034028252586722374], "(2, 8, 2, 2)": [0.029384685680270195, 0.03035851940512657, 0.03073054365813732, 0.028750318102538586, 0.02932482771575451, 0.027557787485420704, 0.029828660190105438, 0.02904247771948576, 0.030545865185558796, 0.03058086521923542, 0.028512838296592236], "(2, 9, 2, 2)": [0.02413815353065729, 0.018980929628014565, 0.010600305162370205, 0.02195806335657835, 0.021818689070641994, 0.018278231844305992, 0.02106296457350254, 0.0205695703625679, 0.016654021106660366, 0.01666899025440216, 0.021135243587195873], "(2, 10, 2, 2)": [-0.004911298397928476, -0.01949440035969019, -0.004455298651009798, -0.006245068274438381, -0.019501928240060806, -0.01371716521680355, -0.012290968094021082, -0.014543716330081224, -0.015808284282684326, -0.011371778789907694, -0.0157274859957397], "(2, 1, 2, 2)": [0.0, 0.0, 0.0, 0.006459907628595829, 0.008431777125224471, 0.007253959774971008, 0.0029909855220466852, 0.013731770683079958, 0.0, 0.0, 0.0094740588683635], "(2, 2, 2, 2)": [0.020597418770194054, 0.023149771615862846, 0.02441793866455555, 0.02077807765454054, 0.029962810687720776, 0.02348385564982891, 0.028672332875430584, 0.026734781451523304, 0.025484840385615826, 0.028055802918970585, 0.025392955169081688], "(2, 3, 2, 2)": [0.030279737897217274, 0.028308914974331856, 0.024160646833479404, 0.028734776191413403, 0.028870017267763615, 0.021667693741619587, 0.02559342049062252, 0.03579929657280445, 0.02972473669797182, 0.029725341126322746, 0.02815445140004158], "(3, 3, 2, 2)": [0.033755017444491386, 0.03363535366952419, 0.032690273597836494, 0.03248078376054764, 0.03027049172669649, 0.032538753002882004, 0.034774474799633026, 0.03187090530991554, 0.03715677373111248, 0.03241267614066601, 0.034732572734355927], "(3, 4, 2, 2)": [0.034586673602461815, 0.0306567819789052, 0.03534366004168987, 0.035286376252770424, 0.033650873228907585, 0.03476867452263832, 0.03619488887488842, 0.03548680059611797, 0.036938149482011795, 0.037505676969885826, 0.03507252223789692], "(3, 4, 2, 1)": [0.021163679659366608, 0.02958107367157936, 0.014672407880425453, 0.018206164240837097, 0.01871295738965273, 0.010538644157350063, 0.024130862206220627, 0.019911903887987137, 0.030680403113365173, 0.02418060041964054, 0.02355011459439993], "(3, 3, 2, 1)": [0.026195122860372066, 0.024655494838953018, 0.012479506433010101, 0.015687697334215045, 0.01741586299613118, 0.02257618121802807, 0.02530524879693985, 0.02277496177703142, 0.03150095045566559, 0.02369187120348215, 0.02631568443030119], "(3, 3, 1, 1)": [0.027328080497682095, 0.03210211079567671, 0.031648192554712296, 0.03185577504336834, 0.029342597350478172, 0.031838822178542614, 0.03171268478035927, 0.02715621516108513, 0.03000028431415558, 0.03079270850867033, 0.03168357536196709], "(3, 2, 1, 1)": [0.01639880333095789, 0.020327117294073105, 0.020192869938910007, 0.01846559252589941, 0.0207134410738945, 0.018333916552364826, 0.02428317628800869, 0.019567085430026054, 0.026259971782565117, 0.020678581669926643, 0.028717338107526302], "(3, 8, 1, 2)": [0.017001573462039232, 0.028283288702368736, 0.018794439733028412, 0.012616803869605064, 0.016528432723134756, 0.01894185971468687, 0.011962163262069225, 0.022534837946295738, 0.02098564337939024, 0.02064456231892109, 0.01970665343105793], "(3, 7, 1, 1)": [0.024377094581723213, 0.02100999467074871, 0.02404105570167303, 0.025848432444036007, 0.02922348491847515, 0.020266078878194094, 0.024452153593301773, 0.03323160670697689, 0.018305789679288864, 0.02469505649060011, 0.030878367833793163], "(3, 6, 1, 1)": [0.031386857852339745, 0.03715943172574043, 0.03465604595839977, 0.029300959780812263, 0.030909107066690922, 0.03093929961323738, 0.031984489411115646, 0.031498534604907036, 0.03227141499519348, 0.02926546148955822, 0.03165058419108391], "(3, 6, 2, 2)": [0.03614256531000137, 0.03565112315118313, 0.034198228269815445, 0.031040776520967484, 0.03433810546994209, 0.032645076513290405, 0.03628188371658325, 0.03800470754504204, 0.035862479358911514, 0.035282693803310394, 0.0377383828163147], "(3, 6, 1, 2)": [0.010626154020428658, 0.0, 0.006976730423048139, 0.023247769102454185, 0.019207987003028393, 0.012996192555874586, 0.005994753446429968, 0.0, 0.0, 0.015916944481432438, 0.01098600309342146], "(3, 5, 1, 1)": [0.03649049252271652, 0.03377174399793148, 0.032595302909612656, 0.034618159756064415, 0.035258783027529716, 0.03375901281833649, 0.03358552046120167, 0.034649427980184555, 0.033388104289770126, 0.034325312823057175, 0.03330378420650959], "(3, 4, 1, 1)": [0.03452148661017418, 0.032787032425403595, 0.03471544571220875, 0.033216940239071846, 0.03414564020931721, 0.03322901576757431, 0.03233501687645912, 0.032390475273132324, 0.028752120211720467, 0.03327967971563339, 0.0336624551564455], "(2, 4, 1, 1)": [0.035565685480833054, 0.03701977990567684, 0.0349203497171402, 0.035766053944826126, 0.034842945635318756, 0.03615066222846508, 0.035861676558852196, 0.035425564274191856, 0.03658730536699295, 0.03344232216477394, 0.03376686945557594], "(2, 3, 1, 1)": [0.03321677818894386, 0.032085737213492393, 0.033625632524490356, 0.030405704863369465, 0.03281355835497379, 0.03332523629069328, 0.033119555562734604, 0.03228769823908806, 0.032118212431669235, 0.031938811764121056, 0.03212190978229046], "(2, 2, 1, 1)": [0.01800350472331047, 0.018557824194431305, 0.025193569250404835, 0.012893806211650372, 0.01424197107553482, 0.019851255230605602, 0.02232880610972643, 0.025577949360013008, 0.02162196207791567, 0.020414787344634533, 0.021685995627194643], "(3, 3, 1, 2)": [0.008067041635513306, 0.009930280968546867, 0.0, 0.005269587505608797, 0.0, 0.002809559227898717, 0.014231717213988304, 0.004146022722125053, 0.004428378771990538, 0.007007017266005278, 0.006129375658929348], "(2, 2, 2, 1)": [0.015230554156005383, 0.01710068015381694, 0.01879853941500187, 0.02088490966707468, 0.02407972142100334, 0.019029377959668636, 0.018827520310878754, 0.019240476191043854, 0.01959077548235655, 0.021183322183787823, 0.0203337287530303], "(2, 1, 1, 1)": [-0.03131284564733505, -0.021508067846298218, -0.022643248550593853, -0.010893473285250366, -0.014650415163487196, -0.01797715714201331, -0.028056454844772816, -0.020198193844407797, -0.020320747047662735, -0.015708783641457558, -0.014999186620116234], "(3, 7, 2, 2)": [0.03532452695071697, 0.029463448561728, 0.0336711760610342, 0.03353159315884113, 0.034436436370015144, 0.036722587421536446, 0.0336277112364769, 0.035998089239001274, 0.03588827885687351, 0.035853004083037376, 0.03509544022381306], "(3, 8, 2, 2)": [0.030836104415357113, 0.028704128228127956, 0.027033246122300625, 0.030535129830241203, 0.03106695879250765, 0.028003647923469543, 0.03191571496427059, 0.0275184353813529, 0.02887664921581745, 0.030782374553382397, 0.029522706754505634], "(3, 8, 1, 1)": [0.024994338862597942, 0.026297518983483315, 0.02552177757024765, 0.028423541225492954, 0.02696728054434061, 0.02709017600864172, 0.029335682280361652, 0.024852997623384, 0.020578181371092796, 0.025208995677530766, 0.030705605633556843],