{"q_values": {"(2, 6, 1, 1)": [0.03257043473422527, 0.032259151339530945, 0.03127287607640028, 0.030497879721224308, 0.03169435728341341, 0.03147720359265804, 0.03184088319540024, 0.018512415699660778, 0.03127848729491234, 0.03156725689768791, 0.03482227027416229], "(2, 6, 2, 2)": [0.030671292915940285, 0.02947023045271635, 0.031815098598599434, 0.032644011080265045, 0.033117832615971565, 0.03486570529639721, 0.034427305683493614, 0.03715776838362217, 0.03475179709494114, 0.032092989422380924, 0.03377522528171539], "(2, 7, 2, 2)": [0.028596471063792706, 0.03300994448363781, 0.03280022367835045, 0.02888158243149519, 0.033743493258953094, 0.030714877881109715, 0.03116203099489212, 0.03438352793455124, 0.03181507624685764, 0.0312661724165082, 0.03166944906115532], "(2, 8, 2, 2)": [0.02730738464742899, 0.02844780683517456, 0.025461440905928612, 0.02706931158900261, 0.02669202070683241, 0.024199984967708588, 0.02834251895546913, 0.024297152645885944, 0.027528388425707817, 0.02716511022299528, 0.026513880118727684], "(2, 9, 2, 2)": [0.012979306280612946, 0.012272011023014784, 0.013814470265060663, 0.01596585800871253, 0.008274358231574297, 0.0056037395261228085, 0.012297537177801132, 0.0066597540862858295, 0.004666583496145904, 0.013550269417464733, 0.014390441589057446], "(2, 10, 2, 2)": [-0.002992025576531887, -0.015363022685050964, -0.00871132267639041, -0.016287520993500948, -0.014691206626594067, -0.01371716521680355, -0.008557367138564587, -0.006988838664256036, -0.016126892995089293, -0.008585732895880938, -0.01717824535444379], "(2, 1, 2, 2)": [0.0, 0.0, 0.0, 0.004203473683446646, 0.008431777125224471, 0.007253959774971008, 0.0029909855220466852, 0.012889995705336332, 0.0, 0.0, 0.0094740588683635], "(2, 2, 2, 2)": [0.017627454362809658, 0.021236111409962177, 0.022975727915763855, 0.01888217218220234, 0.027531166560947895, 0.017673016525804996, 0.026889539323747158, 0.024579941295087337, 0.01812941674143076, 0.02419070526957512, 0.0213781064376235], "(2, 3, 2, 2)": [0.023548100143671036, 0.025759553536772728, 0.021928224712610245, 0.027268823236227036, 0.021898106671869755, 0.015570111572742462, 0.020476628094911575, 0.03144666366279125, 0.026725178584456444, 0.02481791190803051, 0.027162637561559677], "(3, 3, 2, 2)": [0.029828631319105625, 0.030912955291569233, 0.026963569223880768, 0.028941568918526173, 0.02836932521313429, 0.030820480547845364, 0.029047618620097637, 0.025627260096371174, 0.03407805599272251, 0.025302983820438385, 0.02863442525267601], "(3, 4, 2, 2)": [0.03059041779488325, 0.026072402484714985, 0.030168063938617706, 0.02991478517651558, 0.03241050988435745, 0.029436099343001842, 0.028721468523144722, 0.02803677786141634, 0.034193919971585274, 0.034438544884324074, 0.031842879951000214], "(3, 4, 2, 1)": [0.019942229613661766, 0.02483618911355734, 0.014672407880425453, 0.018206164240837097, 0.01871295738965273, 0.010538644157350063, 0.022097324952483177, 0.015715679619461298, 0.029380887746810913, 0.02418060041964054, 0.022069811820983887], "(3, 3, 2, 1)": [0.02429678663611412, 0.023055478930473328, 0.00929506216198206, 0.015687697334215045, 0.010306451003998518, 0.021842321380972862, 0.01968602742999792, 0.019410262815654278, 0.029619673267006874, 0.018138157203793526, 0.01582004502415657], "(3, 3, 1, 1)": [0.02636706456542015, 0.03184450976550579, 0.030812453478574753, 0.030318094417452812, 0.026338452473282814, 0.031381094828248024, 0.03072365466505289, 0.02434389665722847, 0.029270232655107975, 0.0307602072134614, 0.028014594689011574], "(3, 2, 1, 1)": [0.016984254587441683, 0.024651124142110348, 0.019034335389733315, 0.01114724762737751, 0.016400929540395737, 0.019886472262442112, 0.021976472809910774, 0.017213047482073307, 0.022066577337682247, 0.018041139468550682, 0.020067756064236164], "(3, 8, 1, 2)": [0.017001573462039232, 0.021284053102135658, 0.01434042863547802, 0.012616803869605064, 0.012403500732034445, 0.012275305576622486, 0.011962163262069225, 0.02075878717005253, 0.013192767510190606, 0.019314108416438103, 0.01534037571400404], "(3, 7, 1, 1)": [0.023197337053716183, 0.019123271107673645, 0.01882299967110157, 0.02150239422917366, 0.026484938338398933, 0.01700234180316329, 0.023135649040341377, 0.029962215572595596, 0.013115616515278816, 0.022897858172655106, 0.022202106192708015], "(3, 6, 1, 1)": [0.02678554691374302, 0.032342152670025826, 0.030136164277791977, 0.024291187524795532, 0.025906392373144627, 0.027986192144453526, 0.03082612995058298, 0.027598589658737183, 0.026996641419827938, 0.02283665258437395, 0.03170949500054121], "(3, 6, 2, 2)": [0.03221042454242706, 0.029620722867548466, 0.03315158747136593, 0.029622763395309448, 0.03208406642079353, 0.028461387380957603, 0.03083733282983303, 0.036593327298760414, 0.03348090499639511, 0.03337502107024193, 0.03318863920867443], "(3, 6, 1, 2)": [0.010626154020428658, 0.0, 0.006976730423048139, 0.02129137609153986, 0.01490111742168665, 0.012996192555874586, 0.005994753446429968, 0.0, 0.0, 0.015916944481432438, 0.005385010503232479], "(3, 5, 1, 1)": [0.034699128940701485, 0.0245776129886508, 0.030254089273512363, 0.03314797207713127, 0.03338862396776676, 0.03200082667171955, 0.028941486962139606, 0.03217213321477175, 0.03143147565424442, 0.027148322202265263, 0.026426655240356922], "(3, 4, 1, 1)": [0.030827374197542667, 0.03006594069302082, 0.03332621417939663, 0.030069262720644474, 0.028809585608541965, 0.0299951434135437, 0.03002568520605564, 0.024947192519903183, 0.024474412202835083, 0.02946289163082838, 0.030812927521765232], "(2, 4, 1, 1)": [0.03371676243841648, 0.03434950299561024, 0.03371885232627392, 0.03403916768729687, 0.03233392536640167, 0.033930543810129166, 0.03299475181847811, 0.03338518552482128, 0.033623265102505684, 0.032716142013669014, 0.03194649238139391], "(2, 3, 1, 1)": [0.03262478671967983, 0.032497525215148926, 0.032492851838469505, 0.030886678025126457, 0.032541753724217415, 0.031617844477295876, 0.031533919274806976, 0.030203822068870068, 0.03068604227155447, 0.029835989698767662, 0.03021249733865261], "(2, 2, 1, 1)": [0.008938648737967014, 0.017387859523296356, 0.02309687901288271, 0.023150885477662086, 0.009660240262746811, 0.026518932543694973, 0.024681984446942806, 0.02339764218777418, 0.010396244935691357, 0.025809846818447113, 0.029246997088193893], "(3, 3, 1, 2)": [0.004178450908511877, 0.004805266857147217, 0.0, 0.005269587505608797, 0.0, 0.002809559227898717, 0.009967593010514975, 0.004146022722125053, 0.004428378771990538, 0.007007017266005278, 0.006129375658929348], "(2, 2, 2, 1)": [0.012902739457786083, 0.014820852782577276, 0.01644104579463601, 0.018102423287928104, 0.02310461364686489, 0.015785624273121357, 0.018827520310878754, 0.013209620956331491, 0.01959077548235655, 0.01723543554544449, 0.017164114862680435], "(2, 1, 1, 1)": [-0.030948949977755547, -0.017433263128623366, -0.02163655962795019, -0.010265753488056362, -0.014650415163487196, -0.013697162736207247, -0.026341265067458153, -0.026770159602165222, -0.018708182033151388, -0.01625906815752387, -0.012298364657908678], "(3, 7, 2, 2)": [0.02924401592463255, 0.024715258739888668, 0.03190351650118828, 0.03069166559726, 0.03266805410385132, 0.03547199256718159, 0.03360338322818279, 0.03269738331437111, 0.03267900925129652, 0.03608918935060501, 0.029658966697752476], "(3, 8, 2, 2)": [0.025609384290874004, 0.026415380649268627, 0.02791719324886799, 0.026989804580807686, 0.02796608954668045, 0.028185468167066574, 0.028529473580420017, 0.027129623107612133, 0.028553375974297523, 0.028067718259990215, 0.03105642832815647], "(3, 8, 1, 1)": [0.019873433746397495, 0.021823465824127197, 0.02112493384629488, 0.02159629389643669, 0.018778554163873196, 0.01894368603825569, 0.024359415285289288, 0.017403368838131428, 0.020578181371092796, 0.019472901709377766, 0.025678490288555622],