{"q_values": {"(2, 6, 1, 1)": [0.03776036761701107, 0.039249006658792496, 0.036880966275930405, 0.037466542795300484, 0.035569144412875175, 0.036863356828689575, 0.03562193550169468, 0.0246282909065485, 0.03700954280793667, 0.036153899505734444, 0.03598098270595074], "(2, 6, 2, 2)": [0.03485740162432194, 0.035336220636963844, 0.03646347299218178, 0.037717001512646675, 0.03700481913983822, 0.038010772317647934, 0.03744701109826565, 0.03847547061741352, 0.03756343387067318, 0.03711608424782753, 0.03624947555363178], "(2, 7, 2, 2)": [0.03563888184726238, 0.036500608548521996, 0.034474000334739685, 0.0340537391602993, 0.03555203601717949, 0.03586459532380104, 0.036274081096053123, 0.03612797148525715, 0.03569863177835941, 0.03388052061200142, 0.03580484166741371], "(2, 8, 2, 2)": [0.030859080143272877, 0.035388609394431114, 0.032541241496801376, 0.030598778277635574, 0.03208731859922409, 0.02996339648962021, 0.03204955533146858, 0.030024074018001556, 0.0311716441065073, 0.03123689442873001, 0.030857251025736332], "(2, 9, 2, 2)": [0.023259606212377548, 0.015417578630149364, 0.02082890458405018, 0.022563189268112183, 0.023562364280223846, 0.021870379336178303, 0.023468581959605217, 0.021525719203054905, 0.009224017150700092, 0.017931293230503798, 0.021401366218924522], "(2, 10, 2, 2)": [-0.008736015763133764, -0.013362785335630178, -0.008482296951115131, -0.007141484180465341, -0.019501928240060806, 0.0011587152257561684, -0.01196134788915515, -0.01752481795847416, -0.015808284282684326, -0.011371778789907694, -0.02066793292760849], "(2, 1, 2, 2)": [0.0, 0.0, 0.0, 0.006459907628595829, 0.008431777125224471, 0.007253959774971008, 0.0029909855220466852, 0.013731770683079958, 0.0, 0.0, 0.0094740588683635], "(2, 2, 2, 2)": [0.024606509134173393, 0.023871093057096004, 0.027135503478348255, 0.02701207622885704, 0.029170861467719078, 0.028267123736441135, 0.03088514134287834, 0.028902637772262096, 0.025484840385615826, 0.0290127070620656, 0.025794001296162605], "(2, 3, 2, 2)": [0.032462891191244125, 0.031087047420442104, 0.02953045442700386, 0.03059299197047949, 0.03228501230478287, 0.02846316620707512, 0.03460061177611351, 0.03715307265520096, 0.032857341691851616, 0.034248026087880135, 0.028799353167414665], "(3, 3, 2, 2)": [0.03558477200567722, 0.03592427261173725, 0.0362208615988493, 0.03638777881860733, 0.0345623716711998, 0.03732985630631447, 0.03741507790982723, 0.03709416836500168, 0.03801932372152805, 0.03712490759789944, 0.03718493692576885], "(3, 4, 2, 2)": [0.03556561470031738, 0.03563167154788971, 0.038248591125011444, 0.03721855580806732, 0.037526579573750496, 0.038582855835556984, 0.03829347714781761, 0.03802384436130524, 0.03934241086244583, 0.03893624246120453, 0.038022175431251526], "(3, 4, 2, 1)": [0.027618441730737686, 0.03129442501813173, 0.016635390929877758, 0.01905090268701315, 0.02585914358496666, 0.010538644157350063, 0.02561180852353573, 0.02171583380550146, 0.0339407492429018, 0.029594091698527336, 0.025025497190654278], "(3, 3, 2, 1)": [0.028972366824746132, 0.02943329606205225, 0.023099691607058048, 0.015687697334215045, 0.022053934168070555, 0.026447719894349575, 0.02925627026706934, 0.02866553422063589, 0.03471650555729866, 0.03258117940276861, 0.02838218491524458], "(3, 3, 1, 1)": [0.030669990926980972, 0.033821141347289085, 0.032650116831064224, 0.034123824909329414, 0.0318841440603137, 0.0329965315759182, 0.03228262718766928, 0.03388486057519913, 0.032369946129620075, 0.0340641513466835, 0.034449633210897446], "(3, 2, 1, 1)": [0.02339085005223751, 0.02258769841864705, 0.021828715689480305, 0.02038138546049595, 0.023087242618203163, 0.02292874176055193, 0.029994643293321133, 0.008176447357982397, 0.029859604313969612, 0.02819148823618889, 0.024780207313597202], "(3, 8, 1, 2)": [0.022099857218563557, 0.03291824832558632, 0.018794439733028412, 0.019261787179857492, 0.02576756291091442, 0.019752463325858116, 0.022129208780825138, 0.028686395846307278, 0.023127038963139057, 0.022369024343788624, 0.020281470380723476], "(3, 7, 1, 1)": [0.02858584374189377, 0.021326040849089622, 0.031220898032188416, 0.03084383811801672, 0.03252208046615124, 0.021616908255964518, 0.03006509505212307, 0.0336273368448019, 0.028701625764369965, 0.028725076466798782, 0.031189721077680588], "(3, 6, 1, 1)": [0.03248171508312225, 0.03739544749259949, 0.03538640774786472, 0.034999722614884377, 0.0318054361268878, 0.034898314625024796, 0.03283116966485977, 0.03154013492166996, 0.0343939159065485, 0.02939057257026434, 0.034090446308255196], "(3, 6, 2, 2)": [0.03603248670697212, 0.036840470507740974, 0.03624271787703037, 0.03455125726759434, 0.036600926890969276, 0.037327252328395844, 0.037550076842308044, 0.038804156705737114, 0.038448333740234375, 0.0378886628895998, 0.03894428163766861], "(3, 6, 1, 2)": [0.010626154020428658, 0.005810931790620089, 0.006976730423048139, 0.023247769102454185, 0.019207987003028393, 0.015509869903326035, 0.013323541497811675, 0.005680056754499674, 0.0, 0.018758593127131462, 0.015199122950434685], "(3, 5, 1, 1)": [0.03796963021159172, 0.03613978996872902, 0.036033185198903084, 0.035824354737997055, 0.036547720432281494, 0.0362312663346529, 0.035469939932227135, 0.033700866624712944, 0.03673676960170269, 0.03693658299744129, 0.035901157185435295], "(3, 4, 1, 1)": [0.03573814406991005, 0.03468909114599228, 0.03722340799868107, 0.0352825578302145, 0.035931965336203575, 0.03362073563039303, 0.03491361811757088, 0.03426714055240154, 0.03481785207986832, 0.03484031558036804, 0.035715943202376366], "(2, 4, 1, 1)": [0.035845451056957245, 0.0369742177426815, 0.03627665713429451, 0.03659633919596672, 0.03676183149218559, 0.03692074306309223, 0.03696203604340553, 0.03640669025480747, 0.03650156036019325, 0.03702833503484726, 0.0349514726549387], "(2, 3, 1, 1)": [0.03302809223532677, 0.03178103268146515, 0.03313479200005531, 0.031970009207725525, 0.03235012665390968, 0.033103328198194504, 0.032595451921224594, 0.033743636682629585, 0.03131926339119673, 0.03334519453346729, 0.033865977078676224], "(2, 2, 1, 1)": [0.018894185312092304, 0.019038918428122997, 0.022575759328901768, 0.021057454869151115, 0.022787206806242466, 0.018742680549621582, 0.02286476269364357, 0.023476076312363148, 0.021754794754087925, 0.017734811175614595, 0.024388370104134083], "(3, 3, 1, 2)": [0.008067041635513306, 0.009930280968546867, 0.0, 0.008803881704807281, 0.0, 0.002809559227898717, 0.018402861431241035, 0.004146022722125053, 0.004428378771990538, 0.007007017266005278, 0.006129375658929348], "(2, 2, 2, 1)": [0.019417570903897285, 0.01710068015381694, 0.0196696724742651, 0.02180318906903267, 0.02720691543072462, 0.020375830121338367, 0.024415215477347374, 0.022566509433090687, 0.023743712343275547, 0.02662436757236719, 0.023945994675159454], "(2, 1, 1, 1)": [-0.03374547138810158, -0.023835125379264355, -0.022643248550593853, -0.02674542088061571, -0.01719401264563203, -0.021320651285350323, -0.028056454844772816, -0.017827746458351612, -0.016321924049407244, -0.014226057101041079, -0.02131034340709448], "(3, 7, 2, 2)": [0.035598279908299446, 0.03479108586907387, 0.0355396531522274, 0.0355867650359869, 0.03523704595863819, 0.03681238181889057, 0.037240974605083466, 0.03669612668454647, 0.03636046499013901, 0.03585902787744999, 0.03635375387966633], "(3, 8, 2, 2)": [0.03186837024986744, 0.03165014460682869, 0.03246435895562172, 0.03246570564806461, 0.03234746307134628, 0.03289762698113918, 0.0301673486828804, 0.03207082115113735, 0.029489049687981606, 0.03187563642859459, 0.03028128109872341], "(3, 8, 1, 1)": [0.028626984916627407, 0.030198082327842712, 0.030125215649604797, 0.03328198753297329, 0.03193682711571455, 0.03233013488352299, 0.03244655765593052, 0.02857695147395134, 0.029284892603754997, 0.029611825942993164, 0.03483979031443596],