{"q_values": {"(2, 6, 2, 3)": [0.21649205684661865, 0.20671279728412628, 0.21401335299015045, 0.2113802134990692, 0.19778989255428314, 0.20018966495990753, 0.2046082764863968, 0.20761439204216003, 0.13315853476524353], "(2, 6, 1, 2)": [0.22536121308803558, 0.22539670765399933, 0.2257334440946579, 0.2104618102312088, 0.233552023768425, 0.20598497986793518, 0.1900544911623001, 0.22964981198310852, 0.21686847507953644], "(2, 7, 2, 3)": [0.1783691644668579, 0.12669794261455536, 0.14072805643081665, 0.14460255205631256, 0.14227496087551117, 0.127989262342453, 0.1387087106704712, 0.104124054312706, 0.13264162838459015], "(2, 8, 2, 3)": [0.06625216454267502, 0.15075074136257172, 0.1221529096364975, 0.13487470149993896, 0.10630503296852112, 0.1008186787366867, 0.08111786097288132, 0.08587513118982315, 0.11373359709978104], "(2, 8, 2, 4)": [0.0, 0.01700190082192421, 0.0, 0.026795078068971634, 0.0, 0.002662050072103739, 0.0, 0.0, 0.0035423997323960066], "(2, 9, 2, 4)": [0.03553539142012596, 0.0, 0.0, -0.003396979533135891, 0.009691551327705383, 0.011357583105564117, 0.0, 0.004101412836462259, 0.0], "(3, 4, 1, 3)": [0.014441708102822304, 0.007558450568467379, 0.05414988100528717, 0.01804560050368309, 0.005141830537468195, 0.10766538977622986, 0.09535616636276245, 0.05417115241289139, 0.01791203022003174], "(2, 1, 2, 3)": [0.048008546233177185, 0.0, 0.013698105700314045, 0.0, 0.010396288707852364, 0.005492536351084709, 0.003467399626970291, 0.010211175307631493, 0.020556792616844177], "(2, 2, 2, 3)": [0.13601601123809814, 0.1432538479566574, 0.11919227987527847, 0.08368220180273056, 0.11175085604190826, 0.12436632812023163, 0.13861311972141266, 0.14148183166980743, 0.14506036043167114], "(2, 2, 1, 2)": [0.131168395280838, 0.13019123673439026, 0.1446940004825592, 0.15067079663276672, 0.16177375614643097, 0.1387256681919098, 0.14996489882469177, 0.11646148562431335, 0.10149909555912018], "(2, 3, 2, 3)": [0.16765370965003967, 0.19201643764972687, 0.20261070132255554, 0.16920728981494904, 0.2024230659008026, 0.21327044069766998, 0.19477106630802155, 0.19475983083248138, 0.20063163340091705], "(2, 3, 2, 2)": [0.1454867422580719, 0.16997414827346802, 0.18161766231060028, 0.15907321870326996, 0.14608138799667358, 0.1847744733095169, 0.14656467735767365, 0.19762857258319855, 0.15567059814929962], "(2, 2, 2, 2)": [0.06042858958244324, 0.09229464083909988, 0.08982261270284653, 0.14752477407455444, 0.08816826343536377, 0.036854252219200134, 0.017678339034318924, 0.08475668728351593, 0.12321585416793823], "(3, 2, 2, 3)": [0.11755160987377167, 0.11529404670000076, 0.13230696320533752, 0.13290193676948547, 0.1261378824710846, 0.12790945172309875, 0.15618090331554413, 0.11141418665647507, 0.14243564009666443], "(3, 2, 2, 2)": [0.06964689493179321, 0.07933607697486877, 0.12176404893398285, 0.11776378750801086, 0.08405055105686188, 0.10117372870445251, 0.09332872927188873, 0.11653684824705124, 0.13788244128227234], "(3, 3, 2, 3)": [0.16185462474822998, 0.16469934582710266, 0.13872718811035156, 0.15995849668979645, 0.1657804548740387, 0.15147757530212402, 0.16333213448524475, 0.15137510001659393, 0.16578033566474915], "(3, 4, 2, 3)": [0.18174724280834198, 0.2107553631067276, 0.20247520506381989, 0.20492255687713623, 0.20707757771015167, 0.19575893878936768, 0.2158285230398178, 0.20480801165103912, 0.2080509066581726], "(3, 5, 2, 3)": [0.1925441175699234, 0.18373262882232666, 0.19837625324726105, 0.19363461434841156, 0.19485728442668915, 0.17405052483081818, 0.18272720277309418, 0.18509680032730103, 0.16730844974517822], "(3, 6, 2, 3)": [0.16645225882530212, 0.18536272644996643, 0.16729311645030975, 0.17101146280765533, 0.1360408514738083, 0.15151835978031158, 0.16678698360919952, 0.17934034764766693, 0.09687788039445877], "(3, 7, 2, 3)": [0.1279999315738678, 0.1426510363817215, 0.1423715204000473, 0.15348580479621887, 0.15354372560977936, 0.14680913090705872, 0.11622057855129242, 0.13045398890972137, 0.1312967985868454], "(3, 8, 2, 2)": [0.032683148980140686, 0.0, 0.0, 0.031169597059488297, 0.010654543526470661, 0.002829934936016798, 0.040780406445264816, 0.03625175356864929, 0.06156285107135773], "(3, 8, 2, 3)": [0.10858259350061417, 0.10242891311645508, 0.1014535129070282, 0.12366156280040741, 0.12569080293178558, 0.12804393470287323, 0.12460272759199142, 0.12783844769001007, 0.11061001569032669], "(3, 7, 2, 2)": [0.0663742795586586, 0.03945879265666008, 0.041732605546712875, 0.06321509182453156, 0.02467404305934906, 0.04156772792339325, 0.035647034645080566, 0.11279874294996262, 0.0], "(3, 7, 1, 2)": [0.18392769992351532, 0.10633900761604309, 0.11522828042507172, 0.11913368105888367, 0.12150219082832336, 0.06961934268474579, 0.1459568291902542, 0.07617002725601196, 0.11129733920097351], "(3, 6, 1, 2)": [0.19759990274906158, 0.15204279124736786, 0.18978603184223175, 0.18134143948554993, 0.20837217569351196, 0.17740404605865479, 0.18608015775680542, 0.18043199181556702, 0.14564847946166992], "(3, 6, 2, 2)": [0.1091330349445343, 0.11330877244472504, 0.06590932607650757, 0.03755520284175873, 0.027574673295021057, 0.06866342574357986, 0.020485946908593178, 0.04335654154419899, 0.07350996136665344], "(3, 5, 1, 2)": [0.15980802476406097, 0.1930646300315857, 0.20652224123477936, 0.1996029168367386, 0.18652121722698212, 0.17799144983291626, 0.19672006368637085, 0.18453168869018555, 0.1949721872806549], "(3, 4, 1, 2)": [0.18120646476745605, 0.16664673388004303, 0.1897166520357132, 0.2044585943222046, 0.19536192715168, 0.18080881237983704, 0.19846907258033752, 0.18843236565589905, 0.19313833117485046], "(3, 3, 1, 2)": [0.1416691094636917, 0.1400742530822754, 0.13179731369018555, 0.13737045228481293, 0.14350703358650208, 0.13915583491325378, 0.12750551104545593, 0.14366748929023743, 0.13466870784759521], "(3, 2, 1, 2)": [0.09978494793176651, 0.13214267790317535, 0.12047088146209717, 0.11889109015464783, 0.11355511844158173, 0.12827782332897186, 0.10763026773929596, 0.11325924098491669, 0.10118734836578369], "(3, 1, 1, 2)": [0.03310825675725937, 0.07014636695384979, 0.03382673114538193, 0.022571979090571404, 0.021666206419467926, 0.0477299839258194, 0.044427867978811264, 0.036276113241910934, 0.04432506114244461], "(3, 8, 1, 3)": [0.02877218648791313, 0.02841637283563614, 0.05133134499192238, 0.08507993072271347, 0.036546602845191956, 0.03579053655266762, 0.05031781643629074, 0.1113046258687973, 0.06441836059093475], "(3, 7, 1, 3)": [0.04325725883245468, 0.03338022530078888, 0.0, 0.01022755354642868, 0.0, 0.03870778530836105, 0.0, 0.0, 0.06462835520505905], "(3, 6, 1, 3)": [0.024242570623755455, 0.011808176524937153, 0.05055326595902443, 0.024263814091682434, 0.02244880422949791, 0.04911794140934944, 0.04651623219251633, 0.09301035851240158, 0.025576747953891754], "(3, 4, 1, 1)": [0.0029229396022856236, 0.0, 0.019572198390960693, 0.0, 0.01015053503215313, 0.0, 0.05399464815855026, 0.0, 0.0], "(2, 3, 1, 1)": [0.03686896711587906, 0.038708265870809555, 0.0264720618724823, 0.012903399765491486, 0.04097321256995201, 0.04248453304171562, 0.05334700644016266, 0.10733413696289062, 0.02415458858013153], "(2, 3, 1, 2)": [0.1783025711774826, 0.1650988608598709, 0.16563338041305542, 0.19033311307430267, 0.19826987385749817, 0.2032216340303421, 0.19767357409000397, 0.18721094727516174, 0.19360756874084473], "(2, 2, 1, 1)": [0.007983868010342121, -0.000793960876762867, 0.01873346045613289, 0.01088731735944748, 0.08598320931196213, 0.030989523977041245, 0.04550366848707199, 0.04132658988237381, 0.007735142949968576], "(2, 1, 1, 1)": [0.01767689362168312, 0.008053342811763287, 0.0, 0.07152488827705383, 0.018770605325698853, 0.054812535643577576, 0.0, 0.0, 0.0044959853403270245], "(2, 8, 2, 2)": [0.06198935955762863, 0.011692415922880173, 0.0, 0.015246942639350891, 0.020473875105381012, 0.04288444295525551, 0.03154357522726059, 0.05202450230717659, 0.015052536502480507],