{"q_values": {"(2, 6, 2, 3)": [0.30524328351020813, 0.28787317872047424, 0.289470911026001, 0.30433177947998047, 0.29361414909362793, 0.2999735474586487, 0.3049286901950836, 0.29678553342819214, 0.25184357166290283], "(2, 6, 1, 2)": [0.3103379011154175, 0.2759646773338318, 0.2909278869628906, 0.3163358271121979, 0.30836018919944763, 0.31664279103279114, 0.31683823466300964, 0.31528958678245544, 0.30538326501846313], "(2, 7, 2, 3)": [0.25597521662712097, 0.2667640745639801, 0.23241274058818817, 0.22769640386104584, 0.25452467799186707, 0.20469854772090912, 0.1921534389257431, 0.16652579605579376, 0.20712758600711823], "(2, 8, 2, 3)": [0.15572313964366913, 0.2230185866355896, 0.2106647491455078, 0.15664087235927582, 0.19078008830547333, 0.15001896023750305, 0.17900490760803223, 0.14129549264907837, 0.16574984788894653], "(2, 8, 2, 4)": [0.0, 0.01700190082192421, 0.0, 0.026795078068971634, 0.0, 0.002662050072103739, 0.0, 0.0, 0.0035423997323960066], "(2, 9, 2, 4)": [0.03553539142012596, 0.0, 0.0, -0.003396979533135891, 0.009691551327705383, 0.011357583105564117, 0.0, 0.004101412836462259, 0.0], "(3, 4, 1, 3)": [0.07738780975341797, 0.007558450568467379, 0.05414988100528717, 0.08832447230815887, 0.005141830537468195, 0.10766538977622986, 0.14020532369613647, 0.09937428683042526, 0.09121709316968918], "(2, 1, 2, 3)": [0.048008546233177185, 0.017840884625911713, 0.013698105700314045, 0.0, 0.010396288707852364, 0.005492536351084709, 0.01917068473994732, 0.010211175307631493, 0.020556792616844177], "(2, 2, 2, 3)": [0.13601601123809814, 0.17209011316299438, 0.1515548676252365, 0.1372329294681549, 0.19697193801403046, 0.17276877164840698, 0.15395992994308472, 0.17742754518985748, 0.14882640540599823], "(2, 2, 1, 2)": [0.15446633100509644, 0.16972292959690094, 0.1774214506149292, 0.16755174100399017, 0.18548741936683655, 0.15699785947799683, 0.1824483424425125, 0.15527740120887756, 0.1665128767490387], "(2, 3, 2, 3)": [0.2012515813112259, 0.2333168238401413, 0.23201534152030945, 0.2358531355857849, 0.2500857710838318, 0.25832241773605347, 0.25694459676742554, 0.2345176637172699, 0.23972710967063904], "(2, 3, 2, 2)": [0.1454867422580719, 0.20311205089092255, 0.20687705278396606, 0.17773757874965668, 0.14608138799667358, 0.21073846518993378, 0.21424531936645508, 0.24180376529693604, 0.2087079882621765], "(2, 2, 2, 2)": [0.06042858958244324, 0.10865066945552826, 0.15929821133613586, 0.12661774456501007, 0.12239924818277359, 0.07995879650115967, 0.07352103292942047, 0.13986177742481232, 0.13969692587852478], "(3, 2, 2, 3)": [0.15994016826152802, 0.20363394916057587, 0.20647650957107544, 0.192117378115654, 0.20442886650562286, 0.18498864769935608, 0.1906154751777649, 0.2198413759469986, 0.20996534824371338], "(3, 2, 2, 2)": [0.17681780457496643, 0.13477151095867157, 0.13653592765331268, 0.16350582242012024, 0.17203697562217712, 0.18680372834205627, 0.1443425416946411, 0.17338648438453674, 0.20217081904411316], "(3, 3, 2, 3)": [0.2057892233133316, 0.20328116416931152, 0.22910454869270325, 0.21942543983459473, 0.21897931396961212, 0.22135797142982483, 0.221808061003685, 0.2224864959716797, 0.22954821586608887], "(3, 4, 2, 3)": [0.2549093961715698, 0.24839764833450317, 0.2484317421913147, 0.2570667564868927, 0.2546490430831909, 0.2675337791442871, 0.2552111744880676, 0.2491588443517685, 0.2516964077949524], "(3, 5, 2, 3)": [0.24123495817184448, 0.25937479734420776, 0.24942269921302795, 0.23798342049121857, 0.2381564974784851, 0.23759646713733673, 0.24221722781658173, 0.2528369724750519, 0.2218879610300064], "(3, 6, 2, 3)": [0.1955740749835968, 0.2237544059753418, 0.22419001162052155, 0.21082621812820435, 0.20632348954677582, 0.20300054550170898, 0.21564435958862305, 0.20169316232204437, 0.21478386223316193], "(3, 7, 2, 3)": [0.18143396079540253, 0.1865473836660385, 0.1913694441318512, 0.19395306706428528, 0.187947615981102, 0.198903426527977, 0.18972279131412506, 0.16004575788974762, 0.1800740659236908], "(3, 8, 2, 2)": [0.032683148980140686, 0.0, 0.0, 0.031169597059488297, 0.010654543526470661, 0.002829934936016798, 0.040780406445264816, 0.03625175356864929, 0.08553440868854523], "(3, 8, 2, 3)": [0.1846899688243866, 0.13978362083435059, 0.15147432684898376, 0.15935564041137695, 0.19296906888484955, 0.151555135846138, 0.15239423513412476, 0.17774412035942078, 0.17147298157215118], "(3, 7, 2, 2)": [0.10614404827356339, 0.03945879265666008, 0.1043306440114975, 0.13756778836250305, 0.0813751146197319, 0.04156772792339325, 0.035647034645080566, 0.11279874294996262, 0.058225493878126144], "(3, 7, 1, 2)": [0.22229598462581635, 0.17530876398086548, 0.20508524775505066, 0.24313265085220337, 0.19209250807762146, 0.2128129005432129, 0.14422209560871124, 0.1907399296760559, 0.17919443547725677], "(3, 6, 1, 2)": [0.22755467891693115, 0.24654065072536469, 0.23691165447235107, 0.24311433732509613, 0.23115018010139465, 0.23113422095775604, 0.21898378431797028, 0.23780685663223267, 0.2292027771472931], "(3, 6, 2, 2)": [0.1091330349445343, 0.17549674212932587, 0.12433262169361115, 0.09585043787956238, 0.027574673295021057, 0.10243554413318634, 0.020485946908593178, 0.04335654154419899, 0.07350996136665344], "(3, 5, 1, 2)": [0.2328348457813263, 0.2539597153663635, 0.25200188159942627, 0.2413032352924347, 0.23563894629478455, 0.23542581498622894, 0.21496306359767914, 0.24003788828849792, 0.24649591743946075], "(3, 4, 1, 2)": [0.1996195912361145, 0.21498534083366394, 0.2151511162519455, 0.21058617532253265, 0.23474077880382538, 0.2362799048423767, 0.24306941032409668, 0.23585937917232513, 0.2601405382156372], "(3, 3, 1, 2)": [0.18936386704444885, 0.19511274993419647, 0.15329870581626892, 0.18436332046985626, 0.18638940155506134, 0.20253121852874756, 0.17873620986938477, 0.19331121444702148, 0.21230345964431763], "(3, 2, 1, 2)": [0.18594610691070557, 0.1532072126865387, 0.18728558719158173, 0.1904643028974533, 0.19591127336025238, 0.19233956933021545, 0.18393658101558685, 0.1999950110912323, 0.18111859261989594], "(3, 1, 1, 2)": [0.03310825675725937, 0.06052619591355324, 0.05009613558650017, 0.022571979090571404, 0.14535290002822876, 0.0477299839258194, 0.07719047367572784, 0.07772207260131836, 0.04432506114244461], "(3, 8, 1, 3)": [0.07021833956241608, 0.02841637283563614, 0.05133134499192238, 0.08507993072271347, 0.061405859887599945, 0.03579053655266762, 0.11388082802295685, 0.1113046258687973, 0.12819667160511017], "(3, 7, 1, 3)": [0.13606224954128265, 0.03338022530078888, 0.13000863790512085, 0.1197548434138298, 0.08010353147983551, 0.11610255390405655, 0.05033009499311447, 0.05345632880926132, 0.17294032871723175], "(3, 6, 1, 3)": [0.024242570623755455, 0.011808176524937153, 0.10985685884952545, 0.09873862564563751, 0.06650517880916595, 0.12216661125421524, 0.10155288875102997, 0.19063815474510193, 0.11271502077579498], "(3, 4, 1, 1)": [0.0029229396022856236, 0.0, 0.019572198390960693, 0.0, 0.01015053503215313, 0.0, 0.05399464815855026, 0.0, 0.0], "(2, 3, 1, 1)": [0.05695737525820732, 0.038708265870809555, 0.05317390337586403, 0.012903399765491486, 0.04097321256995201, 0.0895705297589302, 0.05334700644016266, 0.14153017103672028, 0.02415458858013153], "(2, 3, 1, 2)": [0.21780359745025635, 0.21698418259620667, 0.22889584302902222, 0.21114102005958557, 0.21727773547172546, 0.20758643746376038, 0.23965725302696228, 0.18832352757453918, 0.20273303985595703], "(2, 2, 1, 1)": [0.03249012678861618, -0.000793960876762867, 0.01873346045613289, 0.01088731735944748, 0.09605668485164642, 0.06938815116882324, 0.04550366848707199, 0.04132658988237381, 0.06929627060890198], "(2, 1, 1, 1)": [0.01767689362168312, 0.008053342811763287, 0.0, 0.08231263607740402, 0.018770605325698853, 0.054812535643577576, 0.0, 0.05672654137015343, 0.0044959853403270245], "(2, 8, 2, 2)": [0.06198935955762863, 0.011692415922880173, 0.0, 0.07852056622505188, 0.020473875105381012, 0.04288444295525551, 0.0815766379237175, 0.09496289491653442, 0.015052536502480507],