{"q_values": {"(2, 6, 2, 3)": [0.0, 0.0, 0.0, 0.0, 0.0, 0.0, 0.005040410906076431, 0.0, 0.0], "(2, 6, 1, 2)": [0.0, 0.0, 0.0, 0.0, 0.0, 0.0, 0.0, 0.0029798666946589947, 0.0], "(2, 7, 2, 3)": [0.0, 0.0, 0.0, 0.0, 0.0, 0.002840236993506551, 0.0, 0.005823771469295025, 0.0], "(2, 8, 2, 3)": [0.0, 0.0, 0.0, 0.0, 0.0, 0.0, 0.0, 0.002762745600193739, 0.0], "(2, 8, 2, 4)": [0.0, 0.0, 0.0, 0.0, 0.0, 0.002662050072103739, 0.0, 0.0, 0.0], "(2, 9, 2, 4)": [0.0, 0.0, 0.0, 0.0, 0.0025473879650235176, -0.00658152811229229, 0.0, 0.0, 0.0], "(3, 4, 1, 3)": [0.0, 0.0, 0.0, 0.0, 0.0, 0.0, 0.0, 0.0, 0.0]}}