{"q_values": {"(2, 6, 2, 3)": [0.025915078818798065, 0.03368983790278435, 0.035286903381347656, 0.0392233207821846, 0.03257768601179123, 0.020482666790485382, 0.04012652859091759, 0.04090102016925812, 0.034560590982437134], "(2, 6, 1, 2)": [0.05528435856103897, 0.057401373982429504, 0.06680084764957428, 0.07650440186262131, 0.055445268750190735, 0.04130595549941063, 0.048064254224300385, 0.04510805010795593, 0.04740956798195839], "(2, 7, 2, 3)": [0.042229022830724716, 0.03896442428231239, 0.02088719606399536, 0.03455813601613045, 0.03948394954204559, 0.04002203047275543, 0.04499692842364311, 0.0366210974752903, 0.027035661041736603], "(2, 8, 2, 3)": [0.033722538501024246, 0.03883236274123192, 0.03498862683773041, 0.03260062262415886, 0.03804154694080353, 0.034414924681186676, 0.029757266864180565, 0.03224682807922363, 0.0296188797801733], "(2, 8, 2, 4)": [0.0, 0.0, 0.0, 0.004165170714259148, 0.0, 0.002662050072103739, 0.0, 0.0, 0.0035423997323960066], "(2, 9, 2, 4)": [0.0, 0.0, 0.0, 0.0, 0.005158737301826477, 0.0010248387698084116, 0.0, 0.0, 0.0], "(3, 4, 1, 3)": [0.014441708102822304, 0.007558450568467379, 0.0, 0.01804560050368309, 0.005141830537468195, 0.0, 0.006952530704438686, 0.0, 0.0], "(2, 1, 2, 3)": [0.0, 0.0, 0.002540985820814967, 0.0, 0.005815745331346989, 0.005492536351084709, 0.003467399626970291, 0.0, 0.020556792616844177], "(2, 2, 2, 3)": [0.01696270890533924, 0.03312746435403824, 0.025027887895703316, 0.015345340594649315, 0.007496343459933996, 0.014742005616426468, 0.020180366933345795, 0.013067791238427162, 0.017901184037327766], "(2, 2, 1, 2)": [0.030420031398534775, 0.04145406186580658, 0.03577255457639694, 0.02236177586019039, 0.02766696736216545, 0.0255679190158844, 0.037781380116939545, 0.03328091278672218, 0.027901841327548027], "(2, 3, 2, 3)": [0.030563117936253548, 0.030877605080604553, 0.04104620963335037, 0.03263566270470619, 0.02606184408068657, 0.04226375371217728, 0.02908707782626152, 0.039100125432014465, 0.03845052793622017], "(2, 3, 2, 2)": [0.034754570573568344, 0.01619335077702999, 0.006971761118620634, 0.021325847133994102, 0.015423214063048363, 0.008985661901533604, 0.005024727433919907, 0.033321887254714966, 0.004786520265042782], "(2, 2, 2, 2)": [0.018353257328271866, 0.01782311499118805, 0.030072620138525963, 0.021384073421359062, 0.019510168582201004, 0.00984581746160984, 0.017678339034318924, 0.012767501175403595, 0.023047542199492455], "(3, 2, 2, 3)": [0.033281825482845306, 0.019896794110536575, 0.02973535843193531, 0.022754820063710213, 0.013937784358859062, 0.02597661316394806, 0.03236120939254761, 0.021479370072484016, 0.03654396906495094], "(3, 2, 2, 2)": [0.01632542535662651, 0.0181408878415823, 0.014554755762219429, 0.01219777762889862, 0.01172734797000885, 0.025528736412525177, 0.022507499903440475, 0.009839136153459549, 0.025319324806332588], "(3, 3, 2, 3)": [0.036295946687459946, 0.03587764501571655, 0.0346754789352417, 0.039242733269929886, 0.032291170209646225, 0.030083520337939262, 0.03642218932509422, 0.030834438279271126, 0.0310840904712677], "(3, 4, 2, 3)": [0.03319864347577095, 0.02025257982313633, 0.034695837646722794, 0.03620251640677452, 0.04386941343545914, 0.04277361184358597, 0.041071388870477676, 0.037337422370910645, 0.03745008632540703], "(3, 5, 2, 3)": [0.026781311258673668, 0.03786097466945648, 0.03845372796058655, 0.028894241899251938, 0.020806055516004562, 0.01483143214136362, 0.03397855535149574, 0.03188006207346916, 0.041744209825992584], "(3, 6, 2, 3)": [0.02871512621641159, 0.025601478293538094, 0.035013649612665176, 0.02995111793279648, 0.02387453056871891, 0.042019810527563095, 0.043025195598602295, 0.03160853311419487, 0.04090804606676102], "(3, 7, 2, 3)": [0.039997171610593796, 0.03167211264371872, 0.034817248582839966, 0.025661904364824295, 0.03289128839969635, 0.04324968531727791, 0.03746712580323219, 0.03234592452645302, 0.04211851954460144], "(3, 8, 2, 2)": [0.0, 0.0, 0.0, 0.0, 0.0, 0.002829934936016798, 0.0, 0.0028232985641807318, 0.0], "(3, 8, 2, 3)": [0.024280918762087822, 0.02952999249100685, 0.026639237999916077, 0.029774419963359833, 0.03275611624121666, 0.037357401102781296, 0.03258010372519493, 0.030461646616458893, 0.032667189836502075], "(3, 7, 2, 2)": [0.013150213286280632, 0.012903681956231594, 0.010300938040018082, 0.0, 0.011836396530270576, 0.005002590827643871, 0.006814477499574423, 0.022219110280275345, 0.0], "(3, 7, 1, 2)": [0.02283005602657795, 0.015571544878184795, 0.024699190631508827, 0.012988012284040451, 0.012000992894172668, 0.03080083802342415, 0.025504818186163902, 0.03421695902943611, 0.015240317210555077], "(3, 6, 1, 2)": [0.035662002861499786, 0.02742111310362816, 0.03259281814098358, 0.026029521599411964, 0.026837708428502083, 0.027332380414009094, 0.03793652355670929, 0.036086730659008026, 0.024755358695983887], "(3, 6, 2, 2)": [0.002947380067780614, 0.0068976785987615585, 0.0, 0.003816113108769059, 0.0, 0.006136459764093161, 0.007165541872382164, 0.0, 0.02481481246650219], "(3, 5, 1, 2)": [0.030291514471173286, 0.03800100088119507, 0.041533954441547394, 0.03388393297791481, 0.024674419313669205, 0.025521058589220047, 0.03451130911707878, 0.010128438472747803, 0.03188908100128174], "(3, 4, 1, 2)": [0.029802022501826286, 0.038545262068510056, 0.03131108358502388, 0.035149455070495605, 0.039586298167705536, 0.03604515269398689, 0.018742846325039864, 0.028102131560444832, 0.027962448075413704], "(3, 3, 1, 2)": [0.021618489176034927, 0.0259653702378273, 0.03744758293032646, 0.0299210362136364, 0.023949705064296722, 0.04198199510574341, 0.02312181331217289, 0.025947676971554756, 0.03521944209933281], "(3, 2, 1, 2)": [0.036939311772584915, 0.023349087685346603, 0.006782748270779848, 0.02438128925859928, 0.028469562530517578, 0.0352599136531353, 0.034872956573963165, 0.03179682791233063, 0.025534000247716904], "(3, 1, 1, 2)": [-0.0004167588776908815, 0.0, 0.0, 0.0, 0.0007948470301926136, 0.0, 0.004596859682351351, 0.000229274679441005, -0.011681828647851944], "(3, 8, 1, 3)": [0.01507474109530449, 0.014547273516654968, 0.008537222631275654, 0.008566665463149548, 0.016884952783584595, 0.0, 0.0, 0.026080045849084854, 0.0], "(3, 7, 1, 3)": [0.005041124764829874, 0.006186421494930983, 0.0, 0.01022755354642868, 0.0, 0.0, 0.0, 0.0, 0.02077472023665905], "(3, 6, 1, 3)": [0.013708203099668026, 0.011808176524937153, 0.014027141965925694, 0.010676238685846329, 0.02244880422949791, 0.02215857058763504, 0.03593521937727928, 0.0, 0.0], "(3, 4, 1, 1)": [0.0029229396022856236, 0.0, 0.0, 0.0, 0.0028552981093525887, 0.0, 0.0, 0.0, 0.0], "(2, 3, 1, 1)": [0.005511271767318249, 0.013547000475227833, 0.0, 0.004302274435758591, 0.00960879772901535, 0.020392151549458504, 0.0, 0.023990826681256294, 0.011838452890515327], "(2, 3, 1, 2)": [0.03707722947001457, 0.05817439779639244, 0.05938350781798363, 0.052021145820617676, 0.043783463537693024, 0.04975985363125801, 0.04599512368440628, 0.05473212152719498, 0.03866148367524147], "(2, 2, 1, 1)": [0.007983868010342121, -0.006568343378603458, 0.005351771600544453, 0.005569355562329292, 0.0, 0.0083899712190032, 0.0038238931447267532, 0.009551350958645344, 0.0], "(2, 1, 1, 1)": [0.0, 0.0, 0.0, 0.0, -0.006659721955657005, 0.0, 0.0, 0.0, 0.0], "(2, 8, 2, 2)": [0.009374396875500679, 0.011692415922880173, 0.0, 0.0, 0.0, 0.013254128396511078, 0.0, 0.0, 0.0], "(3, 3, 1, 3)": [0.0036414351779967546, 0.0, 0.0, 0.0, 0.0, 0.0, 0.014407009817659855, 0.0, 0.023796651512384415], "(2, 1, 1, 2)": [0.0027284924872219563, -0.005875144619494677, -0.0037218474317342043, -0.0006535748834721744, -0.002941866172477603, 0.0, -0.0045035602524876595, 0.00013759917055722326, -0.000802631548140198], "(2, 5, 1, 2)": [0.07343452423810959, 0.033234015107154846, 0.0708957388997078, 0.07530761510133743, 0.060760803520679474, 0.07125896215438843, 0.04226922616362572, 0.05278167501091957, 0.06598494201898575],