{"q_values": {"(2, 6, 2, 2)": [0.020138276740908623, 0.020120758563280106, 0.020689113065600395, 0.019118910655379295, 0.019988710060715675, 0.019483884796500206, 0.019796980544924736, 0.019603118300437927, 0.019298598170280457, 0.01921943761408329, 0.01992509886622429], "(2, 6, 1, 1)": [0.020040521398186684, 0.019740987569093704, 0.01967208832502365, 0.019962521269917488, 0.019576063379645348, 0.020044291391968727, 0.020056260749697685, 0.019825492054224014, 0.01997896283864975, 0.02286001853644848, 0.01978447660803795], "(2, 5, 1, 1)": [0.019830185920000076, 0.019753392785787582, 0.019367877393960953, 0.019436487928032875, 0.019805675372481346, 0.01967102289199829, 0.019837981089949608, 0.01964660920202732, 0.01965777389705181, 0.019445450976490974, 0.019820991903543472], "(2, 4, 1, 1)": [0.019384216517210007, 0.019435269758105278, 0.01993592083454132, 0.0199271347373724, 0.019541289657354355, 0.014543300494551659, 0.019747396931052208, 0.01945236138999462, 0.019191812723875046, 0.016147740185260773, 0.019708722829818726], "(2, 3, 1, 1)": [0.014578485861420631, 0.020639881491661072, 0.020238121971488, 0.01840808428823948, 0.013178822584450245, 0.019243618473410606, 0.01895824447274208, 0.018425585702061653, 0.010747448541224003, 0.01947776973247528, 0.015334482304751873], "(2, 3, 2, 2)": [0.01981860212981701, 0.020305639132857323, 0.01674073003232479, 0.01882929913699627, 0.018965082243084908, 0.017688412219285965, 0.017326686531305313, 0.019019244238734245, 0.017937036231160164, 0.015986789017915726, 0.01823652908205986], "(2, 4, 2, 2)": [0.01969524286687374, 0.019595175981521606, 0.01942642778158188, 0.01941767707467079, 0.019765974953770638, 0.019815195351839066, 0.01962290145456791, 0.019113874062895775, 0.019585253670811653, 0.019083624705672264, 0.019696425646543503], "(2, 5, 2, 2)": [0.019568204879760742, 0.020089833065867424, 0.019435156136751175, 0.01965414360165596, 0.022432664409279823, 0.02017894946038723, 0.020043207332491875, 0.020192492753267288, 0.020343733951449394, 0.020352013409137726, 0.01892806962132454], "(2, 7, 2, 2)": [0.01919848658144474, 0.01920870877802372, 0.019395824521780014, 0.01926289312541485, 0.018080225214362144, 0.01947612874209881, 0.01937600038945675, 0.01956605352461338, 0.018823405727744102, 0.017103523015975952, 0.019617745652794838], "(2, 8, 2, 2)": [0.01930050179362297, 0.015699591487646103, 0.01503312774002552, 0.019114956259727478, 0.018822424113750458, 0.01888972893357277, 0.01876201666891575, 0.019890518859028816, 0.013050205074250698, 0.018766582012176514, 0.018931467086076736], "(3, 8, 2, 2)": [0.016240695491433144, 0.008371017873287201, 0.016474174335598946, 0.018813569098711014, 0.018396299332380295, -0.0036768652498722076, 0.012427827343344688, 0.017348704859614372, 0.016802942380309105, 0.01754946820437908, 0.012656375765800476], "(3, 9, 2, 2)": [0.017795486375689507, 0.009350184351205826, -0.00013953913003206253, 0.004435500130057335, 0.007926005870103836, 0.017409220337867737, -0.001026347279548645, 0.01565941609442234, -0.003126911586150527, -0.003896428272128105, -0.01801321655511856], "(3, 10, 2, 2)": [-0.02264680713415146, -0.010491887107491493, -0.02039441466331482, -0.01154320314526558, -0.013398799113929272, -0.00951056182384491, -0.017945151776075363, -0.011793278157711029, -0.01305811945348978, -0.012247130274772644, -0.011866333894431591], "(3, 4, 1, 2)": [0.023016301915049553, 0.02238588035106659, 0.018325088545680046, 0.0, 0.025666501373052597, 0.02597002498805523, 0.02361605502665043, 0.0, 0.017179913818836212, 0.018410712480545044, 0.023075027391314507], "(2, 1, 2, 2)": [0.0, 0.01006534043699503, 0.023655841127038002, -0.004135338589549065, 0.007940709590911865, 0.009995379485189915, 0.0, 0.0, 0.010047933086752892, 0.0, 0.016053084284067154], "(2, 1, 1, 1)": [-0.014450743794441223, -0.02280244044959545, -0.023421984165906906, 0.004166167229413986, -0.013237940147519112, -0.014764999970793724, -0.011542909778654575, -0.01318802498281002, -0.026154812425374985, -0.013825232163071632, -0.012501723133027554], "(2, 2, 2, 1)": [0.0017208955250680447, -0.005024159327149391, 0.017236359417438507, -0.007211353629827499, -0.007304107770323753, 0.0162978358566761, 0.017575684934854507, 0.016506671905517578, 0.018175560981035233, 0.017193129286170006, 0.01693352311849594], "(2, 2, 2, 2)": [0.017985109239816666, 0.01393001340329647, 0.017210382968187332, 0.017101135104894638, 0.01832042634487152, 0.017831891775131226, 0.017663834616541862, 0.017254646867513657, 0.017904775217175484, 0.018643910065293312, 0.018748844042420387], "(2, 2, 1, 1)": [0.008744318969547749, -0.007441958412528038, 0.011470266617834568, 0.0016193091869354248, -0.007089873775839806, -0.003636632114648819, -0.011844607070088387, 0.01228675339370966, 0.004623863846063614, 0.008879749104380608, 0.010221216827630997], "(3, 8, 1, 2)": [0.012574790045619011, 0.011311328038573265, 0.01582258939743042, 0.013945654034614563, 0.017104826867580414, 0.018472809344530106, 0.0187175665050745, 0.0, 0.011308133602142334, 0.019749004393815994, 0.019667092710733414], "(3, 8, 1, 1)": [0.01200411282479763, 0.016663938760757446, 0.019876012578606606, 0.014675226993858814, 0.015381833538413048, 0.014492617920041084, 0.015112657099962234, 0.018220869824290276, 0.017425058409571648, 0.008907254785299301, 0.018336335197091103], "(3, 7, 1, 1)": [0.019968444481492043, 0.020625486969947815, 0.020646167919039726, 0.019833194091916084, 0.018579261377453804, 0.020563511177897453, 0.020463407039642334, 0.01995011791586876, 0.01931951195001602, 0.0191475972533226, 0.019989727064967155], "(3, 6, 1, 1)": [0.019989870488643646, 0.020265351980924606, 0.019745005294680595, 0.02005043253302574, 0.02033003233373165, 0.0203530453145504, 0.019975563511252403, 0.019558509811758995, 0.02144690789282322, 0.021422795951366425, 0.020321590825915337], "(3, 5, 1, 1)": [0.019698185846209526, 0.021245939657092094, 0.01996801048517227, 0.019530314952135086, 0.019948724657297134, 0.02000185288488865, 0.019654810428619385, 0.02060692571103573, 0.019869618117809296, 0.019802480936050415, 0.01926823891699314], "(3, 5, 1, 2)": [0.01773456670343876, 0.0, 0.0, 0.01193655002862215, 0.011966387741267681, 0.011993522755801678, 0.011931163258850574, 0.0, 0.01925579085946083, 0.01978118158876896, 0.0200590118765831], "(3, 4, 1, 1)": [0.019606318324804306, 0.018214548006653786, 0.01867339387536049, 0.0194996390491724, 0.01986716501414776, 0.02032529190182686, 0.02010546624660492, 0.019060062244534492, 0.019543804228305817, 0.018221700564026833, 0.019531622529029846], "(2, 8, 2, 1)": [0.0, 0.017819946631789207, 0.0, 0.019467506557703018, 0.0, 0.0, 0.0, 0.022445837035775185, 0.023189784958958626, 0.0, 0.0], "(3, 3, 2, 2)": [0.019205497577786446, 0.018335122615098953, 0.016673095524311066, 0.01915299892425537, 0.01819085143506527, 0.019068842753767967, 0.019139869138598442, 0.01850210502743721, 0.01837531290948391, 0.01903550513088703, 0.019522586837410927], "(3, 3, 1, 2)": [0.013693690299987793, 0.0, 0.0, 0.0, 0.0, 0.011211116798222065, 0.011382943019270897, 0.0, 0.01842164248228073, 0.0, 0.0], "(3, 3, 1, 1)": [0.018330058082938194, 0.0202415082603693, 0.016332436352968216, 0.019352085888385773, 0.01799161545932293, 0.019482824951410294, 0.018130367621779442, 0.018004195764660835, 0.018700025975704193, 0.01629727892577648, 0.01890731416642666], "(2, 3, 2, 1)": [0.019372623413801193, 0.01744171790778637, 0.016094382852315903, 0.0213409923017025, 0.018373411148786545, 0.01905154623091221, 0.017464427277445793, 0.019074488431215286, 0.019492801278829575, 0.016980797052383423, 0.018656546249985695], "(3, 4, 2, 2)": [0.019211450591683388, 0.0211616400629282, 0.02065831609070301, 0.020576519891619682, 0.019740553572773933, 0.021466083824634552, 0.020267203450202942, 0.020115626975893974, 0.019857294857501984, 0.020069966092705727, 0.020088108256459236],