{"q_values": {"(2, 6, 2, 2)": [0.01576814614236355, 0.0, 0.011915890499949455, 0.011915293522179127, 0.0, 0.0, 0.0, 0.011850102804601192, 0.0, 0.011960932053625584, 0.021352918818593025], "(2, 6, 1, 1)": [0.0, 0.009612375870347023, 0.009595655836164951, 0.0, 0.011953596957027912, 0.0, 0.023473143577575684, 0.0, 0.019123945385217667, 0.011910992674529552, 0.01193000003695488], "(2, 5, 1, 1)": [0.0, 0.011824133805930614, 0.0, 0.009491189382970333, 0.0, 0.0, 0.0, 0.009532701224088669, 0.0, 0.0, 0.0], "(2, 4, 1, 1)": [0.011474452912807465, 0.0, 0.0, 0.0, 0.011663892306387424, 0.0, 0.0, 0.009234894998371601, 0.0, 0.0, 0.0], "(2, 3, 1, 1)": [0.0, 0.0, 0.0, 0.0, 0.0, 0.0, 0.0, 0.008969212882220745, 0.011178373359143734, 0.01118089072406292, 0.0], "(2, 3, 2, 2)": [0.0, 0.0, 0.0, 0.0, 0.011279553174972534, 0.0, 0.009309019893407822, 0.011242562904953957, 0.0, 0.007826284505426884, 0.0], "(2, 4, 2, 2)": [0.0, 0.0, 0.0, 0.011897007003426552, 0.0, 0.0, 0.00940836500376463, 0.0, 0.0, 0.01182844489812851, 0.0], "(2, 5, 2, 2)": [0.011963929049670696, 0.0, 0.0, 0.0, 0.0, 0.0, 0.01194254495203495, 0.009592867456376553, 0.016775311902165413, 0.0, 0.0], "(2, 7, 2, 2)": [0.0, 0.0, 0.0, 0.0, 0.0, 0.0, 0.0, 0.0, 0.0, 0.0, 0.009550841525197029], "(2, 8, 2, 2)": [0.010924940928816795, 0.0, 0.011139534413814545, 0.0, 0.0, 0.0, 0.0, 0.0, 0.0, 0.0, 0.0], "(3, 8, 2, 2)": [0.010800234973430634, 0.0, 0.0, 0.0, 0.0, 0.0, 0.0, 0.0, 0.0, 0.0, 0.0], "(3, 9, 2, 2)": [0.0, 0.010414567776024342, 0.010064824484288692, 0.0, 0.0, 0.0, 0.010706246830523014, 0.0, 0.0, 0.010555693879723549, 0.010246644727885723], "(3, 10, 2, 2)": [0.0, 0.0, 0.0, 0.0, 0.0, 0.0, 0.0, -0.026116834953427315, 0.0, 0.0, 0.0], "(3, 4, 1, 2)": [0.0, 0.0, 0.0, 0.0, 0.0, 0.0, 0.0, 0.0, 0.0, 0.0, 0.0]}}