{"q_values": {"(1, 4, 1, 1)": [0.027758373878896236, 0.02450509089976549, 0.022781510837376118, 0.022318748757243156, 0.0263466602191329, 0.018920288421213627, 0.024251741357147694, 0.024267063476145267, 0.024352187290787697, 0.029282032512128353, 0.027012214064598083], "(1, 5, 1, 1)": [0.01862390525639057, 0.019479835405945778, 0.01838988158851862, 0.014411397278308868, 0.015440013259649277, 0.01761113852262497, 0.016662508249282837, 0.019050934351980686, 0.0196975851431489, 0.01610787771642208, 0.02095371764153242], "(1, 6, 1, 1)": [-0.010020768269896507, -0.00706809654366225, -0.007861651247367263, -0.008738831267692149, -0.00969291478395462, -0.01360825914889574, -0.007624971214681864, -0.008140963036566973, -0.008281296351924539, -0.008484120015054941, -0.009432055056095123], "(1, 1, 1, 1)": [-0.012056512292474508, -0.005234080366790295, -0.013396831694990396, -0.015613984316587448, -0.011961260344833136, -0.011947361286729574, -0.012568250298500061, 0.03138523269444704, -0.013340369099751115, -0.006832581479102373, -0.012539686169475317], "(1, 2, 1, 1)": [0.023072727024555206, 0.023700647987425327, 0.02396722510457039, 0.02174102794378996, 0.022105848416686058, 0.022951403632760048, 0.023346113972365856, 0.023289136588573456, 0.026929659768939018, 0.023459216579794884, 0.020372141152620316], "(2, 2, 1, 1)": [0.019057326018810272, 0.01888242270797491, 0.01670593675225973, 0.014152899850159883, 0.02389844786375761, 0.020526469685137272, 0.02941037155687809, 0.01972895348444581, 0.015017467550933361, 0.014838869916275144, 0.019628040492534637], "(2, 1, 1, 1)": [-0.008212524931877851, -0.011802993714809418, -0.013849047478288412, -0.011423356598243117, -0.009023448335938156, -0.0063219135627150536, -0.011654967907816172, -0.012618354056030512, 0.020859061740338802, -0.012582344003021717, -0.012029558420181274], "(2, 5, 1, 1)": [0.024027039296925068, 0.03370971791446209, 0.02394690550863743, 0.02368249651044607, 0.022927233949303627, 0.02340679056942463, 0.023508582264184952, 0.02282334864139557, 0.021482927724719048, 0.022692237049341202, 0.022990884259343147], "(2, 4, 1, 1)": [0.029834849759936333, 0.033832162618637085, 0.03292393870651722, 0.035153407603502274, 0.03317119739949703, 0.03326812759041786, 0.032826850190758705, 0.03221927955746651, 0.032442827709019184, 0.0331428237259388, 0.03243405744433403], "(2, 3, 1, 1)": [0.027320317924022675, 0.026849614456295967, 0.02902180328965187, 0.027042796835303307, 0.027847175486385822, 0.027139111422002316, 0.03032071329653263, 0.026764708571135998, 0.025704704225063324, 0.02955769468098879, 0.03459920175373554], "(2, 6, 1, 1)": [-0.014696415048092604, -0.009635963011533022, -0.014515439048409462, -0.016738668084144592, -0.014727785484865308, -0.01634061336517334, -0.014349020784720778, -0.017543396912515163, -0.01422964595258236, -0.015365502331405878, -0.013990545179694891], "(1, 3, 1, 1)": [0.023552555590867996, 0.023531710729002953, 0.02125513181090355, 0.02351012360304594, 0.023569118231534958, 0.023563476279377937, 0.01767130196094513, 0.02521746326237917, 0.023570019751787186, 0.02958103734999895, 0.017719457391649485]}}