{"q_values": {"(1, 4, 1, 1)": [0.03901304863393307, 0.038556113839149475, 0.038529375568032265, 0.03866881877183914, 0.03901312127709389, 0.03902267478406429, 0.03811305947601795, 0.03807326406240463, 0.038860246539115906, 0.0385957695543766, 0.03880665265023708], "(1, 5, 1, 1)": [0.03326478786766529, 0.03370625898241997, 0.02831951715052128, 0.03248700872063637, 0.033764107152819633, 0.033733583986759186, 0.032402362674474716, 0.033680735155940056, 0.03307476453483105, 0.031332531943917274, 0.03295527119189501], "(1, 6, 1, 1)": [0.01797322276979685, 0.011797612998634577, -0.0005884082056581974, 0.019439467694610357, 0.013636729214340448, 0.0035067996941506863, 0.01672788057476282, 0.014940101653337479, 0.017947519198060036, 0.014098193496465683, 0.0061148907989263535], "(1, 1, 1, 1)": [0.014792504254728556, 0.009580492042005062, 0.0027626371011137962, 0.0022321846336126328, 0.007111140061169863, 0.011432251892983913, 0.009633603040128946, 0.012642851565033197, 0.011822470929473639, 0.014093882869929075, 0.007333570159971714], "(1, 2, 1, 1)": [0.034884702414274216, 0.03347105346620083, 0.03398984111845493, 0.035165853798389435, 0.03378795646131039, 0.03580140881240368, 0.034078994765877724, 0.033062754198908806, 0.03475760668516159, 0.03594053164124489, 0.03648087568581104], "(2, 2, 1, 1)": [0.0341372936964035, 0.034586550667881966, 0.035863932222127914, 0.03538694977760315, 0.03389031067490578, 0.03499513305723667, 0.036331092938780785, 0.035140929743647575, 0.03525802306830883, 0.034657396376132965, 0.03413534723222256], "(2, 1, 1, 1)": [0.014166556065902114, 0.013417735695838928, 0.01481558382511139, 0.0089062275364995, 0.014031394850462675, 0.017782072070986032, 0.01787792704999447, 0.02310747280716896, 0.01732454914599657, 0.01923178695142269, 0.011427618097513914], "(2, 5, 1, 1)": [0.034683527424931526, 0.0346685815602541, 0.033805640414357185, 0.03482317179441452, 0.03376050852239132, 0.03455533646047115, 0.03276362083852291, 0.0347173735499382, 0.03173249587416649, 0.034849802032113075, 0.034177664667367935], "(2, 4, 1, 1)": [0.03927346505224705, 0.039128391072154045, 0.039058759808540344, 0.039227915927767754, 0.03892700560390949, 0.03919040225446224, 0.039269911125302315, 0.039021629840135574, 0.039118099957704544, 0.03841114975512028, 0.039290303364396095], "(2, 3, 1, 1)": [0.0393800288438797, 0.03929087892174721, 0.03921592980623245, 0.03940306417644024, 0.03921453468501568, 0.039052458480000496, 0.03937690146267414, 0.039125531911849976, 0.039463410153985023, 0.03929034434258938, 0.039540790021419525], "(2, 6, 1, 1)": [0.01969596091657877, 0.008067385293543339, 0.02009299024939537, 0.020358110778033733, 0.01318456046283245, 0.011863367166370153, 0.01446422841399908, 0.010890343226492405, 0.015332152135670185, 0.007189533207565546, 0.009667515754699707], "(1, 3, 1, 1)": [0.03921630047261715, 0.039233310148119926, 0.03931659832596779, 0.039392512291669846, 0.038979560136795044, 0.03940010815858841, 0.03907035104930401, 0.03922528959810734, 0.03915294073522091, 0.03862387500703335, 0.03962169587612152]}}