{"q_values": {"(1, 4, 1, 1)": [0.029214429669082165, 0.029268905520439148, 0.030506963841617107, 0.02919796761125326, 0.02930297050625086, 0.02925974130630493, 0.029054967686533928, 0.028973566368222237, 0.028557095676660538, 0.02908002957701683, 0.02644372172653675], "(1, 5, 1, 1)": [0.030251859687268734, 0.03412985801696777, 0.028310030698776245, 0.02439993992447853, 0.028492441400885582, 0.027480212040245533, 0.028330502100288868, 0.030428587459027767, 0.030406879261136055, 0.02886955998837948, 0.03177845850586891], "(1, 6, 1, 1)": [0.034946661442518234, 0.0061809225007891655, 0.007858239114284515, 0.0023869737051427364, 0.009233136661350727, -0.0013670525513589382, 0.007847394328564405, 0.008843885734677315, 0.0036707776598632336, 0.0017141280695796013, -0.003042507916688919], "(1, 1, 1, 1)": [-0.0006560483016073704, -0.004141889046877623, -0.007704669609665871, 0.0018885147292166948, -0.0017239619046449661, -0.008508192840963602, -0.0053032161667943, 0.0033742436207830906, 0.01869269646704197, 0.0035192612558603287, 0.001649940386414528], "(1, 2, 1, 1)": [0.029829546809196472, 0.03022047970443964, 0.03017221111804247, 0.029229423962533474, 0.029612322337925434, 0.032192494720220566, 0.03045409359037876, 0.03040522150695324, 0.0295140715315938, 0.03008767031133175, 0.02912925649434328], "(2, 2, 1, 1)": [0.027504545636475086, 0.02616855874657631, 0.025228913873434067, 0.028011184185743332, 0.027411610819399357, 0.027824431657791138, 0.02773997001349926, 0.023192547261714935, 0.027954197488725185, 0.01936026941984892, 0.0278311837464571], "(2, 1, 1, 1)": [0.00716775469481945, 0.0038204938173294067, 0.0068294634111225605, 0.006258625537157059, 0.005267265718430281, 0.006857227301225066, 0.005570076871663332, 0.006293164100497961, 0.006866677198559046, 0.00796734425239265, 0.009783986024558544], "(2, 5, 1, 1)": [0.030804619193077087, 0.030675163492560387, 0.029970948584377766, 0.029586859978735447, 0.03211834467947483, 0.030045350082218647, 0.03107727412134409, 0.03074804414063692, 0.031211099587380886, 0.029037581756711006, 0.03095680009573698], "(2, 4, 1, 1)": [0.03441448323428631, 0.03473920375108719, 0.034529535099864006, 0.034593334421515465, 0.033830830827355385, 0.034206096082925797, 0.03460325486958027, 0.03444255143404007, 0.034282105043530464, 0.03462136536836624, 0.03453727066516876], "(2, 3, 1, 1)": [0.03393353149294853, 0.03405888192355633, 0.033307021483778954, 0.033914003521203995, 0.03356540761888027, 0.033473918214440346, 0.023564238101243973, 0.03054373525083065, 0.034071000292897224, 0.033667661249637604, 0.03310260362923145], "(2, 6, 1, 1)": [0.010626242496073246, 0.029398656450212002, 0.00959748518653214, 0.005090263206511736, -0.0036888201721012592, 0.008308108430355787, 0.004101961385458708, 0.007883033715188503, 0.006730799563229084, 0.007197018247097731, 0.006490763742476702], "(1, 3, 1, 1)": [0.03636873513460159, 0.03633050620555878, 0.03642134740948677, 0.036317333579063416, 0.035596106201410294, 0.03533441573381424, 0.03629160486161709, 0.036445921286940575, 0.03632328845560551, 0.0330476937815547, 0.03567815572023392]}}