{"q_values": {"(1, 4, 1, 1)": [0.03375964239239693, 0.03337143547832966, 0.03343457169830799, 0.03496358171105385, 0.032076140865683556, 0.03252705559134483, 0.03366256691515446, 0.03307519480586052, 0.033489618450403214, 0.033161161467432976, 0.031828205101192], "(1, 5, 1, 1)": [0.026321648620069027, 0.031408737413585186, 0.030795222148299217, 0.030825008638203144, 0.030750461854040623, 0.03072450030595064, 0.030199436470866203, 0.030854716897010803, 0.030098166316747665, 0.031205251812934875, 0.030810042284429073], "(1, 6, 1, 1)": [0.011785173788666725, 0.021332375705242157, 0.010920656844973564, 0.007816021796315908, 0.0020982769783586264, 0.01258968748152256, 0.008973283227533102, 0.010121170664206147, 0.003267254214733839, 0.01541652251034975, 0.010116489138454199], "(1, 1, 1, 1)": [-0.0066772568970918655, -0.0019215487409383059, 0.0019407924264669418, 0.003906256752088666, -0.0003478717990219593, 0.0010349522344768047, 0.004538594977930188, 0.003020639531314373, -0.002626218367367983, 0.0024558939039707184, 0.00487742992118001], "(1, 2, 1, 1)": [0.02930027712136507, 0.0309988334774971, 0.03094576671719551, 0.03115678858011961, 0.031150651164352894, 0.025691673159599304, 0.029645553790032864, 0.029070788994431496, 0.029838215559720993, 0.030550618655979633, 0.033466117456555367], "(2, 2, 1, 1)": [0.03378761000931263, 0.033230758272111416, 0.033425575122237206, 0.03193494025617838, 0.03442971222102642, 0.033373985439538956, 0.0348281878978014, 0.03253202419728041, 0.031794099137187004, 0.03396032936871052, 0.03483098745346069], "(2, 1, 1, 1)": [-0.01006108452565968, 0.0036439266987144947, 0.0027639823965728283, 0.005736595019698143, 0.003564057406038046, 0.0060363635420799255, 0.005109109450131655, 0.006015079095959663, 0.005212830379605293, 0.005725518800318241, 0.006868758704513311], "(2, 5, 1, 1)": [0.03803628124296665, 0.03545549884438515, 0.03564608283340931, 0.03509865701198578, 0.03349731024354696, 0.0356186218559742, 0.0354448426514864, 0.032240595668554306, 0.03529857285320759, 0.03560050204396248, 0.03622634336352348], "(2, 4, 1, 1)": [0.03895031847059727, 0.03943829610943794, 0.038697998970746994, 0.03897816501557827, 0.03921201638877392, 0.03872856684029102, 0.038232073187828064, 0.03871859237551689, 0.038626719266176224, 0.03858143836259842, 0.03846597485244274], "(2, 3, 1, 1)": [0.03817982226610184, 0.038459282368421555, 0.03815959766507149, 0.03812129981815815, 0.03766142949461937, 0.037691110745072365, 0.038336487486958504, 0.03869384154677391, 0.0384652204811573, 0.03847785107791424, 0.038732198998332024], "(2, 6, 1, 1)": [0.004796442110091448, 0.008327757939696312, 0.010812998283654451, 0.00980251096189022, 0.008152884431183338, -0.005570178385823965, 0.007101144641637802, 0.0094719254411757, 0.010126898065209389, 0.007905282080173492, 0.00423006690107286], "(1, 3, 1, 1)": [0.03490910865366459, 0.033594828099012375, 0.03324258513748646, 0.03401435911655426, 0.03356407396495342, 0.037824055179953575, 0.03342255763709545, 0.03521990403532982, 0.034445345401763916, 0.033737750723958015, 0.034795548766851425]}}