{"q_values": {"(1, 4, 1, 1)": [0.03964787721633911, 0.03542238101363182, 0.03531757555902004, 0.03708770498633385, 0.03783792071044445, 0.037850143387913704, 0.03684825636446476, 0.037392186000943184, 0.03648924082517624, 0.03831811994314194, 0.03829860873520374], "(1, 5, 1, 1)": [0.030897730961441994, 0.030525979585945606, 0.029633864760398865, 0.02922925166785717, 0.03297004476189613, 0.029104767367243767, 0.030596290715038776, 0.029306236654520035, 0.029216925613582134, 0.0309534203261137, 0.030239355750381947], "(1, 6, 1, 1)": [0.009358072187751532, 0.005970755126327276, 0.009731603786349297, 0.003912790212780237, 0.010764285922050476, 0.005788053385913372, 0.008366959169507027, 0.008396913763135672, 0.001985002774745226, 0.008764549624174833, 0.004692592658102512], "(1, 1, 1, 1)": [0.0031885982025414705, -0.005680052097886801, 0.007465621922165155, 0.004573403159156442, 0.003234121249988675, 0.0010349522344768047, 0.006469036219641566, 0.012678632512688637, -0.001594702946022153, 0.0024558939039707184, 0.0039323982782661915], "(1, 2, 1, 1)": [0.0319417379796505, 0.03447304479777813, 0.03442350588738918, 0.03480149433016777, 0.036260154098272324, 0.032855733297765255, 0.03482695855200291, 0.03474836423993111, 0.03557932935655117, 0.03850639425218105, 0.03518182411789894], "(2, 2, 1, 1)": [0.032095255330204964, 0.03082883358001709, 0.03184009063988924, 0.03230641223490238, 0.032236416824162006, 0.03255367744714022, 0.030576294288039207, 0.03197154402732849, 0.03092501498758793, 0.03103817254304886, 0.024817866273224354], "(2, 1, 1, 1)": [0.004547264194115996, 0.007454212289303541, 0.005884884856641293, 0.009904622100293636, 0.007053339388221502, 0.009772081859409809, 0.00436320761218667, 0.006653820630162954, 0.00844829180277884, 0.012169086374342442, 0.011992263607680798], "(2, 5, 1, 1)": [0.034949980676174164, 0.033813316375017166, 0.0315699502825737, 0.031007062643766403, 0.03219122905284166, 0.034671541303396225, 0.03295667562633753, 0.03313726373016834, 0.03427090682089329, 0.034232473000884056, 0.032873598858714104], "(2, 4, 1, 1)": [0.038387173786759377, 0.038274817168712616, 0.038570711389184, 0.03829767182469368, 0.037645498290658, 0.03845740854740143, 0.037542860954999924, 0.038437770679593086, 0.038012972101569176, 0.03796224296092987, 0.03869585320353508], "(2, 3, 1, 1)": [0.03668568283319473, 0.03612430393695831, 0.03629275783896446, 0.03677341528236866, 0.036451101303100586, 0.03623039461672306, 0.036481158807873726, 0.030553092248737812, 0.03674975037574768, 0.03651183843612671, 0.03668231889605522], "(2, 6, 1, 1)": [0.004284250549972057, 0.0042977394768968225, 0.0036008525639772415, 0.004147049505263567, 0.0026627671904861927, 0.0005310387350618839, 0.005450977012515068, 0.005435624625533819, 0.0015168776735663414, 0.007191136013716459, 0.003747084643691778], "(1, 3, 1, 1)": [0.03792739845812321, 0.03902055509388447, 0.038539355620741844, 0.03896685503423214, 0.038848862051963806, 0.03897521644830704, 0.03802121803164482, 0.03899795934557915, 0.03971909545361996, 0.03881218656897545, 0.038328127935528755]}}