{"q_values": {"(1, 4, 1, 1)": [0.032841773703694344, 0.026767907664179802, 0.023489292711019516, 0.028047715313732624, 0.028068045154213905, 0.026345654390752316, 0.021661456674337387, 0.02890944667160511, 0.028149206191301346, 0.02806556038558483, 0.028386443853378296], "(1, 5, 1, 1)": [0.03331615775823593, 0.023165839724242687, 0.02638019062578678, 0.02734415140002966, 0.02632871735841036, 0.026833276264369488, 0.02615736797451973, 0.028027638792991638, 0.026500225067138672, 0.027313021011650562, 0.02765533234924078], "(1, 6, 1, 1)": [0.004296550527215004, 0.0064847166649997234, 0.004204034106805921, 0.0167428154964, 0.007138222921639681, 0.003831472247838974, 0.0036223018541932106, -0.001970853190869093, 0.007053317502140999, 0.0030823631677776575, -0.004237445071339607], "(1, 1, 1, 1)": [0.0011434112675487995, -0.0005794365424662828, -0.001612217165529728, -0.00016055605374276638, -0.007147310767322779, 0.007656242232769728, -6.969831883907318e-05, -0.002141668228432536, 0.027324166148900986, 0.0009592166170477867, 0.004889051429927349], "(1, 2, 1, 1)": [0.028790096752345562, 0.03006235882639885, 0.029931859113276005, 0.02998448070138693, 0.03213505074381828, 0.02986940648406744, 0.02917078137397766, 0.029435168020427227, 0.0293758325278759, 0.030270189978182316, 0.02883080393075943], "(2, 2, 1, 1)": [0.027887918055057526, 0.022261997684836388, 0.028688776306807995, 0.02160929422825575, 0.028603307902812958, 0.0272460775449872, 0.026570847257971764, 0.0322454497218132, 0.025176817551255226, 0.027748392894864082, 0.02726562786847353], "(2, 1, 1, 1)": [0.002897623460739851, 0.0018501081503927708, 0.011255948338657618, 0.007750549353659153, 0.005267265718430281, 0.01056299777701497, 0.0013935717288404703, 0.006479076109826565, 0.016890731640160084, 0.004618749488145113, 0.010620100889354944], "(2, 5, 1, 1)": [0.032987854443490505, 0.03150020819157362, 0.03269161842763424, 0.03282134886831045, 0.03212026413530111, 0.032406728714704514, 0.032297076657414436, 0.03151918854564428, 0.031630135141313076, 0.032872363924980164, 0.032942233607172966], "(2, 4, 1, 1)": [0.03133800346404314, 0.03246327396482229, 0.03291286434978247, 0.024263772182166576, 0.03381703421473503, 0.03290632739663124, 0.03290210757404566, 0.029163090512156487, 0.03273799363523722, 0.032005675137043, 0.03243962209671736], "(2, 3, 1, 1)": [0.034071678295731544, 0.03491020016372204, 0.03492000140249729, 0.03483540378510952, 0.02650114707648754, 0.03462732024490833, 0.028914378955960274, 0.026787920854985714, 0.033114535734057426, 0.03324068523943424, 0.03464120998978615], "(2, 6, 1, 1)": [0.0025773891247808933, 0.010593855287879705, -0.0016853399574756622, 0.006665478926151991, -0.0011453106999397278, -0.0026895394548773766, -0.0037966431118547916, -0.000597998034209013, 0.0034495736472308636, 0.003942512907087803, 0.005657746223732829], "(1, 3, 1, 1)": [0.031207945197820663, 0.031189046800136566, 0.03125372435897589, 0.031232129782438278, 0.03097659070044756, 0.032763807103037834, 0.031087866984307766, 0.031044449657201767, 0.028090951964259148, 0.031032702885568142, 0.03100778069347143]}}