{"q_values": {"(1, 4, 1, 1)": [0.03651397489011288, 0.03572012484073639, 0.03626635484397411, 0.035123761743307114, 0.035056937485933304, 0.035900386050343513, 0.03696645051240921, 0.03627607971429825, 0.03611430712044239, 0.036535484716296196, 0.03548778034746647], "(1, 5, 1, 1)": [0.032963069155812263, 0.031111666932702065, 0.03378627449274063, 0.03078281506896019, 0.03350668214261532, 0.03480634279549122, 0.03263849951326847, 0.0329340361058712, 0.034714486449956894, 0.03354801796376705, 0.03438318520784378], "(1, 6, 1, 1)": [0.008845570031553507, 0.018439358100295067, 0.010026533156633377, 0.013022246770560741, 0.009050034219399095, 0.009595497976988554, 0.005414269398897886, -0.0019093283917754889, 0.00538107892498374, 0.015335749834775925, 0.00822185492143035], "(1, 1, 1, 1)": [0.00800564419478178, -0.0024740854278206825, -0.004877614788711071, 0.010677506681531668, 0.01750205736607313, 0.005470330361276865, 0.01718068541958928, 0.014456336852163076, 0.0019577285274863243, 0.019102645106613636, 0.01673142332583666], "(1, 2, 1, 1)": [0.02986837737262249, 0.028935632668435574, 0.03122860938310623, 0.02919579017907381, 0.029521320015192032, 0.03035994339734316, 0.03145171329379082, 0.03008753713220358, 0.02925875224173069, 0.03110518306493759, 0.032319788821041584], "(2, 2, 1, 1)": [0.031710212118923664, 0.03207984380424023, 0.030669561587274075, 0.03318377956748009, 0.03201393224298954, 0.03263929486274719, 0.03100415039807558, 0.03248748369514942, 0.030993795953691006, 0.03291790932416916, 0.03221150301396847], "(2, 1, 1, 1)": [0.01421428588218987, 0.013846638146787882, 0.022104321978986263, 0.009827959816902876, 0.02101738750934601, 0.02758642751723528, 0.020221104845404625, 0.01597074745222926, 0.02689044550061226, 0.020723514258861542, 0.024046186357736588], "(2, 5, 1, 1)": [0.03179733268916607, 0.029657624661922455, 0.029372787103056908, 0.02802913263440132, 0.032320741564035416, 0.03441929444670677, 0.030707322992384434, 0.03130883350968361, 0.028644357807934284, 0.028901235200464725, 0.03134908340871334], "(2, 4, 1, 1)": [0.0335294883698225, 0.032925527542829514, 0.03380134701728821, 0.03401815891265869, 0.03435561992228031, 0.033190760761499405, 0.03312727063894272, 0.032379284501075745, 0.03351110406219959, 0.03418836183845997, 0.03357785940170288], "(2, 3, 1, 1)": [0.036124901846051216, 0.0355105921626091, 0.03484005108475685, 0.03469485230743885, 0.035260021686553955, 0.03263024799525738, 0.03529483638703823, 0.03600508160889149, 0.034905677661299706, 0.03531201742589474, 0.0362846776843071], "(2, 6, 1, 1)": [0.008989159250631928, 0.000792849576100707, 0.009962162934243679, 0.003213181160390377, -0.003983647562563419, -0.0006394789088517427, 0.013287459965795279, -0.002462502336129546, 0.0002563674934208393, -0.005213610827922821, 0.007218512007966638], "(1, 3, 1, 1)": [0.0381518229842186, 0.0376865454018116, 0.03792347013950348, 0.037903934717178345, 0.037100112065672874, 0.038006313145160675, 0.038401782512664795, 0.03813761658966541, 0.03848567232489586, 0.03832552954554558, 0.03745013661682606]}}