{"q_values": {"(1, 4, 1, 1)": [0.030810456722974777, 0.02263443637639284, 0.03254266828298569, 0.028840063139796257, 0.03146791737526655, 0.029343743808567524, 0.03001834638416767, 0.0304244514554739, 0.031928740441799164, 0.03046583104878664, 0.03564872965216637], "(1, 5, 1, 1)": [0.027620797976851463, 0.029046923853456974, 0.028578211553394794, 0.027863940224051476, 0.027305807918310165, 0.029749853536486626, 0.027558619156479836, 0.027925143018364906, 0.031163956969976425, 0.02949456498026848, 0.028553001582622528], "(1, 6, 1, 1)": [0.008362238993868232, 0.00767318531870842, 0.007858239114284515, 0.006218014983460307, 0.004886833019554615, -0.011739746201783419, 0.006743863923475146, 0.00680517265573144, 0.006974381394684315, 9.348802268505096e-05, -0.003042507916688919], "(1, 1, 1, 1)": [-0.001244695158675313, -0.0005794365424662828, -0.007704669609665871, 0.0013314906973391771, 0.004682705271989107, -0.008508192840963602, 0.033151861280202866, -0.007071886910125613, 0.009175639599561691, 0.004415023606270552, -0.0007920106872916222], "(1, 2, 1, 1)": [0.02961079217493534, 0.03130868263542652, 0.02819701563566923, 0.032405766658484936, 0.030135066248476505, 0.029052583500742912, 0.028905033133924007, 0.030941137112677097, 0.03120738174766302, 0.029850144870579243, 0.035930879414081573], "(2, 2, 1, 1)": [0.023104026913642883, 0.021454419940710068, 0.023889441043138504, 0.015921678859740496, 0.024166769348084927, 0.02444380149245262, 0.024319332093000412, 0.01748560555279255, 0.02207484422251582, 0.017765519209206104, 0.02443530037999153], "(2, 1, 1, 1)": [0.004279132932424545, 0.0018501081503927708, 0.00463217799551785, 0.006434044800698757, 0.005267265718430281, 0.010055469814687967, 0.0013935717288404703, 0.0037498059682548046, 0.006866677198559046, 0.010344978421926498, 0.015158930327743292], "(2, 5, 1, 1)": [0.022631694562733173, 0.027788369916379452, 0.02941244561225176, 0.027567238546907902, 0.027372627519071102, 0.026913248002529144, 0.028279323130846024, 0.026897701434791088, 0.027070214971899986, 0.02748216688632965, 0.027375001460313797], "(2, 4, 1, 1)": [0.028608625754714012, 0.0319560905918479, 0.029223251156508923, 0.028998487628996372, 0.0295503968372941, 0.029132233932614326, 0.026731152087450027, 0.029255395755171776, 0.029227932915091515, 0.029071271419525146, 0.029218384996056557], "(2, 3, 1, 1)": [0.030770317651331425, 0.031120878644287586, 0.030699104070663452, 0.03107823058962822, 0.027802754193544388, 0.030819405801594257, 0.030008098110556602, 0.03124055452644825, 0.03042258322238922, 0.02937860507518053, 0.030482817441225052], "(2, 6, 1, 1)": [-0.0026866914704442024, 0.007351701147854328, 0.004951870068907738, 0.003601590171456337, -0.004810460843145847, 0.004670710768550634, 0.004101961385458708, 0.004838543711230159, -0.00048051867634058, 0.004324666224420071, 0.0023948722518980503], "(1, 3, 1, 1)": [0.03419801965355873, 0.034131523221731186, 0.03417831473052502, 0.031088534742593765, 0.034016240388154984, 0.034104906022548676, 0.03413005173206329, 0.03419165685772896, 0.034162744879722595, 0.03418771177530289, 0.03552047163248062]}}