{"q_values": {"(1, 4, 1, 1)": [0.024445489048957825, 0.02450509089976549, 0.02047991380095482, 0.0198650062084198, 0.024279284290969372, 0.018921873532235622, 0.024251741357147694, 0.024267063476145267, 0.024352187290787697, 0.02262387191876769, 0.025913940742611885], "(1, 5, 1, 1)": [0.015250548720359802, 0.018893282860517502, 0.01668186206370592, 0.011409512721002102, 0.013650978915393353, 0.014665822498500347, 0.016760913655161858, 0.01842158194631338, 0.022167854942381382, 0.018538139760494232, 0.018408735282719135], "(1, 6, 1, 1)": [-0.0010013855062425137, 0.0006747376173734665, -0.006307406350970268, -0.0004740087315440178, -0.0010004360228776932, 0.0009895912371575832, -0.007624971214681864, -0.001765313558280468, -0.0013492163270711899, -0.0040381895378232, -0.0016787503845989704], "(1, 1, 1, 1)": [-0.012056512292474508, -0.012931736651808023, -0.013396831694990396, -0.015613984316587448, -0.011961260344833136, -0.011947361286729574, -0.012568250298500061, 0.029822397977113724, -0.013340369099751115, -0.006832581479102373, -0.012539686169475317], "(1, 2, 1, 1)": [0.023072727024555206, 0.023700647987425327, 0.02396722510457039, 0.02174102794378996, 0.022105848416686058, 0.022951403632760048, 0.023346113972365856, 0.023289136588573456, 0.026823549531400204, 0.023459216579794884, 0.020372141152620316], "(2, 2, 1, 1)": [0.019057326018810272, 0.01888242270797491, 0.01670593675225973, 0.014152899850159883, 0.021625598426908255, 0.020313497632741928, 0.026705613359808922, 0.015547257848083973, 0.015017467550933361, 0.012096759863197803, 0.019628040492534637], "(2, 1, 1, 1)": [-0.010502854478545487, -0.011802993714809418, -0.013849047478288412, -0.011423356598243117, -0.009023448335938156, 0.0019685793668031693, -0.011654967907816172, -0.012618354056030512, -0.0035128025338053703, -0.012582344003021717, -0.012029558420181274], "(2, 5, 1, 1)": [0.026929710991680622, 0.024594726040959358, 0.027682588435709476, 0.02535082120448351, 0.022927233949303627, 0.025772297754883766, 0.027010146528482437, 0.02519162278622389, 0.026730192825198174, 0.025544011034071445, 0.026300393044948578], "(2, 4, 1, 1)": [0.02876613289117813, 0.03322843834757805, 0.032898250967264175, 0.032484074123203754, 0.03277057781815529, 0.0341934897005558, 0.032550154253840446, 0.034904876723885536, 0.032442827709019184, 0.03173745423555374, 0.033137122169137], "(2, 3, 1, 1)": [0.027320317924022675, 0.027125855907797813, 0.027828740887343884, 0.027042796835303307, 0.027847175486385822, 0.027020873501896858, 0.028620582073926926, 0.026958901435136795, 0.025704704225063324, 0.027370410971343517, 0.03203795291483402], "(2, 6, 1, 1)": [-0.013088672887533903, -0.012831383850425482, -0.014515439048409462, 0.013643557671457529, -0.010759575059637427, -0.008790003135800362, -0.002413596725091338, -0.012565439566969872, -0.01422964595258236, -0.01187551417388022, -0.012513760942965746], "(1, 3, 1, 1)": [0.023552555590867996, 0.023531710729002953, 0.02125513181090355, 0.02351012360304594, 0.023569118231534958, 0.023563476279377937, 0.01767130196094513, 0.023551843129098415, 0.023570019751787186, 0.025513713248074055, 0.017719457391649485]}}