{"q_values": {"(1, 4, 1, 1)": [0.03350062295794487, 0.03454498015344143, 0.02990815695375204, 0.03349377401173115, 0.033533865585923195, 0.03353188745677471, 0.03352765925228596, 0.033510541543364525, 0.033110275864601135, 0.033299705013632774, 0.0334556195884943], "(1, 5, 1, 1)": [0.030219024047255516, 0.03322928957641125, 0.02952362410724163, 0.028562428429722786, 0.029320507310330868, 0.029221581295132637, 0.028941874392330647, 0.028700770810246468, 0.028488253243267536, 0.02287483587861061, 0.029356271028518677], "(1, 6, 1, 1)": [0.008588776923716068, 0.012800257187336683, 0.012374337995424867, 0.010202967561781406, 0.011299730744212866, 0.018860931508243084, 0.005489817820489407, 0.007012482732534409, 0.01247143791988492, 0.004751026164740324, 0.012712953612208366], "(1, 1, 1, 1)": [0.009689748985692859, 0.010682105086743832, 0.009301684331148863, 0.012009571772068739, -0.0001176777295768261, 0.008656307589262724, 0.010903667192906141, 0.012787272222340107, 0.006760085932910442, 0.02511788159608841, 0.005594378337264061], "(1, 2, 1, 1)": [0.03360733762383461, 0.033709822222590446, 0.033671941608190536, 0.032547992654144764, 0.034344688057899475, 0.03369693644344807, 0.031614359468221664, 0.03504428267478943, 0.03493545949459076, 0.0360132772475481, 0.037597812712192535], "(2, 2, 1, 1)": [0.028653097338974476, 0.028247534297406673, 0.02983385231345892, 0.02818608656525612, 0.028743630275130272, 0.028589680790901184, 0.028440149500966072, 0.022401073947548866, 0.028628173284232616, 0.03338787704706192, 0.030267235822975636], "(2, 1, 1, 1)": [0.006846287753432989, 0.006005997769534588, 0.0029863733798265457, 0.006847047479823232, -0.0006906117778271437, 0.008299422916024923, 0.009502665139734745, 0.008313087746500969, -0.0012818612158298492, 0.002981624100357294, 0.019120431505143642], "(2, 5, 1, 1)": [0.03165100235491991, 0.030890146270394325, 0.033776452764868736, 0.0326619241386652, 0.03217526152729988, 0.032302641309797764, 0.03235849179327488, 0.03121187910437584, 0.03234370984137058, 0.030610138550400734, 0.032318174839019775], "(2, 4, 1, 1)": [0.030695264227688313, 0.03654450923204422, 0.03642462566494942, 0.03641496039927006, 0.036456724628806114, 0.03651076555252075, 0.03658113069832325, 0.03702864609658718, 0.03690779767930508, 0.037215614691376686, 0.036936236545443535], "(2, 3, 1, 1)": [0.03628308139741421, 0.034880051389336586, 0.036045122891664505, 0.03663700260221958, 0.03656378574669361, 0.03449675999581814, 0.036870794370770454, 0.035170694813132286, 0.036909736692905426, 0.03537907637655735, 0.03882123529911041], "(2, 6, 1, 1)": [0.00971247348934412, 0.016281859949231148, 0.010852986481040716, 0.002188773825764656, 0.006570472382009029, 0.004626931389793754, 0.006497249472886324, 0.008618121035397053, 0.006763321813195944, -0.0019500339403748512, 0.006938418373465538], "(1, 3, 1, 1)": [0.03550041280686855, 0.03602192364633083, 0.03588811308145523, 0.03501992113888264, 0.028770440258085728, 0.036030540242791176, 0.03481893986463547, 0.03623698279261589, 0.03609243780374527, 0.03676734305918217, 0.034516315907239914]}}