{"q_values": {"(1, 4, 1, 1)": [0.024445130489766598, 0.028987756930291653, 0.02812172658741474, 0.030697256326675415, 0.02890007570385933, 0.028767730109393597, 0.027856984175741673, 0.028038572520017624, 0.028258303180336952, 0.02807623613625765, 0.028102822601795197], "(1, 5, 1, 1)": [0.019501839764416218, 0.023188630118966103, 0.012913555838167667, 0.01995927095413208, 0.01921183615922928, 0.019907578825950623, 0.019843312446027994, 0.01909504272043705, 0.019749145954847336, 0.019940868020057678, 0.019679350778460503], "(1, 6, 1, 1)": [-0.0011607757769525051, -0.00054497504606843, 0.016073894686996937, -0.005897487280890346, -0.004943704232573509, -0.0010286425240337849, -0.003362832823768258, -0.0037966365925967693, -0.0037977523170411587, -0.0013607342261821032, -0.004715304356068373], "(1, 1, 1, 1)": [-0.010986560489982367, -0.006569042569026351, -0.006383114960044622, -0.006959488615393639, -0.008510447572916746, -0.008414158597588539, -0.0121846254914999, -0.008120369166135788, -0.004426686558872461, -0.005077215377241373, -0.009675909299403429], "(1, 2, 1, 1)": [0.025491073727607727, 0.026862265542149544, 0.028277725912630558, 0.02717193402349949, 0.026829768903553486, 0.025791950523853302, 0.026458121836185455, 0.026700018905103207, 0.0305296890437603, 0.026656572706997395, 0.02737062517553568], "(2, 2, 1, 1)": [0.01898511778563261, 0.02070107962936163, 0.02085705939680338, 0.01992593426257372, 0.020137369632720947, 0.014935137704014778, 0.017806513234972954, 0.019423886202275753, 0.018273038789629936, 0.01872535329312086, 0.020323793403804302], "(2, 1, 1, 1)": [-0.0018119488377124071, -0.0034338166005909443, -2.376595512032509e-05, -0.0031506214290857315, 0.0007377564907073975, -0.003959307447075844, 0.0018152985721826553, -0.0033889440819621086, -0.003342127427458763, -0.004177970113232732, -0.003968000179156661], "(2, 5, 1, 1)": [0.024083110503852367, 0.03014165163040161, 0.024262407794594765, 0.024737336672842503, 0.026600878685712814, 0.02631266415119171, 0.024447285570204258, 0.025576908141374588, 0.02491797599941492, 0.02494561206549406, 0.024485478177666664], "(2, 4, 1, 1)": [0.03365257382392883, 0.0329101774841547, 0.034274568781256676, 0.033633314073085785, 0.030995799228549004, 0.033879103139042854, 0.03306814841926098, 0.033335303887724876, 0.032754870131611824, 0.03237533010542393, 0.03354315832257271], "(2, 3, 1, 1)": [0.03116306196898222, 0.03174419980496168, 0.03174288757145405, 0.03069370612502098, 0.030047817155718803, 0.030620483681559563, 0.03053401317447424, 0.03102048020809889, 0.028604257851839066, 0.031755522824823856, 0.03047690261155367], "(2, 6, 1, 1)": [-0.0023847115226089954, -0.005828380584716797, -0.00018063129391521215, 0.02702617458999157, -0.003780519589781761, -0.008790003135800362, -0.006803043419495225, -0.0022257566452026367, -0.007147945696488023, -0.0034430259838700294, -0.00022304384037852287], "(1, 3, 1, 1)": [0.03472599759697914, 0.03466867096722126, 0.034515492618083954, 0.03486301936209202, 0.03502124734222889, 0.03499386087059975, 0.03483223542571068, 0.03571036830544472, 0.03494224324822426, 0.034824056550860405, 0.03462982922792435]}}