{"q_values": {"(1, 4, 1, 1)": [0.039624352008104324, 0.03808867931365967, 0.03824142925441265, 0.03836496360599995, 0.03773850202560425, 0.03729213401675224, 0.03677711635828018, 0.037184277549386024, 0.038790786638855934, 0.038088202476501465, 0.03765890561044216], "(1, 5, 1, 1)": [0.027638345956802368, 0.03243022132664919, 0.03846338018774986, 0.030927584506571293, 0.028873343020677567, 0.03038465790450573, 0.03110151644796133, 0.030155852437019348, 0.028497712686657906, 0.028343869373202324, 0.029278959147632122], "(1, 6, 1, 1)": [0.009242031490430236, 0.027569360099732876, 0.012292241910472512, 0.010777243878692389, 0.006990756373852491, 0.009298199787735939, 0.0018106137868016958, 0.007012482732534409, 0.00929863890632987, 0.00450257258489728, 0.0073831346817314625], "(1, 1, 1, 1)": [0.0075297250878065825, 0.007770193740725517, 0.0057175434194505215, 0.0008583827875554562, 0.005094951018691063, 0.012419758830219507, 0.016425599344074726, 0.009721818380057812, 0.009516974911093712, 0.015426283702254295, 0.009785950183868408], "(1, 2, 1, 1)": [0.03553008288145065, 0.035157762467861176, 0.03522148355841637, 0.03446846641600132, 0.03393743745982647, 0.03479159437119961, 0.035411713644862175, 0.0356806218624115, 0.03466043621301651, 0.03548826277256012, 0.03694432973861694], "(2, 2, 1, 1)": [0.028668904677033424, 0.029324831441044807, 0.031067107804119587, 0.03194180130958557, 0.031877582892775536, 0.03231444023549557, 0.029899985529482365, 0.03071380965411663, 0.0309496046975255, 0.02674015797674656, 0.03167556133121252], "(2, 1, 1, 1)": [0.006921537220478058, 0.008681129897013307, 0.010239258408546448, 0.008085663430392742, 0.004462900571525097, 0.009124245028942823, 0.00915452092885971, 0.003757856320589781, -0.000685659353621304, 0.007403167430311441, 0.0046412888914346695], "(2, 5, 1, 1)": [0.03373098932206631, 0.02954824548214674, 0.0312922578305006, 0.028450501151382923, 0.03162806294858456, 0.03233980108052492, 0.030359010212123394, 0.029073995538055897, 0.02988550066947937, 0.03157312050461769, 0.029343245550990105], "(2, 4, 1, 1)": [0.03694303520023823, 0.03800593502819538, 0.03713960200548172, 0.036464864388108253, 0.03647305257618427, 0.03784747235476971, 0.03623602166771889, 0.03510996326804161, 0.036229994148015976, 0.03734956495463848, 0.03659730218350887], "(2, 3, 1, 1)": [0.035239171236753464, 0.03547998331487179, 0.03466063179075718, 0.037132540717720985, 0.03539220616221428, 0.03522769547998905, 0.03267145063728094, 0.034661902114748955, 0.03526941128075123, 0.03468683920800686, 0.03525318391621113], "(2, 6, 1, 1)": [0.007120439317077398, 0.004414036870002747, 0.007930445950478315, 0.0010987166315317154, 0.0051036018412560225, -0.00029912241734564304, 0.007736434228718281, 0.006043969187885523, 0.00933903967961669, 0.005687169497832656, 0.007287351414561272], "(1, 3, 1, 1)": [0.03862323984503746, 0.038665059953927994, 0.03846564330160618, 0.03881258890032768, 0.03848714381456375, 0.038721511140465736, 0.03874147683382034, 0.03834371268749237, 0.03866812586784363, 0.038711993023753166, 0.038675133138895035]}}