{"q_values": {"(1, 4, 1, 1)": [0.0365160908550024, 0.03238768968731165, 0.030257415026426315, 0.03391793556511402, 0.03448165021836758, 0.03443394415080547, 0.03423553518950939, 0.03434001188725233, 0.03394956327974796, 0.03446822613477707, 0.034217122942209244], "(1, 5, 1, 1)": [0.026056508533656597, 0.025801807641983032, 0.025963326916098595, 0.031199044547975063, 0.024007806554436684, 0.025137612596154213, 0.025765234604477882, 0.024567419663071632, 0.025641958229243755, 0.02541770227253437, 0.024856435135006905], "(1, 6, 1, 1)": [0.008569026365876198, 0.012115564197301865, 0.009963725926354527, 0.006218014983460307, 0.009531116113066673, 0.002148775849491358, 0.0036223018541932106, 0.001689181663095951, 0.007053317502140999, 0.0030823631677776575, -0.004237445071339607], "(1, 1, 1, 1)": [-0.001244695158675313, -0.0005794365424662828, -0.007704669609665871, 0.0013314906973391771, 0.004682705271989107, -0.008508192840963602, 0.02558198943734169, -0.007071886910125613, 0.009175639599561691, 0.004415023606270552, -0.0007920106872916222], "(1, 2, 1, 1)": [0.03336545266211033, 0.03342351317405701, 0.030989428982138634, 0.03345420490950346, 0.03103479463607073, 0.029052583500742912, 0.03236827626824379, 0.031643268652260303, 0.03120738174766302, 0.033081552013754845, 0.03710900619626045], "(2, 2, 1, 1)": [0.026669609360396862, 0.015901552978903055, 0.023287644609808922, 0.019217383582144976, 0.02777108270674944, 0.02463334985077381, 0.02669320534914732, 0.021015246398746967, 0.02682627085596323, 0.021605586633086205, 0.03831091336905956], "(2, 1, 1, 1)": [0.004279132932424545, 0.0018501081503927708, 0.00463217799551785, 0.006434044800698757, 0.005267265718430281, 0.010055469814687967, 0.0013935717288404703, 0.0037498059682548046, 0.006866677198559046, 0.010344978421926498, 0.03292671777307987], "(2, 5, 1, 1)": [0.029600486159324646, 0.028305014595389366, 0.028538540937006474, 0.029215305112302303, 0.02953509334474802, 0.029903842136263847, 0.02703160233795643, 0.025866524316370487, 0.029606289230287075, 0.02948223613202572, 0.027713794261217117], "(2, 4, 1, 1)": [0.03768554516136646, 0.037567177787423134, 0.0382447000592947, 0.03811332955956459, 0.0379098542034626, 0.03832476772367954, 0.037946440279483795, 0.03789601847529411, 0.03816765174269676, 0.03784356638789177, 0.03787487372756004], "(2, 3, 1, 1)": [0.03791636973619461, 0.03607757017016411, 0.03715754859149456, 0.03494361229240894, 0.03766336292028427, 0.038461506366729736, 0.0388208981603384, 0.03785480000078678, 0.03855866752564907, 0.03832991048693657, 0.03884817287325859], "(2, 6, 1, 1)": [-0.0016925488598644733, -0.00047419359907507896, -0.0016853399574756622, -0.00446596834808588, -0.0011453106999397278, -0.005067921942099929, -0.0037966431118547916, -0.000597998034209013, -0.0028630616143345833, -0.0045921881683170795, 0.00014433963224291801], "(1, 3, 1, 1)": [0.037854090332984924, 0.03779514320194721, 0.03748730942606926, 0.037487393245100975, 0.03753375820815563, 0.03770353086292744, 0.03724240884184837, 0.03761939890682697, 0.03804673254489899, 0.037737173959612846, 0.0376336220651865]}}