{"q_values": {"(1, 4, 1, 1)": [0.03891553729772568, 0.038831306621432304, 0.03882880136370659, 0.03243629261851311, 0.03908202238380909, 0.03865932300686836, 0.03875337168574333, 0.03888876549899578, 0.03866192325949669, 0.03823551721870899, 0.03898692689836025], "(1, 5, 1, 1)": [0.03512260876595974, 0.037850284948945045, 0.036287060007452965, 0.034411489963531494, 0.03349332511425018, 0.035684237256646156, 0.03543085418641567, 0.030357003211975098, 0.032355344854295254, 0.03628205507993698, 0.035902781412005424], "(1, 6, 1, 1)": [0.012578035239130259, 0.00708208791911602, 0.012509413529187441, 0.01066644536331296, 0.009862361941486597, 0.008699056692421436, 0.009110202547162771, 0.008467260748147964, 0.00908692181110382, 0.012257609982043505, -0.0024939258582890034], "(1, 1, 1, 1)": [-0.0038239462301135063, 0.012280385009944439, 0.015219446271657944, 0.007745507173240185, 0.0090403500944376, 0.014122299384325743, 0.02225771825760603, 0.016330438666045666, 0.011260634288191795, 0.027455158531665802, 0.012129281647503376], "(1, 2, 1, 1)": [0.03515501320362091, 0.034788256511092186, 0.03520817868411541, 0.034889861941337585, 0.03528115712106228, 0.034343523904681206, 0.036565352231264114, 0.035315996035933495, 0.03604813292622566, 0.03421108424663544, 0.03574649058282375], "(2, 2, 1, 1)": [0.0342327319085598, 0.03417295217514038, 0.032735398039221764, 0.03310494311153889, 0.034553371369838715, 0.03361604921519756, 0.03350958228111267, 0.03462001122534275, 0.03191698342561722, 0.03494926542043686, 0.035486042499542236], "(2, 1, 1, 1)": [0.015123953111469746, 0.007232097676023841, 0.012207572814077139, 0.01955877710133791, 0.013203422538936138, 0.01861229445785284, 0.008886222494766116, 0.016283978708088398, 0.014566374011337757, 0.011671776883304119, 0.014665823429822922], "(2, 5, 1, 1)": [0.030667872168123722, 0.03190252743661404, 0.0356353260576725, 0.029968077316880226, 0.03199057374149561, 0.028000393882393837, 0.03265614900738001, 0.02990708127617836, 0.03206270560622215, 0.028622541576623917, 0.032644618302583694], "(2, 4, 1, 1)": [0.039666326716542244, 0.03769201040267944, 0.03811356797814369, 0.03851859271526337, 0.038515716791152954, 0.038527367636561394, 0.03828946128487587, 0.0356132909655571, 0.03802560642361641, 0.03883018530905247, 0.03802941367030144], "(2, 3, 1, 1)": [0.038210056722164154, 0.03881718963384628, 0.03872317634522915, 0.038584621623158455, 0.03849862329661846, 0.038201382383704185, 0.039395326748490334, 0.03872765228152275, 0.038610758259892464, 0.03860678896307945, 0.030046929605305195], "(2, 6, 1, 1)": [0.002852792851626873, 0.006978782941587269, -0.003918260335922241, 0.011362472083419561, 0.0029261624440550804, 0.006520113907754421, 0.003406896721571684, -0.0003316167276352644, 0.0017745557706803083, -0.0024118535220623016, 0.0013445769436657429], "(1, 3, 1, 1)": [0.03933026269078255, 0.0391930416226387, 0.039310263469815254, 0.03917699679732323, 0.03869432397186756, 0.03930244967341423, 0.03912356309592724, 0.039528343826532364, 0.03928832337260246, 0.039399728178977966, 0.039574043825268745]}}