{"q_values": {"(1, 4, 1, 1)": [0.03562827594578266, 0.03305992670357227, 0.03480590134859085, 0.03372490219771862, 0.033278003334999084, 0.03177344240248203, 0.02945010270923376, 0.03434395417571068, 0.031809103675186634, 0.03200846537947655, 0.033842467702925205], "(1, 5, 1, 1)": [0.037159839645028114, 0.026364761404693127, 0.030302762985229492, 0.03041206393390894, 0.02632871735841036, 0.026833276264369488, 0.027637160383164883, 0.028027638792991638, 0.026500225067138672, 0.029233695939183235, 0.02765533234924078], "(1, 6, 1, 1)": [0.004296550527215004, 0.0064847166649997234, 0.014537908602505922, 0.035238636657595634, 0.007138222921639681, 0.0067651341669261456, 0.0036223018541932106, 0.001421406865119934, 0.007053317502140999, 0.007777639664709568, -0.004237445071339607], "(1, 1, 1, 1)": [-0.00421278434805572, -0.005564102903008461, -0.004540658788755536, -0.0004356713034212589, -0.002835023798979819, -0.004177705850452185, -0.00036321068182587624, -0.002313515404239297, -0.002498664427548647, -0.000562803354114294, 0.005347959231585264], "(1, 2, 1, 1)": [0.029509851709008217, 0.029582709074020386, 0.0283111110329628, 0.029449215158820152, 0.02945320401340723, 0.029588854871690273, 0.02847285568714142, 0.026331668719649315, 0.028247572481632233, 0.027927115559577942, 0.029426866210997105], "(2, 2, 1, 1)": [0.02102196216583252, 0.02111664228141308, 0.025571645237505436, 0.020690097473561764, 0.021488814614713192, 0.015643850434571505, 0.02124576922506094, 0.02101045334711671, 0.020107786171138287, 0.022219094447791576, 0.01914818026125431], "(2, 1, 1, 1)": [-0.007961045950651169, -0.005303065292537212, -0.0040749735198915005, -0.00133388745598495, -0.00019278423860669136, -0.000888174632564187, -0.003975806524977088, -0.004131336696445942, 0.016894200816750526, 0.005165116861462593, -0.0013817287981510162], "(2, 5, 1, 1)": [0.02893270831555128, 0.02988051436841488, 0.03283247910439968, 0.029618192464113235, 0.029239472933113575, 0.02917509898543358, 0.02977620717138052, 0.029342428781092167, 0.028674673289060593, 0.03006010875105858, 0.02896652463823557], "(2, 4, 1, 1)": [0.03139395825564861, 0.02924873400479555, 0.02967990282922983, 0.028341662138700485, 0.02637840434908867, 0.0292939692735672, 0.02932652086019516, 0.023363318294286728, 0.029331273399293423, 0.029297747649252415, 0.02952936477959156], "(2, 3, 1, 1)": [0.031365176662802696, 0.03228500206023455, 0.03222962561994791, 0.03116122167557478, 0.03199058584868908, 0.032466720789670944, 0.03221737872809172, 0.031000533141195774, 0.03126623574644327, 0.0317299235612154, 0.028101090341806412], "(2, 6, 1, 1)": [0.00303286942653358, -0.000700958538800478, 0.020217341370880604, 0.00023316266015172005, 0.0031699631363153458, 0.0036304150708019733, 0.002498660236597061, 0.0019999267533421516, 0.0015372084453701973, -0.0024342676624655724, 0.004529985599219799], "(1, 3, 1, 1)": [0.03452405147254467, 0.0344692375510931, 0.03458424285054207, 0.034360235556960106, 0.033918723464012146, 0.0343326386064291, 0.034654876217246056, 0.03377723880112171, 0.03438494727015495, 0.0341989416629076, 0.03451435640454292]}}