{"q_values": {"(1, 4, 1, 1)": [0.03615146689116955, 0.03143431060016155, 0.029293516650795937, 0.02948271855711937, 0.03287707921117544, 0.032580407336354256, 0.034713564440608025, 0.028705173172056675, 0.035248080268502235, 0.03176179341971874, 0.03415415808558464], "(1, 5, 1, 1)": [0.029377452097833157, 0.020009680651128292, 0.012913555838167667, 0.02039699535816908, 0.01717033190652728, 0.01984333712607622, 0.017672992311418056, 0.01919675339013338, 0.02126465179026127, 0.019163042306900024, 0.020890607498586178], "(1, 6, 1, 1)": [-0.0011607757769525051, 0.0006245684344321489, -0.00017627747729420662, -0.005897487280890346, 0.021909977309405804, -7.435958832502365e-05, 0.0003609072882682085, -0.00036636926233768463, 0.0007082095835357904, -0.0011145072057843208, -0.0061521041207015514], "(1, 1, 1, 1)": [-0.006200394360348582, -0.002705091261304915, -0.01068048132583499, -0.005631346954032779, -0.004624718800187111, -0.004177705850452185, -0.00505053298547864, -0.005024695536121726, -0.004737154580652714, -0.003893028013408184, -0.011682124342769384], "(1, 2, 1, 1)": [0.025326811708509922, 0.026222895830869675, 0.028076814487576485, 0.026790070347487926, 0.02737619448453188, 0.027705720625817776, 0.02755942288786173, 0.027417737990617752, 0.026400518603622913, 0.02478413749486208, 0.03196852281689644], "(2, 2, 1, 1)": [0.020348500460386276, 0.02341343369334936, 0.017941501922905445, 0.023070103488862514, 0.02302407007664442, 0.024942862801253796, 0.024167733266949654, 0.024008361622691154, 0.024165782146155834, 0.03053712099790573, 0.020743469707667828], "(2, 1, 1, 1)": [-0.007961045950651169, -0.005303065292537212, 0.00021126086357980967, 0.000546150840818882, 0.0011383546516299248, 0.0008545909076929092, -0.004324263893067837, 0.001758138183504343, 0.0020920466631650925, 0.0017646760679781437, 0.012407288420945406], "(2, 5, 1, 1)": [0.026779770851135254, 0.027408468537032604, 0.026971053332090378, 0.025914430618286133, 0.028064437210559845, 0.027776655741035938, 0.025915823876857758, 0.027762346900999546, 0.03074156492948532, 0.026901118457317352, 0.025777204893529415], "(2, 4, 1, 1)": [0.03434663824737072, 0.034239137545228004, 0.03449862264096737, 0.03430233709514141, 0.03336706757545471, 0.03440542705357075, 0.03426510840654373, 0.03440972417593002, 0.03416718170046806, 0.03433116152882576, 0.03439562767744064], "(2, 3, 1, 1)": [0.02950339112430811, 0.029724634252488613, 0.02973215840756893, 0.030190479941666126, 0.029709292575716972, 0.02965281344950199, 0.029591196216642857, 0.033317895606160164, 0.027185783721506596, 0.029726640321314335, 0.029715266078710556], "(2, 6, 1, 1)": [-0.0032493998296558857, -0.005828380584716797, -0.003372053732164204, -0.005953078158199787, 0.0175226591527462, -0.005198153667151928, -0.006803043419495225, -0.009358096867799759, -0.007147945696488023, -0.0034430259838700294, -0.007004317827522755], "(1, 3, 1, 1)": [0.03388558328151703, 0.03206643555313349, 0.03640402667224407, 0.03288120590150356, 0.034066228196024895, 0.03046601079404354, 0.03326152637600899, 0.02896928507834673, 0.030636967159807682, 0.03100343607366085, 0.03429953847080469]}}