{"q_values": {"(1, 4, 1, 1)": [0.0392330028116703, 0.03966010548174381, 0.03889539837837219, 0.03960852324962616, 0.03957407735288143, 0.03944464400410652, 0.03956655040383339, 0.03935561701655388, 0.03960825316607952, 0.039024218916893005, 0.03951775096356869], "(1, 5, 1, 1)": [0.03623117692768574, 0.034969259053468704, 0.03380381874740124, 0.03629156947135925, 0.03659183531999588, 0.03669642470777035, 0.0363093800842762, 0.03515448234975338, 0.036164671182632446, 0.03588424436748028, 0.03410171531140804], "(1, 6, 1, 1)": [0.015020320191979408, 0.011860864236950874, 0.003965733107179403, 0.010123472195118666, 0.013390198815613985, 0.013392641209065914, 0.015751596074551344, 0.00040794070810079575, 0.012303367722779512, -0.004495417699217796, 0.008946638088673353], "(1, 1, 1, 1)": [0.0035232878290116787, 0.003648857120424509, 0.009813729207962751, 0.010469148866832256, 0.014810386579483747, 0.0127569530159235, 0.012183155864477158, 0.01147484453395009, 0.013035386800765991, 0.01607430912554264, 0.013837499544024467], "(1, 2, 1, 1)": [0.0373856145888567, 0.037695713341236115, 0.03742696903645992, 0.035949815064668655, 0.0377824604511261, 0.03721928223967552, 0.03546995855867863, 0.03582791984081268, 0.034037161618471146, 0.03731369413435459, 0.038162630051374435], "(2, 2, 1, 1)": [0.034512560814619064, 0.03533013537526131, 0.03658389113843441, 0.03673038259148598, 0.03292880207300186, 0.035545019432902336, 0.035143570974469185, 0.03429204225540161, 0.03660873696208, 0.036684634163975716, 0.03586794063448906], "(2, 1, 1, 1)": [0.0072589777410030365, 0.0063222674652934074, 0.010697187157347798, 0.009238395374268293, 0.006436204072088003, 0.00865851528942585, 0.008434472139924765, 0.006277211010456085, 0.005554623203352094, 0.01065376028418541, 0.0015021665021777153], "(2, 5, 1, 1)": [0.03591078519821167, 0.03465036489069462, 0.03401265852153301, 0.03574521467089653, 0.034609993919730186, 0.035849811509251595, 0.03093162551522255, 0.036055417731404305, 0.034292446449398994, 0.029813311994075775, 0.03611515276134014], "(2, 4, 1, 1)": [0.039364300668239594, 0.03930710069835186, 0.038789041340351105, 0.039097774773836136, 0.03902681544423103, 0.03930232487618923, 0.03885857202112675, 0.03933150880038738, 0.03920297883450985, 0.03931116871535778, 0.03903058543801308], "(2, 3, 1, 1)": [0.0392176266759634, 0.03961698338389397, 0.03952311351895332, 0.03959697112441063, 0.03935486823320389, 0.03935557045042515, 0.03952358104288578, 0.039397548884153366, 0.039411766454577446, 0.039677442982792854, 0.03964274004101753], "(2, 6, 1, 1)": [0.006545837037265301, 0.005827103275805712, 0.012208877597004175, 0.01533225690945983, 0.013243820518255234, 0.011382048949599266, 0.013238843064755201, 0.00817777682095766, 0.010837486013770103, 0.0060433256439864635, 0.008668357972055674], "(1, 3, 1, 1)": [0.03924371115863323, 0.03916608542203903, 0.039264559745788574, 0.03933813236653805, 0.03933403827250004, 0.03938990831375122, 0.03921082615852356, 0.03936523012816906, 0.03928439877927303, 0.03930327482521534, 0.0393428523093462]}}