{"q_values": {"(1, 4, 1, 1)": [0.026083780452609062, 0.01988267060369253, 0.038758864626288414, 0.02629531640559435, 0.026236016303300858, 0.028269526548683643, 0.024093467742204666, 0.025711245834827423, 0.024412255734205246, 0.02262387191876769, 0.028471373952925205], "(1, 5, 1, 1)": [0.019501839764416218, 0.014797864481806755, 0.010967710986733437, 0.014310911297798157, 0.038140635937452316, 0.019519424997270107, 0.018873275257647038, 0.019450799096375704, 0.019909897819161415, 0.019518555141985416, 0.019503873772919178], "(1, 6, 1, 1)": [-0.0011607757769525051, -0.00054497504606843, 0.013467993587255478, -0.0008138739503920078, -0.004943704232573509, -0.0010286425240337849, -0.003362832823768258, -0.0037966365925967693, 0.00012685731053352356, -0.001252202782779932, -0.0017088965978473425], "(1, 1, 1, 1)": [-0.012056512292474508, -0.012931736651808023, -0.012113886536099017, -0.015613984316587448, -0.011961260344833136, -0.011947361286729574, -0.012568250298500061, 0.017033684998750687, -0.013340369099751115, -0.013071299996227026, -0.012539686169475317], "(1, 2, 1, 1)": [0.02453068271279335, 0.024645501747727394, 0.02641252428293228, 0.024219552986323833, 0.026761469431221485, 0.023293422535061836, 0.025236189365386963, 0.028169937431812286, 0.026062550954520702, 0.02238305751234293, 0.03458905220031738], "(2, 2, 1, 1)": [0.01676785759627819, 0.016640935093164444, 0.023405801504850388, 0.014152899850159883, 0.016472971066832542, 0.016627665143460035, 0.013552216347306967, 0.013938026502728462, 0.015017467550933361, 0.012096759863197803, 0.016637387685477734], "(2, 1, 1, 1)": [-0.010502854478545487, -0.011802993714809418, -0.013849047478288412, -0.011322052916511893, -0.012182101490907371, -0.008087767753750086, -0.011654967907816172, -0.012618354056030512, 0.020472840406000614, -0.012582344003021717, -0.012029558420181274], "(2, 5, 1, 1)": [0.02832868043333292, 0.027129828929901123, 0.02989386860281229, 0.026996283791959286, 0.027229880914092064, 0.028315363451838493, 0.026020081713795662, 0.02637614030390978, 0.028043728321790695, 0.025573771446943283, 0.027815685607492924], "(2, 4, 1, 1)": [0.028193356469273567, 0.028855379670858383, 0.02543770708143711, 0.03153401147574186, 0.02880079112946987, 0.027987622655928135, 0.029360294342041016, 0.028779751621186733, 0.027953927405178547, 0.024731598794460297, 0.028018902987241745], "(2, 3, 1, 1)": [0.026633476838469505, 0.030982189811766148, 0.0195339722558856, 0.02070290595293045, 0.022457026410847902, 0.020734443329274654, 0.026575477793812752, 0.0189684284850955, 0.022875042632222176, 0.0268972460180521, 0.026660325936973095], "(2, 6, 1, 1)": [-0.0023847115226089954, 0.031015411019325256, -0.006595592945814133, -0.003949968842789531, -0.006623866967856884, -0.008790003135800362, -0.006803043419495225, -0.0034660128876566887, -0.006781089818105102, -0.0034430259838700294, -0.002365161315537989], "(1, 3, 1, 1)": [0.03184315003454685, 0.03756173327565193, 0.03196372091770172, 0.03059073816984892, 0.02987364772707224, 0.03393752686679363, 0.03165450971573591, 0.029802680015563965, 0.027705086395144463, 0.024340594187378883, 0.028832439333200455]}}