{"q_values": {"(1, 4, 1, 1)": [0.03214981872588396, 0.03195843566209078, 0.03321507014334202, 0.02597498521208763, 0.031947700306773186, 0.03165135998278856, 0.03137244749814272, 0.03223794884979725, 0.03209097124636173, 0.031127458438277245, 0.03186963405460119], "(1, 5, 1, 1)": [0.026232154108583927, 0.03116029780358076, 0.028473978862166405, 0.027757796458899975, 0.027017196640372276, 0.027386478148400784, 0.030338352546095848, 0.028881803154945374, 0.027794979512691498, 0.027870098128914833, 0.028791330754756927], "(1, 6, 1, 1)": [0.015418104827404022, 0.006380837876349688, 0.012506264727562666, 0.009001693222671747, 0.005115889012813568, 0.009178761392831802, 0.005357834277674556, 0.007658727001398802, 0.0048879291862249374, 0.0021220333874225616, 0.0025127832777798176], "(1, 1, 1, 1)": [0.007211560383439064, 0.00581669295206666, 0.009240120183676481, 0.0012827487662434578, 0.00844918703660369, 0.008715756237506866, 0.00033537112176418304, 0.003927126526832581, 0.009090722538530827, 0.006841449998319149, 0.004032860044389963], "(1, 2, 1, 1)": [0.032245056703686714, 0.03313416615128517, 0.033027829602360725, 0.033543651923537254, 0.03134992439299822, 0.033419081941246986, 0.030936739407479763, 0.03265054989606142, 0.033222079277038574, 0.03272952325642109, 0.03316710516810417], "(2, 2, 1, 1)": [0.029106400907039642, 0.029627902433276176, 0.030419889837503433, 0.030252148397266865, 0.02898938488215208, 0.027559833601117134, 0.026494137942790985, 0.03257366735488176, 0.026777267456054688, 0.023002912290394306, 0.02424461580812931], "(2, 1, 1, 1)": [0.004998728167265654, 0.003067611251026392, 0.007311155088245869, 0.006847047479823232, 0.0023135447409003973, 0.009152506478130817, 0.005257312208414078, 0.003027286846190691, 0.006748891901224852, 0.009301426820456982, 0.017702172975987196], "(2, 5, 1, 1)": [0.032424057833850384, 0.034337764605879784, 0.032456099055707455, 0.031494567170739174, 0.03213963098824024, 0.03209381923079491, 0.0303089777007699, 0.03241940028965473, 0.031826953403651714, 0.032541001215577126, 0.03157741483300924], "(2, 4, 1, 1)": [0.03341462556272745, 0.031032160855829716, 0.03343144431710243, 0.026849567890167236, 0.030047336593270302, 0.024449998512864113, 0.03363336995244026, 0.033715492114424706, 0.0336630092933774, 0.032916974276304245, 0.03372127376496792], "(2, 3, 1, 1)": [0.029622678644955158, 0.029602793976664543, 0.029551547951996326, 0.029440120793879032, 0.02957524172961712, 0.027311408892273903, 0.029594723135232925, 0.029598082415759563, 0.027664028108119965, 0.029553563334047794, 0.03061660099774599], "(2, 6, 1, 1)": [0.01841936819255352, -0.0029158098623156548, 0.009179476648569107, 0.012075735256075859, 0.008128148969262838, 0.007991370745003223, 0.009476732462644577, 0.008946487214416265, 0.0013298594858497381, -0.003197798039764166, 0.008073562756180763], "(1, 3, 1, 1)": [0.03355732560157776, 0.03529174439609051, 0.03333419933915138, 0.03398829698562622, 0.03373643755912781, 0.03335687145590782, 0.033256967552006245, 0.033152216114103794, 0.03405827097594738, 0.03161692712455988, 0.03363789618015289]}}