{"q_values": {"(1, 4, 1, 1)": [0.039281291887164116, 0.03947095759212971, 0.039482709020376205, 0.039382193237543106, 0.03856550715863705, 0.03947057016193867, 0.039105795323848724, 0.03907192312180996, 0.039043206721544266, 0.03632389381527901, 0.03908594883978367], "(1, 5, 1, 1)": [0.03496229834854603, 0.03637687861919403, 0.03553321026265621, 0.03565126471221447, 0.0356260035187006, 0.03507593832910061, 0.03533627279102802, 0.03593669645488262, 0.035684334114193916, 0.033638378605246544, 0.034463776275515556], "(1, 6, 1, 1)": [0.022459913045167923, 0.01712735090404749, 0.012594049796462059, 0.011354733724147081, 0.018716606311500072, 0.014569336548447609, 0.013241048902273178, 0.020341900177299976, 0.019502083770930767, 0.020272130146622658, 0.013356942916288972], "(1, 1, 1, 1)": [0.0006360546685755253, 0.015077657531946898, 0.012840585084632039, 0.011775828897953033, 0.005013014189898968, 0.007546347565948963, 0.015487895347177982, 0.009243718814104795, 0.023302389308810234, 0.013607727363705635, 0.01258916687220335], "(1, 2, 1, 1)": [0.03304187208414078, 0.03237344138324261, 0.032508429139852524, 0.03204416669905186, 0.03375072218477726, 0.033871326595544815, 0.03155897092074156, 0.032343413680791855, 0.033462587743997574, 0.033607253804802895, 0.033091120421886444], "(2, 2, 1, 1)": [0.03226040489971638, 0.033422933891415596, 0.03378547914326191, 0.03359711356461048, 0.032592056319117546, 0.03412041999399662, 0.03273140266537666, 0.03542567789554596, 0.034535499289631844, 0.033469464629888535, 0.03140618372708559], "(2, 1, 1, 1)": [0.012990565970540047, 0.011762611335143447, 0.013640628196299076, 0.004343254957348108, 0.010422807186841965, 0.007936672773212194, 0.01083527086302638, 0.016142234206199646, 0.015618931036442518, 0.015613047406077385, 0.02627708576619625], "(2, 5, 1, 1)": [0.03800417669117451, 0.03351153992116451, 0.033664291724562645, 0.03442765027284622, 0.03269274905323982, 0.03476966172456741, 0.03613302856683731, 0.03434918634593487, 0.032361079938709736, 0.03435160964727402, 0.03419916518032551], "(2, 4, 1, 1)": [0.039358796551823616, 0.03938399441540241, 0.03936292044818401, 0.03938950225710869, 0.039297280833125114, 0.03902912139892578, 0.03913356736302376, 0.03924752585589886, 0.03939990699291229, 0.03937235474586487, 0.039235662668943405], "(2, 3, 1, 1)": [0.038790905848145485, 0.038972584530711174, 0.03870045766234398, 0.03906981460750103, 0.039105936884880066, 0.038652801886200905, 0.03863975964486599, 0.03794188052415848, 0.0389707125723362, 0.038584278896450996, 0.03863593935966492], "(2, 6, 1, 1)": [0.02545410767197609, 0.006040973588824272, 0.006771155633032322, 0.010212679393589497, 0.012321660527959466, 0.013888232642784715, 0.010898829437792301, 0.013932314701378345, 0.014062384609133005, 0.006428029853850603, 0.011711521539837122], "(1, 3, 1, 1)": [0.03910151124000549, 0.038390109315514565, 0.038579002022743225, 0.03855825588107109, 0.0388044361025095, 0.03866196051239967, 0.039283446967601776, 0.03826050087809563, 0.03933550976216793, 0.039527710527181625, 0.03863092139363289]}}