{"q_values": {"(1, 4, 1, 1)": [0.03025204874575138, 0.03631935454905033, 0.03748299740254879, 0.03757099807262421, 0.03772510774433613, 0.03662232868373394, 0.035305021330714226, 0.03774438984692097, 0.035614801570773125, 0.03739550523459911, 0.03718785382807255], "(1, 5, 1, 1)": [0.031933555379509926, 0.034873057156801224, 0.02886541374027729, 0.03142772056162357, 0.020092707592993975, 0.03276963159441948, 0.032817691564559937, 0.03152535390108824, 0.03337002173066139, 0.03322024084627628, 0.030374768190085888], "(1, 6, 1, 1)": [0.02855341974645853, 0.005693414248526096, 0.008170609129592776, 0.014701185747981071, -0.005126395262777805, 0.010433299466967583, -0.0022950577549636364, 0.007282722275704145, 0.003057947149500251, 0.003176337108016014, 0.009023671504110098], "(1, 1, 1, 1)": [-0.0035641524009406567, 0.009950399398803711, 0.004911212250590324, 0.009382336400449276, 0.01137306448072195, 0.007206120993942022, 0.010636876802891493, 0.010438936296850443, 0.009001691825687885, 0.013380627147853374, 0.003180248662829399], "(1, 2, 1, 1)": [0.03270183131098747, 0.03262295760214329, 0.03233225829899311, 0.030853386968374252, 0.03224209323525429, 0.0320715494453907, 0.029504891484975815, 0.03224589675664902, 0.03316694125533104, 0.031271499581635, 0.03307991288602352], "(2, 2, 1, 1)": [0.03448018431663513, 0.03376360982656479, 0.03007962740957737, 0.032059989869594574, 0.02920379675924778, 0.03380140662193298, 0.03289907984435558, 0.03390292823314667, 0.032115388661623, 0.034147752448916435, 0.03414899669587612], "(2, 1, 1, 1)": [-0.0036716691683977842, 0.009954353794455528, 0.0093314447440207, 0.008891887031495571, 0.01121048117056489, 0.008618023246526718, 0.005109109450131655, 0.013261507265269756, 0.012207995634526014, 0.004804524593055248, 0.007759037893265486], "(2, 5, 1, 1)": [0.03293895348906517, 0.03169908747076988, 0.032209581695497036, 0.032404713332653046, 0.031695665791630745, 0.03279719315469265, 0.034389104694128036, 0.032911067828536034, 0.03305393271148205, 0.031792719848454, 0.03163318336009979], "(2, 4, 1, 1)": [0.03844623453915119, 0.0381785836070776, 0.03777676448225975, 0.037400983273983, 0.03740433789789677, 0.03838697262108326, 0.0383335817605257, 0.03803439624607563, 0.037617402151227, 0.03731399215757847, 0.03834042325615883], "(2, 3, 1, 1)": [0.03517438843846321, 0.03490026853978634, 0.03471515700221062, 0.03501264750957489, 0.03490671329200268, 0.03515464439988136, 0.03505180403590202, 0.033976007252931595, 0.03519872948527336, 0.03493663668632507, 0.03533445671200752], "(2, 6, 1, 1)": [0.019576155114918947, 0.011533826123923063, -0.00649708928540349, 0.0062942844815552235, 0.01182514987885952, 0.0047494336031377316, 0.006373283918946981, 0.010771027998998761, 0.006479405332356691, 0.005947033409029245, 0.008642253000289202], "(1, 3, 1, 1)": [0.038484962657094, 0.03871416300535202, 0.038426412269473076, 0.03885404393076897, 0.03819245845079422, 0.03890076279640198, 0.03882446885108948, 0.0389450378715992, 0.038983358070254326, 0.03824975527822971, 0.03904710337519646]}}