{"q_values": {"(2, 6, 2, 2)": [0.011067114770412445, 0.01106342300772667, 0.011068010702729225, 0.011031925678253174, 0.011025507003068924, 0.011038614436984062, 0.011064079590141773, 0.011053702794015408, 0.011005413718521595, 0.01094911154359579, 0.011018380522727966], "(2, 6, 1, 1)": [0.011093133129179478, 0.011086768470704556, 0.011081359349191189, 0.011098709888756275, 0.011106708087027073, 0.011097868904471397, 0.011069271713495255, 0.01109160203486681, 0.011035848408937454, 0.011055775918066502, 0.011077506467700005], "(2, 6, 1, 2)": [0.008420995436608791, 0.009217505343258381, 0.0032910460140556097, 0.008389953523874283, 0.009775430895388126, 0.007238135673105717, 0.0055187419056892395, 0.010106965899467468, 0.01009564008563757, 0.008387831971049309, 0.01098350714892149], "(2, 7, 2, 2)": [0.01075009535998106, 0.010821939446032047, 0.010708554647862911, 0.010754880495369434, 0.010782983154058456, 0.010755486786365509, 0.010714579373598099, 0.010721677914261818, 0.010762980207800865, 0.010779906064271927, 0.010672862641513348], "(2, 7, 1, 1)": [0.010929403826594353, 0.0108171496540308, 0.010943287052214146, 0.01089658122509718, 0.010850261896848679, 0.01088293083012104, 0.010874931700527668, 0.010905200615525246, 0.0108726117759943, 0.010794874280691147, 0.01084069348871708], "(2, 7, 1, 2)": [0.01084318570792675, 0.010354742407798767, 0.010137032717466354, 0.00821447279304266, 0.009614137001335621, 0.009468764998018742, 0.010351045057177544, 0.010485404171049595, 0.008190327323973179, 0.010553072206676006, 0.0098890271037817], "(2, 8, 1, 2)": [0.010389236733317375, 0.010080350562930107, 0.009660037234425545, 0.010212143883109093, 0.009766988456249237, 0.010059325955808163, 0.009940790943801403, 0.010211043991148472, 0.010237172245979309, 0.009961077943444252, 0.01000585500150919], "(2, 8, 2, 2)": [0.010252539999783039, 0.010347707197070122, 0.01025514304637909, 0.01022302359342575, 0.010315002873539925, 0.010151686146855354, 0.010225631296634674, 0.010116013698279858, 0.010267050936818123, 0.010045956820249557, 0.010133669711649418], "(2, 8, 1, 1)": [0.01021607220172882, 0.010438087396323681, 0.010507243685424328, 0.010405013337731361, 0.010562666691839695, 0.01043843012303114, 0.01049537118524313, 0.010466118343174458, 0.010379464365541935, 0.010448572225868702, 0.010306182317435741], "(2, 9, 2, 2)": [0.005036084447056055, 0.00880670826882124, 0.009032830595970154, 0.009508440271019936, 0.009065956808626652, 0.008832937106490135, 0.008856314234435558, 0.008557681925594807, 0.0040918076410889626, 0.00841901358217001, 0.0027419142425060272], "(2, 10, 2, 2)": [0.0018524329643696547, -0.011030696332454681, -0.01163344644010067, -0.012379523366689682, -0.01567675732076168, -0.006234472151845694, -0.019593724980950356, -0.013667069375514984, -0.014196234755218029, -0.017451707273721695, -0.01597762107849121], "(3, 4, 1, 2)": [0.003219646168872714, 0.0, 0.00827104039490223, 0.0, 0.005399147979915142, 0.003169409465044737, 0.0055998992174863815, 0.00555033003911376, 0.01000208593904972, 0.007148293778300285, 0.0032685445621609688], "(2, 1, 2, 1)": [-0.00571415014564991, -0.006726679392158985, 0.0003684801049530506, -0.0098213329911232, 0.001062912167981267, -0.006223717238754034, -0.012866226024925709, 0.0, 0.004579088184982538, 0.0026822334621101618, 0.008382288739085197], "(2, 1, 2, 2)": [-0.004364966414868832, -0.0062319436110556126, 0.0025855174753814936, 0.005878289230167866, 0.00447861198335886, -0.003079415764659643, 0.008855069056153297, 0.0028209546580910683, 0.0, 0.008195552043616772, 0.00609999056905508], "(2, 1, 1, 1)": [-0.014865085482597351, -0.015125753358006477, -0.017679575830698013, -0.01696198061108589, -0.014523039571940899, -0.007405390497297049, -0.008806592784821987, -0.016778480261564255, -0.010612878948450089, -0.010104925371706486, -0.016784543171525], "(2, 2, 2, 2)": [0.00979769229888916, 0.009745405055582523, 0.009574496187269688, 0.009746910072863102, 0.009882694110274315, 0.009961193427443504, 0.0099684102460742, 0.0097809424623847, 0.00987845379859209, 0.00980331376194954, 0.009878184646368027], "(2, 3, 2, 2)": [0.010454896837472916, 0.010367381386458874, 0.010415231809020042, 0.010360129177570343, 0.010377422906458378, 0.010553691536188126, 0.01039807964116335, 0.010485304519534111, 0.010491554625332355, 0.010461817495524883, 0.0104409484192729], "(3, 3, 2, 2)": [0.010446647182106972, 0.010541046969592571, 0.010475322604179382, 0.01049562357366085, 0.010535395704209805, 0.010564044117927551, 0.010396922938525677, 0.010496973991394043, 0.01043552253395319, 0.010487153194844723, 0.010670596733689308], "(3, 4, 2, 2)": [0.010848578996956348, 0.010923821479082108, 0.010912894271314144, 0.010909337550401688, 0.010890624485909939, 0.010969424620270729, 0.010923890396952629, 0.01090372633188963, 0.010914213955402374, 0.01085533108562231, 0.010910982266068459], "(3, 4, 2, 1)": [0.010383161716163158, 0.010401877574622631, 0.010577586479485035, 0.009905376471579075, 0.01059054397046566, 0.01013235468417406, 0.010158052667975426, 0.010385917499661446, 0.010717314667999744, 0.010536186397075653, 0.009574602358043194], "(3, 3, 1, 1)": [0.010305263102054596, 0.010076219215989113, 0.010189570486545563, 0.010312044061720371, 0.010375368408858776, 0.01026479434221983, 0.010284796357154846, 0.010191014036536217, 0.010310575366020203, 0.010307427495718002, 0.010315140709280968], "(3, 2, 1, 1)": [-0.004144548438489437, 0.0060939909890294075, 0.004794886335730553, 0.0089452238753438, 0.00627546850591898, 5.516223609447479e-06, 0.003095088992267847, 0.008506554178893566, 0.0005222931504249573, 0.009561868384480476, 0.008084665052592754], "(3, 2, 2, 1)": [0.0004705861210823059, 0.008057234808802605, 0.008858490735292435, 0.009504115208983421, 0.009067912586033344, 0.009072810411453247, 0.009034792892634869, 0.007293556816875935, 0.00950432289391756, 0.0062038651667535305, 0.009434693492949009], "(3, 1, 1, 1)": [-0.009566860273480415, -0.017572689801454544, -0.01579670049250126, -0.017529940232634544, -0.015974214300513268, -0.017362086102366447, -0.013122450560331345, -0.005411382764577866, -0.01507546752691269, -0.016852863132953644, -0.009915221482515335], "(3, 8, 1, 2)": [0.010005687363445759, 0.00993149634450674, 0.009438866749405861, 0.009459699504077435, 0.009849686175584793, 0.007756913546472788, 0.009265581145882607, 0.007777058053761721, 0.009703203104436398, 0.010370972566306591, 0.009938390925526619], "(3, 7, 1, 1)": [0.010817797854542732, 0.010960652492940426, 0.010926769115030766, 0.01084329653531313, 0.010919254273176193, 0.010930391028523445, 0.010905814357101917, 0.010910999029874802, 0.010840252973139286, 0.010861332528293133, 0.010826598852872849], "(3, 7, 2, 2)": [0.010813846252858639, 0.01080088410526514, 0.010819547809660435, 0.01082835253328085, 0.010752848349511623, 0.010831011459231377, 0.010754305869340897, 0.010748673230409622, 0.0107426093891263, 0.010818536393344402, 0.010720755904912949], "(3, 8, 2, 2)": [0.010184178128838539, 0.010116257704794407, 0.01014079712331295, 0.010302689857780933, 0.0102095827460289, 0.010161837562918663, 0.010239231400191784, 0.010176052339375019, 0.010260546579957008, 0.010277483612298965, 0.010181155055761337], "(3, 8, 1, 1)": [0.010478916577994823, 0.010362031869590282, 0.010394657962024212, 0.010376513935625553, 0.010521666146814823, 0.01036863960325718, 0.010398181155323982, 0.010370483621954918, 0.010290717706084251, 0.010360077023506165, 0.01027230266481638], "(3, 9, 2, 2)": [0.009521078318357468, 0.008947270922362804, 0.008831685408949852, 0.009092230349779129, 0.008822763338685036, 0.0092011122033, 0.008720743469893932, 0.009672427549958229, 0.008273040875792503, 0.004797743167728186, 0.009207118302583694], "(3, 10, 2, 2)": [-0.014883658848702908, -0.015519744716584682, -0.004441398661583662, -0.016357896849513054, -0.02026698738336563, -0.007181939203292131, -0.01688283681869507, -0.01731172204017639, -0.020084794610738754, -0.01844438910484314, -0.019289815798401833],