{"q_values": {"(2, 6, 2, 2)": [0.010499858297407627, 0.010819384828209877, 0.010470319539308548, 0.0087574552744627, 0.01062640082091093, 0.010937872342765331, 0.010404549539089203, 0.010091999545693398, 0.010053017176687717, 0.009091398678719997, 0.010040669701993465], "(2, 6, 1, 1)": [0.00974074937403202, 0.009662121534347534, 0.010569637641310692, 0.010372891090810299, 0.00810694694519043, 0.007178771309554577, 0.009603832848370075, 0.009667601436376572, 0.008366848342120647, 0.010703871957957745, 0.009062469005584717], "(2, 6, 1, 2)": [0.0032836764585226774, 0.0032806165982037783, 0.0032910460140556097, 0.0033013441134244204, 0.0, 0.0, 0.003145880065858364, 0.005596839357167482, 0.005327514372766018, 0.0, 0.008232521824538708], "(2, 7, 2, 2)": [0.010611418634653091, 0.008717825636267662, 0.009210260584950447, 0.00948296394199133, 0.007129199802875519, 0.009847535751760006, 0.008931253105401993, 0.010311046615242958, 0.009500982239842415, 0.009485992603003979, 0.008896187879145145], "(2, 7, 1, 1)": [0.008204648271203041, 0.009413491003215313, 0.008053774014115334, 0.007083685137331486, 0.003008513245731592, 0.008871049620211124, 0.009324563667178154, 0.009328708983957767, 0.010413317009806633, 0.008084811270236969, 0.009003664366900921], "(2, 7, 1, 2)": [0.008876452222466469, 0.006917829159647226, 0.006930774077773094, 0.0031284759752452374, 0.0031195981428027153, 0.0030982247553765774, 0.007969176396727562, 0.006820554379373789, 0.003205331042408943, 0.005306769162416458, 0.006835665553808212], "(2, 8, 1, 2)": [0.00854145921766758, 0.006610319018363953, 0.006653438787907362, 0.009599251672625542, 0.0028157238848507404, 0.005147996358573437, 0.007672502193599939, 0.008444109931588173, 0.0077565694227814674, 0.00678969593718648, 0.003058231668546796], "(2, 8, 2, 2)": [0.009031831286847591, 0.009220747277140617, 0.009208863601088524, 0.009426569566130638, 0.00910050980746746, 0.009768354706466198, 0.009714589454233646, 0.009848562069237232, 0.010107144713401794, 0.01018686592578888, 0.009645665995776653], "(2, 8, 1, 1)": [0.006679425947368145, 0.006642406806349754, 0.0069041200913488865, 0.005221281200647354, 0.006471356377005577, 0.007677288725972176, 0.00853738933801651, 0.008936766535043716, 0.01019289717078209, 0.006791400723159313, 0.0031720451079308987], "(2, 9, 2, 2)": [0.005843446124345064, 0.008258368819952011, 0.007145976182073355, 0.007454316131770611, 0.007243223488330841, 0.009107432328164577, 0.008336322382092476, 0.006510073319077492, 0.0035196770913898945, 0.0009480351582169533, 0.007056549657136202], "(2, 10, 2, 2)": [-0.009900620207190514, -0.01097910013049841, -0.006574949715286493, -0.0107231130823493, 0.0, -0.006234472151845694, -0.004784117452800274, 0.0, -0.007235995028167963, -0.006559786852449179, 0.0], "(3, 4, 1, 2)": [0.0, 0.0, 0.0031931884586811066, 0.0, 0.0030479200650006533, 0.0, 0.0, 0.0, 0.005448873620480299, 0.0, 0.0], "(2, 1, 2, 1)": [-0.0018458282575011253, 0.0, -0.003218553029000759, -0.006535824853926897, -0.0019457107409834862, 0.0, -0.012866226024925709, 0.0, 0.0, 0.0, 0.0045084599405527115], "(2, 1, 2, 2)": [0.002633544383570552, 0.0, 0.0025855174753814936, 0.0025857205037027597, 0.0024955684784799814, 0.002671913243830204, 0.005600985139608383, 0.0, 0.0, 0.002572274301201105, 0.0], "(2, 1, 1, 1)": [-0.010773612186312675, -0.00958921480923891, -0.006321968510746956, -0.004244524985551834, -0.0006145965307950974, -0.016314763575792313, -0.011133277788758278, -0.0006464226171374321, -0.006261534057557583, -0.00867208931595087, 0.0], "(2, 2, 2, 2)": [0.007308258209377527, 0.00292434124276042, 0.004932220093905926, 0.009274276904761791, 0.007262217812240124, 0.008244114927947521, 0.004701223224401474, 0.002881038933992386, 0.006155463866889477, 0.002658059122040868, 0.007299771532416344], "(2, 3, 2, 2)": [0.009823654778301716, 0.008509758859872818, 0.006636512000113726, 0.006801296956837177, 0.0050874026492238045, 0.008650681003928185, 0.007756292819976807, 0.003075283719226718, 0.01042779441922903, 0.009312987327575684, 0.006825583986938], "(3, 3, 2, 2)": [0.009758842177689075, 0.007884060963988304, 0.00769302761182189, 0.008432738482952118, 0.006548631936311722, 0.010155410505831242, 0.009170771576464176, 0.005285492166876793, 0.006832001730799675, 0.003103153081610799, 0.00669881422072649], "(3, 4, 2, 2)": [0.010492317378520966, 0.00799006037414074, 0.008869252167642117, 0.005557323340326548, 0.005388687830418348, 0.010167423635721207, 0.008935232646763325, 0.007925307378172874, 0.009479908272624016, 0.008108731359243393, 0.0031639181543141603], "(3, 4, 2, 1)": [0.0028762442525476217, 0.0054723541252315044, 0.0, 0.0, 0.003103344002738595, 0.0031043505296111107, 0.003100602189078927, 0.006906298454850912, 0.006888295989483595, 0.0030554665718227625, 0.0], "(3, 3, 1, 1)": [0.009667408652603626, 0.008904704824090004, 0.009676923975348473, 0.009334679692983627, 0.0088146161288023, 0.010412068106234074, 0.01008550077676773, 0.00847598072141409, 0.008786742575466633, 0.008342606946825981, 0.009781243279576302], "(3, 2, 1, 1)": [0.004012564197182655, 0.008388165384531021, 0.007150247227400541, 0.009370904415845871, 0.008914342150092125, 0.00850326381623745, 0.0073952507227659225, 0.004796099849045277, 0.002791798207908869, 0.008700204081833363, 0.008418749086558819], "(3, 2, 2, 1)": [0.007857151329517365, 0.002871154807507992, 0.0029328397940844297, 0.002814464969560504, 0.0, 0.002701024990528822, 0.0028219292871654034, 0.0, 0.0, 0.0026268798392266035, 0.0029784608632326126], "(3, 1, 1, 1)": [-0.01605924963951111, -0.006557396613061428, -0.006293343845754862, -0.010961398482322693, -0.010887742042541504, -0.006293945480138063, -0.01094892993569374, -0.002117300871759653, 0.0, -0.006432016845792532, -0.002059002872556448], "(3, 8, 1, 2)": [0.006541045382618904, 0.006627086084336042, 0.0030387090519070625, 0.007690061815083027, 0.005026997998356819, 0.0, 0.004858297295868397, 0.0029542113188654184, 0.0, 0.009007943794131279, 0.005040557123720646], "(3, 7, 1, 1)": [0.00998125784099102, 0.008180809207260609, 0.009460940957069397, 0.008075379766523838, 0.009944220073521137, 0.00816437415778637, 0.003268836298957467, 0.008158281445503235, 0.00869547575712204, 0.00812994223088026, 0.010363666340708733], "(3, 7, 2, 2)": [0.010438141413033009, 0.010288028046488762, 0.010064386762678623, 0.010283652693033218, 0.01037079468369484, 0.010651987977325916, 0.008064914494752884, 0.010338068008422852, 0.009990313090384007, 0.009857081808149815, 0.010446183383464813], "(3, 8, 2, 2)": [0.009326845407485962, 0.010139021091163158, 0.0075329504907131195, 0.009560782462358475, 0.00914928037673235, 0.0094302324578166, 0.00987548753619194, 0.007695379201322794, 0.00920395739376545, 0.0096350172534585, 0.009229269810020924], "(3, 8, 1, 1)": [0.008526956662535667, 0.0067583657801151276, 0.008988783694803715, 0.009049615822732449, 0.006785342004150152, 0.009047511965036392, 0.006696650758385658, 0.007603398524224758, 0.007591963279992342, 0.002994776936247945, 0.009504751302301884], "(3, 9, 2, 2)": [0.0018713842146098614, 0.008968617767095566, 0.009059152565896511, 0.008586866781115532, 0.009042259305715561, 0.007939258590340614, 0.004257868975400925, 0.007248545065522194, 0.008615169674158096, -0.0010662879794836044, 0.007477594073861837], "(3, 10, 2, 2)": [-0.006569972727447748, -0.005207944195717573, -0.007370803039520979, -0.010859414935112, -0.013145742937922478, -0.010793877765536308, 0.002492627128958702, -0.006305978167802095, -0.006331516895443201, 0.0, -0.006449711974710226], "(2, 8, 2, 1)": [0.0, 0.0, 0.0, 0.0, 0.0, 0.0, 0.0031337414402514696, 0.003169054165482521, 0.0, 0.0, 0.0], "(3, 3, 1, 2)": [0.0, 0.00537464302033186, 0.0, 0.0, 0.0030193093698471785, 0.0028436891734600067, 0.002960646292194724, 0.0052123898640275, 0.0, 0.0, 0.0],