{"q_values": {"(2, 6, 2, 2)": [0.0, 0.0, 0.0029752168338745832, 0.0029638020787388086, 0.0029773632995784283, 0.0, 0.0, 0.0, 0.0, 0.0, 0.0030573217663913965], "(2, 6, 1, 1)": [0.0, 0.0, 0.0, 0.0, 0.0030677728354930878, 0.0, 0.0, 0.0, 0.0, 0.003072433639317751, 0.00298250000923872], "(2, 6, 1, 2)": [0.0, 0.0, 0.0, 0.0, 0.0, 0.0, 0.0, 0.0, 0.0030672585126012564, 0.0, 0.003059836570173502], "(2, 7, 2, 2)": [0.00497684208676219, 0.0030241638887673616, 0.0066233412362635136, 0.005282719153910875, 0.0, 0.0, 0.0031004452612251043, 0.005254281219094992, 0.0031348795164376497, 0.0, 0.0], "(2, 7, 1, 1)": [0.0, 0.005093175917863846, 0.0, 0.0, 0.003008513245731592, 0.0030618333257734776, 0.0029476128984242678, 0.005185924936085939, 0.006625629495829344, 0.0, 0.0], "(2, 7, 1, 2)": [0.0030917914118617773, 0.0, 0.0, 0.0, 0.0, 0.0, 0.0031432409305125475, 0.003029516665264964, 0.0, 0.003120454726740718, 0.003119786037132144], "(2, 8, 1, 2)": [0.0, 0.002855827333405614, 0.0, 0.0, 0.0, 0.0, 0.0, 0.0028702765703201294, 0.0, 0.0, 0.0], "(2, 8, 2, 2)": [0.0, 0.0027035274542868137, 0.0, 0.0029388247057795525, 0.0, 0.0028598590288311243, 0.0, 0.0, 0.004877413623034954, 0.0029396587051451206, 0.0], "(2, 8, 1, 1)": [0.0, 0.0028709869366139174, 0.0, 0.0029838921036571264, 0.0, 0.0, 0.0, 0.0, 0.0, 0.0, 0.0], "(2, 9, 2, 2)": [0.0, 0.0, 0.0, 0.0, 0.0, 0.0, 0.002650800161063671, 0.0043714530766010284, 0.0, 0.0, 0.0], "(2, 10, 2, 2)": [0.0, 0.0, -0.006574949715286493, 0.0, 0.0, 0.0, 0.0, 0.0, 0.0, 0.0, 0.0], "(3, 4, 1, 2)": [0.0, 0.0, 0.0, 0.0, 0.0, 0.0, 0.0, 0.0, 0.0, 0.0, 0.0]}}