{"q_values": {"(2, 6, 1, 1)": [0.02707290556281805, 0.029286653734743595, 0.044065915048122406, 0.03648051992058754, 0.03318551275879145, 0.02903798222541809, 0.028364201076328754, 0.030070158652961254, 0.029914206825196743, 0.024872006848454475, 0.028516165912151337], "(2, 6, 2, 2)": [0.021816776134073734, 0.03015279956161976, 0.02549288049340248, 0.030651109293103218, 0.04006992653012276, 0.03536687418818474, 0.040169887244701385, 0.030020958743989468, 0.036681171506643295, 0.04720859229564667, 0.02259085839614272], "(2, 7, 2, 2)": [0.03676137514412403, 0.03648272808641195, 0.03545011207461357, 0.03201826475560665, 0.04583882354199886, 0.03776494972407818, 0.039422594010829926, 0.04022696800529957, 0.03817223012447357, 0.0437337402254343, 0.03335393127053976], "(2, 8, 2, 2)": [0.04548489302396774, 0.03934384323656559, 0.037728406488895416, 0.035950908437371254, 0.03891998901963234, 0.03146055433899164, 0.03387053124606609, 0.027711552567780018, 0.032089048996567726, 0.035111116245388985, 0.036741653457283974], "(2, 9, 2, 2)": [0.021643510088324547, 0.015384261962026358, 0.015409271232783794, 0.016191470436751842, 0.014466841705143452, 0.02382764872163534, 0.01803620718419552, 0.020550011657178402, 0.012799267657101154, 0.018644395284354687, 0.01706180674955249], "(2, 10, 2, 2)": [-0.009912993758916855, -0.008235344663262367, -0.015483017545193434, -0.0008757768664509058, -0.006465400569140911, -0.019278210122138262, -0.010317893291357905, -0.011196006089448929, -0.0009145450312644243, -0.0037861845921725035, -0.01399645023047924], "(2, 1, 2, 2)": [0.0, 0.0, 0.0025016567669808865, 0.003157147439196706, 0.0, 0.0, 0.007246446330100298, 0.0134142623282969, 0.0, 0.0036688768304884434, 0.0], "(2, 2, 2, 2)": [0.021473020780831575, 0.01229806593619287, 0.031469035893678665, 0.028604126535356045, 0.015689793974161148, 0.015578576363623142, 0.014841836877167225, 0.029864508658647537, 0.017886735498905182, 0.025008562952280045, 0.044107574969530106], "(2, 3, 2, 2)": [0.032293676398694515, 0.02418119553476572, 0.022030395455658436, 0.015141800045967102, 0.020466203801333904, 0.03843652456998825, 0.009778987616300583, 0.022818143479526043, 0.02747898455709219, 0.026633006520569324, 0.026076583191752434], "(3, 3, 2, 2)": [0.021521137095987797, 0.022527381777763367, 0.022252097725868225, 0.02707008458673954, 0.010967870242893696, 0.015613687224686146, 0.023374956101179123, 0.016380305401980877, 0.016360054723918438, 0.01105823926627636, 0.011800343170762062], "(3, 4, 2, 2)": [0.02524598315358162, 0.02970455214381218, 0.022753484547138214, 0.022765219677239656, 0.03070916421711445, 0.02430400438606739, 0.024416683241724968, 0.029170923866331577, 0.032007056288421154, 0.04388241469860077, 0.033830754458904266], "(3, 4, 2, 1)": [0.011723676696419716, 0.021898125298321247, 0.004754971247166395, 0.009313305839896202, 0.00586947426199913, 0.005572629161179066, 0.011147490236908197, 0.01079167379066348, 0.020461603067815304, 0.03516293689608574, 0.009671716019511223], "(3, 3, 2, 1)": [0.03213225770741701, 0.02093222364783287, 0.019548081792891026, 0.009915097616612911, 0.021114549599587917, 0.017766522243618965, 0.0175003451295197, 0.020618434064090252, 0.008876955602318048, 0.013087015831843019, 0.008129213936626911], "(3, 3, 1, 1)": [0.040556756779551506, 0.04783215373754501, 0.03049914725124836, 0.025635449215769768, 0.024372760206460953, 0.03190361708402634, 0.021672283299267292, 0.022862820886075497, 0.02735712379217148, 0.03752223402261734, 0.01963613275438547], "(3, 2, 1, 1)": [0.025828847661614418, 0.019922741688787937, 0.012240837328135967, 0.03287271410226822, 0.029443315230309963, 0.031234371475875378, 0.024559566751122475, 0.019492252729833126, 0.030289016664028168, 0.024928982369601727, 0.01603859942406416], "(3, 8, 1, 2)": [0.04055398143827915, 0.014350947458297014, 0.009977503679692745, 0.017491788137704134, 0.019864369183778763, 0.013300896622240543, 0.011314731556922197, 0.023492513224482536, 0.016685425769537687, 0.01868547173216939, 0.02230512397363782], "(3, 7, 1, 1)": [0.022292171139270067, 0.006710420362651348, 0.031191675923764706, 0.016010237857699394, 0.009893135400488973, 0.016305952332913876, 0.022676309570670128, 0.02256773319095373, 0.01862501259893179, 0.0191021291539073, 0.0150101063773036], "(3, 6, 1, 1)": [0.018368934746831656, 0.010404033120721579, 0.023532994091510773, 0.02916317991912365, 0.017832770943641663, 0.012680765241384506, 0.02381284348666668, 0.0124627985060215, 0.022201390005648136, 0.017364051192998886, 0.02899548038840294], "(3, 6, 2, 2)": [0.02915692701935768, 0.026930670253932476, 0.02957249153405428, 0.02219403814524412, 0.022965420968830585, 0.03237248584628105, 0.03259405866265297, 0.03464208357036114, 0.038132620975375175, 0.03808486834168434, 0.02988999430090189], "(3, 6, 1, 2)": [0.002991562942042947, 0.0, 0.005089272744953632, 0.00631282152608037, 0.0, 0.0050922418013215065, 0.0, 0.0, 0.00640697730705142, 0.020404404029250145, 0.011296544224023819], "(3, 5, 1, 1)": [0.037213586270809174, 0.025318391621112823, 0.03996032476425171, 0.02131043281406164, 0.03339998237788677, 0.03830140829086304, 0.025691830553114414, 0.01938886195421219, 0.027357355691492558, 0.021720184944570065, 0.021630371920764446], "(3, 4, 1, 1)": [0.01964512187987566, 0.028379594907164574, 0.034699393436312675, 0.027337651699781418, 0.04233415983617306, 0.03431157395243645, 0.03443475440144539, 0.03407192416489124, 0.02453471813350916, 0.037226561456918716, 0.029662832617759705], "(2, 4, 1, 1)": [0.04666297324001789, 0.050180401653051376, 0.04667970724403858, 0.05033010058104992, 0.047792259603738785, 0.04618413560092449, 0.055498212575912476, 0.05569368600845337, 0.04775254800915718, 0.0504998117685318, 0.05354169011116028], "(2, 3, 1, 1)": [0.052037183195352554, 0.04783722385764122, 0.04282761178910732, 0.04644444026052952, 0.04438941180706024, 0.0401184968650341, 0.04376685433089733, 0.037854183465242386, 0.03845866583287716, 0.03034825436770916, 0.03713217191398144], "(2, 2, 1, 1)": [0.025876834988594055, 0.027637440711259842, 0.025575414299964905, 0.025719670578837395, 0.0298332329839468, 0.013553754892200232, 0.02533763274550438, 0.02676635980606079, 0.01166617963463068, 0.02934365812689066, 0.02893844060599804], "(3, 3, 1, 2)": [0.0, 0.008106427267193794, 0.0, 0.006124414969235659, 0.0, 0.0, 0.002805046970024705, 0.008892942685633898, 0.0, 0.0, 0.0], "(2, 2, 2, 1)": [0.006978079676628113, 0.014639364555478096, 0.012483467347919941, 0.017518045380711555, 0.010966726811602712, 0.010079310741275549, 0.01026905607432127, 0.020014737034216523, 0.00800468772649765, 0.0092961136251688, 0.01370309665799141], "(2, 1, 1, 1)": [-0.019811180420219898, -0.016477984841912985, -0.00886539276689291, -0.023074456490576267, -0.0095902681350708, -0.017706052865833044, -0.00860119378194213, -0.008898784406483173, -0.006017954088747501, -0.005282924044877291, -0.003326600417494774], "(3, 7, 2, 2)": [0.034629033878445625, 0.03249713312834501, 0.03531972877681255, 0.029365944676101208, 0.03733364678919315, 0.029295330867171288, 0.028619159944355488, 0.03548126854002476, 0.03777516074478626, 0.04221963882446289, 0.035889074206352234], "(3, 8, 2, 2)": [0.026378371752798557, 0.03395608626306057, 0.03455382399260998, 0.03684338741004467, 0.03348105773329735, 0.03432063478976488, 0.038415491580963135, 0.0345422625541687, 0.03601459600031376, 0.03241298533976078, 0.029122432693839073], "(3, 8, 1, 1)": [0.0224514021538198, 0.028579958714544773, 0.02442569239065051, 0.03508209250867367, 0.018997367471456528, 0.03557092137634754, 0.018355544190853834, 0.04128364659845829, 0.031155957840383053, 0.04391752928495407, 0.03174940589815378], "(3, 9, 2, 2)": [0.030978371389210224, 0.02549915574491024, 0.01557618472725153, 0.027395930141210556, 0.012144699110649526, 0.023557367734611034, 0.022070670034736395, 0.02211130876094103, 0.02057386189699173, 0.024035205133259296, 0.021756354719400406],