{"q_values": {"(2, 6, 1, 1)": [0.015953322872519493, 0.01728484034538269, 0.016211447305977345, 0.011649212799966335, 0.01863427832722664, 0.012688125018030405, 0.012734857853502035, 0.014141391031444073, 0.011993650579825044, 0.00955308903940022, 0.009324404411017895], "(2, 6, 2, 2)": [0.008644355926662683, 0.019909079186618328, 0.015651552937924862, 0.017341884784400463, 0.019199223490431905, 0.021118934731930494, 0.02350709307938814, 0.018693082965910435, 0.02556566707789898, 0.01729780901223421, 0.02259085839614272], "(2, 7, 2, 2)": [0.014205637387931347, 0.006783509626984596, 0.01459482591599226, 0.018607585690915585, 0.025808248668909073, 0.019999693147838116, 0.013712441548705101, 0.021284189075231552, 0.020802956074476242, 0.025694471783936024, 0.018742498010396957], "(2, 8, 2, 2)": [0.02563184965401888, 0.022796953096985817, 0.02798004262149334, 0.021879213862121105, 0.01937996270135045, 0.025470688939094543, 0.027878588996827602, 0.011670525185763836, 0.018666700460016727, 0.02563128713518381, 0.019442664925009012], "(2, 9, 2, 2)": [0.010992470663040876, 0.005729780998080969, 0.00829376233741641, 0.008135332725942135, 0.006003876216709614, 0.01024341955780983, 0.011974319582805037, 0.003903913777321577, 0.00941455364227295, 0.012979593593627214, 0.009162294445559382], "(2, 10, 2, 2)": [-0.009912993758916855, 0.0, -0.015483017545193434, -0.011183892376720905, -0.004485946148633957, -0.006574240513145924, -0.006592893972992897, -0.011196006089448929, 0.0, 0.0, -0.011975072789937258], "(2, 1, 2, 2)": [0.0, 0.0, 0.0, 0.0, 0.0, 0.0, 0.0, 0.0042798216454684734, 0.0, 0.0, 0.0], "(2, 2, 2, 2)": [0.0033569911029189825, 0.006113303592428565, 0.005754631944000721, 0.009431849466636777, 0.004490407183766365, 0.003303184174001217, 0.0, 0.007679564878344536, 0.012386833550408483, 0.0, 0.01749998889863491], "(2, 3, 2, 2)": [0.004080764949321747, 0.004818408749997616, 0.008888107491657138, 0.008335572201758623, 0.00476494338363409, 0.009660663548856974, 0.004806580953299999, 0.011704533360898495, 0.011810345109552145, 0.01247622654773295, 0.01630416139960289], "(3, 3, 2, 2)": [0.019156270660459995, 0.014825425809249282, 0.015509014949202538, 0.010539031121879816, 0.010967870242893696, 0.015613687224686146, 0.011941637145355344, 0.016328963451087475, 0.014161399565637112, 0.01290078554302454, 0.011800343170762062], "(3, 4, 2, 2)": [0.007971380837261677, 0.011706573655828834, 0.01618840917944908, 0.016045078169554472, 0.017610345035791397, 0.017225315794348717, 0.021260068751871586, 0.015092849731445312, 0.014734340133145452, 0.023676816374063492, 0.02119406219571829], "(3, 4, 2, 1)": [0.0, 0.004935004748404026, 0.004754971247166395, 0.004860457964241505, 0.002938813529908657, 0.0, 0.004961424507200718, 0.0028726900927722454, 0.00288314837962389, 0.013992343563586473, 0.005843323422595859], "(3, 3, 2, 1)": [0.015654239803552628, 0.006840545451268554, 0.006259290501475334, 0.00466076098382473, 0.010540814837440848, 0.013422969728708267, 0.010928457602858543, 0.009838063269853592, 0.008876955602318048, 0.009569256799295545, 0.0028613663744181395], "(3, 3, 1, 1)": [0.025818277150392532, 0.019249889999628067, 0.016367710195481777, 0.00384895340539515, 0.01121459947898984, 0.008664442226290703, 0.010141796432435513, 0.018914340995252132, 0.018588938750326633, 0.02303310390561819, 0.01820317655801773], "(3, 2, 1, 1)": [0.021399718709290028, 0.005476047284901142, 0.005788452457636595, 0.014318618923425674, 0.02089507132768631, 0.023412677459418774, 0.017126320861279964, 0.009704817552119493, 0.014663642272353172, 0.014423678629100323, 0.00912021053954959], "(3, 8, 1, 2)": [0.013619930017739534, 0.0, 0.008765146136283875, 0.002834472805261612, 0.00937366602011025, 0.004889453761279583, 0.0027554247062653303, 0.006395007483661175, 0.007500028237700462, 0.00284681748598814, 0.009865845553576946], "(3, 7, 1, 1)": [0.012738167541101575, 0.0, 0.01715273968875408, 0.005811689887195826, 0.0, 0.013115685433149338, 0.007048849482089281, 0.013885430991649628, 0.011374638881534338, 0.015394756104797125, 0.008085071109235287], "(3, 6, 1, 1)": [0.008763676509261131, 0.010404033120721579, 0.007368709892034531, 0.009266271255910397, 0.01132684713229537, 0.006553457584232092, 0.013744577765464783, 0.00879882462322712, 0.016729136928915977, 0.01630807528272271, 0.016377241350710392], "(3, 6, 2, 2)": [0.023406729102134705, 0.0206588264554739, 0.019902348518371582, 0.014875411987304688, 0.0094328997656703, 0.016836990835145116, 0.0226221838966012, 0.02166783157736063, 0.026910102926194668, 0.022133301943540573, 0.021213571541011333], "(3, 6, 1, 2)": [0.002991562942042947, 0.0, 0.002998191164806485, 0.004734709393233061, 0.0, 0.0, 0.0, 0.0, 0.0, 0.008283740375190973, 0.0], "(3, 5, 1, 1)": [0.021262369118630886, 0.022059683687984943, 0.025890261866152287, 0.013315441086888313, 0.023938296362757683, 0.025722512044012547, 0.020863469690084457, 0.015212037600576878, 0.01923190802335739, 0.02173750288784504, 0.005986399482935667], "(3, 4, 1, 1)": [0.012404524255543947, 0.012767470441758633, 0.01612247247248888, 0.012966410722583532, 0.023555535823106766, 0.022406423464417458, 0.010584123432636261, 0.011455302126705647, 0.011394134256988764, 0.013430080842226744, 0.012256984133273363], "(2, 4, 1, 1)": [0.029858349822461605, 0.030766413547098637, 0.027956390753388405, 0.024580436758697033, 0.02754686214029789, 0.02066571544855833, 0.03844313509762287, 0.022142015397548676, 0.0285889795050025, 0.03156979940831661, 0.025198020040988922], "(2, 3, 1, 1)": [0.0297497920691967, 0.0359624195843935, 0.04305340349674225, 0.02205652417615056, 0.030916781164705753, 0.01970505714416504, 0.031130691058933735, 0.028007304295897484, 0.016670254059135914, 0.015057928394526243, 0.026961774565279484], "(2, 2, 1, 1)": [0.02990185283124447, 0.0001511974260210991, -0.0042478046379983425, 0.010472880443558097, 0.007068844046443701, 0.012417760910466313, 0.01745047327131033, 0.012223574798554182, 0.013932276982814074, 0.020745773799717426, 0.022557818330824375], "(3, 3, 1, 2)": [0.0, 0.008106427267193794, 0.0, 0.0, 0.0, 0.0, 0.0, 0.0, 0.0, 0.0, 0.0], "(2, 2, 2, 1)": [0.006978079676628113, 0.00800734106451273, 0.007576360367238522, 0.008648462360724807, 0.002614912809804082, 0.006935858633369207, 0.007121141068637371, 0.008110155118629336, 0.0, 0.0034254274796694517, 0.0033926526084542274], "(2, 1, 1, 1)": [-0.017693140078336, -0.010506758466362953, -0.005795669741928577, -0.025225290097296238, -0.01111140986904502, -0.006544013973325491, -0.00860119378194213, -0.008898784406483173, -0.010483475401997566, 0.0, 0.0], "(3, 7, 2, 2)": [0.026336866430938244, 0.024722162634134293, 0.015988693572580814, 0.017040676437318325, 0.02533495146781206, 0.017193157225847244, 0.020855951122939587, 0.026903648860752583, 0.016762971878051758, 0.030331416986882687, 0.02760922908782959], "(3, 8, 2, 2)": [0.02135488484054804, 0.02429873403161764, 0.02521788701415062, 0.018895586021244526, 0.021122771315276623, 0.02184497145935893, 0.027199704200029373, 0.023290476761758327, 0.016655074432492256, 0.023801222443580627, 0.01640272932127118], "(3, 8, 1, 1)": [0.0036247558891773224, 0.0076375375501811504, 0.00648965616710484, 0.007896871073171496, 0.005596278002485633, 0.008893176447600126, 0.005531900562345982, 0.01351932086981833, 0.010246825870126486, 0.021322683431208134, 0.01919743325561285], "(3, 9, 2, 2)": [0.009150632657110691, 0.015496263280510902, 0.007204905152320862, 0.016778988298028708, 0.011039982782676816, 0.013497360050678253, 0.010489469859749079, 0.018201787024736404, 0.012955860234797001, 0.006328584160655737, 0.017360466066747904], "(3, 9, 1, 2)": [0.0027019167318940163, 0.003611378837376833, 0.016559559851884842, 0.007486236747354269, 0.00966713484376669, 0.012212981935590506, 0.004386687185615301, 0.002504624892026186, 0.008838481968268752, 0.0025809137150645256, 0.0007276841788552701],