{"q_values": {"(2, 6, 1, 1)": [0.05692899040877819, 0.10551472753286362, 0.07054289802908897, 0.07305548340082169, 0.0728030763566494, 0.0696204099804163, 0.062066443264484406, 0.0676254890859127, 0.07318581640720367, 0.06395331025123596, 0.07597444206476212], "(2, 6, 2, 2)": [0.07158001139760017, 0.0755891427397728, 0.06852409243583679, 0.06213328801095486, 0.0912291407585144, 0.07321849092841148, 0.07765984535217285, 0.09405205771327019, 0.06747874990105629, 0.11104648187756538, 0.07363733276724815], "(2, 7, 2, 2)": [0.06124391406774521, 0.07243995368480682, 0.05988575704395771, 0.059027478098869324, 0.06892113387584686, 0.07469359785318375, 0.08009545877575874, 0.08705290034413338, 0.07832960784435272, 0.10178037360310555, 0.06194901652634144], "(2, 8, 2, 2)": [0.0955241210758686, 0.08200637996196747, 0.06573286838829517, 0.0652803611010313, 0.060599079355597496, 0.054011598229408264, 0.07081470638513565, 0.06285831145942211, 0.06609934195876122, 0.06940522789955139, 0.05089888907968998], "(2, 9, 2, 2)": [0.03398653585463762, 0.03648448642343283, 0.0376269593834877, 0.04822900891304016, 0.03598449379205704, 0.028835208155214787, 0.03422139212489128, 0.027758758515119553, 0.025685503147542477, 0.027322420850396156, 0.030494374223053455], "(2, 10, 2, 2)": [-0.0010116095654666424, -0.002946041524410248, -0.014825965743511915, -0.006792624713853002, -0.008979657897725701, -0.021585535258054733, -0.005470085947308689, -0.015222331508994102, -0.0022472022101283073, -0.0032422065851278603, -0.014527394436299801], "(2, 1, 2, 2)": [0.0, 0.0025131264701485634, 0.0025016567669808865, 0.0065563032403588295, 0.0, 0.0, 0.007246446330100298, 0.0134142623282969, 0.0, 0.022970720194280148, 0.007451619487255812], "(2, 2, 2, 2)": [0.03354642167687416, 0.05015517398715019, 0.04993255250155926, 0.05142222344875336, 0.05715257115662098, 0.045219333842396736, 0.05187947489321232, 0.05148615688085556, 0.048189301043748856, 0.05030947923660278, 0.05630053021013737], "(2, 3, 2, 2)": [0.06022535637021065, 0.06175163574516773, 0.056586697697639465, 0.0538672786206007, 0.06040546856820583, 0.055533938109874725, 0.06589442119002342, 0.06004462018609047, 0.0658649168908596, 0.06219639629125595, 0.08158998191356659], "(3, 3, 2, 2)": [0.03361441195011139, 0.05407487228512764, 0.03024602960795164, 0.035876949317753315, 0.027875080704689026, 0.028465373441576958, 0.04227878712117672, 0.025815067812800407, 0.028095670975744724, 0.015827233903110027, 0.020077092573046684], "(3, 4, 2, 2)": [0.03707306832075119, 0.048673033714294434, 0.022753484547138214, 0.041082680225372314, 0.05489542335271835, 0.029786016792058945, 0.04752267152070999, 0.049227274954319, 0.03970889560878277, 0.07911099120974541, 0.05464982055127621], "(3, 4, 2, 1)": [0.011723676696419716, 0.036924077197909355, 0.004754971247166395, 0.009313305839896202, 0.00586947426199913, 0.005572629161179066, 0.011147490236908197, 0.01079167379066348, 0.020461603067815304, 0.039607979357242584, 0.009671716019511223], "(3, 3, 2, 1)": [0.05237141251564026, 0.02093222364783287, 0.035236028023064137, 0.0199487442150712, 0.021114549599587917, 0.025563562288880348, 0.025475581642240286, 0.020618434064090252, 0.027187752537429333, 0.0189340237993747, 0.02534794993698597], "(3, 3, 1, 1)": [0.05893327482044697, 0.06105930358171463, 0.05106212757527828, 0.05893149599432945, 0.054370395839214325, 0.055063458159565926, 0.04865322820842266, 0.04061722569167614, 0.049886686727404594, 0.05908506363630295, 0.05114814080297947], "(3, 2, 1, 1)": [0.04410130903124809, 0.04112980328500271, 0.042165208607912064, 0.03614667523652315, 0.04238179139792919, 0.04023206606507301, 0.04618639685213566, 0.040760697796940804, 0.04234137758612633, 0.04424693435430527, 0.04654248431324959], "(3, 8, 1, 2)": [0.0748760998249054, 0.014350947458297014, 0.019693562760949135, 0.03956218110397458, 0.029915408231317997, 0.040162911638617516, 0.03696843981742859, 0.03602350875735283, 0.03533400362357497, 0.03262676391750574, 0.03352798009291291], "(3, 7, 1, 1)": [0.02745609451085329, 0.006710420362651348, 0.04630947858095169, 0.031475940719246864, 0.017190625425428152, 0.026505219750106335, 0.03228536527603865, 0.027412897907197475, 0.052120987325906754, 0.04964686185121536, 0.022983359172940254], "(3, 6, 1, 1)": [0.02224513655528426, 0.013806005474179983, 0.029393810778856277, 0.051625944674015045, 0.03785668592900038, 0.02043800987303257, 0.03005935437977314, 0.03497744910418987, 0.033028168603777885, 0.026222440414130688, 0.03315134346485138], "(3, 6, 2, 2)": [0.045147741213440895, 0.035650426521897316, 0.04928077571094036, 0.06519927643239498, 0.05176524445414543, 0.09304417297244072, 0.05194909684360027, 0.0634671151638031, 0.06397027149796486, 0.057862814515829086, 0.0664273202419281], "(3, 6, 1, 2)": [0.002991562942042947, 0.0, 0.005089272744953632, 0.00631282152608037, 0.0, 0.006558704189956188, 0.0, 0.0, 0.00640697730705142, 0.030044883489608765, 0.011296544224023819], "(3, 5, 1, 1)": [0.07690491154789925, 0.06751134619116783, 0.10065700113773346, 0.05883193947374821, 0.05182400345802307, 0.07225348427891731, 0.062114378437399864, 0.05940704792737961, 0.0601821094751358, 0.04054137971252203, 0.06619631126523018], "(3, 4, 1, 1)": [0.061876874417066574, 0.04853988438844681, 0.05564577504992485, 0.052973754703998566, 0.0752827487885952, 0.054507989436388016, 0.06861201673746109, 0.05975070036947727, 0.05975562520325184, 0.05469058081507683, 0.04341171309351921], "(2, 4, 1, 1)": [0.08553356304764748, 0.08418286219239235, 0.08408257365226746, 0.08869834989309311, 0.08846442773938179, 0.07964751124382019, 0.08633395656943321, 0.0948326475918293, 0.08969458192586899, 0.08453754335641861, 0.0906505174934864], "(2, 3, 1, 1)": [0.059009453281760216, 0.06088023632764816, 0.05573788657784462, 0.06751905754208565, 0.06024589762091637, 0.06017346307635307, 0.05407718010246754, 0.06038806214928627, 0.05569944158196449, 0.05831363424658775, 0.062167175114154816], "(2, 2, 1, 1)": [0.03084264975041151, 0.027918326668441296, 0.04005435295403004, 0.041461626067757607, 0.03489772696048021, 0.03543671406805515, 0.02845594845712185, 0.03877789154648781, 0.048759130761027336, 0.027959364466369152, 0.03604398760944605], "(3, 3, 1, 2)": [0.0, 0.04377344995737076, 0.0, 0.015383877325803041, 0.010408018715679646, 0.0028405552729964256, 0.0064192654099315405, 0.012272511143237352, 0.009706113487482071, 0.0, 0.0], "(2, 2, 2, 1)": [0.01949451584368944, 0.026217189617455006, 0.030414355918765068, 0.03273600526154041, 0.015789261320605874, 0.027354318648576736, 0.02709014993160963, 0.03679824620485306, 0.02131491992622614, 0.03228605352342129, 0.05387474037706852], "(2, 1, 1, 1)": [-0.017040050122886896, -0.016363217495381832, -0.005414893850684166, -0.027176618576049805, 0.0009935565758496523, -0.01804989529773593, -0.0084991748444736, -0.006822002585977316, -0.014545898884534836, -0.009818248683586717, -0.0002917179372161627], "(3, 7, 2, 2)": [0.052395811304450035, 0.061367712914943695, 0.05693231150507927, 0.06354958936572075, 0.0756537914276123, 0.048035142943263054, 0.06314017251133919, 0.06508126854896545, 0.07805251702666283, 0.08189022541046143, 0.06395557895302773], "(3, 8, 2, 2)": [0.044168487191200256, 0.06499925814568996, 0.05952107347548008, 0.05687318742275238, 0.05591125600039959, 0.06075157970190048, 0.05945167690515518, 0.05494697764515877, 0.05670798569917679, 0.062249256297945976, 0.05711207538843155], "(3, 8, 1, 1)": [0.0384939662180841, 0.07254236191511154, 0.05969286523759365, 0.05968219414353371, 0.0630754791200161, 0.05846305564045906, 0.05668972060084343, 0.065817566588521, 0.05959385447204113, 0.07404591515660286, 0.05589263699948788], "(3, 9, 2, 2)": [0.04832508787512779, 0.052188776433467865, 0.04969528131186962, 0.0345341470092535, 0.026534120086580515, 0.02377268811687827, 0.03428730368614197, 0.01987038552761078, 0.04063615947961807, 0.041391026228666306, 0.04297461360692978],