{"q_values": {"(2, 6, 1, 1)": [0.04819408617913723, 0.06112571805715561, 0.06107339635491371, 0.04754553362727165, 0.04347999952733517, 0.04476272687315941, 0.04652612283825874, 0.0550515241920948, 0.05231421999633312, 0.05521981790661812, 0.04422178864479065], "(2, 6, 2, 2)": [0.04139112588018179, 0.05691618099808693, 0.04248819872736931, 0.04808608256280422, 0.06171301379799843, 0.049223342910408974, 0.056176284328103065, 0.050733014941215515, 0.05696771666407585, 0.07414284721016884, 0.05275498889386654], "(2, 7, 2, 2)": [0.048717232421040535, 0.05036910064518452, 0.05098657310009003, 0.04204142466187477, 0.06398788467049599, 0.05511404573917389, 0.05367944575846195, 0.05708959326148033, 0.0642397440969944, 0.07201424241065979, 0.03921508323401213], "(2, 8, 2, 2)": [0.07575315237045288, 0.06470378488302231, 0.047084635123610497, 0.05231821723282337, 0.04901479743421078, 0.04358543083071709, 0.056764030829072, 0.04284180700778961, 0.05109499767422676, 0.04828271083533764, 0.04510064423084259], "(2, 9, 2, 2)": [0.03733678720891476, 0.02296971157193184, 0.02496778964996338, 0.03069991245865822, 0.030715019442141056, 0.03294233977794647, 0.027465556748211384, 0.022718051448464394, 0.014361738227307796, 0.022489608265459538, 0.02114913472905755], "(2, 10, 2, 2)": [-0.004220131319016218, -0.002946041524410248, -0.015483017545193434, 0.0022540721110999584, -0.008979657897725701, -0.019278210122138262, -0.005470085947308689, -0.011196006089448929, -0.0022472022101283073, -0.0037861845921725035, -0.014527394436299801], "(2, 1, 2, 2)": [0.0, 0.0, 0.0025016567669808865, 0.0065563032403588295, 0.0, 0.0, 0.007246446330100298, 0.0134142623282969, 0.0, 0.02144404361024499, 0.0], "(2, 2, 2, 2)": [0.022668121848255396, 0.04011567868292332, 0.03506540134549141, 0.048307495191693306, 0.052964286878705025, 0.03023192659020424, 0.03956525959074497, 0.04284489527344704, 0.03000570647418499, 0.04466899856925011, 0.060556864365935326], "(2, 3, 2, 2)": [0.056784095242619514, 0.03553508035838604, 0.039607223123311996, 0.030868728645145893, 0.036819759756326675, 0.06186120957136154, 0.044041724875569344, 0.044550830498337746, 0.05256223678588867, 0.057033831253647804, 0.05116649158298969], "(3, 3, 2, 2)": [0.03361441195011139, 0.04690871015191078, 0.03024602960795164, 0.02707008458673954, 0.02222730964422226, 0.022209839895367622, 0.03170872572809458, 0.019763984717428684, 0.02270947676151991, 0.015827233903110027, 0.020077092573046684], "(3, 4, 2, 2)": [0.029767814092338085, 0.04047857038676739, 0.022753484547138214, 0.041082680225372314, 0.0423438735306263, 0.029786016792058945, 0.024416683241724968, 0.036985901184380054, 0.03970889560878277, 0.05764053948223591, 0.05120183899998665], "(3, 4, 2, 1)": [0.011723676696419716, 0.021898125298321247, 0.004754971247166395, 0.009313305839896202, 0.00586947426199913, 0.005572629161179066, 0.011147490236908197, 0.01079167379066348, 0.020461603067815304, 0.039607979357242584, 0.009671716019511223], "(3, 3, 2, 1)": [0.03213225770741701, 0.02093222364783287, 0.02585718873888254, 0.0199487442150712, 0.021114549599587917, 0.017766522243618965, 0.020889863837510347, 0.020618434064090252, 0.015838355757296085, 0.013087015831843019, 0.008129213936626911], "(3, 3, 1, 1)": [0.056024568155407906, 0.057778967544436455, 0.047183673828840256, 0.04649643227458, 0.038378141820430756, 0.052116723731160164, 0.045869166031479836, 0.03139497712254524, 0.03892636112868786, 0.047884777188301086, 0.040694352239370346], "(3, 2, 1, 1)": [0.038881221786141396, 0.03691711276769638, 0.03686973825097084, 0.028890663757920265, 0.042273808270692825, 0.029645261354744434, 0.035085953772068024, 0.014010952785611153, 0.03106832131743431, 0.03877933695912361, 0.0300399512052536], "(3, 8, 1, 2)": [0.06341142952442169, 0.014350947458297014, 0.009977503679692745, 0.022439074236899614, 0.019864369183778763, 0.022334085777401924, 0.029230006504803896, 0.023492513224482536, 0.028480402659624815, 0.01868547173216939, 0.026442135218530893], "(3, 7, 1, 1)": [0.02745609451085329, 0.006710420362651348, 0.03798496536910534, 0.020263776183128357, 0.017190625425428152, 0.026505219750106335, 0.03228536527603865, 0.02256773319095373, 0.04845713824033737, 0.046479444950819016, 0.022983359172940254], "(3, 6, 1, 1)": [0.02224513655528426, 0.013806005474179983, 0.024934064596891403, 0.043989600613713264, 0.02047943975776434, 0.01700692716985941, 0.02381284348666668, 0.026637770235538483, 0.022201390005648136, 0.026222440414130688, 0.02899548038840294], "(3, 6, 2, 2)": [0.03339367639273405, 0.035650426521897316, 0.041056226938962936, 0.04382950812578201, 0.04401529207825661, 0.05210692808032036, 0.04159844480454922, 0.05164310149848461, 0.05191571079194546, 0.04646408185362816, 0.05438186228275299], "(3, 6, 1, 2)": [0.002991562942042947, 0.0, 0.005089272744953632, 0.00631282152608037, 0.0, 0.0050922418013215065, 0.0, 0.0, 0.00640697730705142, 0.02518407255411148, 0.011296544224023819], "(3, 5, 1, 1)": [0.037213586270809174, 0.04538321495056152, 0.0639711245894432, 0.030935905873775482, 0.035707224160432816, 0.04914328083395958, 0.044341862201690674, 0.037694440223276615, 0.027357355691492558, 0.021720184944570065, 0.021630371920764446], "(3, 4, 1, 1)": [0.04266148805618286, 0.039071280509233475, 0.05443113297224045, 0.03464754857122898, 0.0644503440707922, 0.04435138963162899, 0.04921067878603935, 0.03930596075952053, 0.041210778057575226, 0.043822525069117546, 0.040092431008815765], "(2, 4, 1, 1)": [0.07992718368768692, 0.08496636897325516, 0.07702500745654106, 0.08636424690485, 0.08572893589735031, 0.07420630007982254, 0.08183325827121735, 0.07891824468970299, 0.08275528624653816, 0.07824051007628441, 0.09927183017134666], "(2, 3, 1, 1)": [0.05098717473447323, 0.059084728360176086, 0.04501653090119362, 0.05590861290693283, 0.059779489412903786, 0.05186129920184612, 0.05602932907640934, 0.051246775314211845, 0.05245860852301121, 0.048806849867105484, 0.04892081394791603], "(2, 2, 1, 1)": [0.026517121121287346, 0.014935667160898447, 0.026829938404262066, 0.02879836969077587, 0.015396125614643097, 0.024735059589147568, 0.028818857856094837, 0.023318377323448658, 0.022310114465653896, 0.03299251291900873, 0.026313292793929577], "(3, 3, 1, 2)": [0.0, 0.02196032926440239, 0.0, 0.015383877325803041, 0.0, 0.0028405552729964256, 0.0064192654099315405, 0.012272511143237352, 0.009706113487482071, 0.0, 0.0], "(2, 2, 2, 1)": [0.01949451584368944, 0.01674055214971304, 0.021909752395004034, 0.018272758461534977, 0.013869530754163861, 0.014838931150734425, 0.012957463972270489, 0.028573933988809586, 0.00800468772649765, 0.023934343829751015, 0.02647707611322403], "(2, 1, 1, 1)": [-0.017040050122886896, -0.016903864219784737, -0.0032318145968019962, -0.027176618576049805, -0.0073827707674354315, -0.013441828079521656, -0.0084991748444736, -0.013813944533467293, -0.014545898884534836, -0.011230313684791327, -0.009388170437887311], "(3, 7, 2, 2)": [0.04458991251885891, 0.05335826240479946, 0.05693231150507927, 0.05536818690598011, 0.05821781978011131, 0.04498584568500519, 0.05069090239703655, 0.051572734490036964, 0.051704227924346924, 0.07962054014205933, 0.053501712158322334], "(3, 8, 2, 2)": [0.0431015957146883, 0.04577264375984669, 0.05218402482569218, 0.0509488470852375, 0.05510960705578327, 0.06249459646642208, 0.0575693603605032, 0.05075395479798317, 0.04996311850845814, 0.04618483781814575, 0.048595964908599854], "(3, 8, 1, 1)": [0.02948085917159915, 0.050425391644239426, 0.03602655325084925, 0.0430986974388361, 0.040229227393865585, 0.0499423872679472, 0.04376007243990898, 0.048456478863954544, 0.04725690558552742, 0.05812438763678074, 0.04067624919116497], "(3, 9, 2, 2)": [0.03464760538190603, 0.03307862859219313, 0.020142710767686367, 0.024092583917081356, 0.0322073744609952, 0.01973567227832973, 0.042547063902020454, 0.02770663984119892, 0.032638905569911, 0.026027893647551537, 0.027869584038853645],