{"q_values": {"(1, 6, 1, 1)": [0.010157859883994464, 0.007597827052880612, 0.006861757599266753, 0.006353354964225456, 0.0058622919997892405], "(1, 5, 1, 1)": [0.018765332174735146, 0.01866884195773403, 0.01845915145391766, 0.01826582718652519, 0.018343220066283084], "(1, 4, 1, 1)": [0.019846535420696587, 0.019834631042854402, 0.019815350493439094, 0.019794942761879524, 0.019762753056703743], "(1, 1, 1, 1)": [0.006412227238552983, 0.008830387110410485, 0.0069537278370110115, 0.009385163609832105, 0.009219236234044638], "(2, 6, 1, 1)": [0.00646892803506788, 0.006517116098190272, 0.005264164549206082, 0.0032966244402472308, 0.0031227379652156747], "(2, 5, 1, 1)": [0.01864581827699287, 0.018392222615483365, 0.018412489528787095, 0.018221532644454513, 0.01818330295658391], "(2, 1, 1, 1)": [0.00632886673599201, 0.0059707433818486436, 0.008671515586315244, 0.009100618481724576, 0.010206054179735056], "(2, 2, 1, 1)": [0.018281054631348076, 0.018499124250606017, 0.01853207559836175, 0.018799978036417753, 0.01880307563322536], "(2, 4, 1, 1)": [0.019792263613745607, 0.019749106258095218, 0.019779891841790184, 0.01972666512186559, 0.019723964797899132], "(2, 3, 1, 1)": [0.01974082688384348, 0.019791059056322276, 0.019801605791828054, 0.01982534957092931, 0.019829202791794637], "(1, 3, 1, 1)": [0.01968563799509107, 0.019694900352309603, 0.019747489430201194, 0.019758799839981866, 0.01975893813973878], "(1, 2, 1, 1)": [0.01808410773346706, 0.018116221862300982, 0.018170769300204063, 0.01852637625426903, 0.018567581064468566]}, "n_values": {"(1, 6, 1, 1)": [184.0, 93.0, 109.0, 103.0, 108.0], "(1, 5, 1, 1)": [392.0, 268.0, 267.0, 278.0, 282.0], "(1, 4, 1, 1)": [573.0, 479.0, 472.0, 464.0, 472.0], "(1, 1, 1, 1)": [199.0, 201.0, 188.0, 278.0, 279.0], "(2, 6, 1, 1)": [120.0, 236.0, 119.0, 132.0, 140.0], "(2, 5, 1, 1)": [585.0, 422.0, 391.0, 391.0, 388.0], "(2, 1, 1, 1)": [206.0, 202.0, 186.0, 201.0, 337.0], "(2, 2, 1, 1)": [469.0, 480.0, 468.0, 467.0, 534.0], "(2, 4, 1, 1)": [694.0, 672.0, 638.0, 633.0, 647.0], "(2, 3, 1, 1)": [602.0, 579.0, 586.0, 615.0, 614.0], "(1, 2, 1, 1)": [504.0, 491.0, 503.0, 578.0, 592.0], "(1, 3, 1, 1)": [593.0, 578.0, 573.0, 603.0, 646.0]}}