{"q_values": {"(1, 6, 1, 1)": [0.010382489942082613, 0.0074601502523878056, 0.00648360428183163, 0.006212346301624888, 0.005778704296114938], "(1, 5, 1, 1)": [0.018724941765671826, 0.018610438289411498, 0.018393020721359243, 0.018272822879236764, 0.018303803234747184], "(1, 4, 1, 1)": [0.019850763070972863, 0.01983644837541753, 0.019815547757772382, 0.01979267655547318, 0.019758339047137172], "(1, 1, 1, 1)": [0.006589450433248732, 0.008693252557468717, 0.006858733769354785, 0.009396767983259124, 0.009299855239515984], "(2, 6, 1, 1)": [0.006183343581568323, 0.00631300410916939, 0.0048324539038694094, 0.0029447411023609507, 0.0029820149135785217], "(2, 5, 1, 1)": [0.018604618409607636, 0.01836392996453429, 0.018342506771706936, 0.018225055618198382, 0.01820724345858031], "(2, 1, 1, 1)": [0.0063291401445704654, 0.006338648361475676, 0.008959030071380754, 0.009338957330542042, 0.0100457039466922], "(2, 2, 1, 1)": [0.01824441153553571, 0.01849954013400409, 0.018514591438849485, 0.01880477592028144, 0.01882336583883473], "(2, 4, 1, 1)": [0.019795659184597327, 0.0197428178480598, 0.019776833045796267, 0.019718035505605268, 0.01972181723562114], "(2, 3, 1, 1)": [0.019744456087513358, 0.019793597909135006, 0.019795658235775802, 0.01982335477615434, 0.019826396167159206], "(1, 3, 1, 1)": [0.019681931547795982, 0.019698176816054208, 0.01974540065826287, 0.019759126924390982, 0.019761290986787874], "(1, 2, 1, 1)": [0.01809025316594856, 0.018075802379261912, 0.018215392002650665, 0.018488903105694274, 0.018516833977510305]}, "n_values": {"(1, 6, 1, 1)": [164.0, 86.0, 103.0, 95.0, 103.0], "(1, 5, 1, 1)": [340.0, 237.0, 241.0, 242.0, 248.0], "(1, 4, 1, 1)": [501.0, 419.0, 413.0, 407.0, 410.0], "(1, 1, 1, 1)": [187.0, 195.0, 179.0, 254.0, 265.0], "(2, 6, 1, 1)": [117.0, 209.0, 115.0, 127.0, 130.0], "(2, 5, 1, 1)": [518.0, 378.0, 356.0, 351.0, 352.0], "(2, 1, 1, 1)": [200.0, 194.0, 183.0, 195.0, 313.0], "(2, 2, 1, 1)": [436.0, 445.0, 433.0, 435.0, 479.0], "(2, 4, 1, 1)": [623.0, 615.0, 579.0, 571.0, 588.0], "(2, 3, 1, 1)": [545.0, 525.0, 532.0, 559.0, 552.0], "(1, 2, 1, 1)": [461.0, 440.0, 458.0, 538.0, 516.0], "(1, 3, 1, 1)": [526.0, 511.0, 505.0, 532.0, 570.0]}}