{"q_values": {"(1, 6, 1, 1)": [0.011923778466647642, 0.008743876786270376, 0.008183503222010108, 0.006963090570283205, 0.007081778420364426], "(1, 5, 1, 1)": [0.018909357728794866, 0.018853265718875654, 0.018697216726400404, 0.01852431107363727, 0.018529792623812224], "(1, 4, 1, 1)": [0.01984704803421241, 0.019830586014127287, 0.019805036382178086, 0.019786754792604354, 0.019762847577833406], "(1, 1, 1, 1)": [0.006681329749261649, 0.009407133088048822, 0.007175234738134903, 0.010634554197667128, 0.009717539072129891], "(2, 6, 1, 1)": [0.0075323785909755595, 0.008058987973777895, 0.00634873553016028, 0.004146838454270867, 0.004298476592629424], "(2, 5, 1, 1)": [0.018812753407797728, 0.01859926001179908, 0.01856612105830411, 0.018477805047859407, 0.018379479606732516], "(2, 1, 1, 1)": [0.006836172663235454, 0.00782085414686992, 0.009928681755878308, 0.010447203977599257, 0.01166990345731794], "(2, 2, 1, 1)": [0.01836574533789646, 0.018493080334742045, 0.018627501516813198, 0.01889631756728821, 0.01886504486253264], "(2, 4, 1, 1)": [0.019783898457353465, 0.019775681421576954, 0.01974867530279248, 0.01975415779590779, 0.01966323428607862], "(2, 3, 1, 1)": [0.019742280913926723, 0.019778931373498464, 0.01979872995263223, 0.019818887101583756, 0.019834911750785177], "(1, 3, 1, 1)": [0.01969874545233505, 0.01967089770167337, 0.019757255602902993, 0.019758719717544063, 0.019759034949474324], "(1, 2, 1, 1)": [0.018224750815890818, 0.01832055397348015, 0.018409978023901416, 0.01866485867377049, 0.018756013398571615]}, "n_values": {"(1, 6, 1, 1)": [302.0, 116.0, 137.0, 126.0, 129.0], "(1, 5, 1, 1)": [722.0, 463.0, 478.0, 465.0, 469.0], "(1, 4, 1, 1)": [1012.0, 817.0, 821.0, 828.0, 815.0], "(1, 1, 1, 1)": [225.0, 232.0, 209.0, 394.0, 308.0], "(2, 6, 1, 1)": [136.0, 318.0, 149.0, 150.0, 160.0], "(2, 5, 1, 1)": [1091.0, 594.0, 568.0, 591.0, 558.0], "(2, 1, 1, 1)": [284.0, 276.0, 250.0, 275.0, 616.0], "(2, 2, 1, 1)": [780.0, 815.0, 794.0, 933.0, 867.0], "(2, 4, 1, 1)": [1263.0, 1164.0, 1138.0, 1135.0, 1145.0], "(2, 3, 1, 1)": [1082.0, 1048.0, 1056.0, 1086.0, 1145.0], "(1, 2, 1, 1)": [757.0, 707.0, 719.0, 819.0, 1094.0], "(1, 3, 1, 1)": [1023.0, 984.0, 990.0, 1038.0, 1109.0]}}