{"q_values": {"(1, 6, 1, 1)": [0.010831824945489269, 0.008277180678952556, 0.007355197858326678, 0.00657119021222665, 0.006696198193027102], "(1, 5, 1, 1)": [0.01881379959458972, 0.01874603780202668, 0.018571108545669224, 0.01837077825286203, 0.01844870864070248], "(1, 4, 1, 1)": [0.01984524232679727, 0.01982346977989315, 0.019808180702511738, 0.01978623386285088, 0.019757841222586642], "(1, 1, 1, 1)": [0.006411860074583893, 0.00879740609262091, 0.007246714824821969, 0.009622073054853547, 0.00928058867207321], "(2, 6, 1, 1)": [0.007005349441478365, 0.0074187096560603474, 0.005881120101719036, 0.0036811012862045657, 0.003817669867772478], "(2, 5, 1, 1)": [0.01867495295548125, 0.018464152722054483, 0.018491636830560286, 0.018318633502361462, 0.018240095625068606], "(2, 1, 1, 1)": [0.006802920353412604, 0.006623483757615144, 0.00919822859964611, 0.009347891592617116, 0.010719677802682402], "(2, 2, 1, 1)": [0.01830797955299899, 0.018496249771513294, 0.018574562374739156, 0.018836394564925696, 0.01881882791896786], "(2, 4, 1, 1)": [0.019790687767171248, 0.019755076056148325, 0.019782591588395033, 0.01973146539832086, 0.0197269454798204], "(2, 3, 1, 1)": [0.01974547374351077, 0.019784644098465046, 0.01980065746143881, 0.019824765569845342, 0.019831058184692142], "(1, 3, 1, 1)": [0.019690814387167938, 0.019707376226203145, 0.019752083258321326, 0.01975890704185059, 0.019759187144299424], "(1, 2, 1, 1)": [0.018088663075916427, 0.018215721058075285, 0.01825320215450463, 0.018594019599655582, 0.018649592353090022]}, "n_values": {"(1, 6, 1, 1)": [229.0, 105.0, 122.0, 116.0, 119.0], "(1, 5, 1, 1)": [499.0, 342.0, 341.0, 352.0, 359.0], "(1, 4, 1, 1)": [709.0, 587.0, 585.0, 583.0, 582.0], "(1, 1, 1, 1)": [210.0, 213.0, 199.0, 323.0, 292.0], "(2, 6, 1, 1)": [128.0, 269.0, 134.0, 139.0, 151.0], "(2, 5, 1, 1)": [721.0, 478.0, 451.0, 457.0, 446.0], "(2, 1, 1, 1)": [233.0, 223.0, 205.0, 220.0, 410.0], "(2, 2, 1, 1)": [553.0, 566.0, 553.0, 580.0, 620.0], "(2, 4, 1, 1)": [845.0, 801.0, 772.0, 767.0, 777.0], "(2, 3, 1, 1)": [726.0, 705.0, 706.0, 734.0, 753.0], "(1, 2, 1, 1)": [599.0, 570.0, 583.0, 658.0, 745.0], "(1, 3, 1, 1)": [726.0, 705.0, 704.0, 739.0, 787.0]}}