{"q_values": {"(1, 6, 1, 1)": [0.010434210586545664, 0.006863883593651203, 0.00534144111008832, 0.0056498707271644315, 0.0052211385681280266], "(1, 5, 1, 1)": [0.01869947703071277, 0.018583169445397466, 0.01842669796064236, 0.018209278346121873, 0.018248648783612997], "(1, 4, 1, 1)": [0.019857582705290495, 0.01983647089061761, 0.01981471496712396, 0.019794607486668846, 0.019766898152911255], "(1, 1, 1, 1)": [0.006313944677900127, 0.00833749836873348, 0.0066452987214004585, 0.009235336890532086, 0.009108197041367951], "(2, 6, 1, 1)": [0.005190873242709495, 0.005452509748617576, 0.004148084302105412, 0.0024650481319735983, 0.0024057282830219576], "(2, 5, 1, 1)": [0.018583789174196966, 0.018284003382804934, 0.018274456923437068, 0.018123862319366156, 0.018177574234574684], "(2, 1, 1, 1)": [0.0061829805689, 0.006299216664418057, 0.008945427436545422, 0.00906658243653757, 0.009989558472376021], "(2, 2, 1, 1)": [0.01817624219051144, 0.018473473719298604, 0.01855939599955661, 0.018781893110485115, 0.01878417736368386], "(2, 4, 1, 1)": [0.019809661955517286, 0.019738176293680774, 0.019771525151081562, 0.01975324605384198, 0.019725228251968305], "(2, 3, 1, 1)": [0.01975158324812555, 0.019787945578247132, 0.019797763181217887, 0.01982416781612901, 0.019821851998827147], "(1, 3, 1, 1)": [0.01968045697462427, 0.01971092003056503, 0.019742483543876303, 0.01976020552161895, 0.01976137278967139], "(1, 2, 1, 1)": [0.01804364398530899, 0.018030664587584472, 0.018195665316255397, 0.01844618390661251, 0.01846715102822161]}, "n_values": {"(1, 6, 1, 1)": [141.0, 81.0, 90.0, 85.0, 95.0], "(1, 5, 1, 1)": [286.0, 206.0, 212.0, 210.0, 208.0], "(1, 4, 1, 1)": [438.0, 367.0, 359.0, 353.0, 359.0], "(1, 1, 1, 1)": [176.0, 185.0, 168.0, 227.0, 254.0], "(2, 6, 1, 1)": [106.0, 188.0, 106.0, 116.0, 121.0], "(2, 5, 1, 1)": [449.0, 336.0, 318.0, 310.0, 317.0], "(2, 1, 1, 1)": [191.0, 183.0, 171.0, 183.0, 288.0], "(2, 2, 1, 1)": [390.0, 406.0, 398.0, 387.0, 421.0], "(2, 4, 1, 1)": [546.0, 547.0, 512.0, 505.0, 520.0], "(2, 3, 1, 1)": [484.0, 463.0, 470.0, 494.0, 487.0], "(1, 2, 1, 1)": [412.0, 397.0, 407.0, 491.0, 443.0], "(1, 3, 1, 1)": [465.0, 451.0, 442.0, 469.0, 497.0]}}