{"q_values": {"(1, 6, 1, 1)": [0.011586541876232117, 0.008596613264248586, 0.007976493651417367, 0.006943218222398702, 0.006838542163426855], "(1, 5, 1, 1)": [0.018872758130677066, 0.018817595878662767, 0.01866703938601652, 0.01848797642414404, 0.018506128519489757], "(1, 4, 1, 1)": [0.019847798447732816, 0.019829987143169893, 0.01980510761635493, 0.019785580258550057, 0.0197639430739348], "(1, 1, 1, 1)": [0.006641703970074364, 0.009237988234476824, 0.007165314826648716, 0.010196698777660771, 0.009617483017153698], "(2, 6, 1, 1)": [0.007458375590529606, 0.008070875821763758, 0.006190288474811067, 0.00410599832238119, 0.004154716448240759], "(2, 5, 1, 1)": [0.01876076158110989, 0.01855020618582276, 0.01856305194155552, 0.018420281374082602, 0.01834356567472071], "(2, 1, 1, 1)": [0.006846101709557219, 0.007536298902440964, 0.00984676905730231, 0.010177936040704185, 0.011495290841772697], "(2, 2, 1, 1)": [0.018354924307669048, 0.018446152473508722, 0.01859131822470215, 0.018875829990112062, 0.01885058727419224], "(2, 4, 1, 1)": [0.01979034468885547, 0.019770863089273377, 0.019782447706032474, 0.019749923398364178, 0.019650956683090928], "(2, 3, 1, 1)": [0.019745062062506164, 0.01978067289042839, 0.019799632703264753, 0.019823316714821616, 0.019834022035830498], "(1, 3, 1, 1)": [0.019695241514506842, 0.019670031332713875, 0.01975755656155382, 0.019758411876147044, 0.019758746618608117], "(1, 2, 1, 1)": [0.01817976188919433, 0.018295619926773345, 0.018363882419099756, 0.018637270741413463, 0.018720831310354027]}, "n_values": {"(1, 6, 1, 1)": [273.0, 113.0, 134.0, 122.0, 126.0], "(1, 5, 1, 1)": [634.0, 418.0, 427.0, 422.0, 426.0], "(1, 4, 1, 1)": [893.0, 727.0, 733.0, 734.0, 730.0], "(1, 1, 1, 1)": [220.0, 227.0, 205.0, 366.0, 304.0], "(2, 6, 1, 1)": [135.0, 305.0, 146.0, 148.0, 158.0], "(2, 5, 1, 1)": [942.0, 555.0, 531.0, 545.0, 519.0], "(2, 1, 1, 1)": [273.0, 265.0, 236.0, 260.0, 556.0], "(2, 2, 1, 1)": [705.0, 716.0, 708.0, 793.0, 776.0], "(2, 4, 1, 1)": [1095.0, 1022.0, 990.0, 989.0, 1000.0], "(2, 3, 1, 1)": [947.0, 914.0, 921.0, 950.0, 993.0], "(1, 2, 1, 1)": [699.0, 659.0, 671.0, 764.0, 961.0], "(1, 3, 1, 1)": [907.0, 876.0, 885.0, 924.0, 981.0]}}