{"q_values": {"(1, 6, 1, 1)": [0.011220815194048816, 0.008171517070190133, 0.007600985798726469, 0.006816378687941374, 0.006788771610197244], "(1, 5, 1, 1)": [0.01883227826269127, 0.018771476157323174, 0.01860691503835431, 0.018412622955024136, 0.018491694508244894], "(1, 4, 1, 1)": [0.019846022363314817, 0.019823888968413195, 0.01980887658264185, 0.019787449323679925, 0.01975883177636622], "(1, 1, 1, 1)": [0.006281827425603799, 0.008997325416927831, 0.00700941815496821, 0.009866778986726324, 0.009370865154636462], "(2, 6, 1, 1)": [0.00731269038177668, 0.007734868982896246, 0.005788801158023886, 0.003966955620955493, 0.003958152014636698], "(2, 5, 1, 1)": [0.018712834551671786, 0.01851242983034579, 0.018519001441184728, 0.018369727666066635, 0.018289232332681104], "(2, 1, 1, 1)": [0.006905284752920775, 0.006966157826623113, 0.009484946468383151, 0.009613150918307728, 0.011029420880594236], "(2, 2, 1, 1)": [0.01831688646479461, 0.018472202238502676, 0.01859331542558299, 0.018856871131041508, 0.018833872233923712], "(2, 4, 1, 1)": [0.019788727608787984, 0.019762563759404505, 0.019782342500526646, 0.019740337886852043, 0.019729279124050484], "(2, 3, 1, 1)": [0.01974790331097414, 0.019787964483135523, 0.01980299078191957, 0.019825940326034498, 0.01983327752133531], "(1, 3, 1, 1)": [0.0196904856893487, 0.019660495852386613, 0.019753078739152885, 0.01976096091807722, 0.01976085342284475], "(1, 2, 1, 1)": [0.018117710990536832, 0.018244181920434102, 0.018300925544146217, 0.01859207474459189, 0.018678430923932027]}, "n_values": {"(1, 6, 1, 1)": [244.0, 108.0, 127.0, 119.0, 120.0], "(1, 5, 1, 1)": [541.0, 363.0, 369.0, 376.0, 383.0], "(1, 4, 1, 1)": [768.0, 635.0, 633.0, 633.0, 631.0], "(1, 1, 1, 1)": [212.0, 218.0, 202.0, 342.0, 295.0], "(2, 6, 1, 1)": [132.0, 280.0, 138.0, 142.0, 153.0], "(2, 5, 1, 1)": [797.0, 512.0, 483.0, 494.0, 472.0], "(2, 1, 1, 1)": [257.0, 237.0, 215.0, 231.0, 461.0], "(2, 2, 1, 1)": [613.0, 622.0, 610.0, 658.0, 678.0], "(2, 4, 1, 1)": [933.0, 881.0, 855.0, 847.0, 857.0], "(2, 3, 1, 1)": [805.0, 781.0, 782.0, 810.0, 838.0], "(1, 2, 1, 1)": [637.0, 605.0, 615.0, 696.0, 816.0], "(1, 3, 1, 1)": [784.0, 761.0, 759.0, 795.0, 851.0]}}