{"q_values": {"(1, 6, 1, 1)": [0.010455494672716035, 0.00810667894182703, 0.00751065938978938, 0.006362113778287692, 0.006293420648546743], "(1, 5, 1, 1)": [0.018787674016626094, 0.018726925935326395, 0.01853233312743567, 0.01834562909554433, 0.018394343395332847], "(1, 4, 1, 1)": [0.019846573543260197, 0.019823449644486926, 0.01980422065393029, 0.019789805961921352, 0.019757617986285354], "(1, 1, 1, 1)": [0.006274176240647614, 0.008698718653989196, 0.007087796213137223, 0.009501054195954123, 0.009285829003347639], "(2, 6, 1, 1)": [0.006833260256982493, 0.006851488515276342, 0.0058050046634314, 0.003579509844191746, 0.0037077990855598534], "(2, 5, 1, 1)": [0.018668009630317752, 0.018432718460029997, 0.018457013272435492, 0.018265118762114455, 0.018223161388450503], "(2, 1, 1, 1)": [0.006667024132228266, 0.00638752338738625, 0.008978961275204228, 0.009110222608234743, 0.01057486377781381], "(2, 2, 1, 1)": [0.018317325982842143, 0.0185016360352521, 0.018547556498638828, 0.018818375962859603, 0.018807586707049115], "(2, 4, 1, 1)": [0.019790428631361046, 0.019752924024711706, 0.019783113667308054, 0.01972851890843218, 0.019727692020202702], "(2, 3, 1, 1)": [0.019744395669727504, 0.019786953886330845, 0.01980169892547639, 0.019827001911535712, 0.019831891533956394], "(1, 3, 1, 1)": [0.019691397597283597, 0.01969920935947515, 0.019751139952148136, 0.019759131503735625, 0.0197625620540305], "(1, 2, 1, 1)": [0.018139536324125762, 0.018180127598862977, 0.01822190976181701, 0.018558116244619803, 0.018608335874483236]}, "n_values": {"(1, 6, 1, 1)": [210.0, 100.0, 118.0, 112.0, 114.0], "(1, 5, 1, 1)": [455.0, 313.0, 311.0, 322.0, 327.0], "(1, 4, 1, 1)": [646.0, 541.0, 535.0, 530.0, 534.0], "(1, 1, 1, 1)": [205.0, 207.0, 193.0, 303.0, 285.0], "(2, 6, 1, 1)": [126.0, 253.0, 125.0, 138.0, 149.0], "(2, 5, 1, 1)": [649.0, 448.0, 418.0, 418.0, 417.0], "(2, 1, 1, 1)": [217.0, 211.0, 194.0, 206.0, 365.0], "(2, 2, 1, 1)": [504.0, 514.0, 504.0, 517.0, 574.0], "(2, 4, 1, 1)": [765.0, 734.0, 702.0, 696.0, 708.0], "(2, 3, 1, 1)": [658.0, 638.0, 645.0, 671.0, 679.0], "(1, 2, 1, 1)": [553.0, 534.0, 547.0, 614.0, 667.0], "(1, 3, 1, 1)": [660.0, 644.0, 646.0, 670.0, 722.0]}}