{"q_values": {"(1, 6, 1, 1)": [0.012037406148065925, 0.008743876786270376, 0.008249334903222877, 0.007052847069842979, 0.007081778420364426], "(1, 5, 1, 1)": [0.01892208992485706, 0.018859594000236478, 0.018713725926243305, 0.018545165908178753, 0.01854673489126704], "(1, 4, 1, 1)": [0.019845772054292356, 0.019830391595679966, 0.01980612652150661, 0.019784120499760333, 0.019760288203945583], "(1, 1, 1, 1)": [0.0067295044227712, 0.00937754835768242, 0.0071819312685775, 0.010753177446857977, 0.009794935750502002], "(2, 6, 1, 1)": [0.0076781239869236914, 0.008226668959699139, 0.006423666372955245, 0.004322498923927308, 0.00413500207273044], "(2, 5, 1, 1)": [0.018829814690874656, 0.0186212091054208, 0.01859123193065023, 0.018497287444177102, 0.01839961589788632], "(2, 1, 1, 1)": [0.006805908124439343, 0.00789204860939816, 0.010001884053814192, 0.010514109720490532, 0.011957675001193928], "(2, 2, 1, 1)": [0.018381627174611018, 0.018508420569003044, 0.018629552701900122, 0.018908674594203312, 0.01885564316723364], "(2, 4, 1, 1)": [0.019783517469181996, 0.019780358956039974, 0.01975316105294567, 0.019751276432484397, 0.01966826065677937], "(2, 3, 1, 1)": [0.019737571276200187, 0.019778465712862497, 0.019799474032923352, 0.01981759611983967, 0.019835063751847744], "(1, 3, 1, 1)": [0.01969632558104483, 0.01967464870186875, 0.01975773885102773, 0.01975632225883427, 0.019758689491877306], "(1, 2, 1, 1)": [0.018239065765655874, 0.018335155558125482, 0.018379588931544906, 0.018677906678461077, 0.01876307552506677]}, "n_values": {"(1, 6, 1, 1)": [308.0, 116.0, 138.0, 127.0, 129.0], "(1, 5, 1, 1)": [761.0, 476.0, 492.0, 479.0, 486.0], "(1, 4, 1, 1)": [1078.0, 864.0, 866.0, 872.0, 858.0], "(1, 1, 1, 1)": [226.0, 236.0, 213.0, 407.0, 311.0], "(2, 6, 1, 1)": [139.0, 327.0, 150.0, 152.0, 161.0], "(2, 5, 1, 1)": [1165.0, 613.0, 590.0, 616.0, 574.0], "(2, 1, 1, 1)": [290.0, 278.0, 255.0, 280.0, 659.0], "(2, 2, 1, 1)": [823.0, 854.0, 839.0, 1009.0, 914.0], "(2, 4, 1, 1)": [1349.0, 1242.0, 1214.0, 1209.0, 1221.0], "(2, 3, 1, 1)": [1158.0, 1124.0, 1127.0, 1162.0, 1229.0], "(1, 2, 1, 1)": [782.0, 722.0, 744.0, 838.0, 1170.0], "(1, 3, 1, 1)": [1088.0, 1045.0, 1043.0, 1105.0, 1180.0]}}