{"q_values": {"(1, 6, 1, 1)": [0.013025277468864496, 0.008962641101342934, 0.008510156208227367, 0.007521173406963635, 0.007232977295923033], "(1, 5, 1, 1)": [0.01902110341416509, 0.018932009665054417, 0.018764290542156805, 0.0186477234762551, 0.018640440026280857], "(1, 4, 1, 1)": [0.019851499815802538, 0.01982793182100039, 0.01980864468590386, 0.019784298582697823, 0.019767612742346386], "(1, 1, 1, 1)": [0.0065805526031066305, 0.009415896206891101, 0.007372907218101041, 0.011363960502614174, 0.009973364385727233], "(2, 6, 1, 1)": [0.007960034014376808, 0.009337212585214713, 0.006641005424598341, 0.004582663547798103, 0.004459822418708982], "(2, 5, 1, 1)": [0.018958988900690484, 0.018734038270895058, 0.01870444373493535, 0.018604800402339708, 0.018504850216776277], "(2, 1, 1, 1)": [0.007179237900369628, 0.008152502573151723, 0.01027381731942973, 0.01072135922522556, 0.012709566672441209], "(2, 2, 1, 1)": [0.01847502507132093, 0.018583032995257782, 0.018621621910923186, 0.01897642029726602, 0.018897709612360727], "(2, 4, 1, 1)": [0.019786340208695803, 0.01978626861405694, 0.019772872552538512, 0.0197640008562951, 0.01965542283766551], "(2, 3, 1, 1)": [0.019718146985313358, 0.019782452586394415, 0.019803882553246218, 0.019821197926108907, 0.019842955396940472], "(1, 3, 1, 1)": [0.019712880679980817, 0.019700308084691406, 0.01975673096152924, 0.019764758525806343, 0.01976452985322812], "(1, 2, 1, 1)": [0.018355193391348033, 0.018450461236837915, 0.01849878458394667, 0.01875975102631671, 0.018856736802163435]}, "n_values": {"(1, 6, 1, 1)": [380.0, 119.0, 142.0, 133.0, 133.0], "(1, 5, 1, 1)": [1221.0, 593.0, 622.0, 607.0, 618.0], "(1, 4, 1, 1)": [1731.0, 1349.0, 1335.0, 1355.0, 1328.0], "(1, 1, 1, 1)": [233.0, 244.0, 217.0, 471.0, 318.0], "(2, 6, 1, 1)": [143.0, 372.0, 153.0, 155.0, 165.0], "(2, 5, 1, 1)": [1811.0, 734.0, 702.0, 733.0, 682.0], "(2, 1, 1, 1)": [310.0, 292.0, 278.0, 294.0, 817.0], "(2, 2, 1, 1)": [1024.0, 1057.0, 1035.0, 1562.0, 1124.0], "(2, 4, 1, 1)": [2069.0, 1886.0, 1829.0, 1818.0, 1837.0], "(2, 3, 1, 1)": [1732.0, 1689.0, 1704.0, 1727.0, 1941.0], "(1, 2, 1, 1)": [939.0, 876.0, 879.0, 978.0, 1830.0], "(1, 3, 1, 1)": [1636.0, 1598.0, 1616.0, 1727.0, 1820.0]}}