{"q_values": {"(1, 6, 1, 1)": [0.012381738709775632, 0.008743876786270376, 0.008446769263801886, 0.007213006142621767, 0.007086900083683414], "(1, 5, 1, 1)": [0.018957683018516, 0.018896033002217028, 0.01873356554905492, 0.018588264482916162, 0.018590784619766796], "(1, 4, 1, 1)": [0.019848771139889112, 0.019829294535166627, 0.019808749593141262, 0.019789545563673704, 0.019766228129762628], "(1, 1, 1, 1)": [0.006565767844236321, 0.009316571632367383, 0.007277136802914248, 0.01092067590207841, 0.009871488181696123], "(2, 6, 1, 1)": [0.007822509305690164, 0.00865591823916225, 0.006569073771251256, 0.004582663547798103, 0.00413500207273044], "(2, 5, 1, 1)": [0.018881794346244096, 0.01868284412857892, 0.01864913322891841, 0.01855333986174872, 0.01846063999319023], "(2, 1, 1, 1)": [0.007003906656676855, 0.008054548448540954, 0.010061897889524447, 0.010574781466823441, 0.01228384619708676], "(2, 2, 1, 1)": [0.01843295967374103, 0.018551217720800726, 0.018599853124668376, 0.018936010825320163, 0.01887557704706671], "(2, 4, 1, 1)": [0.01978231354994543, 0.019782245736493755, 0.0197608841150599, 0.019755606788356764, 0.01965360224642147], "(2, 3, 1, 1)": [0.019738051506573238, 0.019778441600202132, 0.01980192283074114, 0.019821988684602998, 0.019839284643309515], "(1, 3, 1, 1)": [0.019699587978225793, 0.01968810080972092, 0.019743086125699517, 0.019759864823004257, 0.01976059495239802], "(1, 2, 1, 1)": [0.01831150706111922, 0.018401429872150862, 0.018439423335220195, 0.01871838100615711, 0.018795605000589126]}, "n_values": {"(1, 6, 1, 1)": [333.0, 116.0, 141.0, 129.0, 131.0], "(1, 5, 1, 1)": [919.0, 532.0, 548.0, 537.0, 547.0], "(1, 4, 1, 1)": [1304.0, 1034.0, 1036.0, 1046.0, 1024.0], "(1, 1, 1, 1)": [229.0, 241.0, 215.0, 434.0, 314.0], "(2, 6, 1, 1)": [141.0, 343.0, 152.0, 155.0, 161.0], "(2, 5, 1, 1)": [1384.0, 676.0, 646.0, 670.0, 629.0], "(2, 1, 1, 1)": [301.0, 287.0, 265.0, 288.0, 726.0], "(2, 2, 1, 1)": [908.0, 946.0, 927.0, 1193.0, 1002.0], "(2, 4, 1, 1)": [1591.0, 1456.0, 1424.0, 1425.0, 1432.0], "(2, 3, 1, 1)": [1354.0, 1314.0, 1326.0, 1357.0, 1467.0], "(1, 2, 1, 1)": [869.0, 803.0, 812.0, 912.0, 1404.0], "(1, 3, 1, 1)": [1287.0, 1240.0, 1262.0, 1312.0, 1407.0]}}