{"q_values": {"(1, 6, 1, 1)": [0.012907262677443965, 0.0088915792175297, 0.008510156208227367, 0.007443424462320189, 0.007232977295923033], "(1, 5, 1, 1)": [0.019000952954308294, 0.018927013957195274, 0.018750843693143053, 0.01863378932120029, 0.018630957258021465], "(1, 4, 1, 1)": [0.019850864469033898, 0.01982815776393533, 0.019808858255535158, 0.019779797472160226, 0.019764988554838412], "(1, 1, 1, 1)": [0.0065805526031066305, 0.009415896206891101, 0.007372907218101041, 0.011222205355233073, 0.009948418378584794], "(2, 6, 1, 1)": [0.007960034014376808, 0.009161023234774239, 0.006641005424598341, 0.004582663547798103, 0.004459822418708982], "(2, 5, 1, 1)": [0.01893597224925798, 0.018720013905542312, 0.01869395640650559, 0.018588221475903697, 0.01849576892891484], "(2, 1, 1, 1)": [0.007179237900369628, 0.00808783420190265, 0.010284799132653654, 0.010623324309545762, 0.012544310656646079], "(2, 2, 1, 1)": [0.01846145019865883, 0.018573506094925328, 0.018611820472879733, 0.01896735086781387, 0.018888538123834137], "(2, 4, 1, 1)": [0.01978566806119413, 0.019785417891817564, 0.01977105764434246, 0.01976176485224041, 0.01964692142425677], "(2, 3, 1, 1)": [0.019738336573190005, 0.019784000901336148, 0.01980335780517092, 0.019822028848559776, 0.019842129130299726], "(1, 3, 1, 1)": [0.019706956710941387, 0.01969319584855865, 0.019753355148215388, 0.019762923609124915, 0.019762777323737983], "(1, 2, 1, 1)": [0.01834685091678594, 0.01843456855856583, 0.018483471033642666, 0.01874760845201778, 0.018843628776756705]}, "n_values": {"(1, 6, 1, 1)": [370.0, 118.0, 142.0, 132.0, 133.0], "(1, 5, 1, 1)": [1116.0, 584.0, 607.0, 590.0, 605.0], "(1, 4, 1, 1)": [1588.0, 1239.0, 1230.0, 1246.0, 1222.0], "(1, 1, 1, 1)": [233.0, 244.0, 217.0, 460.0, 317.0], "(2, 6, 1, 1)": [143.0, 364.0, 153.0, 155.0, 165.0], "(2, 5, 1, 1)": [1674.0, 719.0, 692.0, 716.0, 666.0], "(2, 1, 1, 1)": [310.0, 288.0, 273.0, 290.0, 786.0], "(2, 2, 1, 1)": [993.0, 1022.0, 1002.0, 1447.0, 1088.0], "(2, 4, 1, 1)": [1912.0, 1751.0, 1700.0, 1690.0, 1708.0], "(2, 3, 1, 1)": [1616.0, 1569.0, 1580.0, 1609.0, 1787.0], "(1, 2, 1, 1)": [921.0, 855.0, 860.0, 960.0, 1694.0], "(1, 3, 1, 1)": [1522.0, 1482.0, 1501.0, 1589.0, 1686.0]}}