{"q_values": {"(1, 6, 1, 1)": [0.01216275281328102, 0.008743876786270376, 0.008382498902177635, 0.007213006142621767, 0.007086900083683414], "(1, 5, 1, 1)": [0.018935351118187168, 0.01887312731076848, 0.01872805208873581, 0.01854077036154507, 0.0185534165396992], "(1, 4, 1, 1)": [0.01984732498685196, 0.019828488548710596, 0.01980556664349456, 0.01978578580754217, 0.019762487380907485], "(1, 1, 1, 1)": [0.006731742972057041, 0.009281566565958651, 0.0071819312685775, 0.010823583877872326, 0.009794935750502002], "(2, 6, 1, 1)": [0.0076781239869236914, 0.00839122480071012, 0.006569073771251256, 0.004498413533787455, 0.00413500207273044], "(2, 5, 1, 1)": [0.018849942937496, 0.01864178436730014, 0.01862028630101759, 0.018519029488906713, 0.018415014812667267], "(2, 1, 1, 1)": [0.006851520407183348, 0.007927995012505682, 0.010148554101948263, 0.010449815912189428, 0.012119197459447957], "(2, 2, 1, 1)": [0.0184109027251676, 0.018528040092417992, 0.01862637349581904, 0.018920618360318095, 0.01886760200015771], "(2, 4, 1, 1)": [0.019781960498791107, 0.019781958910164103, 0.0197573576235382, 0.019753411944273665, 0.01967002072341651], "(2, 3, 1, 1)": [0.019737341009935613, 0.01977570367405251, 0.019797836817738567, 0.0198188066598623, 0.019836960977908456], "(1, 3, 1, 1)": [0.019699857251162557, 0.01967860433983292, 0.01975635413479953, 0.019756043909807425, 0.019756967741059037], "(1, 2, 1, 1)": [0.0182700400058049, 0.018347011127516178, 0.018398835753604646, 0.018688665758970876, 0.018774696472651366]}, "n_values": {"(1, 6, 1, 1)": [320.0, 116.0, 140.0, 129.0, 131.0], "(1, 5, 1, 1)": [810.0, 494.0, 506.0, 495.0, 502.0], "(1, 4, 1, 1)": [1146.0, 907.0, 910.0, 921.0, 902.0], "(1, 1, 1, 1)": [227.0, 240.0, 213.0, 417.0, 311.0], "(2, 6, 1, 1)": [139.0, 333.0, 152.0, 154.0, 161.0], "(2, 5, 1, 1)": [1239.0, 633.0, 615.0, 634.0, 586.0], "(2, 1, 1, 1)": [296.0, 281.0, 260.0, 283.0, 688.0], "(2, 2, 1, 1)": [861.0, 895.0, 878.0, 1079.0, 952.0], "(2, 4, 1, 1)": [1434.0, 1313.0, 1287.0, 1280.0, 1293.0], "(2, 3, 1, 1)": [1226.0, 1191.0, 1197.0, 1226.0, 1310.0], "(1, 2, 1, 1)": [812.0, 745.0, 764.0, 854.0, 1243.0], "(1, 3, 1, 1)": [1146.0, 1101.0, 1109.0, 1164.0, 1247.0]}}