{"q_values": {"(1, 6, 1, 1)": [0.012944380935099966, 0.0088915792175297, 0.008510156208227367, 0.007443424462320189, 0.007232977295923033], "(1, 5, 1, 1)": [0.019012794226953882, 0.018928060723041828, 0.01875798876768984, 0.018641155444701227, 0.018638611588277898], "(1, 4, 1, 1)": [0.01985131242300363, 0.01982913805905765, 0.0198079485760432, 0.019783053375665494, 0.019767321235768912], "(1, 1, 1, 1)": [0.0065805526031066305, 0.009415896206891101, 0.007372907218101041, 0.011273459448956068, 0.009948418378584794], "(2, 6, 1, 1)": [0.007960034014376808, 0.009248361688936694, 0.006641005424598341, 0.004582663547798103, 0.004459822418708982], "(2, 5, 1, 1)": [0.018947284147574437, 0.018728180999308872, 0.01869946712530332, 0.018596070619954122, 0.018500778984810205], "(2, 1, 1, 1)": [0.007179237900369628, 0.00808783420190265, 0.01036328900795406, 0.010697858841162568, 0.012632603766014099], "(2, 2, 1, 1)": [0.01846811933300693, 0.018579970398036, 0.018619799883959114, 0.018971499315970627, 0.01889066318755403], "(2, 4, 1, 1)": [0.019785312942523947, 0.019785438257925392, 0.019771640176328032, 0.019762535229394106, 0.019652004188800098], "(2, 3, 1, 1)": [0.01971473824414818, 0.019782731899087757, 0.01980324638005609, 0.01982154191431077, 0.019842326838238306], "(1, 3, 1, 1)": [0.019709887872706652, 0.019698667310511404, 0.019755389732683776, 0.019764198856932834, 0.019764104517514494], "(1, 2, 1, 1)": [0.018347781683901977, 0.01844357645698301, 0.018492319789461906, 0.01875349015565957, 0.018847481713722195]}, "n_values": {"(1, 6, 1, 1)": [373.0, 118.0, 142.0, 132.0, 133.0], "(1, 5, 1, 1)": [1181.0, 589.0, 616.0, 600.0, 615.0], "(1, 4, 1, 1)": [1666.0, 1303.0, 1293.0, 1312.0, 1287.0], "(1, 1, 1, 1)": [233.0, 244.0, 217.0, 464.0, 317.0], "(2, 6, 1, 1)": [143.0, 368.0, 153.0, 155.0, 165.0], "(2, 5, 1, 1)": [1739.0, 727.0, 697.0, 724.0, 672.0], "(2, 1, 1, 1)": [310.0, 288.0, 276.0, 293.0, 800.0], "(2, 2, 1, 1)": [1005.0, 1035.0, 1017.0, 1498.0, 1102.0], "(2, 4, 1, 1)": [1984.0, 1812.0, 1753.0, 1745.0, 1764.0], "(2, 3, 1, 1)": [1664.0, 1617.0, 1631.0, 1654.0, 1857.0], "(1, 2, 1, 1)": [925.0, 867.0, 869.0, 969.0, 1766.0], "(1, 3, 1, 1)": [1586.0, 1547.0, 1568.0, 1664.0, 1759.0]}}