{"q_values": {"(1, 6, 1, 1)": [0.012546960142892893, 0.0088915792175297, 0.008510156208227367, 0.007213006142621767, 0.007160928219388952], "(1, 5, 1, 1)": [0.01897200724297486, 0.018909996344629216, 0.01874983264258436, 0.018610166385220585, 0.018597876590301765], "(1, 4, 1, 1)": [0.01985036212750617, 0.0198285938223761, 0.019808861123783352, 0.01978988245936101, 0.019765657551885876], "(1, 1, 1, 1)": [0.006614195425906401, 0.009383437630126343, 0.007372907218101041, 0.011081421458478147, 0.009898975765633526], "(2, 6, 1, 1)": [0.007822509305690164, 0.008781619803971252, 0.006569073771251256, 0.004582663547798103, 0.004298356371511381], "(2, 5, 1, 1)": [0.01889811370191738, 0.018697019900861294, 0.018670128432574228, 0.018566537855014293, 0.018473767228980156], "(2, 1, 1, 1)": [0.007070609759446337, 0.008054548448540954, 0.010117056799204008, 0.010574781466823441, 0.012361954472104442], "(2, 2, 1, 1)": [0.01844829730934248, 0.018560464769482057, 0.018611652797479797, 0.018941189627446328, 0.018880479115305444], "(2, 4, 1, 1)": [0.019783473799975266, 0.019782702951134226, 0.019763641456503264, 0.019755646243610665, 0.019659217712648357], "(2, 3, 1, 1)": [0.019739970391485544, 0.019780622392692564, 0.01980188611971869, 0.019823133134710975, 0.019839886453391048], "(1, 3, 1, 1)": [0.01970190662342437, 0.019693819985531155, 0.019746807474654248, 0.019761410428151164, 0.019762534309426243], "(1, 2, 1, 1)": [0.01832395122952547, 0.018416083827107157, 0.01844644164860415, 0.018727619884679483, 0.018812415000626363]}, "n_values": {"(1, 6, 1, 1)": [344.0, 118.0, 142.0, 129.0, 132.0], "(1, 5, 1, 1)": [972.0, 553.0, 572.0, 557.0, 567.0], "(1, 4, 1, 1)": [1379.0, 1092.0, 1090.0, 1099.0, 1083.0], "(1, 1, 1, 1)": [230.0, 243.0, 217.0, 445.0, 315.0], "(2, 6, 1, 1)": [141.0, 348.0, 152.0, 155.0, 163.0], "(2, 5, 1, 1)": [1457.0, 690.0, 665.0, 688.0, 643.0], "(2, 1, 1, 1)": [303.0, 287.0, 267.0, 288.0, 741.0], "(2, 2, 1, 1)": [934.0, 964.0, 943.0, 1252.0, 1023.0], "(2, 4, 1, 1)": [1673.0, 1529.0, 1495.0, 1491.0, 1504.0], "(2, 3, 1, 1)": [1420.0, 1376.0, 1385.0, 1418.0, 1546.0], "(1, 2, 1, 1)": [885.0, 818.0, 826.0, 927.0, 1480.0], "(1, 3, 1, 1)": [1353.0, 1309.0, 1329.0, 1384.0, 1483.0]}}