{"q_values": {"(1, 6, 1, 1)": [0.013104675662993618, 0.008962641101342934, 0.008510156208227367, 0.007521173406963635, 0.007232977295923033], "(1, 5, 1, 1)": [0.019029816948889233, 0.01893850500303481, 0.018765339607143234, 0.01865229046178267, 0.018645901733649675], "(1, 4, 1, 1)": [0.01985190491334221, 0.019800189891805424, 0.019806340485145773, 0.019785879307504684, 0.019765949320643333], "(1, 1, 1, 1)": [0.006629171448263568, 0.009415896206891101, 0.007372907218101041, 0.011371207826641961, 0.009973364385727233], "(2, 6, 1, 1)": [0.007960034014376808, 0.009337212585214713, 0.006641005424598341, 0.004582663547798103, 0.004459822418708982], "(2, 5, 1, 1)": [0.01896942800739801, 0.018738119205688845, 0.01871063123257874, 0.018610854895292586, 0.018509319534772185], "(2, 1, 1, 1)": [0.00714761613901888, 0.008152502573151723, 0.01027381731942973, 0.01072135922522556, 0.012759072257379595], "(2, 2, 1, 1)": [0.01847855943997595, 0.018587701071527733, 0.018625490919152318, 0.018981102087876664, 0.018899370476279154], "(2, 4, 1, 1)": [0.01978669099833472, 0.01978658875238796, 0.01977488724715934, 0.019764273156473555, 0.01965880916057101], "(2, 3, 1, 1)": [0.019719346834384758, 0.01978241712783538, 0.01980446997683332, 0.01982164955670808, 0.01984370231767307], "(1, 3, 1, 1)": [0.019712800118379725, 0.01970303197102218, 0.019759018933184474, 0.019765163707636743, 0.019765476422490286], "(1, 2, 1, 1)": [0.01836235600361464, 0.018453937672787583, 0.018495756918471207, 0.01876479807848739, 0.018867613641722354]}, "n_values": {"(1, 6, 1, 1)": [387.0, 119.0, 142.0, 133.0, 133.0], "(1, 5, 1, 1)": [1274.0, 600.0, 630.0, 616.0, 626.0], "(1, 4, 1, 1)": [1801.0, 1400.0, 1381.0, 1401.0, 1376.0], "(1, 1, 1, 1)": [234.0, 244.0, 217.0, 475.0, 318.0], "(2, 6, 1, 1)": [143.0, 372.0, 153.0, 155.0, 165.0], "(2, 5, 1, 1)": [1881.0, 738.0, 709.0, 740.0, 687.0], "(2, 1, 1, 1)": [311.0, 292.0, 278.0, 294.0, 834.0], "(2, 2, 1, 1)": [1031.0, 1067.0, 1048.0, 1625.0, 1136.0], "(2, 4, 1, 1)": [2144.0, 1953.0, 1889.0, 1879.0, 1891.0], "(2, 3, 1, 1)": [1786.0, 1744.0, 1757.0, 1785.0, 2017.0], "(1, 2, 1, 1)": [947.0, 881.0, 890.0, 988.0, 1895.0], "(1, 3, 1, 1)": [1690.0, 1653.0, 1666.0, 1785.0, 1882.0]}}