{"q_values": {"(1, 6, 1, 1)": [0.013616722986452752, 0.009040463991004097, 0.008576247799646093, 0.0076715979059032964, 0.0073081418410765745], "(1, 5, 1, 1)": [0.0190807605018436, 0.018944088341901085, 0.018804029635721923, 0.018688045359132602, 0.01868676586054287], "(1, 4, 1, 1)": [0.019854860720305328, 0.019805497851410867, 0.01977884859649829, 0.01978257636857407, 0.019759587341767235], "(1, 1, 1, 1)": [0.006665592356996606, 0.009480899042940864, 0.007421255635943954, 0.011933881936675574, 0.010068405396944344], "(2, 6, 1, 1)": [0.007960034014376808, 0.01015924185477865, 0.006712341943271899, 0.004582663547798103, 0.0045409466402493185], "(2, 5, 1, 1)": [0.019031767857456198, 0.018763604303869807, 0.018741312267118983, 0.018634930169357515, 0.018527897396846165], "(2, 1, 1, 1)": [0.007245274354891386, 0.00818418677827687, 0.010378418342720934, 0.01072135922522556, 0.013177693164464724], "(2, 2, 1, 1)": [0.018509247670264968, 0.01859929922415074, 0.018648628636067487, 0.019021445953852696, 0.018896133810489168], "(2, 4, 1, 1)": [0.01978853995285275, 0.019776205044434347, 0.019781091260222032, 0.019758106259785333, 0.01966808804164981], "(2, 3, 1, 1)": [0.01971492039675213, 0.019757085236697294, 0.019796461386203383, 0.01981471941333436, 0.019846808237499017], "(1, 3, 1, 1)": [0.019714183753390017, 0.019711167439789772, 0.019764125435661438, 0.019747938337908822, 0.019765357131471636], "(1, 2, 1, 1)": [0.018394676284642874, 0.018473282913000426, 0.018531532708571, 0.018804965429798075, 0.018938894482927102]}, "n_values": {"(1, 6, 1, 1)": [438.0, 120.0, 143.0, 135.0, 134.0], "(1, 5, 1, 1)": [1751.0, 642.0, 682.0, 662.0, 688.0], "(1, 4, 1, 1)": [2463.0, 1769.0, 1739.0, 1764.0, 1738.0], "(1, 1, 1, 1)": [240.0, 246.0, 218.0, 546.0, 322.0], "(2, 6, 1, 1)": [143.0, 414.0, 154.0, 155.0, 166.0], "(2, 5, 1, 1)": [2482.0, 773.0, 744.0, 770.0, 709.0], "(2, 1, 1, 1)": [314.0, 293.0, 282.0, 294.0, 917.0], "(2, 2, 1, 1)": [1092.0, 1128.0, 1101.0, 2129.0, 1196.0], "(2, 4, 1, 1)": [2830.0, 2453.0, 2330.0, 2300.0, 2321.0], "(2, 3, 1, 1)": [2195.0, 2143.0, 2182.0, 2174.0, 2719.0], "(1, 2, 1, 1)": [1000.0, 921.0, 930.0, 1055.0, 2540.0], "(1, 3, 1, 1)": [2104.0, 2098.0, 2136.0, 2247.0, 2499.0]}}