{"q_values": {"(1, 6, 1, 1)": [0.013252799315647733, 0.009040463991004097, 0.008576247799646093, 0.00759584198115647, 0.007232977295923033], "(1, 5, 1, 1)": [0.019053527000605787, 0.018937259722917262, 0.018778987364036163, 0.018674530363759573, 0.01866390965374155], "(1, 4, 1, 1)": [0.01985304319460151, 0.01979999637332335, 0.019798816117175596, 0.01978414704790433, 0.019759836714011995], "(1, 1, 1, 1)": [0.006636404385203057, 0.009415896206891101, 0.007421255635943954, 0.011488289649639497, 0.010043323696884428], "(2, 6, 1, 1)": [0.007960034014376808, 0.009423721706947647, 0.006641005424598341, 0.004582663547798103, 0.004459822418708982], "(2, 5, 1, 1)": [0.01898049210369685, 0.018749024219520998, 0.018719700813179255, 0.01861832097436531, 0.018511234168446987], "(2, 1, 1, 1)": [0.00714761613901888, 0.00818418677827687, 0.010354135361781957, 0.01072135922522556, 0.01288854832908567], "(2, 2, 1, 1)": [0.018483385520107788, 0.01859242153006057, 0.018632096104756215, 0.018986729332736565, 0.018903533209714135], "(2, 4, 1, 1)": [0.019786661269723733, 0.01978686283534602, 0.019776862047963573, 0.019766399314360947, 0.019664153666607852], "(2, 3, 1, 1)": [0.019721541933707513, 0.019760277242420392, 0.019802451617879614, 0.019820196412462087, 0.01984442496844556], "(1, 3, 1, 1)": [0.01971613618211179, 0.019707821538935966, 0.01976354077767725, 0.019763214193435488, 0.019766405071123514], "(1, 2, 1, 1)": [0.018369867678191376, 0.018459305004317247, 0.018502068731736175, 0.018778319837908484, 0.01889185112039914]}, "n_values": {"(1, 6, 1, 1)": [400.0, 120.0, 143.0, 134.0, 133.0], "(1, 5, 1, 1)": [1418.0, 619.0, 650.0, 639.0, 651.0], "(1, 4, 1, 1)": [1955.0, 1517.0, 1502.0, 1519.0, 1497.0], "(1, 1, 1, 1)": [236.0, 244.0, 218.0, 491.0, 321.0], "(2, 6, 1, 1)": [143.0, 376.0, 153.0, 155.0, 165.0], "(2, 5, 1, 1)": [2003.0, 751.0, 719.0, 750.0, 690.0], "(2, 1, 1, 1)": [311.0, 293.0, 281.0, 294.0, 857.0], "(2, 2, 1, 1)": [1041.0, 1081.0, 1064.0, 1721.0, 1150.0], "(2, 4, 1, 1)": [2277.0, 2066.0, 1983.0, 1965.0, 1980.0], "(2, 3, 1, 1)": [1871.0, 1822.0, 1842.0, 1863.0, 2158.0], "(1, 2, 1, 1)": [957.0, 890.0, 898.0, 1008.0, 2032.0], "(1, 3, 1, 1)": [1813.0, 1777.0, 1790.0, 1901.0, 2047.0]}}