{"q_values": {"(1, 6, 1, 1)": [0.013649796889342381, 0.009040463991004097, 0.008576247799646093, 0.0076715979059032964, 0.0073081418410765745], "(1, 5, 1, 1)": [0.019088407329397858, 0.018945257849627736, 0.018804029635721923, 0.018689229137679543, 0.018687384443185486], "(1, 4, 1, 1)": [0.019851099202386355, 0.01980435149414143, 0.019778828819661833, 0.019781076138876398, 0.019758252163030943], "(1, 1, 1, 1)": [0.006665592356996606, 0.009480899042940864, 0.007421255635943954, 0.011962540988663369, 0.010068405396944344], "(2, 6, 1, 1)": [0.008023257338553882, 0.0102445792784842, 0.006712341943271899, 0.004582663547798103, 0.0045409466402493185], "(2, 5, 1, 1)": [0.0190366615305077, 0.0187646234412034, 0.018742374079182535, 0.018636480628199198, 0.018527897396846165], "(2, 1, 1, 1)": [0.007245274354891386, 0.00818418677827687, 0.010378418342720934, 0.010744896828909356, 0.013210681820678354], "(2, 2, 1, 1)": [0.01851186740868086, 0.018602840129365843, 0.01864806267486757, 0.019019472615173, 0.018897698396838837], "(2, 4, 1, 1)": [0.019787648443138784, 0.01977733146314657, 0.019781442614108007, 0.01975845630032176, 0.019669168034865788], "(2, 3, 1, 1)": [0.0197140323906054, 0.01975773872246844, 0.019795103984325064, 0.019796306648095445, 0.01984674104419573], "(1, 3, 1, 1)": [0.019714713594401585, 0.01971248001651674, 0.019764892766931153, 0.0197494847673168, 0.01976538303870129], "(1, 2, 1, 1)": [0.01839650253361527, 0.01847439194493506, 0.018531532708571, 0.01880581290132585, 0.018947992600300022]}, "n_values": {"(1, 6, 1, 1)": [442.0, 120.0, 143.0, 135.0, 134.0], "(1, 5, 1, 1)": [1804.0, 643.0, 682.0, 664.0, 689.0], "(1, 4, 1, 1)": [2529.0, 1805.0, 1771.0, 1803.0, 1774.0], "(1, 1, 1, 1)": [240.0, 246.0, 218.0, 549.0, 322.0], "(2, 6, 1, 1)": [144.0, 419.0, 154.0, 155.0, 166.0], "(2, 5, 1, 1)": [2545.0, 774.0, 745.0, 772.0, 709.0], "(2, 1, 1, 1)": [314.0, 293.0, 282.0, 295.0, 924.0], "(2, 2, 1, 1)": [1096.0, 1133.0, 1103.0, 2188.0, 1199.0], "(2, 4, 1, 1)": [2913.0, 2495.0, 2366.0, 2340.0, 2362.0], "(2, 3, 1, 1)": [2229.0, 2178.0, 2211.0, 2213.0, 2799.0], "(1, 2, 1, 1)": [1003.0, 922.0, 930.0, 1057.0, 2604.0], "(1, 3, 1, 1)": [2139.0, 2134.0, 2179.0, 2277.0, 2571.0]}}