{"q_values": {"(1, 6, 1, 1)": [0.013744076998097132, 0.009040463991004097, 0.008576247799646093, 0.0076715979059032964, 0.007379713260434071], "(1, 5, 1, 1)": [0.01909455470358765, 0.018945949406712997, 0.018805067960478667, 0.018691268022391325, 0.018688740375212166], "(1, 4, 1, 1)": [0.019850381235213852, 0.01980000867648707, 0.019779866019901535, 0.01978095241361599, 0.019759525104849286], "(1, 1, 1, 1)": [0.006665592356996606, 0.009480899042940864, 0.007421255635943954, 0.012138473370701402, 0.010068405396944344], "(2, 6, 1, 1)": [0.008023257338553882, 0.010360719052367028, 0.006784009419423476, 0.004582663547798103, 0.0045409466402493185], "(2, 5, 1, 1)": [0.019047959813044413, 0.01876823838017764, 0.01874351957405138, 0.01863988470108483, 0.018530291589489812], "(2, 1, 1, 1)": [0.007245274354891386, 0.008214190116243615, 0.010378418342720934, 0.010744896828909356, 0.013283449647475893], "(2, 2, 1, 1)": [0.018517513736792685, 0.018604364299589782, 0.018652363549750653, 0.01902757800367614, 0.018900435987426138], "(2, 4, 1, 1)": [0.01978714117942963, 0.019778609712806237, 0.01978218299064529, 0.019758911616706065, 0.019671543978428234], "(2, 3, 1, 1)": [0.019715550055468704, 0.019757793325224458, 0.019790756068951317, 0.01979736004839614, 0.01984662954807164], "(1, 3, 1, 1)": [0.0197131104387398, 0.01971368194008721, 0.01976407807357202, 0.019751437019752602, 0.019764199322956713], "(1, 2, 1, 1)": [0.01839922581323959, 0.01847607377228623, 0.01853522777451131, 0.018806904252945886, 0.01895801649655478]}, "n_values": {"(1, 6, 1, 1)": [453.0, 120.0, 143.0, 135.0, 135.0], "(1, 5, 1, 1)": [1896.0, 644.0, 683.0, 666.0, 692.0], "(1, 4, 1, 1)": [2643.0, 1853.0, 1817.0, 1854.0, 1832.0], "(1, 1, 1, 1)": [240.0, 246.0, 218.0, 567.0, 322.0], "(2, 6, 1, 1)": [144.0, 426.0, 155.0, 155.0, 166.0], "(2, 5, 1, 1)": [2665.0, 778.0, 747.0, 776.0, 711.0], "(2, 1, 1, 1)": [314.0, 294.0, 282.0, 295.0, 940.0], "(2, 2, 1, 1)": [1103.0, 1136.0, 1109.0, 2314.0, 1205.0], "(2, 4, 1, 1)": [3082.0, 2559.0, 2431.0, 2401.0, 2425.0], "(2, 3, 1, 1)": [2305.0, 2252.0, 2273.0, 2283.0, 2958.0], "(1, 2, 1, 1)": [1007.0, 925.0, 935.0, 1059.0, 2725.0], "(1, 3, 1, 1)": [2194.0, 2182.0, 2248.0, 2334.0, 2691.0]}}