{"q_values": {"(1, 6, 1, 1)": [0.009348224240092575, 0.003820504959712179, 0.003559124399738987, 0.00295864241203255, 0.005574756067993732], "(1, 5, 1, 1)": [0.018585119590245305, 0.018142796015397953, 0.018195604850377755, 0.017753344683503532, 0.01795760918016068], "(1, 4, 1, 1)": [0.0198332496596998, 0.01980076399941388, 0.019739675181801176, 0.01974898340023412, 0.01971495560980778], "(1, 1, 1, 1)": [0.004961170307756265, 0.006711758975936604, 0.003294213623040449, 0.00698572890532042, 0.008632559762674725], "(2, 6, 1, 1)": [0.0008944636776877867, 0.0024325185177383364, 0.0006819073464268121, 0.0008301526142600337, 0.00016640872762117755], "(2, 5, 1, 1)": [0.018330416576771036, 0.017706796290317312, 0.017502323070365162, 0.017657716528096157, 0.01774197455019385], "(2, 1, 1, 1)": [0.002052306135089197, 0.004532842721959977, 0.0072537093745437915, 0.0076860733940728445, 0.010536048627537138], "(2, 2, 1, 1)": [0.01788387619943881, 0.018253153589383463, 0.018286238471962903, 0.018329050692000682, 0.018282196557890738], "(2, 4, 1, 1)": [0.019787853453554563, 0.01978691438936385, 0.019685266974920672, 0.019679816990411242, 0.019691826183356305], "(2, 3, 1, 1)": [0.01976336354352598, 0.019717452564682363, 0.019811684824114932, 0.019823826655061366, 0.01981444399940598], "(1, 3, 1, 1)": [0.019710694474896994, 0.01976588966786294, 0.01974643385914148, 0.01980191061689454, 0.019804744762729094], "(1, 2, 1, 1)": [0.018080586619589677, 0.018033427463567078, 0.018263695135457968, 0.018431035260279217, 0.018377805831961462]}, "n_values": {"(1, 6, 1, 1)": [59.0, 41.0, 49.0, 44.0, 43.0], "(1, 5, 1, 1)": [97.0, 94.0, 83.0, 93.0, 95.0], "(1, 4, 1, 1)": [128.0, 129.0, 121.0, 120.0, 120.0], "(1, 1, 1, 1)": [69.0, 77.0, 76.0, 69.0, 97.0], "(2, 6, 1, 1)": [58.0, 78.0, 60.0, 61.0, 73.0], "(2, 5, 1, 1)": [137.0, 132.0, 121.0, 121.0, 124.0], "(2, 1, 1, 1)": [75.0, 80.0, 65.0, 60.0, 63.0], "(2, 2, 1, 1)": [88.0, 102.0, 103.0, 83.0, 89.0], "(2, 4, 1, 1)": [133.0, 141.0, 130.0, 126.0, 135.0], "(2, 3, 1, 1)": [109.0, 95.0, 99.0, 93.0, 110.0], "(1, 2, 1, 1)": [121.0, 125.0, 125.0, 137.0, 136.0], "(1, 3, 1, 1)": [148.0, 142.0, 148.0, 145.0, 169.0]}}