{"q_values": {"(1, 6, 1, 1)": [0.01407294086783712, 0.009104657875804782, 0.008633887758172693, 0.0076715979059032964, 0.007457116328838632], "(1, 5, 1, 1)": [0.019114733515483245, 0.018951973079393593, 0.018810761782785918, 0.018698483213935337, 0.01869727716814347], "(1, 4, 1, 1)": [0.01984855253730566, 0.01979427886758241, 0.019780452788012066, 0.019751169516595522, 0.019758265525530228], "(1, 1, 1, 1)": [0.006665592356996606, 0.009480899042940864, 0.007421255635943954, 0.012462117808611829, 0.010068405396944344], "(2, 6, 1, 1)": [0.008023257338553882, 0.010935800300318101, 0.006784009419423476, 0.004582663547798103, 0.0045409466402493185], "(2, 5, 1, 1)": [0.019078288705972127, 0.018775404215807836, 0.018746629305261595, 0.018596187636049016, 0.018535150358437842], "(2, 1, 1, 1)": [0.007245274354891386, 0.008214190116243615, 0.010403385276249734, 0.010744896828909356, 0.013483377052567034], "(2, 2, 1, 1)": [0.018530462357084235, 0.018614466704050252, 0.018660448530402482, 0.01905520572872861, 0.018907602140733632], "(2, 4, 1, 1)": [0.019784511296690326, 0.01976600619551109, 0.019772215365236576, 0.019722947394590427, 0.019664280044648517], "(2, 3, 1, 1)": [0.01971665676589938, 0.019753718494293693, 0.01976524863422856, 0.019798324256423167, 0.019845415997309573], "(1, 3, 1, 1)": [0.01970486348484506, 0.019700315477399692, 0.019759390143027727, 0.019756897002698073, 0.01975942310578996], "(1, 2, 1, 1)": [0.01840441128915356, 0.018480643163467536, 0.018545822120586735, 0.01881082883620622, 0.018979682912156803]}, "n_values": {"(1, 6, 1, 1)": [496.0, 121.0, 144.0, 135.0, 136.0], "(1, 5, 1, 1)": [2207.0, 652.0, 694.0, 675.0, 702.0], "(1, 4, 1, 1)": [3074.0, 1977.0, 1962.0, 1987.0, 1974.0], "(1, 1, 1, 1)": [240.0, 246.0, 218.0, 608.0, 322.0], "(2, 6, 1, 1)": [144.0, 464.0, 155.0, 155.0, 166.0], "(2, 5, 1, 1)": [3093.0, 787.0, 752.0, 784.0, 715.0], "(2, 1, 1, 1)": [314.0, 294.0, 283.0, 295.0, 986.0], "(2, 2, 1, 1)": [1126.0, 1163.0, 1125.0, 2757.0, 1225.0], "(2, 4, 1, 1)": [3666.0, 2741.0, 2614.0, 2598.0, 2620.0], "(2, 3, 1, 1)": [2511.0, 2449.0, 2453.0, 2464.0, 3510.0], "(1, 2, 1, 1)": [1014.0, 935.0, 947.0, 1070.0, 3187.0], "(1, 3, 1, 1)": [2339.0, 2321.0, 2500.0, 2493.0, 3108.0]}}