{"q_values": {"(1, 6, 1, 1)": [0.014008923598585589, 0.009104657875804782, 0.008576247799646093, 0.0076715979059032964, 0.007379713260434071], "(1, 5, 1, 1)": [0.019110358932303267, 0.018951666010148454, 0.018808692121544852, 0.018697466158776693, 0.018692909290383693], "(1, 4, 1, 1)": [0.019849070219134304, 0.019793673882133062, 0.019780024012169193, 0.019750564465663284, 0.0197582765891523], "(1, 1, 1, 1)": [0.006665592356996606, 0.009480899042940864, 0.007421255635943954, 0.012398131630353651, 0.010068405396944344], "(2, 6, 1, 1)": [0.008023257338553882, 0.010849701776887995, 0.006784009419423476, 0.004582663547798103, 0.0045409466402493185], "(2, 5, 1, 1)": [0.01907454037588297, 0.018775404215807836, 0.01874722303809632, 0.01864494074829413, 0.018535150358437842], "(2, 1, 1, 1)": [0.007245274354891386, 0.008214190116243615, 0.010403385276249734, 0.010744896828909356, 0.013467373107797383], "(2, 2, 1, 1)": [0.018529464944132438, 0.01861264106111862, 0.01865908608450703, 0.01905214865393521, 0.018906516173008828], "(2, 4, 1, 1)": [0.01978539966049607, 0.019765287302530094, 0.01977198353065772, 0.019722579792630868, 0.01967828940750794], "(2, 3, 1, 1)": [0.01971615295389121, 0.019753375881602128, 0.019765090947884492, 0.019797934490755956, 0.019845469413580414], "(1, 3, 1, 1)": [0.019704411357390768, 0.019698996476579557, 0.019759638066074038, 0.019756374832905453, 0.0197597803871606], "(1, 2, 1, 1)": [0.01840441128915356, 0.018480643163467536, 0.018545220357532803, 0.018810265865568023, 0.018976017023555353]}, "n_values": {"(1, 6, 1, 1)": [487.0, 121.0, 143.0, 135.0, 135.0], "(1, 5, 1, 1)": [2153.0, 651.0, 691.0, 674.0, 697.0], "(1, 4, 1, 1)": [3002.0, 1957.0, 1939.0, 1969.0, 1951.0], "(1, 1, 1, 1)": [240.0, 246.0, 218.0, 600.0, 322.0], "(2, 6, 1, 1)": [144.0, 458.0, 155.0, 155.0, 166.0], "(2, 5, 1, 1)": [3033.0, 787.0, 751.0, 782.0, 715.0], "(2, 1, 1, 1)": [314.0, 294.0, 283.0, 295.0, 982.0], "(2, 2, 1, 1)": [1124.0, 1160.0, 1122.0, 2704.0, 1223.0], "(2, 4, 1, 1)": [3589.0, 2721.0, 2593.0, 2582.0, 2593.0], "(2, 3, 1, 1)": [2487.0, 2430.0, 2436.0, 2446.0, 3440.0], "(1, 2, 1, 1)": [1014.0, 935.0, 946.0, 1069.0, 3122.0], "(1, 3, 1, 1)": [2321.0, 2297.0, 2468.0, 2469.0, 3037.0]}}