{"q_values": {"(1, 6, 1, 1)": [0.013816778277210607, 0.009104657875804782, 0.008576247799646093, 0.0076715979059032964, 0.007379713260434071], "(1, 5, 1, 1)": [0.01909966485188972, 0.01894842620333509, 0.0188085973164242, 0.01869351370995443, 0.01869008106102182], "(1, 4, 1, 1)": [0.019850322494985414, 0.01979549862157334, 0.019779879504799668, 0.01978014896964781, 0.019759030794430907], "(1, 1, 1, 1)": [0.006665592356996606, 0.009480899042940864, 0.007421255635943954, 0.012216266206944826, 0.010068405396944344], "(2, 6, 1, 1)": [0.008023257338553882, 0.01047288289858693, 0.006784009419423476, 0.004582663547798103, 0.0045409466402493185], "(2, 5, 1, 1)": [0.019061134906899348, 0.01877112602206462, 0.01874351957405138, 0.018643212255284623, 0.01853158621914047], "(2, 1, 1, 1)": [0.007245274354891386, 0.008214190116243615, 0.010403385276249734, 0.010744896828909356, 0.013346719847256952], "(2, 2, 1, 1)": [0.018522216283227023, 0.018608733535994224, 0.018655083324086184, 0.019037357065480376, 0.018902545069175523], "(2, 4, 1, 1)": [0.019786734097049296, 0.019779860347350575, 0.019769869812819738, 0.01974345248442259, 0.01967491252689456], "(2, 3, 1, 1)": [0.01971559472405222, 0.019756116314426538, 0.01977333059195036, 0.019798584271857468, 0.019846958096160598], "(1, 3, 1, 1)": [0.019712235761298456, 0.019695859798968682, 0.019762997482786506, 0.019753058351590917, 0.01976314314632343], "(1, 2, 1, 1)": [0.01839922581323959, 0.018477027830376944, 0.018537873806499853, 0.018808484509233114, 0.018958564471108413]}, "n_values": {"(1, 6, 1, 1)": [462.0, 121.0, 143.0, 135.0, 135.0], "(1, 5, 1, 1)": [1976.0, 647.0, 688.0, 668.0, 694.0], "(1, 4, 1, 1)": [2762.0, 1889.0, 1865.0, 1898.0, 1882.0], "(1, 1, 1, 1)": [240.0, 246.0, 218.0, 579.0, 322.0], "(2, 6, 1, 1)": [144.0, 433.0, 155.0, 155.0, 166.0], "(2, 5, 1, 1)": [2793.0, 782.0, 747.0, 779.0, 712.0], "(2, 1, 1, 1)": [314.0, 294.0, 283.0, 295.0, 954.0], "(2, 2, 1, 1)": [1110.0, 1147.0, 1115.0, 2445.0, 1212.0], "(2, 4, 1, 1)": [3248.0, 2627.0, 2494.0, 2475.0, 2493.0], "(2, 3, 1, 1)": [2378.0, 2327.0, 2341.0, 2349.0, 3115.0], "(1, 2, 1, 1)": [1007.0, 931.0, 938.0, 1062.0, 2852.0], "(1, 3, 1, 1)": [2237.0, 2223.0, 2324.0, 2376.0, 2815.0]}}