{"q_values": {"(1, 6, 1, 1)": [0.00906684254715555, 0.005347232494831051, 0.0050092015549879675, 0.0041125237529465435, 0.004135227413990857], "(1, 5, 1, 1)": [0.018597442090870393, 0.018292259323988914, 0.01812481502380452, 0.01802219684609416, 0.018019953100744106], "(1, 4, 1, 1)": [0.019840399382147007, 0.019819716351470545, 0.019786123848236106, 0.019767722830118867, 0.01973458395732594], "(1, 1, 1, 1)": [0.007009941450718189, 0.00762056623279679, 0.006602893019165644, 0.009031821898651213, 0.009140926808879376], "(2, 6, 1, 1)": [0.002882939163698543, 0.004121945137183476, 0.0026046936977001892, 0.0023472275275407814, 0.0018818550617053758], "(2, 5, 1, 1)": [0.018356738320750472, 0.01792604097661064, 0.01785819846496547, 0.017880949670255504, 0.017953765812629474], "(2, 1, 1, 1)": [0.003900268187213469, 0.004859767329738438, 0.00691774642621775, 0.007434024342212725, 0.011414207293415973], "(2, 2, 1, 1)": [0.01813149980347954, 0.018310359771020742, 0.018359772058720726, 0.018539318564072003, 0.018566222122001794], "(2, 4, 1, 1)": [0.01978605975800105, 0.019782024083548955, 0.01971933278943447, 0.019701253276759246, 0.019696655588823057], "(2, 3, 1, 1)": [0.01975306380079687, 0.01977853520333707, 0.019798175600667954, 0.01982093301197913, 0.019819826485948634], "(1, 3, 1, 1)": [0.019689625349918975, 0.019724475550673207, 0.01975361419929701, 0.01978588098905114, 0.01978030811901684], "(1, 2, 1, 1)": [0.018041347048370276, 0.018024041573521138, 0.018257046507734354, 0.01842368025343781, 0.01840725133709043]}, "n_values": {"(1, 6, 1, 1)": [90.0, 61.0, 69.0, 64.0, 68.0], "(1, 5, 1, 1)": [157.0, 131.0, 127.0, 134.0, 130.0], "(1, 4, 1, 1)": [226.0, 205.0, 201.0, 195.0, 198.0], "(1, 1, 1, 1)": [114.0, 125.0, 118.0, 105.0, 179.0], "(2, 6, 1, 1)": [84.0, 134.0, 88.0, 92.0, 102.0], "(2, 5, 1, 1)": [244.0, 210.0, 203.0, 197.0, 196.0], "(2, 1, 1, 1)": [113.0, 121.0, 101.0, 106.0, 123.0], "(2, 2, 1, 1)": [172.0, 188.0, 186.0, 170.0, 182.0], "(2, 4, 1, 1)": [255.0, 258.0, 242.0, 238.0, 252.0], "(2, 3, 1, 1)": [217.0, 205.0, 207.0, 211.0, 224.0], "(1, 2, 1, 1)": [214.0, 217.0, 221.0, 259.0, 231.0], "(1, 3, 1, 1)": [249.0, 246.0, 235.0, 242.0, 282.0]}}