{"q_values": {"(1, 6, 1, 1)": [0.009480809751777673, 0.006142108725652405, 0.004853132185466704, 0.004494886256654591, 0.00551650992558294], "(1, 5, 1, 1)": [0.018550687240381544, 0.018378960745791015, 0.01823020789271621, 0.018086028218115117, 0.018095986841142653], "(1, 4, 1, 1)": [0.019850589656170987, 0.019822116853569743, 0.01979442138487352, 0.01978029271336442, 0.019743036386587844], "(1, 1, 1, 1)": [0.006650783605178205, 0.0077480414977722685, 0.0067338833882433615, 0.00931243560037697, 0.009199368257276732], "(2, 6, 1, 1)": [0.003094760696514184, 0.00432053246609731, 0.002999362006213084, 0.002787556074755936, 0.0014061138791424434], "(2, 5, 1, 1)": [0.018433753447402286, 0.018032949585201963, 0.01801277554550313, 0.017885951736276932, 0.017931509802734117], "(2, 1, 1, 1)": [0.004451576201884848, 0.004494044854467031, 0.007052243542006457, 0.007381459507952259, 0.010124569006152365], "(2, 2, 1, 1)": [0.018272635038335133, 0.01831498144345287, 0.018403461742747502, 0.018665873575940687, 0.0186814460768899], "(2, 4, 1, 1)": [0.019793270770698763, 0.01979629428418999, 0.019741946843402844, 0.01972275471247267, 0.019699476250203688], "(2, 3, 1, 1)": [0.019761748775964542, 0.019781550404436878, 0.019804393549522636, 0.019822632826738868, 0.019806854280533134], "(1, 3, 1, 1)": [0.019690586158175302, 0.019711008698323092, 0.01975798791516344, 0.019766079769558687, 0.01976920210593628], "(1, 2, 1, 1)": [0.017986375733641376, 0.01806939451885964, 0.01833581045542779, 0.018430225827992378, 0.018441445100122713]}, "n_values": {"(1, 6, 1, 1)": [104.0, 68.0, 76.0, 72.0, 77.0], "(1, 5, 1, 1)": [186.0, 148.0, 149.0, 153.0, 147.0], "(1, 4, 1, 1)": [280.0, 244.0, 236.0, 233.0, 235.0], "(1, 1, 1, 1)": [135.0, 151.0, 131.0, 136.0, 206.0], "(2, 6, 1, 1)": [90.0, 152.0, 94.0, 99.0, 109.0], "(2, 5, 1, 1)": [294.0, 249.0, 237.0, 225.0, 227.0], "(2, 1, 1, 1)": [128.0, 136.0, 115.0, 122.0, 156.0], "(2, 2, 1, 1)": [225.0, 243.0, 236.0, 218.0, 242.0], "(2, 4, 1, 1)": [322.0, 325.0, 309.0, 303.0, 318.0], "(2, 3, 1, 1)": [279.0, 265.0, 270.0, 278.0, 290.0], "(1, 2, 1, 1)": [263.0, 263.0, 264.0, 322.0, 275.0], "(1, 3, 1, 1)": [299.0, 299.0, 287.0, 305.0, 335.0]}}