{"q_values": {"(1, 6, 1, 1)": [0.009900120928056597, 0.006947339958723723, 0.005222750484270086, 0.005463585848025512, 0.005446106349863728], "(1, 5, 1, 1)": [0.018633985828033963, 0.01850849654357474, 0.01834065795963358, 0.018115022602579255, 0.01814346162878921], "(1, 4, 1, 1)": [0.019853195449879756, 0.019826672350246908, 0.01980233191749122, 0.01978003053450388, 0.019752518753009957], "(1, 1, 1, 1)": [0.006730070725599519, 0.008128104848429667, 0.006358257029532979, 0.009167283004761956, 0.009134381677070378], "(2, 6, 1, 1)": [0.004274967520645634, 0.0049942020234283015, 0.0038137131740218514, 0.002764586338427678, 0.002233050057615697], "(2, 5, 1, 1)": [0.018492610545698573, 0.018162287541715862, 0.018142184513859187, 0.017978559331823105, 0.018045447632242133], "(2, 1, 1, 1)": [0.0046527130683563026, 0.004751007117311693, 0.007538996957778099, 0.008272481439262472, 0.009771069605599174], "(2, 2, 1, 1)": [0.01825765590548098, 0.018388167540451777, 0.018443028454690227, 0.018748514354505145, 0.01872934141955847], "(2, 4, 1, 1)": [0.019795378643594264, 0.019801566146069684, 0.019751830255996534, 0.019726653828639088, 0.01970111487495112], "(2, 3, 1, 1)": [0.019771360948641653, 0.01978673478191278, 0.019804306452019957, 0.019826650417551328, 0.019815251230489488], "(1, 3, 1, 1)": [0.019683059612511718, 0.019712690391675957, 0.019750523852809204, 0.019767174946407003, 0.01976547278333027], "(1, 2, 1, 1)": [0.017980716623447864, 0.018012348555728967, 0.018166834398632686, 0.01842582413646681, 0.01839119530118249]}, "n_values": {"(1, 6, 1, 1)": [127.0, 77.0, 86.0, 82.0, 90.0], "(1, 5, 1, 1)": [235.0, 180.0, 185.0, 184.0, 181.0], "(1, 4, 1, 1)": [344.0, 298.0, 291.0, 286.0, 288.0], "(1, 1, 1, 1)": [151.0, 165.0, 145.0, 180.0, 225.0], "(2, 6, 1, 1)": [98.0, 169.0, 102.0, 107.0, 115.0], "(2, 5, 1, 1)": [356.0, 289.0, 276.0, 262.0, 270.0], "(2, 1, 1, 1)": [148.0, 146.0, 129.0, 136.0, 188.0], "(2, 2, 1, 1)": [266.0, 279.0, 279.0, 260.0, 283.0], "(2, 4, 1, 1)": [388.0, 394.0, 368.0, 364.0, 380.0], "(2, 3, 1, 1)": [337.0, 319.0, 329.0, 340.0, 349.0], "(1, 2, 1, 1)": [319.0, 308.0, 321.0, 391.0, 333.0], "(1, 3, 1, 1)": [367.0, 364.0, 349.0, 367.0, 402.0]}}