{"q_values": {"(2, 6, 2, 2)": [0.017717404291033745, 0.017652619630098343, 0.01781419664621353, 0.017228148877620697, 0.017604568973183632, 0.013550405390560627, 0.018961234018206596, 0.015256778337061405, 0.017695363610982895, 0.01741279475390911, 0.01694672368466854], "(2, 6, 1, 1)": [0.01933417282998562, 0.019329266622662544, 0.01920423097908497, 0.019394928589463234, 0.019915983080863953, 0.017642159014940262, 0.018250592052936554, 0.019535940140485764, 0.018587615340948105, 0.01956474594771862, 0.017138013616204262], "(2, 7, 2, 2)": [0.015358191914856434, 0.01722606271505356, 0.01709778606891632, 0.018556660041213036, 0.008824503049254417, 0.015301300212740898, 0.016849497333168983, 0.015924930572509766, 0.015497511252760887, 0.017642034217715263, 0.013722735457122326], "(2, 7, 1, 1)": [0.018786059692502022, 0.0173050444573164, 0.01828242838382721, 0.019697247073054314, 0.01765483245253563, 0.016994893550872803, 0.01867658831179142, 0.01762138493359089, 0.016494130715727806, 0.01906953752040863, 0.016966618597507477], "(2, 6, 1, 2)": [0.018086424097418785, 0.009062472730875015, 0.011391239240765572, 0.01237557828426361, 0.008957207202911377, 0.00821099616587162, 0.011626827530562878, 0.005019583273679018, 0.010887916199862957, 0.0, 0.0], "(2, 7, 1, 2)": [0.019273173063993454, 0.010030501522123814, 0.014779028482735157, 0.008985980413854122, 0.009709373116493225, 0.007168972864747047, 0.009538505226373672, 0.01032912265509367, 0.007868098095059395, 0.0039820438250899315, 0.012761613354086876], "(2, 8, 2, 2)": [0.01236749067902565, 0.015157094225287437, 0.017213108018040657, 0.014617962762713432, 0.016465619206428528, 0.016224423423409462, 0.0162592101842165, 0.016652874648571014, 0.016468441113829613, 0.015929775312542915, 0.015277596190571785], "(2, 8, 1, 2)": [0.008827906101942062, 0.01708190329372883, 0.003909777849912643, 0.01434598583728075, 0.0, 0.005271947477012873, 0.011338228359818459, 0.009636858478188515, 0.008159792050719261, 0.010773759335279465, 0.009228292852640152], "(2, 8, 1, 1)": [0.013586495071649551, 0.018685074523091316, 0.00819588452577591, 0.013182615861296654, 0.011433562263846397, 0.008792377077043056, 0.015363599173724651, 0.014019625261425972, 0.016129231080412865, 0.013146191835403442, 0.014952125959098339], "(2, 9, 2, 2)": [0.012725353240966797, 0.006690880749374628, 0.006207565777003765, 0.01027645356953144, 0.012369551695883274, 0.012323737144470215, 0.009767306968569756, 0.01096643041819334, 0.011097850278019905, 0.009794525802135468, 0.006602058187127113], "(3, 4, 1, 2)": [0.0, 0.0, 0.0, 0.0, 0.0055536627769470215, 0.0, 0.0, 0.0, 0.005670623853802681, 0.0, 0.01182014774531126], "(2, 1, 2, 2)": [-0.0038746697828173637, 0.0, 0.002512500621378422, 0.0, 0.0, 0.0, 0.0, 0.0025075343437492847, 0.009267639368772507, 0.0, 0.002896270016208291], "(2, 1, 1, 1)": [-0.009128077886998653, -0.007883451879024506, -0.011943694204092026, -0.007783428765833378, -0.011352633126080036, -0.012448225170373917, -0.00831244233995676, -0.008737107738852501, -0.009266985580325127, -0.0011111223138868809, -0.012795459479093552], "(3, 8, 1, 2)": [0.005081718787550926, 0.005339036229997873, 0.0041910260915756226, 0.0, 0.006188052706420422, 0.005460229702293873, 0.005347806494683027, 0.0, 0.0, 0.0028671135660260916, 0.005185586400330067], "(3, 8, 2, 2)": [0.016198646277189255, 0.016533974558115005, 0.01671258732676506, 0.014537774957716465, 0.015597582794725895, 0.015020739287137985, 0.0161313284188509, 0.016017839312553406, 0.01685073971748352, 0.016526080667972565, 0.016558129340410233], "(3, 9, 2, 2)": [0.006774235516786575, 0.007385130971670151, 0.00853519607335329, 0.004532376304268837, 0.01019731629639864, -0.006272051017731428, 0.011382290162146091, 0.010649939998984337, -0.00374871795065701, 0.005692345555871725, -0.00022600428201258183], "(2, 8, 2, 1)": [0.0, 0.007937776856124401, 0.0054002078250050545, 0.0, 0.0, 0.012614130973815918, 0.0, 0.005248573608696461, 0.005375990644097328, 0.015870533883571625, 0.008902465924620628], "(3, 3, 2, 2)": [0.017374083399772644, 0.01621927320957184, 0.016576848924160004, 0.017261698842048645, 0.018409892916679382, 0.016803421080112457, 0.0163867324590683, 0.017547301948070526, 0.0188994612544775, 0.018484430387616158, 0.015376790426671505], "(3, 3, 1, 2)": [0.004974941723048687, 0.005143778398633003, 0.0, 0.0049776798114180565, 0.0, 0.0036176659632474184, 0.0, 0.011961198411881924, 0.0, 0.002854453632608056, 0.005334584042429924], "(3, 4, 2, 2)": [0.01810596138238907, 0.017925089225172997, 0.018594272434711456, 0.018985865637660027, 0.01950991153717041, 0.019462525844573975, 0.019749892875552177, 0.018932247534394264, 0.019514339044690132, 0.01885940693318844, 0.019155805930495262], "(3, 5, 2, 2)": [0.018123647198081017, 0.01924748159945011, 0.018785981461405754, 0.018700668588280678, 0.01959262602031231, 0.019177021458745003, 0.01989731937646866, 0.019479040056467056, 0.01933794841170311, 0.01872488670051098, 0.018062887713313103], "(3, 6, 2, 2)": [0.019277632236480713, 0.019620025530457497, 0.01782803423702717, 0.016683757305145264, 0.018925968557596207, 0.01957431621849537, 0.01939142681658268, 0.019517453387379646, 0.019350741058588028, 0.0180677380412817, 0.01697886921465397], "(3, 7, 2, 2)": [0.017646467313170433, 0.018100682646036148, 0.017969029024243355, 0.01798170618712902, 0.016119305044412613, 0.018250389024615288, 0.017984436824917793, 0.017771709710359573, 0.019066039472818375, 0.018198825418949127, 0.017982738092541695], "(3, 7, 1, 1)": [0.015780514106154442, 0.015702852979302406, 0.01414669118821621, 0.015959028154611588, 0.012918937020003796, 0.014215681701898575, 0.018390178680419922, 0.014002581126987934, 0.01480602566152811, 0.011759428307414055, 0.016107385978102684], "(3, 6, 1, 1)": [0.018043285235762596, 0.017247984185814857, 0.014520343393087387, 0.015536371618509293, 0.016699081286787987, 0.014577613212168217, 0.014250656589865685, 0.014646325260400772, 0.017734145745635033, 0.014468519948422909, 0.019201133400201797], "(3, 7, 1, 2)": [0.0037540821358561516, 0.005370751954615116, 0.005360250826925039, 0.017086349427700043, 0.0, 0.0, 0.011371606960892677, 0.012311263009905815, 0.005562169477343559, 0.008625980466604233, 0.005563946440815926], "(3, 9, 1, 2)": [0.0052123479545116425, 0.0, 0.0, 0.004945911001414061, 0.003593339817598462, 0.008914084173738956, 0.004940905142575502, 0.0, 0.013163082301616669, 0.007679020054638386, 0.0], "(3, 10, 2, 2)": [-0.010414565913379192, -0.009791377000510693, -0.008251918479800224, -0.008988616056740284, -0.008809802122414112, -0.010402552783489227, -0.007947973906993866, -0.012655500322580338, -0.009360576048493385, -0.009668192826211452, -0.008495191112160683], "(3, 10, 1, 2)": [0.0, 0.00248396722599864, 0.010726689361035824, 0.0, 0.004977515898644924, 0.002852700650691986, 0.0, 0.0, 0.0, 0.0, -0.004313037730753422], "(3, 10, 1, 1)": [0.0, 0.007255335338413715, 0.002512044506147504, 0.0, 0.0, 0.0, 0.0, 0.0, 0.0025301179848611355, 0.0, 0.0], "(3, 9, 1, 1)": [0.01398459728807211, 0.010085830464959145, 0.009500391781330109, 0.006478963885456324, 0.01576251909136772, 0.003898432245478034, 0.004544754512608051, 0.008705927059054375, 0.0050281947478652, 0.008034192025661469, 0.012696700170636177], "(3, 6, 1, 2)": [0.0053747654892504215, 0.009558893740177155, 0.00538174482062459, 0.0, 0.0, 0.0, 0.0, 0.0, 0.0, 0.005874802358448505, 0.015839146450161934], "(3, 5, 1, 1)": [0.017082836478948593, 0.01898086816072464, 0.01715935580432415, 0.019584711641073227, 0.01750890165567398, 0.016141148284077644, 0.016721319407224655, 0.01889772340655327, 0.01778576895594597, 0.015717970207333565, 0.01706179417669773], "(2, 4, 1, 1)": [0.018885495141148567, 0.0182749405503273, 0.018932906910777092, 0.01867510937154293, 0.0187872052192688, 0.019054612144827843, 0.018525589257478714, 0.017906885594129562, 0.01900690793991089, 0.01877502351999283, 0.019398488104343414],