{"q_values": {"(2, 6, 1, 1)": [0.003986699506640434, 0.00791716342791915, 0.007476438768208027, 0.0039788889698684216, 0.002137719187885523, 0.01197399478405714, 0.0029984539141878486, 0.005396170075982809, 0.005215237615630031, 0.005695231258869171, 0.003918461035937071], "(2, 6, 2, 2)": [0.005901506985537708, 0.004562529502436519, 0.0062631042674183846, 0.00832977145910263, 0.007325123995542526, 0.005618354305624962, 0.007592054782435298, 0.009402326541021466, 0.011969225015491247, 0.005829163594171405, 0.0065183439292013645], "(2, 7, 2, 2)": [0.005195934616494924, 0.002937614801339805, 0.002855252008885145, 0.00404684292152524, 0.006594259291887283, 0.004471905645914376, 0.00547969457693398, 0.006371897645294666, 0.005735158687457442, 0.009626675164327025, 0.006916436832398176], "(2, 8, 2, 2)": [0.007646045181900263, 0.008283637929707766, 0.01060401275753975, 0.008615332655608654, 0.006046198075637221, 0.0081324209459126, 0.01410773303359747, 0.004701965837739408, 0.008514495100826025, 0.011206804309040308, 0.005567923188209534], "(2, 9, 2, 2)": [0.0059279790148139, 0.004016421036794782, 0.005640484159812331, 0.004885405767709017, 0.0048950291238725185, 0.001945482799783349, 0.006541652139276266, 0.004002382513135672, 0.00539954612031579, 0.006913785357028246, 0.003985640360042453], "(2, 10, 2, 2)": [-0.00216560997068882, -0.0019855753052979708, 0.0, -0.003446373506449163, 0.0, -0.0021882622968405485, -0.0038503631949424744, -0.00800098734907806, -0.0021923144813627005, -0.002036884892731905, -0.004320386564359069], "(2, 1, 2, 2)": [0.0, 0.0, 0.0, 0.0, 0.0, 0.0, 0.0, 0.0015936316922307014, 0.0, 0.0, 0.0], "(2, 2, 2, 2)": [0.0027669580886140466, 0.004251024220138788, 0.0019147578859701753, 0.005432263656985015, 0.0037236043717712164, 0.0008950996561907232, 0.0, 0.0052465638145804405, 0.007297137752175331, 0.0047356352442875504, 0.010324872098863125], "(2, 3, 2, 2)": [0.004663933883421123, 0.006237261462956667, 0.0010458355536684394, 0.0038066935958340764, 0.0049393451190553606, 0.006104084197431803, 0.009097392205148935, 0.004922385443933308, 0.006383661180734634, 0.005427043419331312, 0.002024230780079961], "(3, 3, 2, 2)": [0.006686867214739323, 0.004354458011221141, 0.004476164234802127, 0.00636247405782342, 0.005179214524105191, 0.006303939619101584, 0.004778699483722448, 0.0036018493119627237, 0.004410995403304696, 0.003752517164684832, 0.00548266782425344], "(3, 4, 2, 2)": [0.0036279784981161356, 0.007260567741468549, 0.007773652207106352, 0.005532802548259497, 0.005511852679774165, 0.003362680785357952, 0.00782345375046134, 0.004102665465325117, 0.004864430520683527, 0.007118320325389504, 0.0055773097556084394], "(3, 4, 2, 1)": [0.0011551643256098032, 0.003938735695555806, 0.000971038534771651, 0.002000299282371998, 0.0037578458432108164, 0.0019889172399416566, 0.0018457863479852676, 0.0030347133288159966, 0.006018445827066898, 0.0037326961755752563, 0.0019477743771858513], "(3, 3, 2, 1)": [0.00496856274548918, 0.0018362451810389757, 0.0018236557953059673, 0.0009384528966620564, 0.004744336882140487, 0.0027385340072214603, 0.006512568332254887, 0.0032859896309673786, 0.004070877563208342, 0.003738766419701278, 0.0036932671209797263], "(3, 3, 1, 1)": [0.005091611645184457, 0.005350953200832009, 0.006530604092404246, 0.001811075839214027, 0.0068420409224927425, 0.005995728308334947, 0.006931038573384285, 0.0020980937406420708, 0.0046017857966944575, 0.0060730366967618465, 0.0028288758476264775], "(3, 2, 1, 1)": [0.0033199290046468377, 0.0049276528880000114, 0.0011772031430155039, 0.0078791833948344, 0.005905775586143136, 0.005041377618908882, 0.009072679094970226, 0.002760596922598779, 0.007296927738934755, 0.0055787761230021715, 0.004146252758800983], "(3, 8, 1, 2)": [0.003756474587135017, 0.0, 0.0033254544250667095, 0.0, 0.0027721854276023805, 0.0026326896622776985, 0.002849455806426704, 0.0025295389350503683, 0.0050815531285479665, 0.0019418664742261171, 0.0025385513436049223], "(3, 7, 1, 1)": [0.0038957061478868127, 0.0018661736976355314, 0.002633795840665698, 0.0029056519269943237, 0.004567135474644601, 0.008895082166418433, 0.0029694291297346354, 0.005570664536207914, 0.00333525356836617, 0.0019661716651171446, 0.004172549874056131], "(3, 6, 1, 1)": [0.004663295461796224, 0.0039573959074914455, 0.0050317528657615185, 0.003742912784218788, 0.004973080707713962, 0.0075003160163760185, 0.010685749351978302, 0.0027059540152549744, 0.006932039279490709, 0.0029468428110703826, 0.0057600634172558784], "(3, 6, 2, 2)": [0.012093224562704563, 0.01073303259909153, 0.009786146692931652, 0.0070487079210579395, 0.00302758754696697, 0.007941567106172442, 0.005970356287434697, 0.007832007948309183, 0.004125029314309359, 0.009229370625689626, 0.007571044261567295], "(3, 6, 1, 2)": [0.0, 0.0, 0.0009993970161303878, 0.002386308740824461, 0.0012206395622342825, 0.0, 0.0, 0.001053760526701808, 0.0, 0.004109455039724708, 0.0012340386165305972], "(3, 5, 1, 1)": [0.009265020955353975, 0.008678986690938473, 0.008297808468341827, 0.001093238708563149, 0.008778023067861795, 0.006443234626203775, 0.008956617908552289, 0.005536492681130767, 0.011547010857611895, 0.008688545785844326, 0.004700708552263677], "(3, 4, 1, 1)": [0.005852097878232598, 0.007316988194361329, 0.007363413460552692, 0.007892530644312501, 0.0029387619579210877, 0.006731906905770302, 0.003011673456057906, 0.003833620110526681, 0.0038623883156105876, 0.0062083592638373375, 0.00769381457939744], "(2, 4, 1, 1)": [0.014177663717418909, 0.006093433825299144, 0.005057511851191521, 0.0049869625945575535, 0.00860578566789627, 0.008174404501914978, 0.005551941925659776, 0.008182951714843512, 0.00746570760384202, 0.0033166900975629687, 0.004060195060446858], "(2, 3, 1, 1)": [0.009056875016540289, 0.007555088028311729, 0.007488659117370844, 0.01146940840408206, 0.008233285043388605, 0.006827112287282944, 0.0027540092705748975, 0.006288675824180245, 0.005659588146954775, 0.005859854398295283, 0.008767255349084735], "(2, 2, 1, 1)": [0.005357558839023113, 0.0013554884353652596, -0.0008788667619228363, 0.00552035984583199, 0.005778866121545434, 0.0045508204493671656, 0.003286861814558506, 0.004612943506799638, 0.006822132505476475, 0.005911082029342651, 0.007665482349693775], "(3, 3, 1, 2)": [0.0, 0.0028756356332451105, 0.0, 0.0, 0.0, 0.0, 0.0, 0.001055401167832315, 0.0, 0.0, 0.0], "(2, 2, 2, 1)": [0.0026899249642156065, 0.0020061290124431252, 0.0015984055353328586, 0.0009010931826196611, 0.0, 0.0025398844154551625, 0.005015472881495953, 0.0036283376393839717, 0.004587639938108623, 0.000944312836509198, 0.001899697643239051], "(2, 1, 1, 1)": [-0.004159926436841488, -0.002189098158851266, -0.004082405939698219, -0.0021868213079869747, -0.002671866212040186, -0.0021915507968515158, -0.002200742543209344, -0.00790826277807355, -0.004152077715843916, -0.004133499693125486, -0.0021831407211720943], "(3, 7, 2, 2)": [0.0072668553330004215, 0.006028742995113134, 0.010067725786939263, 0.005604760954156518, 0.010232309345155954, 0.007895725080743432, 0.013931465335190296, 0.00399547116830945, 0.007170852739363909, 0.012583790812641382, 0.008584878407418728], "(3, 8, 2, 2)": [0.011008562985807657, 0.011045071762055159, 0.012887316755950451, 0.009343338198959827, 0.00765831395983696, 0.010656524449586868, 0.006404047599062324, 0.010191123001277447, 0.0068637775257229805, 0.008884947979822755, 0.008050100412219763], "(3, 8, 1, 1)": [0.004142850870266557, 0.0046754388604313135, 0.0030965426703915, 0.0009228925337083638, 0.0028998440830036998, 0.004045442678034306, 0.008819240145385265, 0.00385840714443475, 0.0035564671270549297, 0.0029020020738244057, 0.0026668296195566654], "(3, 9, 2, 2)": [0.01139111677184701, 0.004528209683485329, 0.0025893611018545926, 0.00623835832811892, 0.005296869436278939, 0.005956241162493825, 0.004278595210053027, 0.007295988500118256, 0.00621158885769546, 0.006644911132752895, 0.003984934999607503],