{"q_values": {"(2, 6, 1, 1)": [0.010069728828966618, 0.008932311087846756, 0.011316647753119469, 0.012247608043253422, 0.005854476825334132, 0.02154884859919548, 0.010856642853468657, 0.01349969394505024, 0.011382196564227343, 0.008420658996328712, 0.0070545547641813755], "(2, 6, 2, 2)": [0.006872687372379005, 0.006584127899259329, 0.00867896294221282, 0.009654560126364231, 0.011997030582278967, 0.007711227051913738, 0.011881000827997923, 0.011683698743581772, 0.019206217490136623, 0.010886812582612038, 0.009634166024625301], "(2, 7, 2, 2)": [0.011839258018881083, 0.012569396756589413, 0.010595529805868864, 0.0102131268940866, 0.013102982193231583, 0.01085079275071621, 0.011181232519447803, 0.014298565220087767, 0.01279965229332447, 0.020294317975640297, 0.009269414003938437], "(2, 8, 2, 2)": [0.016014796681702137, 0.014742462430149317, 0.014782729092985392, 0.01625003945082426, 0.011760861612856388, 0.014080156572163105, 0.021854709833860397, 0.010018026689067483, 0.013127626851201057, 0.01458175340667367, 0.013463588897138834], "(2, 9, 2, 2)": [0.008269818034023046, 0.009617647621780634, 0.013515685219317675, 0.009140133624896407, 0.0073695108294487, 0.003416034858673811, 0.010487366002053022, 0.004972151713445783, 0.004441522061824799, 0.005363573087379336, 0.004550861893221736], "(2, 10, 2, 2)": [-0.00216560997068882, -0.0019855753052979708, -0.0011988802580162883, -0.006428188644349575, 0.0, -0.0021882622968405485, -0.0038503631949424744, -0.008674693992361426, -0.004176964983344078, -0.007640894036740065, -0.006157865980640054], "(2, 1, 2, 2)": [0.0, 0.0, 0.0005318967159837484, 0.0, 0.0, 0.0, 0.0, 0.0015936316922307014, 0.0008367173722945154, 0.0, 0.0011583223240450025], "(2, 2, 2, 2)": [0.0072592932265251875, 0.011130861937999725, 0.0066030602902174, 0.011092833476141095, 0.008426011074334383, 0.010547418147325516, 0.006809019483625889, 0.009029897395521402, 0.00810335692949593, 0.007619593758136034, 0.018259353935718536], "(2, 3, 2, 2)": [0.014173020143061876, 0.012733325362205505, 0.007277330616489053, 0.007722513750195503, 0.010167008265852928, 0.011839609127491713, 0.016052583698183298, 0.008175557479262352, 0.008990695932880044, 0.011647870298475027, 0.005099229980260134], "(3, 3, 2, 2)": [0.012129753362387419, 0.007106396835297346, 0.0067113107070326805, 0.00771239073947072, 0.007025596685707569, 0.006303939619101584, 0.007226970512419939, 0.004651119816116989, 0.005356254754588008, 0.004525012685917318, 0.00696483114734292], "(3, 4, 2, 2)": [0.007995362859219313, 0.012388509698212147, 0.01024272944778204, 0.0073346300050616264, 0.007340723183006048, 0.004293428733944893, 0.008776165079325438, 0.004102665465325117, 0.006611383054405451, 0.014813035260885954, 0.009309046436101198], "(3, 4, 2, 1)": [0.0011551643256098032, 0.0050991016905754805, 0.000971038534771651, 0.002000299282371998, 0.004937842721119523, 0.0038390865083783865, 0.0027041719295084476, 0.0030347133288159966, 0.006887557916343212, 0.005784965585917234, 0.0019477743771858513], "(3, 3, 2, 1)": [0.00496856274548918, 0.0018362451810389757, 0.004851589328609407, 0.0020639776485040784, 0.004744336882140487, 0.0047517395578324795, 0.011795415077358484, 0.0061670762952417135, 0.004806085489690304, 0.003738766419701278, 0.005300034652464092], "(3, 3, 1, 1)": [0.00826805573888123, 0.010374485049396753, 0.009220755659043789, 0.007881665136665106, 0.01713992841541767, 0.011486910283565521, 0.010809246450662613, 0.0072444528341293335, 0.008795206202194095, 0.010276874527335167, 0.006739400792866945], "(3, 2, 1, 1)": [0.005306009203195572, 0.010049537755548954, 0.005222828360274434, 0.011979596223682165, 0.012210637331008911, 0.008094874676316977, 0.018783981911838055, 0.009102220414206386, 0.012100985273718834, 0.01000859634950757, 0.006821061484515667], "(3, 8, 1, 2)": [0.00586863374337554, 0.0023829290876165032, 0.005243019433692098, 0.004911119234748185, 0.006011279067024589, 0.0026326896622776985, 0.004566427553072572, 0.0059149578446522355, 0.008365255664102733, 0.005380247486755252, 0.004762665135785937], "(3, 7, 1, 1)": [0.007797373225912452, 0.007247568340972066, 0.00663058937061578, 0.007466597948223352, 0.008857149630784988, 0.014595818240195513, 0.0029694291297346354, 0.006689792033284903, 0.004795586923137307, 0.006563685601577163, 0.009931865148246288], "(3, 6, 1, 1)": [0.01118721067905426, 0.0076803897973150015, 0.01043288316577673, 0.007435076171532273, 0.012260960415005684, 0.012701388914138079, 0.021723867394030094, 0.009288910310715437, 0.009653190150856972, 0.008008676348254085, 0.010751407127827406], "(3, 6, 2, 2)": [0.019478293135762215, 0.01546592591330409, 0.015158756170421839, 0.011734834406524897, 0.008250605780631304, 0.010382344480603933, 0.012349138502031565, 0.014033437240868807, 0.011927219107747078, 0.014666619710624218, 0.012737273704260588], "(3, 6, 1, 2)": [0.0014633648097515106, 0.0011512695346027613, 0.002523524686694145, 0.0037733291974291205, 0.0012206395622342825, 0.0010953417513519526, 0.0, 0.001053760526701808, 0.0, 0.005170400254428387, 0.002463843673467636], "(3, 5, 1, 1)": [0.013712167739868164, 0.013414471410214901, 0.010368144605308771, 0.007940535200759768, 0.013098263647407293, 0.0129253463819623, 0.01477364869788289, 0.007667080964893103, 0.019664532504975796, 0.012464226223528385, 0.008297231746837497], "(3, 4, 1, 1)": [0.012022608425468206, 0.012655116152018309, 0.009964799974113703, 0.020388358272612095, 0.010024394374340773, 0.01174019742757082, 0.01189439743757248, 0.011059772688895464, 0.0049178083427250385, 0.011984009761363268, 0.012807149440050125], "(2, 4, 1, 1)": [0.020807730965316296, 0.011494383681565523, 0.011562141589820385, 0.012357063125818968, 0.01384805329144001, 0.012107576709240675, 0.011571227572858334, 0.016397878993302584, 0.01025390112772584, 0.008969589602202177, 0.00878129480406642], "(2, 3, 1, 1)": [0.012816992588341236, 0.014443680178374052, 0.014489392749965191, 0.020946520380675793, 0.017297497019171715, 0.016210809350013733, 0.013921463396400213, 0.011577112600207329, 0.01164168631657958, 0.013487277552485466, 0.015158314257860184], "(2, 2, 1, 1)": [0.014064001385122538, 0.006071509909816086, 0.008018448716029525, 0.008681163657456636, 0.009623069781810045, 0.009617011761292815, 0.012051870813593268, 0.010626139119267464, 0.013367703184485435, 0.013144942931830883, 0.017010112293064594], "(3, 3, 1, 2)": [0.0011875726049765944, 0.00401783233974129, 0.0, 0.0, 0.0, 0.0, 0.0, 0.001055401167832315, 0.0010663875145837665, 0.0, 0.0], "(2, 2, 2, 1)": [0.004843107657507062, 0.006571032805368304, 0.007298485143110156, 0.00444196630269289, 0.004647180438041687, 0.0044820914044976234, 0.005015472881495953, 0.010328114265576005, 0.005290475091896951, 0.004517415538430214, 0.004883736837655306], "(2, 1, 1, 1)": [-0.006079757818952203, -0.006054743891581893, -0.007724349154159427, -0.00899539072997868, -0.005869626067578793, -0.009928757790476084, -0.0056453217403031886, -0.009693826083093882, -0.005871826317161322, -0.005490433424711227, -0.004392943345010281], "(3, 7, 2, 2)": [0.010812452994287014, 0.01264365017414093, 0.01647039456292987, 0.010780216194689274, 0.013995516579598188, 0.012691001407802105, 0.023789580911397934, 0.009997289627790451, 0.015098023228347301, 0.01762231532484293, 0.01297472883015871], "(3, 8, 2, 2)": [0.015389539767056704, 0.014079818967729807, 0.02209468837827444, 0.013876202050596476, 0.011820761486887932, 0.017601266503334045, 0.01180992042645812, 0.016556658782064915, 0.01349875284358859, 0.012967247050255537, 0.013356370851397514], "(3, 8, 1, 1)": [0.0051231649704277515, 0.009633521549403667, 0.007239354075863957, 0.0031818212009966373, 0.006142761558294296, 0.009753060527145863, 0.017394714057445526, 0.00800688099116087, 0.008610885357484221, 0.009123593103140593, 0.006024670321494341],