{"q_values": {"(2, 6, 1, 1)": [0.014790901448577642, 0.013311695773154497, 0.019371316768229008, 0.013452627696096897, 0.010009832680225372, 0.028292790986597538, 0.01660872157663107, 0.018117384053766727, 0.01331450417637825, 0.01180713577196002, 0.011873117182403803], "(2, 6, 2, 2)": [0.010765777435153723, 0.012956517282873392, 0.016634000930935144, 0.014189745765179396, 0.015454293694347143, 0.017452118918299675, 0.017771665006875992, 0.01727870013564825, 0.03042464889585972, 0.014742049388587475, 0.01300810743123293], "(2, 7, 2, 2)": [0.015011562965810299, 0.0181460278108716, 0.015915580093860626, 0.011341741308569908, 0.017254446633160114, 0.014399303589016199, 0.015300230123102665, 0.016415446531027555, 0.0161495222710073, 0.028150741010904312, 0.013941982295364141], "(2, 8, 2, 2)": [0.01823411136865616, 0.01605454506352544, 0.0188870532438159, 0.018693787045776844, 0.018244020640850067, 0.01944564748555422, 0.027038363739848137, 0.011987078003585339, 0.01936094556003809, 0.0187661275267601, 0.018537326715886593], "(2, 9, 2, 2)": [0.01314730104058981, 0.012348562013357878, 0.016415758058428764, 0.013173958286643028, 0.012862134724855423, 0.008693844079971313, 0.010677410522475839, 0.012194523122161627, 0.007567706052213907, 0.007500431267544627, 0.008575339801609516], "(2, 10, 2, 2)": [-0.0035731509560719132, -0.0038976348005235195, -0.0029990910552442074, -0.008267719531431794, -0.0028381318552419543, -0.003840930759906769, -0.006633348180912435, -0.011516007827594876, -0.007235147757455707, -0.007640894036740065, -0.006157865980640054], "(2, 1, 2, 2)": [0.0, 0.0, 0.0005318967159837484, 0.0, 0.0, 0.0, 0.0, 0.0015936316922307014, 0.0008367173722945154, 0.0, 0.0011583223240450025], "(2, 2, 2, 2)": [0.008101061917841434, 0.014033787418156862, 0.009333816124126315, 0.012056676903739572, 0.011359503958374262, 0.016664050053805113, 0.010897132568061352, 0.01179984537884593, 0.01647565048187971, 0.011505618691444397, 0.024893260560929775], "(2, 3, 2, 2)": [0.016501123551279306, 0.014147394336760044, 0.01023956574499607, 0.012463298626244068, 0.014365581329911947, 0.01522414293140173, 0.023118749260902405, 0.011181541252881289, 0.013461117167025805, 0.014600819442421198, 0.009280133061110973], "(3, 3, 2, 2)": [0.02189586590975523, 0.012291101273149252, 0.007832668023183942, 0.009395380038768053, 0.00998797919601202, 0.009908486623317003, 0.010178228374570608, 0.009275494609028101, 0.01144804572686553, 0.0080921552143991, 0.009773670230060816], "(3, 4, 2, 2)": [0.011338835582137108, 0.015915189869701862, 0.01515538152307272, 0.008148123510181904, 0.010811237152665854, 0.011377740185707808, 0.013306641485542059, 0.005273620365187526, 0.01290574437007308, 0.022897088900208473, 0.012087013106793165], "(3, 4, 2, 1)": [0.0025585643015801907, 0.007863008882850409, 0.002521658781915903, 0.002000299282371998, 0.004937842721119523, 0.005874935537576675, 0.004892119322903454, 0.0030347133288159966, 0.01084698922932148, 0.0069755669683218, 0.004212564788758755], "(3, 3, 2, 1)": [0.006160093122161925, 0.0018362451810389757, 0.009678277652710676, 0.003577357856556773, 0.006851701473351568, 0.006794174201786518, 0.012930853292346, 0.0061670762952417135, 0.007902536890469491, 0.003738766419701278, 0.0085425921715796], "(3, 3, 1, 1)": [0.015290600247681141, 0.014187297318130732, 0.014457799028605223, 0.013064846862107515, 0.029328971169888973, 0.01994044240564108, 0.020153011195361614, 0.014248781837522984, 0.01684600068256259, 0.016352374106645584, 0.01522623561322689], "(3, 2, 1, 1)": [0.013907568529248238, 0.015437911730259657, 0.010043151676654816, 0.01752931997179985, 0.01392446318641305, 0.01248099422082305, 0.023938077501952648, 0.013441969640552998, 0.012494872324168682, 0.015083739068359137, 0.01807860191911459], "(3, 8, 1, 2)": [0.009162407135590911, 0.0048944284208118916, 0.006605004891753197, 0.0061443711165338755, 0.00875245244242251, 0.004361859522759914, 0.006890957010909915, 0.0059149578446522355, 0.015621550381183624, 0.00672366819344461, 0.008563233772292733], "(3, 7, 1, 1)": [0.01570288883522153, 0.01155081856995821, 0.011649839114397764, 0.013309201691299677, 0.015400492120534182, 0.02584365475922823, 0.006541027454659343, 0.01046562334522605, 0.008304623421281576, 0.010086554568260908, 0.012329888064414263], "(3, 6, 1, 1)": [0.01610153866931796, 0.018646675162017345, 0.017462830990552902, 0.018789718858897686, 0.020362231880426407, 0.018930748105049133, 0.0307400980964303, 0.018584003672003746, 0.018157240003347397, 0.017750032246112823, 0.020763423293828964], "(3, 6, 2, 2)": [0.03179694339632988, 0.023505117744207382, 0.02000696212053299, 0.02326454408466816, 0.018347613513469696, 0.01763471169397235, 0.02310113236308098, 0.02217200957238674, 0.021345755085349083, 0.021969866007566452, 0.020829164423048496], "(3, 6, 1, 2)": [0.0014633648097515106, 0.0011512695346027613, 0.005386291421018541, 0.0037733291974291205, 0.005347593687474728, 0.0030789459124207497, 0.005660974187776446, 0.008340037893503904, 0.004822811461053789, 0.011773564852774143, 0.0052801191341131926], "(3, 5, 1, 1)": [0.020460879430174828, 0.016998279374092817, 0.01992459688335657, 0.014161253347992897, 0.016505260951817036, 0.01497249398380518, 0.016435285564512014, 0.015529575757682323, 0.027063298039138317, 0.01844630530104041, 0.013701699674129486], "(3, 4, 1, 1)": [0.01570744253695011, 0.017803188413381577, 0.016476592049002647, 0.029072551056742668, 0.012067241594195366, 0.016186311841011047, 0.014648028183728456, 0.016761040315032005, 0.010032849851995707, 0.015249751973897219, 0.015214086510241032], "(2, 4, 1, 1)": [0.03024876583367586, 0.017043767496943474, 0.015626573469489813, 0.0175236277282238, 0.01933887228369713, 0.015946861822158098, 0.018285217229276896, 0.020040194503962994, 0.019598559476435184, 0.015752501785755157, 0.013364457059651613], "(2, 3, 1, 1)": [0.01792190410196781, 0.018750140443444252, 0.019172638654708862, 0.026994241401553154, 0.02077106386423111, 0.019048256799578667, 0.01994016207754612, 0.014265841338783503, 0.016219014767557383, 0.015985443256795406, 0.02109566703438759], "(2, 2, 1, 1)": [0.017188047524541616, 0.010903259506449103, 0.011768839787691832, 0.01088620163500309, 0.011854957789182663, 0.012757406802847981, 0.015589450486004353, 0.015303091146051884, 0.015825327951461077, 0.014457357581704855, 0.01918641570955515], "(3, 3, 1, 2)": [0.0011875726049765944, 0.008787604048848152, 0.00144546153023839, 0.0, 0.0011060865363106132, 0.0011692214757204056, 0.0, 0.001055401167832315, 0.0036079458659514785, 0.0, 0.0], "(2, 2, 2, 1)": [0.004843107657507062, 0.00811472162604332, 0.008546649944037199, 0.005941480863839388, 0.007493930170312524, 0.005236258264631033, 0.007735030027106404, 0.014515569433569908, 0.005290475091896951, 0.007831219118088484, 0.006867226446047425], "(2, 1, 1, 1)": [-0.008016427978873253, -0.008644779212772846, -0.012547749560326338, -0.008260167436674237, -0.007014781818725169, -0.013628136832267046, -0.011182425543665886, -0.01101369597017765, -0.007992662722244859, -0.006977930315770209, -0.009342318633571267], "(3, 7, 2, 2)": [0.02176676318049431, 0.01936302613466978, 0.021856628358364105, 0.018867426551878452, 0.020779446698725224, 0.020357160829007626, 0.03244066424667835, 0.02077714167535305, 0.02025505807250738, 0.02408396080136299, 0.02000658493489027], "(3, 8, 2, 2)": [0.019413376227021217, 0.015576668083667755, 0.02840339858084917, 0.0211669048294425, 0.019895754754543304, 0.021998093463480473, 0.021221311762928963, 0.02243171911686659, 0.018632284365594387, 0.018519139848649502, 0.02233740594238043], "(3, 8, 1, 1)": [0.009710284881293774, 0.016732029151171446, 0.013169476762413979, 0.010144609492272139, 0.012320286594331264, 0.015628087799996138, 0.02179069258272648, 0.010548376943916082, 0.012664418667554855, 0.013596709817647934, 0.014891130849719048],