{"q_values": {"(1, 4, 1, 1)": [0.019875887781381607, 0.01986614242196083, 0.019882414489984512, 0.01981857605278492, 0.01987035758793354, 0.01965026557445526, 0.019859064370393753, 0.01982405222952366, 0.019820958375930786, 0.019856790080666542, 0.01966172829270363], "(1, 5, 1, 1)": [0.018759796395897865, 0.018492965027689934, 0.01865391992032528, 0.018683047965168953, 0.01873183622956276, 0.018455203622579575, 0.018707357347011566, 0.018648894503712654, 0.018735069781541824, 0.018793195486068726, 0.018596576526761055], "(1, 6, 1, 1)": [0.005787938833236694, 0.011509193107485771, 0.008098072372376919, 0.010018709115684032, 0.006166668143123388, 0.015976956114172935, 0.012976191937923431, 0.013362878002226353, 0.00954198744148016, 0.012311087921261787, 0.012134015560150146], "(2, 3, 1, 1)": [0.019870195537805557, 0.019604410976171494, 0.019834481179714203, 0.019879097118973732, 0.01985863409936428, 0.019861042499542236, 0.019870368763804436, 0.019823243841528893, 0.019850488752126694, 0.01986829936504364, 0.019852031022310257], "(1, 1, 1, 1)": [0.015801334753632545, -0.008096692152321339, 0.007166645955294371, 0.012263190001249313, 0.012081585824489594, 0.01494214590638876, 0.008175866678357124, 0.01071971282362938, 0.01612984947860241, 0.009956557303667068, 0.003463996108621359], "(1, 2, 1, 1)": [0.018707603216171265, 0.01893683336675167, 0.01846075803041458, 0.018783187493681908, 0.018394678831100464, 0.01884222961962223, 0.018948450684547424, 0.018673241138458252, 0.01884053274989128, 0.01885239966213703, 0.018526995554566383], "(2, 2, 1, 1)": [0.01851610466837883, 0.018787462264299393, 0.018748337402939796, 0.018995849415659904, 0.018931832164525986, 0.018924221396446228, 0.018460163846611977, 0.018930859863758087, 0.018783124163746834, 0.019012155011296272, 0.019007088616490364], "(2, 1, 1, 1)": [0.009458476677536964, 0.011638792231678963, 0.01108931191265583, 0.01664707250893116, -0.0025014132261276245, 0.01557379961013794, 0.003649285063147545, 0.0019574416801333427, 0.015360256657004356, 0.01596258021891117, 0.009561210870742798], "(2, 5, 1, 1)": [0.01777913235127926, 0.018757151439785957, 0.0178600512444973, 0.018792234361171722, 0.01867865025997162, 0.018549218773841858, 0.01812196522951126, 0.017837299033999443, 0.018727269023656845, 0.018457824364304543, 0.018548568710684776], "(2, 6, 1, 1)": [0.007065027020871639, 0.005629312247037888, 0.008227737620472908, 0.008742984384298325, 0.004089548718184233, 0.01030539907515049, 0.013375063426792622, 0.007359481416642666, 0.004175799433141947, 0.012646650895476341, 0.0033571613021194935], "(2, 4, 1, 1)": [0.01978328824043274, 0.019737863913178444, 0.019639456644654274, 0.01952246204018593, 0.019737718626856804, 0.019635001197457314, 0.0197119303047657, 0.01980605348944664, 0.019695278257131577, 0.019762929528951645, 0.01983340084552765], "(1, 3, 1, 1)": [0.019757939502596855, 0.019866453483700752, 0.019861040636897087, 0.019692452624440193, 0.019882570952177048, 0.019881688058376312, 0.01992225833237171, 0.019910696893930435, 0.019651593640446663, 0.019884910434484482, 0.019889051094651222]}}