{"q_values": {"(1, 4, 1, 1)": [0.010888585820794106, 0.019828222692012787, 0.01978769525885582, 0.016709374263882637, 0.019666539505124092, 0.019148217514157295, 0.019576413556933403, 0.01958833448588848, 0.01978922262787819, 0.019673289731144905, 0.01956915482878685], "(1, 5, 1, 1)": [0.0076269228011369705, 0.019314691424369812, 0.008305366151034832, 0.012464465573430061, 0.0145505890250206, 0.011271378956735134, 0.012145040556788445, 0.015811745077371597, 0.015549746342003345, 0.01431368663907051, 0.01404813677072525], "(1, 6, 1, 1)": [-0.001096600666642189, 0.018190104514360428, 0.00046853069216012955, 0.000904617365449667, -0.00045458367094397545, 0.0008606724441051483, 0.0027156223077327013, 0.004337850958108902, 0.0033020449336618185, 0.0007954668253660202, 0.0035402814392000437], "(2, 3, 1, 1)": [0.019323160871863365, 0.018736256286501884, 0.018432393670082092, 0.01876855082809925, 0.018973667174577713, 0.01879318244755268, 0.016778884455561638, 0.01085182186216116, 0.013448188081383705, 0.012231536209583282, 0.015276852063834667], "(1, 1, 1, 1)": [-0.007189927622675896, -0.0050732591189444065, -0.0019168914295732975, -0.00013430416584014893, -0.005754882004112005, -0.006844957359135151, -0.0025278788525611162, -0.003902770346030593, -0.0037820134311914444, 0.005654188804328442, -0.001432647928595543], "(1, 2, 1, 1)": [0.014043033123016357, 0.015461558476090431, 0.014960814267396927, 0.01573057472705841, 0.015759717673063278, 0.014233261346817017, 0.015196816995739937, 0.016677049919962883, 0.01580527424812317, 0.017439715564250946, 0.015731411054730415], "(2, 2, 1, 1)": [0.016759589314460754, 0.015504290349781513, 0.013438113033771515, 0.011670045554637909, 0.012247633188962936, 0.0092497318983078, 0.009270784445106983, 0.011346841230988503, 0.008987458422780037, 0.012277590110898018, 0.01252518966794014], "(2, 1, 1, 1)": [-0.008660519495606422, 0.00026502925902605057, -0.0014209963846951723, -0.0007771262899041176, -0.0059319972060620785, 0.003456765552982688, -0.0020328713580965996, 0.0038768728263676167, -0.002605175133794546, -0.0012288116849958897, 0.0039376323111355305], "(2, 5, 1, 1)": [0.019397232681512833, 0.013882989063858986, 0.017140932381153107, 0.016259606927633286, 0.016326582059264183, 0.016001064330339432, 0.013993778266012669, 0.014231963083148003, 0.01816992647945881, 0.016259046271443367, 0.015806540846824646], "(2, 6, 1, 1)": [-0.007473617792129517, -0.004323222674429417, -0.006873073522001505, -0.006052929442375898, -0.006389755755662918, -0.006657914724200964, 0.00011392682790756226, -0.001146887894719839, -0.007825945504009724, -0.0042094215750694275, -0.008808525279164314], "(2, 4, 1, 1)": [0.019773071631789207, 0.015514450147747993, 0.015229525044560432, 0.019603488966822624, 0.01822645217180252, 0.01965237781405449, 0.019567491486668587, 0.019532551988959312, 0.019695360213518143, 0.01956217922270298, 0.019701479002833366], "(1, 3, 1, 1)": [0.01855047419667244, 0.019104676321148872, 0.019177217036485672, 0.019145503640174866, 0.019006934016942978, 0.019222989678382874, 0.01906612329185009, 0.019133644178509712, 0.019181476905941963, 0.019205575808882713, 0.018388688564300537]}}