{"q_values": {"(1, 4, 1, 1)": [0.013422840274870396, 0.013708915561437607, 0.019048381596803665, 0.018741995096206665, 0.017460007220506668, 0.01864532008767128, 0.01895914599299431, 0.01867978274822235, 0.015130490995943546, 0.01868598908185959, 0.018518412485718727], "(1, 5, 1, 1)": [0.01277256477624178, 0.010407020337879658, 0.008305366151034832, 0.011222613975405693, 0.013646632432937622, 0.00637894868850708, 0.009038317948579788, 0.014234073460102081, 0.014040273614227772, 0.01468280702829361, 0.014346988871693611], "(1, 6, 1, 1)": [-0.0022889901883900166, 0.0012141764163970947, 0.0013299128040671349, -0.003345660399645567, -0.004402137361466885, -0.00486955838277936, -0.00048037106171250343, -0.005498139187693596, -0.002476319670677185, -0.0021604178473353386, -7.322151213884354e-05], "(2, 3, 1, 1)": [0.018147997558116913, 0.018725670874118805, 0.01823657937347889, 0.015750287100672722, 0.015204506926238537, 0.015281923115253448, 0.013512060977518559, 0.013583900406956673, 0.01998632587492466, 0.012231536209583282, 0.017455952242016792], "(1, 1, 1, 1)": [-0.009271584451198578, -0.00587839912623167, -0.006900826469063759, -0.007205397356301546, -0.01053408719599247, -0.006889724172651768, -0.0068967463448643684, -0.006203121971338987, -0.006251130253076553, -0.002481082919985056, 0.013458739966154099], "(1, 2, 1, 1)": [0.013420777395367622, 0.01426234282553196, 0.013337754644453526, 0.01427962351590395, 0.013347850181162357, 0.013562540523707867, 0.013899119570851326, 0.013619004748761654, 0.018413089215755463, 0.01287209801375866, 0.014217080548405647], "(2, 2, 1, 1)": [0.01300274208188057, 0.01380307599902153, 0.013409934006631374, 0.009105865843594074, 0.016472764313220978, 0.00926834624260664, 0.012459060177206993, 0.013498591259121895, 0.012211703695356846, 0.010321398265659809, 0.00970185175538063], "(2, 1, 1, 1)": [-0.0045199766755104065, -0.0026666726917028427, -0.004183333367109299, -0.0023115407675504684, -0.0028163092210888863, -0.0015191622078418732, 0.0027258493937551975, -0.004498600959777832, -0.002605175133794546, -0.0022188755683600903, -0.0015936722047626972], "(2, 5, 1, 1)": [0.015036404132843018, 0.01537172682583332, 0.019193826243281364, 0.015216434374451637, 0.014253594912588596, 0.014925363473594189, 0.013993778266012669, 0.013271578587591648, 0.015299929305911064, 0.014393039979040623, 0.01493045687675476], "(2, 6, 1, 1)": [-0.007473617792129517, 0.0032521402463316917, -0.006873073522001505, -0.006052929442375898, -0.006389755755662918, -0.006657914724200964, -0.006469186395406723, -0.004756982438266277, -0.007825945504009724, -0.006647120229899883, -0.0064498260617256165], "(2, 4, 1, 1)": [0.010256066918373108, 0.017712172120809555, 0.019396770745515823, 0.01932099275290966, 0.01944437436759472, 0.019435124471783638, 0.01931038498878479, 0.019550248980522156, 0.019044559448957443, 0.019278347492218018, 0.01933390088379383], "(1, 3, 1, 1)": [0.01865873672068119, 0.018679926171898842, 0.019485363736748695, 0.01898261532187462, 0.01914745755493641, 0.01917772926390171, 0.019050491973757744, 0.01896095462143421, 0.018746433779597282, 0.019321279600262642, 0.018842123448848724]}}