{"q_values": {"(1, 4, 1, 1)": [0.01955002173781395, 0.01828012615442276, 0.019644448533654213, 0.019615771248936653, 0.01964799501001835, 0.019534744322299957, 0.019484026357531548, 0.019690094515681267, 0.019664229825139046, 0.019708072766661644, 0.01970970630645752], "(1, 5, 1, 1)": [0.018428517505526543, 0.01844547688961029, 0.012463804334402084, 0.01277542021125555, 0.018301615491509438, 0.018424103036522865, 0.01835777424275875, 0.017395583912730217, 0.01734575256705284, 0.018008731305599213, 0.018242934718728065], "(1, 6, 1, 1)": [0.008796846494078636, 0.011995028704404831, 0.00638376222923398, 0.008327248506247997, 0.011764896102249622, 0.005769446957856417, 0.0029964111745357513, 0.007827045395970345, 0.008285712450742722, 0.010602714493870735, 0.009227106347680092], "(2, 3, 1, 1)": [0.019725367426872253, 0.01966046541929245, 0.019689060747623444, 0.01979253813624382, 0.019701562821865082, 0.019622771069407463, 0.019386401399970055, 0.019658951088786125, 0.019756430760025978, 0.019970590248703957, 0.019651275128126144], "(1, 1, 1, 1)": [0.010219071991741657, 0.008873853832483292, 0.0038116183131933212, 0.006238170899450779, 0.004936858545988798, 0.006160566583275795, 0.00968776736408472, 0.007944868877530098, 0.004423585720360279, 0.008539712987840176, 0.0008961227722465992], "(1, 2, 1, 1)": [0.017178863286972046, 0.017153656110167503, 0.018150441348552704, 0.018278269097208977, 0.017963537946343422, 0.01787123829126358, 0.01719459518790245, 0.017989328131079674, 0.018450338393449783, 0.017636636272072792, 0.017884768545627594], "(2, 2, 1, 1)": [0.018626511096954346, 0.018572945147752762, 0.012454329058527946, 0.01842004992067814, 0.01867981255054474, 0.018888050690293312, 0.018403155729174614, 0.018193352967500687, 0.017366277053952217, 0.018058136105537415, 0.019453825429081917], "(2, 1, 1, 1)": [0.014224676415324211, 0.0057395328767597675, 0.006741680204868317, -0.0001453622244298458, -0.003332044929265976, 0.010329345241189003, 0.009614232927560806, 0.009564388543367386, 0.007773147895932198, 0.006726574618369341, 0.01761014200747013], "(2, 5, 1, 1)": [0.01746148057281971, 0.017280085012316704, 0.019085228443145752, 0.017365658655762672, 0.01871582679450512, 0.018054595217108727, 0.017906107008457184, 0.01844489946961403, 0.018348120152950287, 0.01841484010219574, 0.01787647046148777], "(2, 6, 1, 1)": [0.003611861728131771, 0.006987260654568672, 0.006900317035615444, 0.004068830516189337, 0.002697677817195654, 0.006585448980331421, 0.0042639668099582195, 0.005364465527236462, 0.0034320661798119545, 0.005898901727050543, 0.003318408504128456], "(2, 4, 1, 1)": [0.019542943686246872, 0.019655195996165276, 0.010979965329170227, 0.019805539399385452, 0.019895097240805626, 0.019663803279399872, 0.019442711025476456, 0.019644834101200104, 0.019738811999559402, 0.01959911361336708, 0.019707318395376205], "(1, 3, 1, 1)": [0.01985987462103367, 0.019697653129696846, 0.019877968356013298, 0.019578171893954277, 0.019869960844516754, 0.019837072119116783, 0.019834406673908234, 0.019848451018333435, 0.019607048481702805, 0.019953511655330658, 0.01989562436938286]}}