{"q_values": {"(1, 4, 1, 1)": [0.019811416044831276, 0.019813254475593567, 0.019544808194041252, 0.01991310343146324, 0.019892260432243347, 0.019885629415512085, 0.019765129312872887, 0.019882747903466225, 0.019680500030517578, 0.01977561227977276, 0.019804641604423523], "(1, 5, 1, 1)": [0.01905204728245735, 0.018894080072641373, 0.018973901867866516, 0.019110925495624542, 0.01898035779595375, 0.019242750480771065, 0.018618807196617126, 0.017283828929066658, 0.018892189487814903, 0.019008692353963852, 0.018339475616812706], "(1, 6, 1, 1)": [0.010610921308398247, 0.007747518830001354, 0.01492837443947792, 0.014033611863851547, 0.008373446762561798, 0.009572818875312805, 0.012393916957080364, 0.014390440657734871, 0.011384187266230583, 0.014757782220840454, 0.01275941263884306], "(2, 3, 1, 1)": [0.019815299659967422, 0.019706789404153824, 0.019725162535905838, 0.019733691588044167, 0.019763872027397156, 0.0195601899176836, 0.019728755578398705, 0.019788643345236778, 0.019782204180955887, 0.019886672496795654, 0.019749216735363007], "(1, 1, 1, 1)": [0.006142256781458855, 0.005892565939575434, 0.006581184454262257, 0.004105730913579464, 0.005683521274477243, 0.007417536340653896, 0.004836561623960733, 0.0014080749824643135, 0.0031054909341037273, 0.0014927536249160767, 0.0025002113543450832], "(1, 2, 1, 1)": [0.01868169941008091, 0.018288811668753624, 0.017375357449054718, 0.017234787344932556, 0.01835160329937935, 0.01846097968518734, 0.018591927364468575, 0.01800226792693138, 0.01836262084543705, 0.01814904436469078, 0.017419785261154175], "(2, 2, 1, 1)": [0.01866530068218708, 0.01886329986155033, 0.01889515109360218, 0.018248900771141052, 0.01886069029569626, 0.018787436187267303, 0.018404297530651093, 0.0190180204808712, 0.018988383933901787, 0.019001297652721405, 0.019277341663837433], "(2, 1, 1, 1)": [0.004278970416635275, -0.0032851588912308216, 0.010803470388054848, 0.004093308933079243, 0.011819434352219105, 0.004896998405456543, 0.0069062719121575356, 0.007325564045459032, 0.014169945381581783, 0.008870694786310196, 0.007574738003313541], "(2, 5, 1, 1)": [0.0184626467525959, 0.018758665770292282, 0.01892085000872612, 0.018584229052066803, 0.01827332004904747, 0.018532415851950645, 0.018399598076939583, 0.018220428377389908, 0.01828138716518879, 0.018472820520401, 0.018011070787906647], "(2, 6, 1, 1)": [0.008714547380805016, 0.015422690659761429, 0.01686505414545536, 0.013120359741151333, 0.006874435115605593, 0.014407782815396786, 0.011541387997567654, 0.008166776038706303, 0.013162215240299702, 0.010912535712122917, 0.006677502766251564], "(2, 4, 1, 1)": [0.019880404695868492, 0.01987590827047825, 0.01987554132938385, 0.01985079236328602, 0.019834771752357483, 0.01984742283821106, 0.019862817600369453, 0.019871190190315247, 0.01982191577553749, 0.019845208153128624, 0.019486038014292717], "(1, 3, 1, 1)": [0.019602155312895775, 0.01978128030896187, 0.019815431907773018, 0.019622517749667168, 0.019795497879385948, 0.019819455221295357, 0.01963391713798046, 0.019709549844264984, 0.01977899856865406, 0.01977449655532837, 0.01979454793035984]}}