{"q_values": {"(1, 4, 1, 1)": [0.010888585820794106, 0.019500354304909706, 0.019893333315849304, 0.016709374263882637, 0.01954205147922039, 0.018806053325533867, 0.01964227855205536, 0.019416579976677895, 0.01975686475634575, 0.019550904631614685, 0.019755776971578598], "(1, 5, 1, 1)": [0.0076269228011369705, 0.01946614310145378, 0.008305366151034832, 0.012464465573430061, 0.0145505890250206, 0.011271378956735134, 0.009191430173814297, 0.015811745077371597, 0.015549746342003345, 0.01431368663907051, 0.01404813677072525], "(1, 6, 1, 1)": [-0.001096600666642189, 0.018096381798386574, 0.00046853069216012955, 0.000904617365449667, -0.00045458367094397545, 0.0008606724441051483, 0.0027156223077327013, 0.004337850958108902, 0.0033020449336618185, 0.0007954668253660202, 0.0035402814392000437], "(2, 3, 1, 1)": [0.018788183107972145, 0.0191844142973423, 0.017950890585780144, 0.01880345307290554, 0.0187919232994318, 0.017648395150899887, 0.018852848559617996, 0.018898382782936096, 0.018808873370289803, 0.018826056271791458, 0.018766509369015694], "(1, 1, 1, 1)": [-0.007189927622675896, -0.0050732591189444065, -0.0019168914295732975, -0.0068627274595201015, 0.0007240874692797661, -0.006844957359135151, -0.0025278788525611162, -0.003902770346030593, -0.0037820134311914444, -0.0018234974704682827, -0.002877231687307358], "(1, 2, 1, 1)": [0.014043033123016357, 0.014336271211504936, 0.015376733615994453, 0.014231809414923191, 0.01564774289727211, 0.014233261346817017, 0.013791355304419994, 0.015527699142694473, 0.01445354986935854, 0.014596277847886086, 0.015934813767671585], "(2, 2, 1, 1)": [0.012683968059718609, 0.012849226593971252, 0.012856041081249714, 0.017562370747327805, 0.009152011945843697, 0.01196609903126955, 0.013213789090514183, 0.011346841230988503, 0.012083427049219608, 0.009853648953139782, 0.010057784616947174], "(2, 1, 1, 1)": [-0.008660519495606422, -0.0046050650998950005, -0.003164885099977255, -0.004484729841351509, -0.0059319972060620785, -0.0033534958492964506, -0.0040528359822928905, -0.0034286314621567726, 0.005272187292575836, 0.001467457041144371, 0.0005133356899023056], "(2, 5, 1, 1)": [0.01937001384794712, 0.013882989063858986, 0.017140932381153107, 0.016259606927633286, 0.016326582059264183, 0.016001064330339432, 0.013993778266012669, 0.014231963083148003, 0.01816992647945881, 0.016259046271443367, 0.015806540846824646], "(2, 6, 1, 1)": [-0.007473617792129517, -0.004323222674429417, -0.006873073522001505, -0.006052929442375898, -0.006389755755662918, -0.006657914724200964, 0.00010738801211118698, -0.005483713932335377, -0.007825945504009724, -0.0008506565354764462, -0.008808525279164314], "(2, 4, 1, 1)": [0.01986500807106495, 0.010870793834328651, 0.015229525044560432, 0.019603488966822624, 0.016474170610308647, 0.019602404907345772, 0.019567491486668587, 0.019532551988959312, 0.019601719453930855, 0.01956217922270298, 0.019595934078097343], "(1, 3, 1, 1)": [0.01855047419667244, 0.01933244988322258, 0.018710125237703323, 0.019518282264471054, 0.019456401467323303, 0.01899062842130661, 0.019237592816352844, 0.019607052206993103, 0.019778477028012276, 0.018854258581995964, 0.016738640144467354]}}