{"q_values": {"(1, 4, 1, 1)": [0.01983475312590599, 0.019675886258482933, 0.019837141036987305, 0.019696153700351715, 0.019770970568060875, 0.019866731017827988, 0.01979203335940838, 0.01976344920694828, 0.019586525857448578, 0.01968797855079174, 0.01976868137717247], "(1, 5, 1, 1)": [0.01874430477619171, 0.018888751044869423, 0.01858588121831417, 0.018863901495933533, 0.01818741485476494, 0.018743129447102547, 0.01814095675945282, 0.018647000193595886, 0.0185330081731081, 0.018182508647441864, 0.01840396225452423], "(1, 6, 1, 1)": [0.004183609038591385, 0.015125906094908714, 0.013215817511081696, 0.006820804439485073, 0.015049735084176064, 0.01668628491461277, 0.012684113346040249, 0.007741406559944153, -0.0015452578663825989, 0.01386660523712635, 0.009390647523105145], "(2, 3, 1, 1)": [0.01949491538107395, 0.019765496253967285, 0.019702285528182983, 0.019690709188580513, 0.019786598160862923, 0.019594989717006683, 0.019786277785897255, 0.019769614562392235, 0.019778747111558914, 0.019781367853283882, 0.01977703906595707], "(1, 1, 1, 1)": [0.0067920261062681675, 0.011032518930733204, -0.0009944443590939045, 0.01585356704890728, 0.0035309847444295883, 0.010561863891780376, 0.010957212187349796, 0.008237278088927269, 0.008456527255475521, 0.015953660011291504, 0.013885468244552612], "(1, 2, 1, 1)": [0.018405910581350327, 0.018523579463362694, 0.01873723603785038, 0.018232397735118866, 0.01852457784116268, 0.01825280301272869, 0.01857348345220089, 0.0186977107077837, 0.01870122179389, 0.018605420365929604, 0.018514597788453102], "(2, 2, 1, 1)": [0.018635453656315804, 0.01861150562763214, 0.018347391858696938, 0.01873921789228916, 0.01856546476483345, 0.018600009381771088, 0.01849842444062233, 0.018621593713760376, 0.018631184473633766, 0.018648523837327957, 0.018607843667268753], "(2, 1, 1, 1)": [0.007732653059065342, 0.009113838896155357, 0.01719328761100769, 0.00022534746676683426, 0.01741969585418701, 0.016816187649965286, 0.006721982266753912, 0.01698523759841919, 0.015376036986708641, 0.015180859714746475, 0.01649630255997181], "(2, 5, 1, 1)": [0.018897300586104393, 0.018599217757582664, 0.018593180924654007, 0.018774311989545822, 0.01888381503522396, 0.018706003203988075, 0.018322093412280083, 0.018598174676299095, 0.018556244671344757, 0.01838226616382599, 0.01851334236562252], "(2, 6, 1, 1)": [0.014156030490994453, 0.01507257204502821, 0.016964562237262726, 0.008326731622219086, 0.016755731776356697, 0.015676911920309067, 0.015189751982688904, 0.0021619233302772045, 0.015058501623570919, 0.013386656530201435, 0.006615202873945236], "(2, 4, 1, 1)": [0.01977342739701271, 0.01987851783633232, 0.019882185384631157, 0.019876932725310326, 0.019576728343963623, 0.01987592689692974, 0.0198337584733963, 0.01987914741039276, 0.019904522225260735, 0.019836796447634697, 0.01965770125389099], "(1, 3, 1, 1)": [0.019654490053653717, 0.019800560548901558, 0.01956039108335972, 0.019740695133805275, 0.01986636407673359, 0.019865140318870544, 0.01955205202102661, 0.01987922377884388, 0.01978670246899128, 0.019798660650849342, 0.019865892827510834]}}