{"q_values": {"(1, 4, 1, 1)": [0.018238063901662827, 0.01971280574798584, 0.019288718700408936, 0.018329551443457603, 0.01916615478694439, 0.018951261416077614, 0.01918954961001873, 0.019367560744285583, 0.018886640667915344, 0.019020449370145798, 0.019212374463677406], "(1, 5, 1, 1)": [0.012583752162754536, 0.010163445957005024, 0.01007511094212532, 0.010016527958214283, 0.015023051761090755, 0.015512114390730858, 0.01503034494817257, 0.01537682581692934, 0.01673472672700882, 0.01502764131873846, 0.014487257227301598], "(1, 6, 1, 1)": [-0.0005560941062867641, 0.0006819264963269234, 0.0009993859566748142, 0.0017448300495743752, 0.0018778317607939243, 0.000879164319485426, 0.0044409409165382385, -0.00040315743535757065, -0.0003696768544614315, 0.0005679614841938019, 0.0015573687851428986], "(2, 3, 1, 1)": [0.019610045477747917, 0.019567575305700302, 0.019620509818196297, 0.01954694837331772, 0.019617591053247452, 0.019553489983081818, 0.01970728114247322, 0.019493233412504196, 0.019550688564777374, 0.019617412239313126, 0.019596334546804428], "(1, 1, 1, 1)": [0.0005993517115712166, 0.0034601055085659027, 0.0039696237072348595, 0.005237750709056854, 0.0046853916719555855, 0.00042713084258139133, 0.0006890958175063133, 0.00037306686863303185, -0.0011528790928423405, 0.007124732714146376, 0.00827079638838768], "(1, 2, 1, 1)": [0.01733170635998249, 0.01824270188808441, 0.018259380012750626, 0.018225211650133133, 0.01778896525502205, 0.018281688913702965, 0.018399616703391075, 0.01806381344795227, 0.018985554575920105, 0.01825007237493992, 0.017177479341626167], "(2, 2, 1, 1)": [0.01825762167572975, 0.01670256443321705, 0.01787368208169937, 0.018131030723452568, 0.0175971407443285, 0.01740633323788643, 0.016758408397436142, 0.0179500263184309, 0.01826208457350731, 0.017571575939655304, 0.010495278052985668], "(2, 1, 1, 1)": [0.009873038157820702, 0.004616462625563145, 0.003893304616212845, 0.004027781542390585, 0.0019485154189169407, 0.003945153672248125, 0.0002730470150709152, 0.0037065590731799603, 0.00859016738831997, -0.006815710105001926, 0.004009864758700132], "(2, 5, 1, 1)": [0.01646205596625805, 0.017376216128468513, 0.01608211174607277, 0.015863733366131783, 0.016462750732898712, 0.016826804727315903, 0.016431720927357674, 0.017320983111858368, 0.01736551709473133, 0.015773780643939972, 0.017184343189001083], "(2, 6, 1, 1)": [0.0004835464060306549, 0.004860957618802786, -0.003085417440161109, 0.0006059627048671246, 0.001096587162464857, 0.0005649742670357227, -0.00022180983796715736, -0.001394609920680523, 0.0008530127815902233, 0.0006504803895950317, -0.002245826181024313], "(2, 4, 1, 1)": [0.019873470067977905, 0.019065052270889282, 0.01900755800306797, 0.0192720890045166, 0.01948339119553566, 0.019526280462741852, 0.019534742459654808, 0.019534695893526077, 0.01942838542163372, 0.01948959194123745, 0.01948162540793419], "(1, 3, 1, 1)": [0.019737135618925095, 0.01971534825861454, 0.019741056486964226, 0.019708964973688126, 0.019644461572170258, 0.019766591489315033, 0.019735543057322502, 0.019640780985355377, 0.019710134714841843, 0.01974579133093357, 0.01973632164299488]}}