{"q_values": {"(1, 4, 1, 1)": [0.01770334504544735, 0.018894070759415627, 0.009703808464109898, 0.01728651113808155, 0.013429226353764534, 0.013395901769399643, 0.013652991503477097, 0.01812717318534851, 0.018898548558354378, 0.019359372556209564, 0.018905064091086388], "(1, 5, 1, 1)": [0.013481305912137032, 0.015515698119997978, 0.015556449070572853, 0.009399915114045143, 0.014275975525379181, 0.008041836321353912, 0.015588857233524323, 0.01510340254753828, 0.014394479803740978, 0.013607699424028397, 0.015421217307448387], "(1, 6, 1, 1)": [-0.002765798009932041, -0.003077262779697776, -0.0038323896005749702, 0.016974378377199173, -0.002247436437755823, -0.0030645313672721386, -0.004968417342752218, -0.0029180659912526608, -0.0029270099475979805, -0.00481120590120554, -0.0018192799761891365], "(2, 3, 1, 1)": [0.019171632826328278, 0.01920609548687935, 0.01904197223484516, 0.013324465602636337, 0.015276292338967323, 0.019361399114131927, 0.015426892787218094, 0.0167060736566782, 0.015241708606481552, 0.013102719560265541, 0.017544785514473915], "(1, 1, 1, 1)": [-0.005019424948841333, -0.0037553790025413036, -0.003445593873038888, -0.00308418832719326, -0.007702093105763197, -0.004377366043627262, -0.003803248517215252, -0.003834404982626438, -0.003797712503001094, -0.003637236077338457, -0.004452891647815704], "(1, 2, 1, 1)": [0.015139268711209297, 0.014446387067437172, 0.014356063678860664, 0.016534473747015, 0.014512945897877216, 0.01437811553478241, 0.015125864185392857, 0.015231452882289886, 0.015091107226908207, 0.014131784439086914, 0.014565596356987953], "(2, 2, 1, 1)": [0.01547801773995161, 0.016573306173086166, 0.007599346339702606, 0.01598101481795311, 0.015832003206014633, 0.01603805273771286, 0.012241020798683167, 0.009840980172157288, 0.013860819861292839, 0.015969719737768173, 0.012825245037674904], "(2, 1, 1, 1)": [0.004055770114064217, 0.0012162139173597097, 0.0007035438902676105, 0.0071633728221058846, 0.004014115314930677, -0.0017135320231318474, 0.0037296637892723083, 0.002429091837257147, -0.0004571606405079365, 0.0026359553448855877, 0.0021565179340541363], "(2, 5, 1, 1)": [0.01557699404656887, 0.015720544382929802, 0.01580831967294216, 0.018129650503396988, 0.013896478340029716, 0.01585504598915577, 0.015034439042210579, 0.015331663191318512, 0.014577912166714668, 0.013202128000557423, 0.015404248610138893], "(2, 6, 1, 1)": [0.012595235370099545, -0.005137472879141569, -0.004718532785773277, -0.003708416363224387, -0.006389755755662918, -0.0034409728832542896, 0.0006706616841256618, -0.005483713932335377, -0.005959575064480305, -0.0036574900150299072, -0.004641843494027853], "(2, 4, 1, 1)": [0.01932438462972641, 0.010890999808907509, 0.01972918212413788, 0.019563212990760803, 0.019569408148527145, 0.019522422924637794, 0.019608113914728165, 0.019540702924132347, 0.019337598234415054, 0.019328461959958076, 0.019559089094400406], "(1, 3, 1, 1)": [0.019289618358016014, 0.019442850723862648, 0.019545722752809525, 0.019436514005064964, 0.01932939887046814, 0.019223492592573166, 0.019298357889056206, 0.01952328532934189, 0.019514575600624084, 0.01946297101676464, 0.01994149573147297]}}