{"q_values": {"(1, 4, 1, 1)": [0.019839851185679436, 0.01974235661327839, 0.019829915836453438, 0.019716041162610054, 0.01980307698249817, 0.01970636285841465, 0.019809283316135406, 0.01960797980427742, 0.019674913957715034, 0.01983022876083851, 0.019566776230931282], "(1, 5, 1, 1)": [0.018441269174218178, 0.018134761601686478, 0.016274120658636093, 0.017923764884471893, 0.01816270872950554, 0.017560191452503204, 0.017323117703199387, 0.018325168639421463, 0.01815425604581833, 0.01763671450316906, 0.01809781789779663], "(1, 6, 1, 1)": [0.008473390713334084, 0.007529311813414097, 0.005392301827669144, 0.005725163035094738, 0.012799600139260292, 0.0127797806635499, 0.012976708821952343, 0.01393136102706194, -0.007824652828276157, 0.008200901560485363, 0.0051020169630646706], "(2, 3, 1, 1)": [0.01966223493218422, 0.019593967124819756, 0.019693369045853615, 0.019451936706900597, 0.01971038058400154, 0.019625239074230194, 0.01972365751862526, 0.019530456513166428, 0.019580088555812836, 0.01965845189988613, 0.019607819616794586], "(1, 1, 1, 1)": [0.007621727883815765, 0.008726555854082108, 0.014342122711241245, -0.00027680350467562675, 0.013501886278390884, 0.01419597864151001, 0.005793882068246603, 0.015266487374901772, 0.015167918056249619, 0.016297124326229095, 0.016190268099308014], "(1, 2, 1, 1)": [0.017862964421510696, 0.018457109108567238, 0.01863136515021324, 0.01844039000570774, 0.018374446779489517, 0.018419377505779266, 0.01902872510254383, 0.0185435488820076, 0.01875065639615059, 0.018765371292829514, 0.018740583211183548], "(2, 2, 1, 1)": [0.01801271364092827, 0.01807563379406929, 0.01843877322971821, 0.01766662858426571, 0.018061652779579163, 0.018311601132154465, 0.018396057188510895, 0.01839485391974449, 0.01840829662978649, 0.018265001475811005, 0.01826395094394684], "(2, 1, 1, 1)": [0.016187239438295364, 0.016095714643597603, 0.01193541381508112, 0.01442547608166933, 0.015916232019662857, 0.006874143145978451, 0.006145327817648649, 0.014742580242455006, 0.01091441884636879, 0.010930059477686882, 0.007796929217875004], "(2, 5, 1, 1)": [0.0188932903110981, 0.01862838678061962, 0.018495598807930946, 0.018614081665873528, 0.018642891198396683, 0.018641607835888863, 0.0186899583786726, 0.01840040646493435, 0.016902491450309753, 0.018369732424616814, 0.01818310283124447], "(2, 6, 1, 1)": [0.011879227124154568, 0.01124482974410057, 0.014346176758408546, 0.008663924410939217, 0.0075142839923501015, 0.005895325914025307, 0.00504877045750618, 0.00825485959649086, 0.013242967426776886, 0.007483559660613537, 0.003467095550149679], "(2, 4, 1, 1)": [0.019791388884186745, 0.019586605951189995, 0.01978669874370098, 0.01972910761833191, 0.019503500312566757, 0.01984564960002899, 0.019628481939435005, 0.019726423546671867, 0.019746363162994385, 0.019639505073428154, 0.01934906281530857], "(1, 3, 1, 1)": [0.01968436874449253, 0.019812004640698433, 0.01981271803379059, 0.019831085577607155, 0.019821256399154663, 0.019733412191271782, 0.01983656920492649, 0.019779022783041, 0.019792281091213226, 0.019798267632722855, 0.01980416849255562]}}