{"q_values": {"(1, 4, 1, 1)": [0.019757874310016632, 0.019733265042304993, 0.019734445959329605, 0.019778991118073463, 0.01977637968957424, 0.019629670307040215, 0.01977771334350109, 0.019776498898863792, 0.019827404990792274, 0.019777145236730576, 0.019765818491578102], "(1, 5, 1, 1)": [0.018545838072896004, 0.018566260114312172, 0.018600938841700554, 0.017490413039922714, 0.018670573830604553, 0.01841919869184494, 0.017471518367528915, 0.01770079880952835, 0.01832704059779644, 0.01831473968923092, 0.01861792989075184], "(1, 6, 1, 1)": [0.007150956429541111, 0.0054330481216311455, 0.0018490222282707691, 0.007355127017945051, 0.008573053404688835, 0.004742679186165333, 0.0010343100875616074, 0.007235514000058174, 0.003293922170996666, 0.005355064757168293, 0.0072100237011909485], "(2, 3, 1, 1)": [0.019842248409986496, 0.019816162064671516, 0.019863968715071678, 0.019880052655935287, 0.019906731322407722, 0.0198348481208086, 0.01982162706553936, 0.01985720917582512, 0.0199629757553339, 0.01975465752184391, 0.019591718912124634], "(1, 1, 1, 1)": [0.0046637956984341145, 0.006712167523801327, 0.012619166634976864, 0.010555694811046124, 0.013145314529538155, 0.0110404621809721, 0.008103091269731522, 0.004991661757230759, 0.008292721584439278, 0.016963960602879524, 0.007683303207159042], "(1, 2, 1, 1)": [0.017070401459932327, 0.017952725291252136, 0.0176857803016901, 0.018126793205738068, 0.01775168441236019, 0.01849278062582016, 0.01885603740811348, 0.018635600805282593, 0.01848447695374489, 0.018847409635782242, 0.019115036353468895], "(2, 2, 1, 1)": [0.016935404390096664, 0.01893131621181965, 0.018570896238088608, 0.018232231959700584, 0.017388755455613136, 0.01848343014717102, 0.0184958353638649, 0.018435373902320862, 0.017784157767891884, 0.018518783152103424, 0.01818690448999405], "(2, 1, 1, 1)": [0.003556814044713974, 0.00997479259967804, 0.009110873565077782, 0.004571791738271713, 0.009763291105628014, 0.010924077592790127, 0.006304446142166853, 0.010571266524493694, 0.003571687266230583, 0.0056412070989608765, 0.008490261621773243], "(2, 5, 1, 1)": [0.01904192380607128, 0.01892804354429245, 0.018426822498440742, 0.018307490274310112, 0.01893743872642517, 0.01850871928036213, 0.018947839736938477, 0.018979739397764206, 0.018823157995939255, 0.018521510064601898, 0.01892460137605667], "(2, 6, 1, 1)": [0.01632942073047161, 0.01318625919520855, 0.012443412095308304, 0.01529824547469616, 0.012036386877298355, 0.012180907651782036, 0.010030481964349747, 0.012124283239245415, 0.010969536378979683, 0.010733044706285, 0.010315099731087685], "(2, 4, 1, 1)": [0.019667213782668114, 0.019663892686367035, 0.019744474440813065, 0.019620705395936966, 0.019676869735121727, 0.01968769170343876, 0.01967655122280121, 0.01970275491476059, 0.01970522105693817, 0.0197148360311985, 0.019530143588781357], "(1, 3, 1, 1)": [0.019805215299129486, 0.019847219809889793, 0.01978289522230625, 0.019921215251088142, 0.01975652575492859, 0.019804297015070915, 0.019745077937841415, 0.01991257816553116, 0.01972811482846737, 0.01956634595990181, 0.019952917471528053]}}