{"q_values": {"(1, 4, 1, 1)": [0.019765285775065422, 0.018652843311429024, 0.018936824053525925, 0.013402033597230911, 0.01915372535586357, 0.018806053325533867, 0.01932002790272236, 0.019416579976677895, 0.01956382393836975, 0.019550904631614685, 0.01958085596561432], "(1, 5, 1, 1)": [0.0076269228011369705, 0.019119620323181152, 0.008305366151034832, 0.012464465573430061, 0.0145505890250206, 0.011271378956735134, 0.009191430173814297, 0.015811745077371597, 0.015549746342003345, 0.01431368663907051, 0.01404813677072525], "(1, 6, 1, 1)": [-0.001096600666642189, 0.01813403330743313, 0.00046853069216012955, 0.000904617365449667, -0.00045458367094397545, 0.0008606724441051483, 0.0027156223077327013, 0.004337850958108902, 0.0033020449336618185, 0.0007954668253660202, 0.0035402814392000437], "(2, 3, 1, 1)": [0.018661923706531525, 0.018685869872570038, 0.013165691867470741, 0.01606416516005993, 0.018626179546117783, 0.013240779750049114, 0.01847134716808796, 0.0167060736566782, 0.010778834111988544, 0.018604114651679993, 0.018459025770425797], "(1, 1, 1, 1)": [-0.007189927622675896, -0.0050732591189444065, -0.007728551980108023, -0.0068627274595201015, -0.001440598163753748, -0.006844957359135151, -4.8531219363212585e-05, -0.000338864978402853, 0.00036505796015262604, -0.0019150981679558754, 0.015615390613675117], "(1, 2, 1, 1)": [0.01215345598757267, 0.015058416873216629, 0.015833044424653053, 0.01562567614018917, 0.015389086678624153, 0.01580812595784664, 0.013417724519968033, 0.015527699142694473, 0.01573820412158966, 0.014814669266343117, 0.017379464581608772], "(2, 2, 1, 1)": [0.01401357538998127, 0.014758978970348835, 0.013901653699576855, 0.014083143323659897, 0.009152011945843697, 0.009370026178658009, 0.011767994612455368, 0.011346841230988503, 0.013806778937578201, 0.009853648953139782, 0.014135045930743217], "(2, 1, 1, 1)": [-0.0010887959506362677, -0.0014130542986094952, -0.003164885099977255, -0.0011133819352835417, -0.0030621658079326153, -0.0007404894568026066, -0.0040528359822928905, -0.0006894059479236603, -0.0015571173280477524, -0.005213757045567036, -0.0014245714992284775], "(2, 5, 1, 1)": [0.01931186020374298, 0.013882989063858986, 0.016184737905859947, 0.016259606927633286, 0.016326582059264183, 0.016001064330339432, 0.013993778266012669, 0.014231963083148003, 0.016921205446124077, 0.016259046271443367, 0.015806540846824646], "(2, 6, 1, 1)": [-0.007473617792129517, -0.004323222674429417, -0.006873073522001505, -0.006052929442375898, -0.006389755755662918, -0.006657914724200964, 0.00010738801211118698, -0.005483713932335377, -0.007825945504009724, 0.00013537798076868057, -0.008808525279164314], "(2, 4, 1, 1)": [0.019295979291200638, 0.01878923363983631, 0.0197131484746933, 0.019153624773025513, 0.01966094970703125, 0.019556576386094093, 0.019294045865535736, 0.019610486924648285, 0.019387884065508842, 0.01919100061058998, 0.019615713506937027], "(1, 3, 1, 1)": [0.018808657303452492, 0.01864532381296158, 0.018257513642311096, 0.01872928813099861, 0.019550183787941933, 0.018844187259674072, 0.018717681989073753, 0.018553147092461586, 0.018621740862727165, 0.01876692660152912, 0.010869810357689857]}}