{"q_values": {"(1, 4, 1, 1)": [0.01878032647073269, 0.018748022615909576, 0.018446555361151695, 0.019394870847463608, 0.015187464654445648, 0.019446145743131638, 0.01926148496568203, 0.019413601607084274, 0.019439592957496643, 0.01923181861639023, 0.019342981278896332], "(1, 5, 1, 1)": [0.01687489077448845, 0.016193261370062828, 0.01404009759426117, 0.012593867257237434, 0.009322205558419228, 0.009494252502918243, 0.016185924410820007, 0.01605263352394104, 0.01661975495517254, 0.01648908108472824, 0.016422227025032043], "(1, 6, 1, 1)": [0.008266916498541832, 0.00089973583817482, 0.017279064282774925, 0.007877525873482227, 0.0010581454262137413, 0.007039438933134079, 0.005196204409003258, 0.00728043494746089, 0.008236989378929138, 0.007118320558220148, 0.0029223794117569923], "(2, 3, 1, 1)": [0.019216401502490044, 0.019436640664935112, 0.016398729756474495, 0.01522236131131649, 0.019197238609194756, 0.018463004380464554, 0.010964603163301945, 0.017812419682741165, 0.018741140142083168, 0.01858552172780037, 0.01996798627078533], "(1, 1, 1, 1)": [-0.003325524041429162, -0.0037553790025413036, -0.003775509539991617, -0.0044249603524804115, -0.0025313575752079487, -0.004377366043627262, -0.004082716070115566, -0.0043868413195014, -0.006106502376496792, -0.005058992654085159, 0.01732950285077095], "(1, 2, 1, 1)": [0.016442256048321724, 0.014363918453454971, 0.015424439683556557, 0.015041247941553593, 0.015577900223433971, 0.015175568871200085, 0.014227200299501419, 0.01652250438928604, 0.018793221563100815, 0.015412908047437668, 0.015573318116366863], "(2, 2, 1, 1)": [0.016491498798131943, 0.016502676531672478, 0.01584155112504959, 0.016900507733225822, 0.015350143425166607, 0.008949387818574905, 0.016171403229236603, 0.015534758567810059, 0.014052516780793667, 0.016229504719376564, 0.016455557197332382], "(2, 1, 1, 1)": [0.0032022036612033844, -0.0020624613389372826, -0.00012618256732821465, -0.0007014297880232334, 0.00019064359366893768, 0.0009248717688024044, -0.001367882825434208, -0.00327675836160779, 0.00041621364653110504, 0.004197182599455118, 0.008242107927799225], "(2, 5, 1, 1)": [0.01623038575053215, 0.015505779534578323, 0.019409550353884697, 0.014347945339977741, 0.0144121078774333, 0.01533749233931303, 0.015894100069999695, 0.016118474304676056, 0.015940167009830475, 0.01545674167573452, 0.01580163836479187], "(2, 6, 1, 1)": [-0.0020036178175359964, -0.001303945668041706, -0.004124646075069904, -0.0023983451537787914, -0.0012003881856799126, -0.0013044772204011679, -0.002272070152685046, -0.0015728874132037163, -0.0017431103624403477, -0.0036574900150299072, -0.0014257971197366714], "(2, 4, 1, 1)": [0.01940627582371235, 0.019704068079590797, 0.019543029367923737, 0.01955759897828102, 0.019638920202851295, 0.019046707078814507, 0.01913796178996563, 0.019628450274467468, 0.01950107142329216, 0.019564881920814514, 0.01960880495607853], "(1, 3, 1, 1)": [0.019431430846452713, 0.019592516124248505, 0.019365310668945312, 0.01952989585697651, 0.01918734982609749, 0.019486892968416214, 0.019508687779307365, 0.014798659831285477, 0.01933346875011921, 0.019919805228710175, 0.019364790990948677]}}