{"q_values": {"(1, 4, 1, 1)": [0.019669361412525177, 0.019619807600975037, 0.0198974646627903, 0.0196116641163826, 0.019710293039679527, 0.019739868119359016, 0.01962362788617611, 0.019615845754742622, 0.019682392477989197, 0.019655821844935417, 0.0196914691478014], "(1, 5, 1, 1)": [0.01899508200585842, 0.019336367025971413, 0.018417853862047195, 0.018860425800085068, 0.01878180168569088, 0.018141502514481544, 0.018735066056251526, 0.018543845042586327, 0.01781606487929821, 0.018738962709903717, 0.018781425431370735], "(1, 6, 1, 1)": [0.0013968534767627716, 0.008245893754065037, 0.00853420328348875, 0.0152474045753479, 0.007746748626232147, 0.0067497072741389275, 0.0023234551772475243, 0.005473720841109753, 0.0055936528369784355, 0.004254570230841637, 0.005045503377914429], "(2, 3, 1, 1)": [0.019556863233447075, 0.01977592334151268, 0.01960047520697117, 0.01974373497068882, 0.019654709845781326, 0.019750945270061493, 0.01962313987314701, 0.01965191960334778, 0.019681567326188087, 0.019609425216913223, 0.019702883437275887], "(1, 1, 1, 1)": [0.006068335846066475, 0.00815831683576107, 0.009838317520916462, 0.007360237184911966, 0.007755221799015999, 0.004725404549390078, 0.009576832875609398, 0.007180354557931423, 0.007697177119553089, 0.017422690987586975, 0.00850357860326767], "(1, 2, 1, 1)": [0.01809181645512581, 0.017815034836530685, 0.018477145582437515, 0.01824806071817875, 0.017264923080801964, 0.018866200000047684, 0.01831711083650589, 0.018226265907287598, 0.018540699034929276, 0.017906105145812035, 0.018530480563640594], "(2, 2, 1, 1)": [0.01810094341635704, 0.017503168433904648, 0.018007371574640274, 0.017939144745469093, 0.018253279849886894, 0.016351869329810143, 0.01752246916294098, 0.017329169437289238, 0.018062826246023178, 0.015452428720891476, 0.01651427149772644], "(2, 1, 1, 1)": [0.0019140192307531834, 0.0011912789195775986, 0.001978906337171793, -0.0004120715893805027, 0.001315513625741005, 0.0028130607679486275, 0.0011162078008055687, 0.0028936341404914856, -0.0023439303040504456, 0.0007701944559812546, 0.0020859488286077976], "(2, 5, 1, 1)": [0.016724688932299614, 0.0183553583920002, 0.017203163355588913, 0.017570821568369865, 0.01729474775493145, 0.0173249039798975, 0.017663054168224335, 0.018272601068019867, 0.018135707825422287, 0.01843816041946411, 0.017278332263231277], "(2, 6, 1, 1)": [0.007182089611887932, 0.009434141218662262, 0.011599043384194374, 0.016289297491312027, 0.00786181353032589, 0.012326938100159168, 0.0063906339928507805, 0.005540571641176939, 0.010314343497157097, 0.005524894222617149, 0.010525951161980629], "(2, 4, 1, 1)": [0.019809138029813766, 0.019544921815395355, 0.019837670028209686, 0.019950030371546745, 0.019786827266216278, 0.01985088922083378, 0.01977950893342495, 0.019707700237631798, 0.019787630066275597, 0.01973777636885643, 0.01985035091638565], "(1, 3, 1, 1)": [0.01951451413333416, 0.019718987867236137, 0.019636373966932297, 0.019661512225866318, 0.019628364592790604, 0.019515385851264, 0.01956302672624588, 0.0195729061961174, 0.01960037089884281, 0.019611071795225143, 0.010947645641863346]}}