{"q_values": {"(1, 4, 1, 1)": [0.01761912740767002, 0.010760171338915825, 0.019177641719579697, 0.015253215096890926, 0.015336832962930202, 0.01339966431260109, 0.019018061459064484, 0.010543972253799438, 0.013118584640324116, 0.019153697416186333, 0.01935635320842266], "(1, 5, 1, 1)": [0.016005005687475204, 0.009242523461580276, 0.013693198561668396, 0.014491626061499119, 0.016491176560521126, 0.016431061550974846, 0.01634162664413452, 0.018489882349967957, 0.01452383492141962, 0.017560642212629318, 0.015317162498831749], "(1, 6, 1, 1)": [0.007924478501081467, -0.0029387548565864563, 0.00031425710767507553, 0.0005542170256376266, -0.0005792300216853619, -0.0007415628060698509, 0.00029342062771320343, -0.0002743508666753769, -0.0010943720117211342, -0.0011867335997521877, 0.0032166033051908016], "(2, 3, 1, 1)": [0.019261738285422325, 0.018887704238295555, 0.018736541271209717, 0.019437333568930626, 0.018984520807862282, 0.01938982866704464, 0.019075393676757812, 0.016093160957098007, 0.017617596313357353, 0.019928045570850372, 0.01879173330962658], "(1, 1, 1, 1)": [-0.005019424948841333, -0.0037553790025413036, -0.0032140633556991816, -0.0044249603524804115, -0.002205099444836378, -0.004377366043627262, 0.011760781519114971, -0.0028823534958064556, -0.003797712503001094, -0.0027629060205072165, -0.0028034322895109653], "(1, 2, 1, 1)": [0.015191995538771152, 0.014738641679286957, 0.014247827231884003, 0.014926415868103504, 0.015770744532346725, 0.01519683375954628, 0.01563379541039467, 0.015705067664384842, 0.015657268464565277, 0.01934633031487465, 0.01569897122681141], "(2, 2, 1, 1)": [0.014296597801148891, 0.014418969862163067, 0.015980813652276993, 0.01489471085369587, 0.017961887642741203, 0.016022970899939537, 0.0164237841963768, 0.014210212044417858, 0.012204067781567574, 0.015498848631978035, 0.01485471986234188], "(2, 1, 1, 1)": [-0.0014707583468407393, -0.0031056597363203764, -0.0018849237821996212, -0.0013387096114456654, 0.01092151552438736, 0.005945921875536442, -0.0022783828899264336, 0.00784672237932682, -0.0004571606405079365, 0.00840149074792862, -0.002663343446329236], "(2, 5, 1, 1)": [0.019028648734092712, 0.0156379584223032, 0.014864295721054077, 0.015717217698693275, 0.013896478340029716, 0.015347514301538467, 0.014754029922187328, 0.015792790800333023, 0.014577912166714668, 0.015175571665167809, 0.013616194017231464], "(2, 6, 1, 1)": [-0.002806483767926693, -0.00318312318995595, -0.004718532785773277, -0.0029734019190073013, -0.0038009677082300186, -0.0034409728832542896, -0.0020478619262576103, -0.002243750263005495, -4.625879228115082e-05, -0.0036574900150299072, -0.004641843494027853], "(2, 4, 1, 1)": [0.01925625652074814, 0.019387969747185707, 0.019325045868754387, 0.019154218956828117, 0.01958979107439518, 0.019366394728422165, 0.01905195228755474, 0.019336039200425148, 0.019503016024827957, 0.019402768462896347, 0.01898610219359398], "(1, 3, 1, 1)": [0.019581638276576996, 0.019598158076405525, 0.019658343866467476, 0.019214048981666565, 0.019516129046678543, 0.019661584869027138, 0.019654609262943268, 0.019634854048490524, 0.019717108458280563, 0.0199129581451416, 0.019522789865732193]}}