{"q_values": {"(1, 4, 1, 1)": [0.019644221290946007, 0.019981909543275833, 0.01985582895576954, 0.019674954935908318, 0.019803591072559357, 0.019757911562919617, 0.01531243696808815, 0.019741030409932137, 0.019713755697011948, 0.01969710923731327, 0.01958479918539524], "(1, 5, 1, 1)": [0.018467823043465614, 0.019390348345041275, 0.018085001036524773, 0.018495729193091393, 0.018200786784291267, 0.014449680224061012, 0.018334250897169113, 0.018398195505142212, 0.014133901335299015, 0.01792277581989765, 0.017230303958058357], "(1, 6, 1, 1)": [0.017482981085777283, 0.002329173032194376, 0.006674868520349264, 0.00442698085680604, 0.011049876920878887, 0.00763451773673296, -0.005807296838611364, 0.007037954404950142, 0.007691953796893358, 0.004639975260943174, 0.006278315559029579], "(2, 3, 1, 1)": [0.019803395494818687, 0.019689779728651047, 0.019673947244882584, 0.019748501479625702, 0.019572842866182327, 0.019649308174848557, 0.019788973033428192, 0.01980198547244072, 0.019781462848186493, 0.019821137189865112, 0.019916163757443428], "(1, 1, 1, 1)": [0.006826132070273161, 0.009416279383003712, 0.0059694405645132065, -0.0016175848431885242, 0.005202644970268011, 0.0007278271950781345, 0.005612603854387999, 0.004734728951007128, 0.009305985644459724, -0.003182109445333481, 0.01700364425778389], "(1, 2, 1, 1)": [0.01878424361348152, 0.0186745747923851, 0.018513357266783714, 0.01807265356183052, 0.018623022362589836, 0.018949929624795914, 0.0186707004904747, 0.018400104716420174, 0.018956048414111137, 0.018246829509735107, 0.01845780573785305], "(2, 2, 1, 1)": [0.01693168841302395, 0.017429277300834656, 0.017215801402926445, 0.017482256516814232, 0.01723513938486576, 0.016424288973212242, 0.017364028841257095, 0.01751929149031639, 0.017798135057091713, 0.016559606418013573, 0.018534556031227112], "(2, 1, 1, 1)": [0.0005433866754174232, 0.0042692748829722404, 0.005081161390990019, 0.00600048154592514, 0.005284253507852554, 0.007674912456423044, 0.004648599773645401, 0.002728181891143322, 0.002383896615356207, 0.007724834606051445, 0.007796085439622402], "(2, 5, 1, 1)": [0.018469393253326416, 0.01781172677874565, 0.018397828564047813, 0.017191777005791664, 0.017506184056401253, 0.018528349697589874, 0.01843995787203312, 0.01842271164059639, 0.017863431945443153, 0.01738470047712326, 0.018425583839416504], "(2, 6, 1, 1)": [0.008091121912002563, 0.008061784319579601, 0.008244561031460762, 0.007993010804057121, 0.005094618536531925, 0.010254530236124992, 0.007985208183526993, 0.005606739316135645, 0.006060310639441013, 0.007386509329080582, 0.0056439791806042194], "(2, 4, 1, 1)": [0.019469894468784332, 0.018954915925860405, 0.019646823406219482, 0.01943432167172432, 0.019668135792016983, 0.019597874954342842, 0.01960679143667221, 0.01941416971385479, 0.019635381177067757, 0.019461166113615036, 0.019690047949552536], "(1, 3, 1, 1)": [0.019783249124884605, 0.01975608617067337, 0.01965431682765484, 0.01969982497394085, 0.01972191408276558, 0.01963326707482338, 0.019761988893151283, 0.019787199795246124, 0.019504113122820854, 0.019771408289670944, 0.019768962636590004]}}