{"q_values": {"(1, 4, 1, 1)": [0.019814416766166687, 0.01679140329360962, 0.019955189898610115, 0.01979932375252247, 0.019704319536685944, 0.01972838304936886, 0.019653135910630226, 0.019700514152646065, 0.01956886053085327, 0.019685421139001846, 0.019694050773978233], "(1, 5, 1, 1)": [0.01915545016527176, 0.018513277173042297, 0.01853827014565468, 0.01810416579246521, 0.018801292404532433, 0.01877286285161972, 0.017413077875971794, 0.017611050978302956, 0.01856043189764023, 0.018550029024481773, 0.018673265352845192], "(1, 6, 1, 1)": [0.008417039178311825, 0.008262057788670063, 0.007581864483654499, 0.0018959157168865204, 0.012789779342710972, 0.009817717596888542, 0.009387046098709106, 0.011385324411094189, 0.0071965670213103294, 0.0070831687189638615, 0.010096666403114796], "(2, 3, 1, 1)": [0.019733205437660217, 0.019780181348323822, 0.019665556028485298, 0.01975443959236145, 0.01967713050544262, 0.019760841503739357, 0.019756628200411797, 0.019656851887702942, 0.019719436764717102, 0.019733039662241936, 0.019740451127290726], "(1, 1, 1, 1)": [0.005245828069746494, 0.007269534282386303, 0.004022315610200167, 0.0077842846512794495, 0.00795894954353571, 0.010389539413154125, 0.010981534607708454, 0.006183073855936527, 0.01021814625710249, 0.0024259225465357304, 0.008799420669674873], "(1, 2, 1, 1)": [0.018718155100941658, 0.01848921738564968, 0.018514040857553482, 0.018449950963258743, 0.01852996274828911, 0.0186501182615757, 0.018685750663280487, 0.019229844212532043, 0.018827315419912338, 0.017945144325494766, 0.018533235415816307], "(2, 2, 1, 1)": [0.017690086737275124, 0.017850743606686592, 0.018408678472042084, 0.018711766228079796, 0.017907019704580307, 0.01856691762804985, 0.018912507221102715, 0.018476702272892, 0.01869403012096882, 0.019277507439255714, 0.018318546935915947], "(2, 1, 1, 1)": [0.011818356812000275, 0.007586293388158083, 0.007414783351123333, 0.005098061170428991, 0.007687805220484734, 0.007515696808695793, 0.006188454106450081, 0.008238249458372593, 0.00731255766004324, 0.008010627701878548, 0.0035277842544019222], "(2, 5, 1, 1)": [0.018064232543110847, 0.0173968356102705, 0.018515106290578842, 0.018527952954173088, 0.017995836213231087, 0.01806417480111122, 0.018538525328040123, 0.017802033573389053, 0.018136583268642426, 0.018487095832824707, 0.018508533015847206], "(2, 6, 1, 1)": [0.0144547363743186, 0.007046996615827084, 0.010682803578674793, 0.009973960928618908, 0.004464424680918455, 0.009895087219774723, 0.008653851225972176, 0.005391356535255909, 0.005997972562909126, 0.009712734259665012, 0.0037918169982731342], "(2, 4, 1, 1)": [0.01997286081314087, 0.019828151911497116, 0.0197076965123415, 0.01969761587679386, 0.019672319293022156, 0.019818415865302086, 0.01972096599638462, 0.019656289368867874, 0.019817516207695007, 0.019812611863017082, 0.019790343940258026], "(1, 3, 1, 1)": [0.01985214650630951, 0.019782865419983864, 0.019877735525369644, 0.019912203773856163, 0.019877225160598755, 0.019889632239937782, 0.01983388513326645, 0.01982320100069046, 0.01976940967142582, 0.01996961608529091, 0.019849346950650215]}}