{"q_values": {"(1, 4, 1, 1)": [0.019250856712460518, 0.010869501158595085, 0.01916462555527687, 0.017378872260451317, 0.018906179815530777, 0.013338036835193634, 0.010629355907440186, 0.018585624173283577, 0.013307321816682816, 0.015208037570118904, 0.017484480515122414], "(1, 5, 1, 1)": [0.019354235380887985, 0.01565675623714924, 0.017441727221012115, 0.01691817305982113, 0.018132109194993973, 0.016932515427470207, 0.01794200763106346, 0.017596514895558357, 0.01792187988758087, 0.017857318744063377, 0.018616685643792152], "(1, 6, 1, 1)": [0.008458067663013935, 0.00832712184637785, 0.00816238671541214, 0.004497635178267956, 0.00684752780944109, 0.006798786111176014, 0.004451746121048927, 0.007803841959685087, 0.006026251241564751, 0.0026784781366586685, 0.005012406501919031], "(2, 3, 1, 1)": [0.019606126472353935, 0.019551508128643036, 0.019418347626924515, 0.019578522071242332, 0.019293945282697678, 0.019563060253858566, 0.01960434392094612, 0.01956247165799141, 0.019438302144408226, 0.019558994099497795, 0.019916612654924393], "(1, 1, 1, 1)": [0.0005993517115712166, -0.0013589095324277878, -0.0010295123793184757, -0.00021140510216355324, 0.005573702044785023, 0.0054921917617321014, -0.003135290462523699, 0.0045463270507752895, -0.0011528790928423405, 0.006653685588389635, 0.006917580030858517], "(1, 2, 1, 1)": [0.017848391085863113, 0.017834533005952835, 0.01817970722913742, 0.018166039139032364, 0.017959611490368843, 0.018199345096945763, 0.01715990900993347, 0.017884990200400352, 0.017901461571455002, 0.01812973991036415, 0.017882520332932472], "(2, 2, 1, 1)": [0.016648733988404274, 0.015275640413165092, 0.01645408384501934, 0.01709720864892006, 0.017198948189616203, 0.01745234988629818, 0.01723245345056057, 0.01603553257882595, 0.017248060554265976, 0.019419504329562187, 0.010446887463331223], "(2, 1, 1, 1)": [0.0020943423733115196, 0.006258503068238497, 0.0025317613035440445, 0.0064504193142056465, 0.0033737318590283394, 0.007925227284431458, 0.007019989658147097, 0.002922837156802416, 0.007408789824694395, 0.0043418752029538155, 0.0023773065768182278], "(2, 5, 1, 1)": [0.017501290887594223, 0.017529986798763275, 0.017618291079998016, 0.01685117557644844, 0.016303755342960358, 0.01718079298734665, 0.016927054151892662, 0.015913544222712517, 0.016561180353164673, 0.017618009820580482, 0.017147138714790344], "(2, 6, 1, 1)": [0.003412033896893263, -0.001303945668041706, 0.016772935166954994, 0.009401604533195496, -0.0012003881856799126, -0.0015262463130056858, -0.0008782702498137951, -0.0057296669110655785, 0.003256808966398239, -0.0007267184555530548, -0.002245826181024313], "(2, 4, 1, 1)": [0.0195377878844738, 0.019616426900029182, 0.019836561754345894, 0.019528690725564957, 0.019622748717665672, 0.01925402507185936, 0.019394468516111374, 0.019704634323716164, 0.0194411501288414, 0.01912016049027443, 0.019642982631921768], "(1, 3, 1, 1)": [0.019505638629198074, 0.019712334498763084, 0.01955273747444153, 0.019721655175089836, 0.01957639306783676, 0.019664401188492775, 0.019713303074240685, 0.019902808591723442, 0.019595248624682426, 0.01968894712626934, 0.013533331453800201]}}