{"q_values": {"(1, 4, 1, 1)": [0.01973378099501133, 0.019848303869366646, 0.019671505317091942, 0.01973084546625614, 0.01971137709915638, 0.019730161875486374, 0.0196203775703907, 0.019718941301107407, 0.019654015079140663, 0.01973504200577736, 0.01960016041994095], "(1, 5, 1, 1)": [0.018900353461503983, 0.0192440003156662, 0.018365373834967613, 0.010153687559068203, 0.018021173775196075, 0.01885417103767395, 0.018261916935443878, 0.018255403265357018, 0.017949769273400307, 0.018699470907449722, 0.018902305513620377], "(1, 6, 1, 1)": [0.017036067321896553, 0.007563658989965916, 0.00203148415312171, 0.006581504829227924, 0.005060089752078056, 0.010090254247188568, 0.007733908016234636, 0.009557319805026054, 0.004962079226970673, 0.003237069584429264, 0.010044064372777939], "(2, 3, 1, 1)": [0.0196781437844038, 0.019642282277345657, 0.019690312445163727, 0.019656116142868996, 0.019684890285134315, 0.019625931978225708, 0.019670935347676277, 0.019777176901698112, 0.019685985520482063, 0.019778171554207802, 0.019879763945937157], "(1, 1, 1, 1)": [0.00196892861276865, 0.014068813063204288, 0.007305064704269171, -0.0017876499332487583, 0.0067118024453520775, 0.01035851240158081, 0.006442563608288765, 0.008480383083224297, 0.002768524456769228, 0.0018610754050314426, 0.00686744786798954], "(1, 2, 1, 1)": [0.018801329657435417, 0.018056601285934448, 0.01856372319161892, 0.018546519801020622, 0.018681379035115242, 0.018717443570494652, 0.01901271380484104, 0.018311012536287308, 0.01827225275337696, 0.01902886852622032, 0.01940864883363247], "(2, 2, 1, 1)": [0.017680877819657326, 0.018697310239076614, 0.018806220963597298, 0.018327007070183754, 0.01802380383014679, 0.018656780943274498, 0.01848917081952095, 0.01834864169359207, 0.018885256722569466, 0.018133150413632393, 0.01779456064105034], "(2, 1, 1, 1)": [0.0077279675751924515, 0.005416390486061573, 0.0019352808594703674, 0.00586759764701128, 0.004801989067345858, 0.0021961526945233345, 0.0034447871148586273, 0.005570388399064541, 0.007261548191308975, 0.007540535181760788, 0.004139660857617855], "(2, 5, 1, 1)": [0.018313156440854073, 0.017970485612750053, 0.018343757838010788, 0.018067143857479095, 0.018545517697930336, 0.018599264323711395, 0.018577875569462776, 0.017985891550779343, 0.01855633780360222, 0.018559983000159264, 0.018516752868890762], "(2, 6, 1, 1)": [0.00825011171400547, 0.006723284255713224, 0.017393063753843307, 0.009023558348417282, 0.00917336717247963, 0.01151667907834053, 0.0020879139192402363, 0.006998206488788128, 0.009641253389418125, 0.005127201788127422, 0.010000152513384819], "(2, 4, 1, 1)": [0.019573571160435677, 0.019721418619155884, 0.019567904993891716, 0.01977994106709957, 0.01965169794857502, 0.019741060212254524, 0.019812725484371185, 0.01973210833966732, 0.01977403275668621, 0.019780797883868217, 0.0198272243142128], "(1, 3, 1, 1)": [0.019828077405691147, 0.019775668159127235, 0.019825449213385582, 0.019748102873563766, 0.01981944590806961, 0.019818192347884178, 0.010597309097647667, 0.01985040120780468, 0.01972559094429016, 0.019500214606523514, 0.019905932247638702]}}