{"q_values": {"(1, 4, 1, 1)": [0.019751543179154396, 0.019689319655299187, 0.019753925502300262, 0.019639039412140846, 0.01961686462163925, 0.019633129239082336, 0.01967502385377884, 0.01969550922513008, 0.019612915813922882, 0.01969272829592228, 0.019551917910575867], "(1, 5, 1, 1)": [0.018369650468230247, 0.017898183315992355, 0.017482193186879158, 0.018324125558137894, 0.017989590764045715, 0.017521312460303307, 0.01819019764661789, 0.018413517624139786, 0.01841086335480213, 0.009039295837283134, 0.01814514957368374], "(1, 6, 1, 1)": [0.007700722198933363, 0.002171859610825777, 0.006886312272399664, 0.00830645952373743, 0.01718093827366829, 0.004688107408583164, 0.004297963343560696, 0.0054947445169091225, -1.883227378129959e-05, 0.0025781244039535522, 0.0003029857762157917], "(2, 3, 1, 1)": [0.019778911024332047, 0.019755084067583084, 0.01980532333254814, 0.01981171779334545, 0.019809987396001816, 0.019004346802830696, 0.019861780107021332, 0.019756950438022614, 0.01836048625409603, 0.019674142822623253, 0.019912108778953552], "(1, 1, 1, 1)": [-0.00421240646392107, -0.0007126280106604099, -0.0012450250796973705, -0.002292561810463667, -0.0017129182815551758, 0.00030432362109422684, -0.0010665631853044033, -0.001305190846323967, -0.0024384609423577785, -0.0019777370616793633, 0.009735839441418648], "(1, 2, 1, 1)": [0.017071938142180443, 0.016696736216545105, 0.015952518209815025, 0.016344556584954262, 0.015280268155038357, 0.01678626611828804, 0.016911091282963753, 0.019082441926002502, 0.01692512258887291, 0.01662721298635006, 0.016072770580649376], "(2, 2, 1, 1)": [0.017880989238619804, 0.01825523190200329, 0.01686214841902256, 0.01687455363571644, 0.017907198518514633, 0.017623506486415863, 0.018123997375369072, 0.01773250102996826, 0.017149142920970917, 0.012475823052227497, 0.01931476593017578], "(2, 1, 1, 1)": [0.00500141829252243, 0.00602379534393549, 0.0052609918639063835, 0.004566993564367294, 0.0063287862576544285, 0.008120945654809475, 0.004720733501017094, 0.005862003657966852, 0.0042914957739412785, 0.006319771520793438, 0.015040302649140358], "(2, 5, 1, 1)": [0.018665950745344162, 0.018655942752957344, 0.017860598862171173, 0.01855090633034706, 0.01805935613811016, 0.018187619745731354, 0.018665844574570656, 0.0183403380215168, 0.01863957569003105, 0.017584549263119698, 0.018523618578910828], "(2, 6, 1, 1)": [0.00879478920251131, 0.0016625369898974895, 0.001057164277881384, 0.0072891926392912865, 0.005078916437923908, 0.0019117682240903378, -0.0030624354258179665, 0.002752188593149185, 0.001546330749988556, 0.002563648857176304, -0.0037972901482135057], "(2, 4, 1, 1)": [0.019637810066342354, 0.019672026857733727, 0.01948264054954052, 0.01966693624854088, 0.01966852881014347, 0.019675536081194878, 0.019595710560679436, 0.019549954682588577, 0.019584091380238533, 0.019658057019114494, 0.019652370363473892], "(1, 3, 1, 1)": [0.019573966041207314, 0.01968234032392502, 0.019319724291563034, 0.019650481641292572, 0.01946783810853958, 0.019602298736572266, 0.019528022035956383, 0.019366541877388954, 0.019676409661769867, 0.01968301273882389, 0.019926823675632477]}}