{"q_values": {"(1, 4, 1, 1)": [0.010735541582107544, 0.013708915561437607, 0.018703969195485115, 0.018741995096206665, 0.0163988396525383, 0.0188647098839283, 0.018755599856376648, 0.019093692302703857, 0.011449701152741909, 0.018782079219818115, 0.018865495920181274], "(1, 5, 1, 1)": [0.01277256477624178, 0.010407020337879658, 0.008305366151034832, 0.008421611972153187, 0.013646632432937622, 0.01500863116234541, 0.014287890866398811, 0.014234073460102081, 0.014340745285153389, 0.014514586888253689, 0.013869168236851692], "(1, 6, 1, 1)": [-0.0022889901883900166, -0.002122516743838787, -0.0028120153583586216, -0.001952058868482709, -0.004402137361466885, -0.00486955838277936, -0.0067076594568789005, 0.003987458068877459, -0.002476319670677185, -0.0021604178473353386, -0.006327222101390362], "(2, 3, 1, 1)": [0.018147997558116913, 0.01916857250034809, 0.01823657937347889, 0.011433091014623642, 0.018795134499669075, 0.010471750050783157, 0.018753396347165108, 0.01085182186216116, 0.01808711513876915, 0.012231536209583282, 0.016575533896684647], "(1, 1, 1, 1)": [-0.009271584451198578, -0.00587839912623167, -0.006900826469063759, -0.007205397356301546, -0.01053408719599247, -0.006889724172651768, -0.0068967463448643684, -0.006203121971338987, -0.006251130253076553, 0.0007003559730947018, 0.007701855152845383], "(1, 2, 1, 1)": [0.013420777395367622, 0.01223625335842371, 0.013337754644453526, 0.012692897580564022, 0.013347850181162357, 0.013562540523707867, 0.014954882673919201, 0.01119591761380434, 0.014322446659207344, 0.01287209801375866, 0.01852087490260601], "(2, 2, 1, 1)": [0.016026562079787254, 0.015371636487543583, 0.01456754095852375, 0.01570335403084755, 0.011963499709963799, 0.00926834624260664, 0.009464499540627003, 0.01545347273349762, 0.014419915154576302, 0.010321398265659809, 0.01430829893797636], "(2, 1, 1, 1)": [-0.0045199766755104065, -0.0026666726917028427, 4.3476466089487076e-05, -0.0023115407675504684, -0.0028163092210888863, -2.131238579750061e-05, -0.0013460726477205753, 0.0014212080277502537, -0.002605175133794546, 0.001027856022119522, -0.0015936722047626972], "(2, 5, 1, 1)": [0.019083527848124504, 0.013882989063858986, 0.015438304282724857, 0.015491565689444542, 0.01524292305111885, 0.015490781515836716, 0.013993778266012669, 0.015538094565272331, 0.015386126935482025, 0.014144305139780045, 0.01493045687675476], "(2, 6, 1, 1)": [-0.007473617792129517, 0.0012298766523599625, -0.006873073522001505, -0.006052929442375898, -0.006389755755662918, -0.006657914724200964, 0.00011100061237812042, -0.004756982438266277, -0.007825945504009724, -0.006647120229899883, -0.008808525279164314], "(2, 4, 1, 1)": [0.01943381503224373, 0.016767648980021477, 0.017607662826776505, 0.01931498385965824, 0.01908980868756771, 0.019377153366804123, 0.019054599106311798, 0.019356153905391693, 0.01952395588159561, 0.019220899790525436, 0.019413679838180542], "(1, 3, 1, 1)": [0.01865873672068119, 0.018679926171898842, 0.019281519576907158, 0.01898261532187462, 0.018913468345999718, 0.01917772926390171, 0.019050491973757744, 0.01896095462143421, 0.018746433779597282, 0.019433243200182915, 0.018842123448848724]}}