{"q_values": {"(1, 4, 1, 1)": [0.019751545041799545, 0.018652843311429024, 0.018936824053525925, 0.013402033597230911, 0.01886141113936901, 0.018806053325533867, 0.01932002790272236, 0.019416579976677895, 0.01956382393836975, 0.019550904631614685, 0.019655419513583183], "(1, 5, 1, 1)": [0.0076269228011369705, 0.01940983533859253, 0.008305366151034832, 0.009399915114045143, 0.0145505890250206, 0.011271378956735134, 0.009191430173814297, 0.01440105028450489, 0.015549746342003345, 0.01431368663907051, 0.01404813677072525], "(1, 6, 1, 1)": [-0.001096600666642189, 0.018039366230368614, 0.00046853069216012955, 0.000904617365449667, -0.00045458367094397545, 0.0008606724441051483, -0.003570785978808999, -0.0013798265717923641, 0.0033020449336618185, 0.0007954668253660202, 0.0035402814392000437], "(2, 3, 1, 1)": [0.01854604296386242, 0.019115250557661057, 0.013165691867470741, 0.01606416516005993, 0.018598325550556183, 0.010534749366343021, 0.01847134716808796, 0.0167060736566782, 0.010778834111988544, 0.018604114651679993, 0.018459025770425797], "(1, 1, 1, 1)": [-0.007189927622675896, -0.003204884473234415, -0.002842692658305168, -0.0068627274595201015, -0.007702093105763197, -0.006844957359135151, -0.001641112845391035, -0.0041810995899140835, -0.00399440061300993, -0.004658963531255722, 0.017489811405539513], "(1, 2, 1, 1)": [0.016141517087817192, 0.015290888026356697, 0.014356063678860664, 0.01493415329605341, 0.01794792152941227, 0.01437811553478241, 0.016063032671809196, 0.01576446183025837, 0.014275861904025078, 0.01674233004450798, 0.013791064731776714], "(2, 2, 1, 1)": [0.014744885265827179, 0.014508490450680256, 0.014817824587225914, 0.015212823636829853, 0.015651976689696312, 0.009370026178658009, 0.011767994612455368, 0.015435071662068367, 0.012568075209856033, 0.009853648953139782, 0.014081011526286602], "(2, 1, 1, 1)": [-0.0007835756987333298, 0.0023403470404446125, 0.0009742393158376217, 0.005173476878553629, 0.0010053333826363087, 0.000474453903734684, 0.003100855741649866, -0.0006894059479236603, 0.0017915158532559872, 0.0030332552269101143, 0.002994682639837265], "(2, 5, 1, 1)": [0.019301706925034523, 0.013882989063858986, 0.016184737905859947, 0.016259606927633286, 0.015116801485419273, 0.016001064330339432, 0.013993778266012669, 0.014231963083148003, 0.016921205446124077, 0.016259046271443367, 0.015806540846824646], "(2, 6, 1, 1)": [-0.007473617792129517, -0.004323222674429417, -0.006873073522001505, -0.006052929442375898, -0.006389755755662918, -0.006657914724200964, 0.009525420144200325, -0.005483713932335377, -0.007825945504009724, -0.004587442614138126, -0.008808525279164314], "(2, 4, 1, 1)": [0.019295979291200638, 0.01878923363983631, 0.01972714066505432, 0.019153624773025513, 0.01967809721827507, 0.019556576386094093, 0.019294045865535736, 0.019610486924648285, 0.019387884065508842, 0.01919100061058998, 0.019587423652410507], "(1, 3, 1, 1)": [0.019231487065553665, 0.019239142537117004, 0.01891982927918434, 0.018985498696565628, 0.018891749903559685, 0.019175522029399872, 0.019244734197854996, 0.01910533383488655, 0.01913379691541195, 0.018376845866441727, 0.010869810357689857]}}