{"q_values": {"(1, 4, 1, 1)": [0.01771210879087448, 0.013500286266207695, 0.01071219053119421, 0.01939355581998825, 0.0188559852540493, 0.019224874675273895, 0.01944676600396633, 0.019462496042251587, 0.019436737522482872, 0.019390223547816277, 0.019411645829677582], "(1, 5, 1, 1)": [0.017090782523155212, 0.016348300501704216, 0.019247161224484444, 0.016552552580833435, 0.016562214121222496, 0.016594745218753815, 0.01162100862711668, 0.016977017745375633, 0.015561340376734734, 0.0158379003405571, 0.015654703602194786], "(1, 6, 1, 1)": [0.012987245805561543, 0.00843042228370905, 0.008429491892457008, 0.0006990479305386543, 0.005672145169228315, 0.00636239442974329, 0.0057907868176698685, 0.004435086157172918, 0.001607915386557579, 0.0005679614841938019, 0.007440442219376564], "(2, 3, 1, 1)": [0.01905936561524868, 0.01933806575834751, 0.01906782016158104, 0.01970609836280346, 0.01953703537583351, 0.019712530076503754, 0.019329912960529327, 0.019628606736660004, 0.019407404586672783, 0.01835963875055313, 0.019935190677642822], "(1, 1, 1, 1)": [0.0005993517115712166, 0.003772841300815344, -0.0010295123793184757, -0.00021140510216355324, 0.000512261874973774, 0.00042713084258139133, -0.003135290462523699, 0.00037306686863303185, -0.0011528790928423405, 0.001985449343919754, 0.003419955261051655], "(1, 2, 1, 1)": [0.017848391085863113, 0.016231484711170197, 0.018244659528136253, 0.01805812492966652, 0.018082085996866226, 0.01712702214717865, 0.01766202412545681, 0.016307944431900978, 0.01666896976530552, 0.01797780953347683, 0.01945122890174389], "(2, 2, 1, 1)": [0.01664177142083645, 0.015275640413165092, 0.01551845669746399, 0.016381632536649704, 0.015888113528490067, 0.016230257228016853, 0.01637689396739006, 0.015911472961306572, 0.014639640226960182, 0.013978020288050175, 0.01928814873099327], "(2, 1, 1, 1)": [0.0020943423733115196, 0.007846063934266567, 0.003893304616212845, 0.002671410795301199, 0.0033737318590283394, 0.003945153672248125, -0.0014802566729485989, 0.002922837156802416, -0.0028563933447003365, -0.0012205010280013084, 0.002335367724299431], "(2, 5, 1, 1)": [0.01747816428542137, 0.016265492886304855, 0.019394351169466972, 0.017848027870059013, 0.01813891902565956, 0.015049057081341743, 0.016663532704114914, 0.017540890723466873, 0.0178682804107666, 0.017412614077329636, 0.01737968809902668], "(2, 6, 1, 1)": [0.00102335587143898, 0.0161571204662323, -0.003085417440161109, -0.005526107270270586, -0.0012003881856799126, 0.00026111025363206863, -0.0008782702498137951, -0.001394609920680523, 0.0001318124122917652, -0.0031025956850498915, -0.002245826181024313], "(2, 4, 1, 1)": [0.019573533907532692, 0.017847100272774696, 0.01946808211505413, 0.019669165834784508, 0.019552486017346382, 0.01958497241139412, 0.019580503925681114, 0.019592050462961197, 0.01959356665611267, 0.01938961073756218, 0.0195634663105011], "(1, 3, 1, 1)": [0.01954612322151661, 0.01945526897907257, 0.019641105085611343, 0.01963617093861103, 0.01976628787815571, 0.01967928372323513, 0.019414609298110008, 0.01970844343304634, 0.019916560500860214, 0.01974903605878353, 0.019812125712633133]}}