{"q_values": {"(1, 4, 1, 1)": [0.010703985579311848, 0.01966058649122715, 0.01906690187752247, 0.01944807544350624, 0.019663497805595398, 0.019652163609862328, 0.01965990848839283, 0.019608385860919952, 0.019664330407977104, 0.019663557410240173, 0.01954830065369606], "(1, 5, 1, 1)": [0.013118636794388294, 0.019477281719446182, 0.01849282719194889, 0.017404401674866676, 0.01881444826722145, 0.019117726013064384, 0.018637556582689285, 0.018983034417033195, 0.018434563651680946, 0.01908460631966591, 0.018386706709861755], "(1, 6, 1, 1)": [0.008690271526575089, 0.009692039340734482, 0.004604061134159565, 0.008200396783649921, 0.008473915047943592, 0.005783006548881531, 0.0026910901069641113, 0.006012236699461937, 0.008285712450742722, 0.009453102946281433, 0.006027847994118929], "(2, 3, 1, 1)": [0.01955203339457512, 0.01950712502002716, 0.019604014232754707, 0.019476380199193954, 0.019597213715314865, 0.01964416541159153, 0.019348207861185074, 0.01945926807820797, 0.019633596763014793, 0.019615910947322845, 0.019633574411273003], "(1, 1, 1, 1)": [0.0020057796500623226, 0.001412360928952694, 0.0014170212671160698, -0.0029272926039993763, 0.0010222280398011208, 0.0016952678561210632, -0.0008418075740337372, 0.0022594835609197617, -0.0015840674750506878, 0.003404159564524889, -0.0007027462124824524], "(1, 2, 1, 1)": [0.01804804801940918, 0.01736738346517086, 0.01847197115421295, 0.014108742587268353, 0.018110252916812897, 0.01681043580174446, 0.018472302705049515, 0.018185492604970932, 0.017062680795788765, 0.017640527337789536, 0.01895025745034218], "(2, 2, 1, 1)": [0.01707434095442295, 0.014564833603799343, 0.015558673068881035, 0.017527397722005844, 0.017067238688468933, 0.017079804092645645, 0.01741662621498108, 0.017351729795336723, 0.01707405410706997, 0.016826922073960304, 0.012940040789544582], "(2, 1, 1, 1)": [0.0026723628398030996, 0.004092028364539146, 0.00564971100538969, 0.004913056269288063, 0.005557610187679529, 0.004125041421502829, 0.009146898053586483, 0.00853298045694828, 0.00946214608848095, 0.008437789976596832, 0.00847287941724062], "(2, 5, 1, 1)": [0.018695756793022156, 0.01844554953277111, 0.019177094101905823, 0.018717199563980103, 0.018894607201218605, 0.018732840195298195, 0.018590206280350685, 0.018758174031972885, 0.018871629610657692, 0.01841987855732441, 0.018553923815488815], "(2, 6, 1, 1)": [0.008706904947757721, 0.00840951967984438, 0.007989703677594662, 0.0066595133394002914, 0.010714706964790821, 0.010088769719004631, 0.0042639668099582195, 0.008777903392910957, 0.0052764276042580605, 0.005898901727050543, 0.007380465045571327], "(2, 4, 1, 1)": [0.019810911267995834, 0.019917747005820274, 0.019812796264886856, 0.01963176392018795, 0.019758695736527443, 0.019802674651145935, 0.0198430847376585, 0.01975364238023758, 0.01977430284023285, 0.019736159592866898, 0.019685301929712296], "(1, 3, 1, 1)": [0.019817790016531944, 0.019640279933810234, 0.01980653405189514, 0.01967991515994072, 0.01978151686489582, 0.019582130014896393, 0.019835814833641052, 0.019805310294032097, 0.019619546830654144, 0.019783567637205124, 0.019814830273389816]}}