{"q_values": {"(1, 4, 1, 1)": [0.019871314987540245, 0.019788239151239395, 0.01980251632630825, 0.019815344363451004, 0.01985306292772293, 0.01983072981238365, 0.01983899250626564, 0.01975909247994423, 0.019736265763640404, 0.019731950014829636, 0.019858602434396744], "(1, 5, 1, 1)": [0.018581995740532875, 0.018659057095646858, 0.0194245558232069, 0.018754979595541954, 0.01858062669634819, 0.018411248922348022, 0.01888291724026203, 0.018101824447512627, 0.018201520666480064, 0.018667802214622498, 0.018806129693984985], "(1, 6, 1, 1)": [0.014375648461282253, 0.01231883279979229, 0.01765790954232216, 0.011471004225313663, 0.011374784633517265, 0.012663096189498901, 0.006299130618572235, 0.010962573811411858, 0.014639254659414291, 0.007530507165938616, 0.009518939070403576], "(2, 3, 1, 1)": [0.019585857167840004, 0.019829409196972847, 0.019773900508880615, 0.01979532092809677, 0.019738681614398956, 0.019829167053103447, 0.01967127062380314, 0.019814977422356606, 0.01982767879962921, 0.019624048843979836, 0.01981426030397415], "(1, 1, 1, 1)": [0.005331393331289291, 0.006326866336166859, 0.0047905766405165195, 0.0012686708942055702, 0.002164985053241253, 0.004863879177719355, 0.007280132733285427, -0.0026408634148538113, 0.014563344419002533, 0.0010960055515170097, 0.004823592957109213], "(1, 2, 1, 1)": [0.01759282685816288, 0.01709580235183239, 0.01774485409259796, 0.01772446557879448, 0.01829901896417141, 0.017779313027858734, 0.017947889864444733, 0.01692090928554535, 0.016807854175567627, 0.017762910574674606, 0.017330516129732132], "(2, 2, 1, 1)": [0.01847989670932293, 0.017584247514605522, 0.018240543082356453, 0.01747114583849907, 0.017893563956022263, 0.01835642009973526, 0.01826554536819458, 0.018261035904288292, 0.01773068867623806, 0.0182048249989748, 0.01824216917157173], "(2, 1, 1, 1)": [0.012218204326927662, 0.013702006079256535, 0.009239861741662025, 0.010052602738142014, 0.014812251552939415, 0.004195861984044313, 0.013668382540345192, 0.008274619467556477, 0.007990789599716663, 0.010670818388462067, 0.013651853427290916], "(2, 5, 1, 1)": [0.01888827420771122, 0.0188705213367939, 0.01887727901339531, 0.018228180706501007, 0.018759289756417274, 0.01778864860534668, 0.018863609060645103, 0.018849117681384087, 0.01881057769060135, 0.018727799877524376, 0.01886306144297123], "(2, 6, 1, 1)": [0.010435348376631737, 0.008293750695884228, 0.008113780058920383, 0.004844737239181995, 0.008253047242760658, 0.010481131263077259, 0.007817413657903671, 0.010092077776789665, 0.005895618349313736, 0.01020372100174427, 0.004191144835203886], "(2, 4, 1, 1)": [0.019904235377907753, 0.019753526896238327, 0.019785603508353233, 0.019732406362891197, 0.019777528941631317, 0.019806426018476486, 0.019798781722784042, 0.01980949193239212, 0.0198216512799263, 0.01969069615006447, 0.019679861143231392], "(1, 3, 1, 1)": [0.019629254937171936, 0.019662216305732727, 0.01965017057955265, 0.019601155072450638, 0.019530873745679855, 0.01944281905889511, 0.019644679501652718, 0.019632216542959213, 0.019577166065573692, 0.01966051198542118, 0.018717210739850998]}}