{"q_values": {"(1, 4, 1, 1)": [0.019730083644390106, 0.01969105191528797, 0.01955428533256054, 0.019741015508770943, 0.01973842829465866, 0.019739598035812378, 0.019706036895513535, 0.019642185419797897, 0.019537679851055145, 0.019483717158436775, 0.019574064761400223], "(1, 5, 1, 1)": [0.01805790513753891, 0.018209652975201607, 0.0182916559278965, 0.01814066618680954, 0.017881052568554878, 0.01749948412179947, 0.01772233098745346, 0.018322115764021873, 0.017444852739572525, 0.017518002539873123, 0.01686825603246689], "(1, 6, 1, 1)": [0.0010794079862535, 0.008200922049582005, 0.009927943348884583, 0.007686227560043335, 0.007407591678202152, 0.005155069753527641, 0.0033037997782230377, 0.005528391804546118, 0.005800936371088028, 0.008432835340499878, 0.009251264855265617], "(2, 3, 1, 1)": [0.016732539981603622, 0.01973293535411358, 0.019703498110175133, 0.019701341167092323, 0.019836705178022385, 0.019681060686707497, 0.019773896783590317, 0.019767703488469124, 0.019605649635195732, 0.019799115136265755, 0.019879529252648354], "(1, 1, 1, 1)": [0.008268891833722591, 0.009039845317602158, 0.0033863000571727753, 0.003882231190800667, 0.009753118269145489, 0.0024701403453946114, 0.006900716572999954, 0.01279343944042921, 0.0024655619636178017, 0.0017964700236916542, 0.01771431230008602], "(1, 2, 1, 1)": [0.018383722752332687, 0.018475016579031944, 0.017804015427827835, 0.018091853708028793, 0.0186171717941761, 0.018588440492749214, 0.018624676391482353, 0.019434945657849312, 0.018767107278108597, 0.01888428069651127, 0.018484678119421005], "(2, 2, 1, 1)": [0.018597202375531197, 0.017992964014410973, 0.01583472453057766, 0.018978610634803772, 0.018112702295184135, 0.018649188801646233, 0.018010923638939857, 0.0178623516112566, 0.019349098205566406, 0.01797398366034031, 0.018301144242286682], "(2, 1, 1, 1)": [-0.00060284323990345, 0.0022994307801127434, 0.0034809368662536144, 0.004702091217041016, 0.005407228600233793, 0.0031882813200354576, 0.002510359976440668, 0.004015001934021711, 0.0032660355791449547, 0.005802319850772619, 0.007630545645952225], "(2, 5, 1, 1)": [0.018948595970869064, 0.018561773002147675, 0.019308442249894142, 0.01855350472033024, 0.018998267129063606, 0.01838843710720539, 0.01876530982553959, 0.018795045092701912, 0.019000433385372162, 0.018878275528550148, 0.018403448164463043], "(2, 6, 1, 1)": [0.008297360502183437, 0.007670450955629349, 0.007674450054764748, 0.005516710691154003, 0.0019746441394090652, 0.007348275743424892, 0.0052709742449223995, 0.007249443791806698, 0.005838401615619659, 0.008828232996165752, 0.006378542631864548], "(2, 4, 1, 1)": [0.019064845517277718, 0.01959829404950142, 0.019584685564041138, 0.019629502668976784, 0.019731778651475906, 0.019602831453084946, 0.019618554040789604, 0.01959995925426483, 0.019527917727828026, 0.01961551420390606, 0.01961294747889042], "(1, 3, 1, 1)": [0.019673191010951996, 0.019722959026694298, 0.01966761238873005, 0.019641203805804253, 0.01960163749754429, 0.01958250068128109, 0.019706984981894493, 0.019711634144186974, 0.019748931750655174, 0.014540834352374077, 0.019893541932106018]}}