{"q_values": {"(1, 4, 1, 1)": [0.01989075168967247, 0.018652843311429024, 0.018936824053525925, 0.013402033597230911, 0.01886141113936901, 0.018325544893741608, 0.01932002790272236, 0.019416579976677895, 0.01956382393836975, 0.019550904631614685, 0.019655419513583183], "(1, 5, 1, 1)": [0.0076269228011369705, 0.01942487619817257, 0.008305366151034832, 0.009399915114045143, 0.0145505890250206, 0.011271378956735134, 0.009191430173814297, 0.01440105028450489, 0.015549746342003345, 0.01431368663907051, 0.01404813677072525], "(1, 6, 1, 1)": [-0.001096600666642189, 0.015601858496665955, 0.00046853069216012955, 0.000904617365449667, -0.00045458367094397545, 0.0008606724441051483, -0.003570785978808999, -0.0013798265717923641, 0.0033020449336618185, 0.0007954668253660202, 0.0035402814392000437], "(2, 3, 1, 1)": [0.01944010704755783, 0.01876820996403694, 0.013165691867470741, 0.012468635104596615, 0.018233129754662514, 0.010534749366343021, 0.01877138577401638, 0.0167060736566782, 0.010778834111988544, 0.018604114651679993, 0.015230724588036537], "(1, 1, 1, 1)": [-0.007189927622675896, -0.0040932027623057365, -0.007460169959813356, -0.0044517964124679565, -0.007702093105763197, -0.006844957359135151, -0.003803248517215252, -0.007959985174238682, -0.004752694629132748, -0.003820934798568487, -0.004452891647815704], "(1, 2, 1, 1)": [0.015605118125677109, 0.015598064288496971, 0.014356063678860664, 0.013829453848302364, 0.014756182208657265, 0.01437811553478241, 0.014048525132238865, 0.013375837355852127, 0.015461830422282219, 0.018732231110334396, 0.015869084745645523], "(2, 2, 1, 1)": [0.016589317470788956, 0.016069859266281128, 0.014761741273105145, 0.015102284029126167, 0.015288535505533218, 0.015654779970645905, 0.014072995632886887, 0.009875159710645676, 0.015193196013569832, 0.015194700099527836, 0.010141518898308277], "(2, 1, 1, 1)": [-0.003042870666831732, 0.0030447812750935555, 0.0016234153881669044, 0.0014146491885185242, 0.0027361768297851086, 0.002631797920912504, -0.0021196301095187664, 0.0032168147154152393, 0.0015405728481709957, 0.0025502219796180725, 0.016607385128736496], "(2, 5, 1, 1)": [0.019345827400684357, 0.013882989063858986, 0.01467016153037548, 0.016259606927633286, 0.015116801485419273, 0.016001064330339432, 0.013993778266012669, 0.014231963083148003, 0.016921205446124077, 0.016259046271443367, 0.015806540846824646], "(2, 6, 1, 1)": [-0.007473617792129517, -0.004323222674429417, -0.004718532785773277, -0.006052929442375898, -0.006389755755662918, -0.006657914724200964, 0.005641899071633816, -0.005483713932335377, -0.007825945504009724, -0.004587442614138126, -0.008808525279164314], "(2, 4, 1, 1)": [0.019029535353183746, 0.01878923363983631, 0.019891973584890366, 0.019153624773025513, 0.019753895699977875, 0.019556576386094093, 0.019294045865535736, 0.019680418074131012, 0.019387884065508842, 0.01919100061058998, 0.019587423652410507], "(1, 3, 1, 1)": [0.018936406821012497, 0.018847549334168434, 0.019325492903590202, 0.018985498696565628, 0.019108718261122704, 0.01888895221054554, 0.01914047636091709, 0.01958191767334938, 0.019129419699311256, 0.016749367117881775, 0.010869810357689857]}}