{"q_values": {"(1, 4, 1, 1)": [0.019799472764134407, 0.019860902801156044, 0.019810503348708153, 0.01981860212981701, 0.019627774134278297, 0.019779028370976448, 0.01983894407749176, 0.01978805847465992, 0.01983029395341873, 0.019629579037427902, 0.019837873056530952], "(1, 5, 1, 1)": [0.019198548048734665, 0.018039830029010773, 0.018715286627411842, 0.018756907433271408, 0.018854329362511635, 0.018880287185311317, 0.018672849982976913, 0.01800052635371685, 0.018964413553476334, 0.01888365112245083, 0.017761649563908577], "(1, 6, 1, 1)": [0.00931693147867918, 0.012172515504062176, 0.013454506173729897, 0.008586479350924492, 0.005824938416481018, 0.010300302878022194, 0.009771576151251793, 0.006499219685792923, 0.013080366887152195, 0.005995891988277435, 0.0061246780678629875], "(2, 3, 1, 1)": [0.019836867228150368, 0.019701922312378883, 0.01983095146715641, 0.019811436533927917, 0.019603628665208817, 0.019796553999185562, 0.019833413884043694, 0.019815992563962936, 0.01976003311574459, 0.019803237169981003, 0.01984475739300251], "(1, 1, 1, 1)": [-0.003472097683697939, 0.005037834867835045, 0.009588085114955902, 0.006940607912838459, 0.003741774708032608, 0.007980704307556152, 0.005515362601727247, 0.011546249501407146, 0.0093681700527668, 0.006862355396151543, 0.010584413073956966], "(1, 2, 1, 1)": [0.017552047967910767, 0.017384259030222893, 0.018445665016770363, 0.016961488872766495, 0.018576018512248993, 0.01817639172077179, 0.018349574878811836, 0.018425894901156425, 0.018186239525675774, 0.018472861498594284, 0.018351029604673386], "(2, 2, 1, 1)": [0.01858513616025448, 0.01873074658215046, 0.018747353926301003, 0.018459666520357132, 0.01789642684161663, 0.018845533952116966, 0.018216276541352272, 0.018942123278975487, 0.018776511773467064, 0.01892251893877983, 0.018628239631652832], "(2, 1, 1, 1)": [0.006492555141448975, 0.01382387988269329, 0.011040499433875084, 0.005223896820098162, 0.013541579246520996, 0.01039462722837925, 0.010863141156733036, 0.010652192868292332, 0.007577827200293541, 0.012968605384230614, 0.01525457389652729], "(2, 5, 1, 1)": [0.018958821892738342, 0.018788112327456474, 0.018728068098425865, 0.018641851842403412, 0.018806539475917816, 0.018684089183807373, 0.01849779114127159, 0.018763059750199318, 0.01893117092549801, 0.018747037276625633, 0.018715165555477142], "(2, 6, 1, 1)": [0.01576988399028778, 0.007326904684305191, 0.006123991683125496, 0.012762981466948986, 0.013864757493138313, 0.011108499951660633, 0.015117106959223747, 0.017127947881817818, 0.00981096364557743, 0.004155895672738552, 0.006877176463603973], "(2, 4, 1, 1)": [0.019778449088335037, 0.019871432334184647, 0.019822202622890472, 0.019872291013598442, 0.01980958878993988, 0.019832594320178032, 0.01986457034945488, 0.01981816254556179, 0.019799046218395233, 0.019813621416687965, 0.01981430873274803], "(1, 3, 1, 1)": [0.019829975441098213, 0.019832978025078773, 0.019548838958144188, 0.019624292850494385, 0.0197304654866457, 0.01960158161818981, 0.019833894446492195, 0.019860543310642242, 0.019803062081336975, 0.01967690698802471, 0.019859569147229195]}}