{"q_values": {"(1, 4, 1, 1)": [0.017749812453985214, 0.008180687204003334, 0.017549414187669754, 0.01837518811225891, 0.012887474149465561, 0.019016895443201065, 0.019286049529910088, 0.01880500465631485, 0.019049404188990593, 0.019065655767917633, 0.018839744850993156], "(1, 5, 1, 1)": [0.0076269228011369705, 0.012025738134980202, 0.008305366151034832, 0.01409205049276352, 0.0145505890250206, 0.013261426240205765, 0.012145040556788445, 0.014924900606274605, 0.013742977753281593, 0.01477209385484457, 0.015603892505168915], "(1, 6, 1, 1)": [-0.001096600666642189, 0.002362477593123913, 0.007331306114792824, 0.000904617365449667, -0.00045458367094397545, 0.0008606724441051483, 0.0009483597241342068, 0.0021847449243068695, 0.0008006803691387177, 0.0007954668253660202, 0.0001543741673231125], "(2, 3, 1, 1)": [0.019008789211511612, 0.018424082547426224, 0.01876228302717209, 0.018383001908659935, 0.018744446337223053, 0.01871548965573311, 0.01760070025920868, 0.01085182186216116, 0.014982183463871479, 0.012231536209583282, 0.015276852063834667], "(1, 1, 1, 1)": [-0.007189927622675896, -0.007883954793214798, -0.00531734898686409, -0.007205397356301546, -0.005754882004112005, -0.006844957359135151, -0.005621301010251045, -0.005755060352385044, -0.006251130253076553, -0.006508936174213886, 0.014359201304614544], "(1, 2, 1, 1)": [0.014043033123016357, 0.013090556487441063, 0.013337754644453526, 0.014307927340269089, 0.0141825620085001, 0.014233261346817017, 0.012753906659781933, 0.01119591761380434, 0.014746378175914288, 0.01846352219581604, 0.013508645817637444], "(2, 2, 1, 1)": [0.013573884032666683, 0.014357086271047592, 0.014009669423103333, 0.013316668570041656, 0.012247633188962936, 0.0092497318983078, 0.009270784445106983, 0.012954155914485455, 0.013802560046315193, 0.00984214711934328, 0.01252518966794014], "(2, 1, 1, 1)": [-0.004341203719377518, -0.004496674984693527, -0.0014209963846951723, -0.0023115407675504684, -0.0059319972060620785, -0.004287330433726311, -0.0020328713580965996, -0.0019820304587483406, -0.002605175133794546, -0.0020754020661115646, -0.004355697426944971], "(2, 5, 1, 1)": [0.01598086580634117, 0.013882989063858986, 0.015438304282724857, 0.015491565689444542, 0.017334546893835068, 0.015490781515836716, 0.013993778266012669, 0.014231963083148003, 0.015153483487665653, 0.016259046271443367, 0.01747954450547695], "(2, 6, 1, 1)": [-0.007473617792129517, -0.0014086035080254078, -0.006873073522001505, -0.006052929442375898, -0.006389755755662918, -0.006657914724200964, -0.004980820696800947, -0.004756982438266277, -0.007825945504009724, -0.006647120229899883, -0.008808525279164314], "(2, 4, 1, 1)": [0.01966997981071472, 0.015514450147747993, 0.015229525044560432, 0.019702492281794548, 0.01822645217180252, 0.01965237781405449, 0.019567491486668587, 0.019532551988959312, 0.019569644704461098, 0.01956217922270298, 0.01963142119348049], "(1, 3, 1, 1)": [0.01855047419667244, 0.019127165898680687, 0.01869686134159565, 0.018908746540546417, 0.0189761221408844, 0.018944142386317253, 0.01906612329185009, 0.01905335672199726, 0.019402533769607544, 0.018956968560814857, 0.018388688564300537]}}