{"q_values": {"(1, 4, 1, 1)": [0.01946813426911831, 0.019592085853219032, 0.019664548337459564, 0.019500596448779106, 0.010836927220225334, 0.019656213000416756, 0.01967594213783741, 0.019584471359848976, 0.019676219671964645, 0.019223371520638466, 0.01955951377749443], "(1, 5, 1, 1)": [0.012364402413368225, 0.012912389822304249, 0.015721675008535385, 0.01694108359515667, 0.016559889540076256, 0.017418088391423225, 0.018241753801703453, 0.017758388072252274, 0.017840668559074402, 0.016605686396360397, 0.017022091895341873], "(1, 6, 1, 1)": [-0.0011530122719705105, 0.005117794498801231, 0.004580145701766014, 0.0025273803621530533, 0.0059056757017970085, 0.006597769446671009, 0.005254540592432022, 2.626422792673111e-05, 0.004953004419803619, 0.003306576982140541, 0.003890762571245432], "(2, 3, 1, 1)": [0.019649462774395943, 0.01966789737343788, 0.01533392071723938, 0.019655797630548477, 0.0196536872535944, 0.019677825272083282, 0.018733426928520203, 0.015388453379273415, 0.013565088622272015, 0.010795651003718376, 0.01969403587281704], "(1, 1, 1, 1)": [0.0005993517115712166, -0.0007126280106604099, -0.0016543841920793056, 0.00022077234461903572, 0.007302119396626949, 0.00042713084258139133, 0.0006890958175063133, 0.00037306686863303185, -0.0011528790928423405, -0.0019777370616793633, 0.016197608783841133], "(1, 2, 1, 1)": [0.01733170635998249, 0.017986811697483063, 0.01762290857732296, 0.018330376595258713, 0.01778896525502205, 0.018485644832253456, 0.017989689484238625, 0.01806381344795227, 0.018435828387737274, 0.017647359520196915, 0.01922791823744774], "(2, 2, 1, 1)": [0.01797112077474594, 0.018136003986001015, 0.018631499260663986, 0.017755206674337387, 0.015168566256761551, 0.018972573801875114, 0.018171915784478188, 0.017537936568260193, 0.0184725783765316, 0.01880207471549511, 0.01937585137784481], "(2, 1, 1, 1)": [0.0048660822212696075, 0.004616462625563145, 0.003893304616212845, -0.0003889352083206177, 0.004055471625179052, 0.011606279760599136, 0.0002730470150709152, 0.0037065590731799603, 0.004776444751769304, -0.0033948528580367565, 0.004009864758700132], "(2, 5, 1, 1)": [0.018129359930753708, 0.018559707328677177, 0.017706261947751045, 0.016607744619250298, 0.01912633702158928, 0.017368856817483902, 0.016624556854367256, 0.01829509623348713, 0.01821283996105194, 0.016972791403532028, 0.017971839755773544], "(2, 6, 1, 1)": [0.015059251338243484, 0.0016625369898974895, 0.007075487170368433, -0.0016983291134238243, 0.0030335253104567528, 0.0043548219837248325, 0.001685907132923603, 0.0007747691124677658, 0.0060228221118450165, 0.0002204948104918003, -0.0018785905558615923], "(2, 4, 1, 1)": [0.01994248479604721, 0.018959827721118927, 0.01736116223037243, 0.01973423734307289, 0.01963050663471222, 0.019726678729057312, 0.019683321937918663, 0.01976296305656433, 0.019724730402231216, 0.019672809168696404, 0.019696706905961037], "(1, 3, 1, 1)": [0.019693050533533096, 0.019654368981719017, 0.01531706191599369, 0.01972462423145771, 0.01974928006529808, 0.019717620685696602, 0.019769610837101936, 0.01928149349987507, 0.019717594608664513, 0.01992075890302658, 0.01977832056581974]}}