{"q_values": {"(3, 10, 2, 2)": [0.0, 0.0, 0.0, 0.0, 0.0, 0.0, 0.0, -0.021764028817415237, 0.0, 0.0, 0.0], "(3, 9, 2, 2)": [0.0, 0.0072915682829916475, -0.011200272664427757, 0.0, 0.0, 0.0, 0.022744812612123785, 0.0, 0.0, 0.015358823021128773, -0.001541375257074833], "(3, 8, 2, 2)": [0.029470526541221887, 0.0, 0.0, 0.0, 0.0, 0.0, 0.0, 0.0, 0.0, 0.0, 0.0], "(2, 8, 2, 2)": [0.035627590706898644, 0.0, 0.04134777636017252, 0.0, 0.0, 0.0, 0.0, 0.0, 0.0, 0.0, 0.0], "(2, 7, 2, 2)": [0.0, 0.0, 0.0, 0.0, 0.0, 0.0, 0.0, 0.0, 0.0, 0.0, 0.05637910557215396], "(2, 6, 2, 2)": [0.07641531766465483, 0.0, 0.0983968384732371, 0.09829658892635565, 0.0, 0.0, 0.0, 0.060616280219778274, 0.0, 0.07874122850010852, 0.06446467876299458], "(2, 6, 1, 1)": [0.0, 0.09818575312565941, 0.09766952446637518, 0.0, 0.09804810361311589, 0.0, 0.09715518057546212, 0.0, 0.09787419253472657, 0.0679440373393676, 0.09849882101293493], "(2, 5, 2, 2)": [0.08739085449701271, 0.0, 0.0, 0.0, 0.0, 0.0, 0.08860388953023304, 0.08277499857740749, 0.08602323787549825, 0.0, 0.0], "(2, 4, 2, 2)": [0.0, 0.0, 0.0, 0.08965767245918349, 0.0, 0.0, 0.09185640900716038, 0.0, 0.0, 0.09054894231793138, 0.0], "(2, 3, 2, 2)": [0.0, 0.0, 0.0, 0.0, 0.09290516082986347, 0.0, 0.09301963872021203, 0.0929834471676721, 0.0, 0.0927839261049932, 0.0], "(2, 3, 1, 1)": [0.0, 0.0, 0.0, 0.0, 0.0, 0.0, 0.0, 0.09324949669061067, 0.09303298582559018, 0.09304709555886854, 0.0], "(2, 4, 1, 1)": [0.0934865904946741, 0.0, 0.0, 0.0, 0.09413217602279678, 0.0, 0.0, 0.09450760292059388, 0.0, 0.0, 0.0], "(2, 5, 1, 1)": [0.0, 0.09491028669070786, 0.0, 0.09649046340537161, 0.0, 0.0, 0.0, 0.09611678741819428, 0.0, 0.0, 0.0]}, "n_values": {"(3, 10, 2, 2)": [0.0, 0.0, 0.0, 0.0, 0.0, 0.0, 0.0, 1.0, 0.0, 0.0, 0.0], "(3, 9, 2, 2)": [0.0, 1.0, 1.0, 0.0, 0.0, 0.0, 1.0, 0.0, 0.0, 1.0, 1.0], "(3, 8, 2, 2)": [1.0, 0.0, 0.0, 0.0, 0.0, 0.0, 0.0, 0.0, 0.0, 0.0, 0.0], "(2, 8, 2, 2)": [1.0, 0.0, 1.0, 0.0, 0.0, 0.0, 0.0, 0.0, 0.0, 0.0, 0.0], "(2, 7, 2, 2)": [0.0, 0.0, 0.0, 0.0, 0.0, 0.0, 0.0, 0.0, 0.0, 0.0, 1.0], "(2, 6, 2, 2)": [1.0, 0.0, 1.0, 1.0, 0.0, 0.0, 0.0, 1.0, 0.0, 1.0, 1.0], "(2, 6, 1, 1)": [0.0, 1.0, 1.0, 0.0, 1.0, 0.0, 1.0, 0.0, 1.0, 1.0, 1.0], "(2, 5, 2, 2)": [1.0, 0.0, 0.0, 0.0, 0.0, 0.0, 1.0, 1.0, 1.0, 0.0, 0.0], "(2, 4, 2, 2)": [0.0, 0.0, 0.0, 1.0, 0.0, 0.0, 1.0, 0.0, 0.0, 1.0, 0.0], "(2, 3, 2, 2)": [0.0, 0.0, 0.0, 0.0, 1.0, 0.0, 1.0, 1.0, 0.0, 1.0, 0.0], "(2, 3, 1, 1)": [0.0, 0.0, 0.0, 0.0, 0.0, 0.0, 0.0, 1.0, 1.0, 1.0, 0.0], "(2, 4, 1, 1)": [1.0, 0.0, 0.0, 0.0, 1.0, 0.0, 0.0, 1.0, 0.0, 0.0, 0.0], "(2, 5, 1, 1)": [0.0, 1.0, 0.0, 1.0, 0.0, 0.0, 0.0, 1.0, 0.0, 0.0, 0.0]}}