{"q_values": {"(2, 6, 2, 2)": [0.03754638880491257, 0.038000285625457764, 0.05604315549135208, 0.03502137213945389, 0.03565271198749542, 0.04191579297184944, 0.04253701865673065, 0.045203424990177155, 0.03837226703763008, 0.03801124542951584, 0.04020703211426735], "(2, 6, 1, 1)": [0.05365199223160744, 0.05766330659389496, 0.06064458191394806, 0.05469733104109764, 0.0576038584113121, 0.05629725381731987, 0.05306558310985565, 0.05048812925815582, 0.05389735847711563, 0.046217501163482666, 0.0488431341946125], "(2, 5, 1, 1)": [0.05668031424283981, 0.059555087238550186, 0.05587153509259224, 0.05587202310562134, 0.05305500328540802, 0.05666206404566765, 0.05684041604399681, 0.054564133286476135, 0.046559225767850876, 0.05033234506845474, 0.053165532648563385], "(2, 4, 1, 1)": [0.053558722138404846, 0.05161179602146149, 0.052911072969436646, 0.0554586686193943, 0.051719095557928085, 0.054224755614995956, 0.0541747584939003, 0.047044336795806885, 0.04786321893334389, 0.047581132501363754, 0.03947427123785019], "(2, 3, 1, 1)": [0.042188145220279694, 0.04094059020280838, 0.04218669235706329, 0.039783988147974014, 0.04506542533636093, 0.04514368996024132, 0.02982189506292343, 0.04309485852718353, 0.04392417520284653, 0.038892924785614014, 0.046085283160209656], "(2, 3, 2, 2)": [0.03686262667179108, 0.04260857403278351, 0.037868041545152664, 0.04289399832487106, 0.038499865680933, 0.04812700301408768, 0.03575762361288071, 0.04119225963950157, 0.04239342734217644, 0.046190109103918076, 0.04287906363606453], "(2, 4, 2, 2)": [0.04556851089000702, 0.05394181236624718, 0.051749087870121, 0.05170431733131409, 0.05309605225920677, 0.05137288570404053, 0.05062376707792282, 0.05144849419593811, 0.05051203817129135, 0.0459093414247036, 0.047830164432525635], "(2, 5, 2, 2)": [0.056310802698135376, 0.047895994037389755, 0.04248371347784996, 0.041094690561294556, 0.048403844237327576, 0.04495680704712868, 0.046989742666482925, 0.049377333372831345, 0.04597720131278038, 0.04768681153655052, 0.04628918319940567], "(2, 7, 2, 2)": [0.03805015608668327, 0.031651437282562256, 0.03458436205983162, 0.028531596064567566, 0.034793343394994736, 0.044606707990169525, 0.04128017649054527, 0.04482875019311905, 0.041356977075338364, 0.03832053020596504, 0.03262403979897499], "(2, 8, 2, 2)": [0.03751177340745926, 0.03708598390221596, 0.034726887941360474, 0.03289426490664482, 0.03720642998814583, 0.03969850391149521, 0.037061840295791626, 0.03628988564014435, 0.0345572791993618, 0.03797803074121475, 0.03601809963583946], "(3, 8, 2, 2)": [0.037731535732746124, 0.04497545212507248, 0.03934313356876373, 0.04110891744494438, 0.041291818022727966, 0.044712234288454056, 0.04699905216693878, 0.040192458778619766, 0.042353954166173935, 0.041645605117082596, 0.04115985333919525], "(3, 9, 2, 2)": [0.028897926211357117, 0.024861693382263184, 0.019822146743535995, 0.028743918985128403, 0.021597780287265778, 0.02878039889037609, 0.031247969716787338, 0.03034069947898388, 0.022413261234760284, 0.029926519840955734, 0.025101972743868828], "(3, 10, 2, 2)": [-0.00482812337577343, 0.00536889536306262, 0.0010305556934326887, 0.002201046096161008, 0.0034217494539916515, -0.0012482954189181328, -0.0013975049369037151, -0.007418487221002579, -0.012668343260884285, 0.0038018478080630302, 0.006056023761630058], "(3, 4, 1, 2)": [0.03581881895661354, 0.0, 0.0, 0.013026097789406776, 0.0, 0.0, 0.0029171225614845753, 0.023868750780820847, 0.0, 0.012215920723974705, 0.015782849863171577], "(2, 1, 2, 2)": [0.002378948498517275, 0.004247488919645548, 0.0, 0.002483019372448325, 0.0025212999898940325, 0.0024988448712974787, 0.0, 0.005404760129749775, 0.00867027323693037, 0.0, 0.007966279983520508], "(2, 1, 1, 1)": [0.0014316346496343613, 0.0067748199217021465, -0.00040201563388109207, 0.004195195622742176, -0.0013679051771759987, -0.01211569458246231, -0.005199698265641928, 0.006395238451659679, -0.002997252158820629, -0.005575219169259071, -0.002832834143191576], "(2, 2, 2, 1)": [0.017939269542694092, 0.009901434183120728, 0.010757404379546642, 0.022399868816137314, 0.014800867065787315, 0.01709819585084915, 0.022683316841721535, 0.007853947579860687, 0.01509073656052351, 0.03228010609745979, 0.013754469342529774], "(2, 2, 2, 2)": [0.030559197068214417, 0.02365461364388466, 0.024108221754431725, 0.02466680482029915, 0.03146764263510704, 0.0296926386654377, 0.036103952676057816, 0.025157412514090538, 0.030296141281723976, 0.03338553011417389, 0.029977260157465935], "(2, 2, 1, 1)": [0.025367287918925285, 0.017107073217630386, 0.019137293100357056, 0.02840782329440117, 0.02270723693072796, 0.015270398929715157, 0.02190525084733963, 0.018448980525135994, 0.02051108330488205, 0.025803418830037117, 0.030644096434116364], "(3, 8, 1, 2)": [0.022007877007126808, 0.0028278320096433163, 0.02813785709440708, 0.034943945705890656, 0.018115589395165443, 0.02644951082766056, 0.031037015840411186, 0.02832667902112007, 0.029272226616740227, 0.02542807161808014, 0.045879095792770386], "(3, 8, 1, 1)": [0.03956185653805733, 0.03701072186231613, 0.04465792700648308, 0.04658690094947815, 0.035131167620420456, 0.037612996995449066, 0.03626173734664917, 0.033542826771736145, 0.043846677988767624, 0.04308519512414932, 0.03353562206029892], "(3, 7, 1, 1)": [0.037292927503585815, 0.028290078043937683, 0.03910836577415466, 0.03866378962993622, 0.03119603544473648, 0.029435504227876663, 0.04003740847110748, 0.03238599747419357, 0.039914678782224655, 0.03113250434398651, 0.04613542556762695], "(3, 6, 1, 1)": [0.04580003023147583, 0.03790241479873657, 0.03746427595615387, 0.03956310451030731, 0.039721742272377014, 0.03833052143454552, 0.042080141603946686, 0.026510832831263542, 0.035141002386808395, 0.04333794489502907, 0.04341833293437958], "(3, 5, 1, 1)": [0.040238555520772934, 0.04329141601920128, 0.039067622274160385, 0.04827938601374626, 0.043626271188259125, 0.04173695668578148, 0.036504071205854416, 0.04152699187397957, 0.033692650496959686, 0.045874908566474915, 0.04668460786342621], "(3, 5, 1, 2)": [0.030103571712970734, 0.006821915972977877, 0.0, 0.0075156548991799355, 0.01918436586856842, 0.004437274299561977, 0.005416864529252052, 0.007397245615720749, 0.021207811310887337, 0.01770848222076893, 0.006293628830462694], "(3, 4, 1, 1)": [0.03705599904060364, 0.04214242845773697, 0.0502556636929512, 0.042685821652412415, 0.04036747291684151, 0.038696736097335815, 0.03966323658823967, 0.04207729920744896, 0.042088817805051804, 0.03375288099050522, 0.03945044055581093], "(2, 8, 2, 1)": [0.0, 0.016077974811196327, 0.019908756017684937, 0.006536656990647316, 0.007320056669414043, 0.007941736839711666, 0.019324658438563347, 0.0, 0.0122086675837636, 0.035176895558834076, 0.016634361818432808], "(3, 3, 2, 2)": [0.03926992788910866, 0.0416058748960495, 0.0354117751121521, 0.04281962662935257, 0.04005808383226395, 0.046587228775024414, 0.046382106840610504, 0.04984915256500244, 0.04555347189307213, 0.04743747040629387, 0.04748356714844704], "(3, 3, 1, 2)": [0.013942035846412182, 0.0, 0.007217205595225096, 0.018432192504405975, 0.0, 0.010657306760549545, 0.004838050343096256, 0.0, 0.03579316288232803, 0.0, 0.026024360209703445], "(3, 3, 1, 1)": [0.03504481911659241, 0.036197301000356674, 0.041386254131793976, 0.033277496695518494, 0.03851789981126785, 0.0423741415143013, 0.03256873041391373, 0.03791900724172592, 0.033518221229314804, 0.04602532461285591, 0.037131208926439285], "(2, 3, 2, 1)": [0.03414392098784447, 0.020567670464515686, 0.04278591275215149, 0.032061632722616196, 0.02141759730875492, 0.03027902916073799, 0.028432227671146393, 0.02326415851712227, 0.006091169081628323, 0.03642641752958298, 0.033713385462760925], "(3, 4, 2, 2)": [0.04845980927348137, 0.04550187289714813, 0.05100243538618088, 0.05239342153072357, 0.052314333617687225, 0.05204612389206886, 0.062319066375494, 0.05322953313589096, 0.057961102575063705, 0.05032254755496979, 0.05712494999170303],