{"q_values": {"(1, 4, 1, 1)": [0.01990741305053234, 0.019781623035669327, 0.019746482372283936, 0.019762814044952393, 0.010612244717776775], "(1, 5, 1, 1)": [0.01945772022008896, 0.017457975074648857, 0.018197063356637955, 0.018275070935487747, 0.01812461018562317], "(1, 6, 1, 1)": [0.01803012751042843, 0.005185811780393124, 0.00759644340723753, 0.008236763998866081, 0.004771582782268524], "(2, 3, 1, 1)": [0.01915190927684307, 0.018625669181346893, 0.019317811354994774, 0.019379984587430954, 0.018639419227838516], "(1, 1, 1, 1)": [-0.005056905560195446, -0.003959323279559612, 0.0006654881872236729, -0.0012583283241838217, -0.003996947314590216], "(1, 2, 1, 1)": [0.017044801265001297, 0.013960996642708778, 0.014177752658724785, 0.01601254940032959, 0.014912749640643597], "(2, 2, 1, 1)": [0.012779103592038155, 0.01831481233239174, 0.015263782814145088, 0.014350825920701027, 0.010656142607331276], "(2, 5, 1, 1)": [0.019126733765006065, 0.018352294340729713, 0.018579494208097458, 0.018609637394547462, 0.018545789644122124], "(2, 6, 1, 1)": [0.01771503873169422, 0.004657507408410311, -0.0036802650429308414, -0.0018969615921378136, -0.0034499461762607098], "(2, 4, 1, 1)": [0.019926363602280617, 0.019521493464708328, 0.019521793350577354, 0.019473502412438393, 0.019754448905587196], "(1, 3, 1, 1)": [0.019509997218847275, 0.019180264323949814, 0.01956247165799141, 0.01893019676208496, 0.015156453475356102], "(2, 1, 1, 1)": [-0.0011360766366124153, -6.804661825299263e-05, 0.00362373236566782, 0.002654141280800104, 0.00789595115929842]}}