{"q_values": {"(1, 4, 1, 1)": [0.01982789672911167, 0.019724035635590553, 0.019861949607729912, 0.019637184217572212, 0.01986987516283989], "(1, 5, 1, 1)": [0.018564647063612938, 0.01747509278357029, 0.01846815086901188, 0.01819477044045925, 0.018191147595643997], "(1, 6, 1, 1)": [0.0030929194763302803, 0.0076264264062047005, 0.008228585124015808, 0.012932232581079006, 0.00631272466853261], "(2, 3, 1, 1)": [0.019759338349103928, 0.01990715228021145, 0.019901946187019348, 0.019834553822875023, 0.01995575986802578], "(1, 1, 1, 1)": [-0.001073142047971487, 0.002804885618388653, 0.0026076026260852814, 0.006436363328248262, -0.0009158570319414139], "(1, 2, 1, 1)": [0.018466796725988388, 0.01773742400109768, 0.01878582313656807, 0.01889892667531967, 0.017653051763772964], "(2, 2, 1, 1)": [0.016400353983044624, 0.018467510119080544, 0.018551379442214966, 0.01771198958158493, 0.017866551876068115], "(2, 5, 1, 1)": [0.01918870583176613, 0.018217450007796288, 0.018782304599881172, 0.018758710473775864, 0.018664857372641563], "(2, 6, 1, 1)": [0.01094316691160202, 0.013652250170707703, 0.007898140698671341, 0.012147076427936554, 0.007830780930817127], "(2, 4, 1, 1)": [0.019575977697968483, 0.019644271582365036, 0.019762979820370674, 0.019688427448272705, 0.019688617438077927], "(1, 3, 1, 1)": [0.019610580056905746, 0.019605202600359917, 0.01981065422296524, 0.019849250093102455, 0.019838567823171616], "(2, 1, 1, 1)": [0.005943452939391136, 0.008032720535993576, -0.006173513829708099, 0.005797099322080612, 0.008197152987122536]}}