{"q_values": {"(1, 4, 1, 1)": [0.019607899710536003, 0.016701826825737953, 0.016204172745347023, 0.01834442839026451, 0.018589362502098083], "(1, 5, 1, 1)": [0.019142890349030495, 0.01029729563742876, 0.010233158245682716, 0.014333035796880722, 0.015350410714745522], "(1, 6, 1, 1)": [0.018183080479502678, -0.005647770594805479, 0.006195062771439552, 0.0020642909221351147, -0.007072267588227987], "(2, 3, 1, 1)": [0.01865372247993946, 0.018783364444971085, 0.010470548644661903, 0.014932345598936081, 0.018663443624973297], "(1, 1, 1, 1)": [-0.003189339302480221, -0.0035240936558693647, -0.005377216264605522, -0.007845651358366013, 0.0012833415530622005], "(1, 2, 1, 1)": [0.015175056643784046, 0.015453483909368515, 0.015700532123446465, 0.015417496673762798, 0.016136324033141136], "(2, 2, 1, 1)": [0.016120055690407753, 0.014276369474828243, 0.008736060932278633, 0.01227717287838459, 0.009767908602952957], "(2, 5, 1, 1)": [0.019380440935492516, 0.014647485688328743, 0.01711849495768547, 0.015591331757605076, 0.01628975197672844], "(2, 6, 1, 1)": [0.017381036654114723, -0.007211597170680761, -0.008485127240419388, -0.007454862352460623, -0.012576698325574398], "(2, 4, 1, 1)": [0.0196383073925972, 0.01948864571750164, 0.01969985105097294, 0.01929364539682865, 0.019523942843079567], "(1, 3, 1, 1)": [0.019526751711964607, 0.018782636150717735, 0.018808048218488693, 0.01865420490503311, 0.018574124202132225], "(2, 1, 1, 1)": [0.004855153150856495, 0.005069478414952755, 0.006758266594260931, 0.0014510629698634148, 0.0020066890865564346]}}