{"q_values": {"(1, 4, 1, 1)": [0.019600527361035347, 0.019283808767795563, 0.017555849626660347, 0.019221263006329536, 0.018498670309782028], "(1, 5, 1, 1)": [0.009852690622210503, 0.01925179548561573, 0.012378317303955555, 0.014629416167736053, 0.014749298803508282], "(1, 6, 1, 1)": [-0.0008391174487769604, -0.0008977199904620647, 0.008127176202833652, -0.0006444496102631092, 0.0007135570049285889], "(2, 3, 1, 1)": [0.018934011459350586, 0.010455192998051643, 0.013308520428836346, 0.0118809649720788, 0.01737380586564541], "(1, 1, 1, 1)": [-0.005666104145348072, -0.007663968950510025, -0.004932322073727846, -0.002007103292271495, -0.0027805527206510305], "(1, 2, 1, 1)": [0.012683766894042492, 0.01276348251849413, 0.01309045311063528, 0.012772093527019024, 0.013327416032552719], "(2, 2, 1, 1)": [0.014387574978172779, 0.01791224256157875, 0.013481509871780872, 0.010030603967607021, 0.015399724245071411], "(2, 5, 1, 1)": [0.019357867538928986, 0.01571040041744709, 0.017153268679976463, 0.012364910915493965, 0.01677137240767479], "(2, 6, 1, 1)": [0.017975376918911934, -0.008302101865410805, -0.008485127240419388, -0.011513493955135345, -0.012576698325574398], "(2, 4, 1, 1)": [0.019641559571027756, 0.016564754769206047, 0.00985188689082861, 0.01949368789792061, 0.019553937017917633], "(1, 3, 1, 1)": [0.018285216763615608, 0.018136434257030487, 0.017728270962834358, 0.010782279074192047, 0.01669328659772873], "(2, 1, 1, 1)": [-0.004510762169957161, -0.004078549332916737, -0.004420157056301832, -0.003054281696677208, 0.008361084386706352]}}