{"q_values": {"(1, 4, 1, 1)": [0.019914660602808, 0.019501224160194397, 0.019844461232423782, 0.019681427627801895, 0.019672952592372894], "(1, 5, 1, 1)": [0.019518481567502022, 0.015061020851135254, 0.016537318006157875, 0.01698729582130909, 0.016190342605113983], "(1, 6, 1, 1)": [0.016816485673189163, -0.00265231030061841, -0.002052104566246271, 0.0012005632743239403, -0.0057041216641664505], "(2, 3, 1, 1)": [0.018863605335354805, 0.019022881984710693, 0.018957650288939476, 0.01532510481774807, 0.01914186216890812], "(1, 1, 1, 1)": [-0.005019335076212883, -0.0048278933390975, -0.00607656966894865, -0.0043217213824391365, -0.004306534770876169], "(1, 2, 1, 1)": [0.01733633130788803, 0.015219387598335743, 0.01632087118923664, 0.015224095433950424, 0.01565232314169407], "(2, 2, 1, 1)": [0.017910446971654892, 0.01547187753021717, 0.014992238953709602, 0.015029631555080414, 0.014944436028599739], "(2, 5, 1, 1)": [0.015744691714644432, 0.019225064665079117, 0.01589261181652546, 0.016294851899147034, 0.016556696966290474], "(2, 6, 1, 1)": [0.016390735283493996, -2.3041851818561554e-05, -0.003370823571458459, -0.0010217668022960424, -0.0014325939118862152], "(2, 4, 1, 1)": [0.019742704927921295, 0.019693298265337944, 0.019721444696187973, 0.019753484055399895, 0.019641704857349396], "(1, 3, 1, 1)": [0.019484365358948708, 0.01943841762840748, 0.019558154046535492, 0.01939811371266842, 0.018261058256030083], "(2, 1, 1, 1)": [-0.0003712964244186878, -0.0005270787514746189, -0.0020995642989873886, -0.0019737021066248417, -0.00041512493044137955]}}