{"q_values": {"(1, 4, 1, 1)": [0.012974034063518047, 0.010886182077229023, 0.01913297548890114, 0.019207613542675972, 0.019378922879695892], "(1, 5, 1, 1)": [0.0103710126131773, 0.012734546326100826, 0.014969547279179096, 0.016582787036895752, 0.014365751296281815], "(1, 6, 1, 1)": [0.0014707217924296856, 0.002660732716321945, 0.002407565712928772, -0.001412802841514349, 0.0024517031852155924], "(2, 3, 1, 1)": [0.015201234258711338, 0.019074896350502968, 0.016543185338377953, 0.016580738127231598, 0.01744910329580307], "(1, 1, 1, 1)": [-0.006702945567667484, -0.00533011369407177, -0.0075584836304187775, -0.007290063425898552, 0.009050912223756313], "(1, 2, 1, 1)": [0.012887020595371723, 0.012913819402456284, 0.013250173069536686, 0.013707922771573067, 0.019246669486165047], "(2, 2, 1, 1)": [0.01475716382265091, 0.012410101480782032, 0.009970534592866898, 0.01151136215776205, 0.010123751126229763], "(2, 5, 1, 1)": [0.013994439505040646, 0.01788180321455002, 0.016307182610034943, 0.0156744085252285, 0.016160836443305016], "(2, 6, 1, 1)": [0.015103667043149471, -0.008302101865410805, -0.008485127240419388, -0.005175410304218531, -0.005795719567686319], "(2, 4, 1, 1)": [0.01973685808479786, 0.013588080182671547, 0.01897318661212921, 0.018998857587575912, 0.018803251907229424], "(1, 3, 1, 1)": [0.01897113025188446, 0.019587282091379166, 0.01866575889289379, 0.018508823588490486, 0.01884082332253456], "(2, 1, 1, 1)": [-0.0059315781109035015, -0.006284283474087715, -0.0021342243999242783, -0.004542840179055929, -0.004789174534380436]}}