{"q_values": {"(1, 4, 1, 1)": [0.0, 0.003785037901252508, 0.005538565572351217, 0.0, 0.0076074483804404736], "(1, 5, 1, 1)": [0.0, 0.008890479803085327, 0.0038178875111043453, 0.005352770909667015, 0.0036201910115778446], "(1, 6, 1, 1)": [0.0, 0.0, 0.0047599198296666145, 0.0029458655044436455, -0.006590521894395351], "(2, 3, 1, 1)": [0.0, 0.0, 0.0, 0.0, 0.0]}}