{"q_values": {"(1, 4, 1, 1)": [0.01992056518793106, 0.019706325605511665, 0.01978391967713833, 0.019803952425718307, 0.0198251623660326], "(1, 5, 1, 1)": [0.018177516758441925, 0.018473630771040916, 0.01849486492574215, 0.017949866130948067, 0.018016032874584198], "(1, 6, 1, 1)": [0.0076127005741000175, 0.013482339680194855, 0.013363352976739407, 0.015024869702756405, 0.01141560822725296], "(2, 3, 1, 1)": [0.019856341183185577, 0.01987275667488575, 0.0197744220495224, 0.019865207374095917, 0.01989860087633133], "(1, 1, 1, 1)": [-0.0010580020025372505, 0.011960204690694809, 0.01016211323440075, 0.006257999688386917, 0.008138022385537624], "(1, 2, 1, 1)": [0.017644021660089493, 0.017465641722083092, 0.01781454309821129, 0.017896195873618126, 0.018065642565488815], "(2, 2, 1, 1)": [0.018497150391340256, 0.018400857225060463, 0.01870012655854225, 0.018411822617053986, 0.019100069999694824], "(2, 5, 1, 1)": [0.01858082041144371, 0.017381642013788223, 0.018604902550578117, 0.018575895577669144, 0.01861625723540783], "(2, 6, 1, 1)": [0.012869822792708874, 0.01381019689142704, 0.006838718429207802, 0.009077409282326698, 0.008877644315361977], "(2, 4, 1, 1)": [0.019819479435682297, 0.019584989175200462, 0.019814208149909973, 0.019842883571982384, 0.019862409681081772], "(1, 3, 1, 1)": [0.01972946897149086, 0.019816715270280838, 0.019901102408766747, 0.01993129961192608, 0.019908225163817406], "(2, 1, 1, 1)": [0.015041079372167587, 0.01277750264853239, 0.007922261022031307, 0.00646229786798358, 0.011031430214643478]}}