{"q_values": {"(1, 4, 1, 1)": [0.018115954473614693, 0.018120991066098213, 0.01901266910135746, 0.018982455134391785, 0.01872595027089119], "(1, 5, 1, 1)": [0.008134470321238041, 0.012229032814502716, 0.011515622958540916, 0.01345494482666254, 0.013442989438772202], "(1, 6, 1, 1)": [-0.001857234165072441, -0.0040089963003993034, -0.0018303627148270607, -0.004521779716014862, -0.004855690989643335], "(2, 3, 1, 1)": [0.019040167331695557, 0.01919255033135414, 0.010506995022296906, 0.01342833787202835, 0.013301673345267773], "(1, 1, 1, 1)": [-0.0010540573857724667, 0.001239212229847908, 0.002987299580127001, 0.0032368400134146214, -0.0009582056663930416], "(1, 2, 1, 1)": [0.016421668231487274, 0.016716785728931427, 0.01779903471469879, 0.015279589220881462, 0.01662793941795826], "(2, 2, 1, 1)": [0.016378289088606834, 0.017189575359225273, 0.017776306718587875, 0.014329764991998672, 0.01595376431941986], "(2, 5, 1, 1)": [0.015831371769309044, 0.015536081977188587, 0.01654825173318386, 0.014557301998138428, 0.015854645520448685], "(2, 6, 1, 1)": [-0.0049961525946855545, -0.0008857874199748039, -0.005293398164212704, -0.010513387620449066, -0.00815160758793354], "(2, 4, 1, 1)": [0.018766693770885468, 0.019056564196944237, 0.01924801804125309, 0.019002921879291534, 0.01909150369465351], "(1, 3, 1, 1)": [0.019524917006492615, 0.019660012796521187, 0.01947648823261261, 0.01975310407578945, 0.019563892856240273], "(2, 1, 1, 1)": [0.005209185183048248, 0.007568004075437784, 0.007715960498899221, 0.0051843756809830666, 0.0011461814865469933]}}