{"q_values": {"(1, 4, 1, 1)": [0.01864464208483696, 0.018870988860726357, 0.01881461590528488, 0.019139518961310387, 0.0180935338139534], "(1, 5, 1, 1)": [0.010480588302016258, 0.010424986481666565, 0.00976016465574503, 0.011941090226173401, 0.015457245521247387], "(1, 6, 1, 1)": [0.005629580467939377, -0.0016875937581062317, -0.005358940921723843, -0.0023227878846228123, 0.0028837979771196842], "(2, 3, 1, 1)": [0.018817387521266937, 0.0186015497893095, 0.016580721363425255, 0.01812915876507759, 0.015202053822577], "(1, 1, 1, 1)": [-0.003189339302480221, -0.001907676924020052, -0.003133348422124982, -0.002573880832642317, -0.0027871078345924616], "(1, 2, 1, 1)": [0.013972710818052292, 0.015706511214375496, 0.015591314062476158, 0.015279589220881462, 0.015648128464818], "(2, 2, 1, 1)": [0.01513129286468029, 0.015394030138850212, 0.00809432938694954, 0.013894062489271164, 0.014085661619901657], "(2, 5, 1, 1)": [0.014205122366547585, 0.01810525357723236, 0.014533160254359245, 0.014557301998138428, 0.016165629029273987], "(2, 6, 1, 1)": [0.0017442493699491024, 0.010128689929842949, -0.005752687342464924, -0.007454862352460623, -0.007390584796667099], "(2, 4, 1, 1)": [0.018766693770885468, 0.019734548404812813, 0.019175974652171135, 0.018739910796284676, 0.018828080967068672], "(1, 3, 1, 1)": [0.019591640681028366, 0.019457796588540077, 0.01947648823261261, 0.019921401515603065, 0.019456015899777412], "(2, 1, 1, 1)": [0.0016296985559165478, -0.0001757885329425335, -0.0013170870952308178, 0.00033940933644771576, 0.002645522356033325]}}