{"q_values": {"(1, 4, 1, 1)": [0.0199515949934721, 0.019090233370661736, 0.017434731125831604, 0.0151981795206666, 0.018794631585478783], "(1, 5, 1, 1)": [0.016157006844878197, 0.017067551612854004, 0.015762466937303543, 0.015567256137728691, 0.01567200757563114], "(1, 6, 1, 1)": [0.0018727630376815796, 0.001184137538075447, -0.001168545801192522, 0.004993941634893417, -0.0002814317122101784], "(2, 3, 1, 1)": [0.019234420731663704, 0.01062038540840149, 0.01711200177669525, 0.01083117164671421, 0.013114702887833118], "(1, 1, 1, 1)": [-0.006227041594684124, -0.0028294180519878864, -0.00607656966894865, -0.007188529707491398, -0.003638126188889146], "(1, 2, 1, 1)": [0.015617740340530872, 0.014291569590568542, 0.013704737648367882, 0.01589319296181202, 0.015541044063866138], "(2, 2, 1, 1)": [0.016813108697533607, 0.01827760972082615, 0.009555964730679989, 0.014607738703489304, 0.014043860137462616], "(2, 5, 1, 1)": [0.01564817689359188, 0.01628151163458824, 0.016461756080389023, 0.01584741100668907, 0.016108453273773193], "(2, 6, 1, 1)": [0.002598860766738653, 0.0014691352844238281, -0.0008995337411761284, 9.364122524857521e-05, -0.005754278972744942], "(2, 4, 1, 1)": [0.019859999418258667, 0.01932087354362011, 0.019675694406032562, 0.019521662965416908, 0.019408512860536575], "(1, 3, 1, 1)": [0.019620338454842567, 0.019571995362639427, 0.019663235172629356, 0.019565587863326073, 0.019316520541906357], "(2, 1, 1, 1)": [0.0024630201514810324, 0.004930760245770216, 0.004894928075373173, 0.007891597226262093, 0.008647987619042397]}}