{"q_values": {"(1, 4, 1, 1)": [0.016639241948723793, 0.019996467977762222, 0.019424302503466606, 0.013878331519663334, 0.011411160230636597], "(1, 5, 1, 1)": [0.009852690622210503, 0.015437763184309006, 0.010233158245682716, 0.014629416167736053, 0.015731360763311386], "(1, 6, 1, 1)": [-0.0008391174487769604, 0.0016099815256893635, 0.0010907109826803207, -0.0006444496102631092, 0.0007135570049285889], "(2, 3, 1, 1)": [0.019211938604712486, 0.019217660650610924, 0.013308520428836346, 0.018202636390924454, 0.01985897496342659], "(1, 1, 1, 1)": [-0.003189339302480221, -0.0035240936558693647, 0.005110174883157015, -0.007845651358366013, -0.0037759756669402122], "(1, 2, 1, 1)": [0.013899203389883041, 0.015263007022440434, 0.01721162721514702, 0.01944602094590664, 0.015369066037237644], "(2, 2, 1, 1)": [0.014277185313403606, 0.01503414660692215, 0.011521870270371437, 0.010076809674501419, 0.019294898957014084], "(2, 5, 1, 1)": [0.01568661816418171, 0.014788870699703693, 0.01527650747448206, 0.015591331757605076, 0.014581232331693172], "(2, 6, 1, 1)": [-0.007493376731872559, -0.007211597170680761, -0.008485127240419388, -0.0028485050424933434, -0.012576698325574398], "(2, 4, 1, 1)": [0.01058228500187397, 0.0191953182220459, 0.019263701513409615, 0.01915159448981285, 0.01945284754037857], "(1, 3, 1, 1)": [0.01950233429670334, 0.019204845651984215, 0.010983395390212536, 0.01935768499970436, 0.019262434914708138], "(2, 1, 1, 1)": [-0.0012870775535702705, -0.0017154109664261341, -0.0017552017234265804, -0.0021523768082261086, -0.002811277750879526]}}