{"q_values": {"(1, 4, 1, 1)": [0.01990663632750511, 0.018774298951029778, 0.019584964960813522, 0.01958523876965046, 0.019704749807715416], "(1, 5, 1, 1)": [0.019187936559319496, 0.017985403537750244, 0.017569633200764656, 0.018041783943772316, 0.018015796318650246], "(1, 6, 1, 1)": [0.01660636067390442, 0.012062547728419304, 0.01058000698685646, 0.006492916494607925, 0.009258657693862915], "(2, 3, 1, 1)": [0.019513731822371483, 0.015340271405875683, 0.01960110478103161, 0.019909532740712166, 0.019196320325136185], "(1, 1, 1, 1)": [-0.005677740089595318, 0.002000659704208374, 0.007296381518244743, 0.007934452965855598, 0.005110226105898619], "(1, 2, 1, 1)": [0.01680922508239746, 0.018407197669148445, 0.01825113035738468, 0.018091902136802673, 0.01854538545012474], "(2, 2, 1, 1)": [0.016426406800746918, 0.016888661310076714, 0.01764705404639244, 0.017253568395972252, 0.012897199019789696], "(2, 5, 1, 1)": [0.01940828375518322, 0.018253585323691368, 0.01835644245147705, 0.01838192343711853, 0.017652111127972603], "(2, 6, 1, 1)": [0.00621353555470705, 0.00736344326287508, 0.006409491412341595, 0.007628913968801498, 0.0012282850220799446], "(2, 4, 1, 1)": [0.019953083246946335, 0.019751297309994698, 0.019740378484129906, 0.01975521631538868, 0.01971214823424816], "(1, 3, 1, 1)": [0.019431639462709427, 0.019565291702747345, 0.019546888768672943, 0.01950712315738201, 0.01760147511959076], "(2, 1, 1, 1)": [0.005801384337246418, 0.003263817634433508, 0.002635436598211527, -0.0017191343940794468, 0.003189274575561285]}}