{"q_values": {"(1, 4, 1, 1)": [0.019832829013466835, 0.019937247037887573, 0.01981223188340664, 0.019574377685785294, 0.019666075706481934], "(1, 5, 1, 1)": [0.01811368763446808, 0.01799726113677025, 0.01806991919875145, 0.01858336105942726, 0.018356353044509888], "(1, 6, 1, 1)": [0.006050114519894123, 0.00803549773991108, 0.006413505412638187, 0.016071002930402756, 0.010364360176026821], "(2, 3, 1, 1)": [0.01977810263633728, 0.019841982051730156, 0.01957288198173046, 0.019796058535575867, 0.019794095307588577], "(1, 1, 1, 1)": [0.010466879233717918, 0.014701093547046185, 0.01660781539976597, 0.017455175518989563, 0.016021883115172386], "(1, 2, 1, 1)": [0.01900126412510872, 0.01842174492776394, 0.01893918216228485, 0.019017834216356277, 0.01927890256047249], "(2, 2, 1, 1)": [0.018492216244339943, 0.01778266578912735, 0.0169253908097744, 0.016752954572439194, 0.01833944208920002], "(2, 5, 1, 1)": [0.018433282151818275, 0.018199529498815536, 0.018430393189191818, 0.018283454701304436, 0.01839277520775795], "(2, 6, 1, 1)": [0.013026781380176544, 0.008441567420959473, 0.013610480353236198, 0.015973491594195366, 0.0051721748895943165], "(2, 4, 1, 1)": [0.019700730219483376, 0.019720470532774925, 0.019708598032593727, 0.019458983093500137, 0.019634174183011055], "(1, 3, 1, 1)": [0.01960141211748123, 0.019826052710413933, 0.01975291781127453, 0.019825682044029236, 0.019943291321396828], "(2, 1, 1, 1)": [0.004588249139487743, 0.004029332660138607, 0.006770324893295765, 0.005268956534564495, 0.006636323407292366]}}