{"q_values": {"(1, 4, 1, 1)": [0.019895389676094055, 0.013496797531843185, 0.016204172745347023, 0.015343355014920235, 0.015276512131094933], "(1, 5, 1, 1)": [0.01950616016983986, 0.01029729563742876, 0.010233158245682716, 0.014333035796880722, 0.011369162239134312], "(1, 6, 1, 1)": [0.01810484752058983, -0.005647770594805479, 0.006195062771439552, 0.0020642909221351147, -0.007072267588227987], "(2, 3, 1, 1)": [0.018996601924300194, 0.018915999680757523, 0.0191422738134861, 0.010817164555191994, 0.013306551612913609], "(1, 1, 1, 1)": [-0.003189339302480221, -0.0035240936558693647, 0.0066869743168354034, -0.0033720401115715504, -0.004768487997353077], "(1, 2, 1, 1)": [0.014223791658878326, 0.014239190146327019, 0.015230432152748108, 0.019417358562350273, 0.014170153997838497], "(2, 2, 1, 1)": [0.014723584055900574, 0.01567251607775688, 0.015434612520039082, 0.009938222356140614, 0.009125770069658756], "(2, 5, 1, 1)": [0.019472194835543633, 0.014647485688328743, 0.01711849495768547, 0.015591331757605076, 0.01628975197672844], "(2, 6, 1, 1)": [0.01455205213278532, -0.007211597170680761, -0.008485127240419388, -0.007454862352460623, -0.012576698325574398], "(2, 4, 1, 1)": [0.019782358780503273, 0.01948864571750164, 0.019658958539366722, 0.01929364539682865, 0.01959586888551712], "(1, 3, 1, 1)": [0.019004235044121742, 0.019259266555309296, 0.019505850970745087, 0.018735995516180992, 0.019080398604273796], "(2, 1, 1, 1)": [-0.0024467413313686848, -0.0008099093101918697, -0.0013170870952308178, 0.0031148651614785194, 0.003931054845452309]}}