{"q_values": {"(1, 4, 1, 1)": [0.01986558735370636, 0.01963222399353981, 0.01987086609005928, 0.01983589492738247, 0.019857337698340416], "(1, 5, 1, 1)": [0.019089240580797195, 0.01634095422923565, 0.017872091382741928, 0.01794433780014515, 0.01710566133260727], "(1, 6, 1, 1)": [0.0025652246549725533, 0.007822340354323387, 0.01074342429637909, 0.00914175994694233, 0.008077487349510193], "(2, 3, 1, 1)": [0.019802479073405266, 0.019663091748952866, 0.01970464177429676, 0.019406503066420555, 0.01960618421435356], "(1, 1, 1, 1)": [0.0071719009429216385, 0.0013987692072987556, 0.007689549587666988, 0.011562533676624298, 0.015546327456831932], "(1, 2, 1, 1)": [0.018544171005487442, 0.018114175647497177, 0.018565736711025238, 0.01655678264796734, 0.0185051541775465], "(2, 2, 1, 1)": [0.01833060383796692, 0.018298538401722908, 0.018712757155299187, 0.01846717856824398, 0.019151773303747177], "(2, 5, 1, 1)": [0.019380789250135422, 0.019022000953555107, 0.01851670816540718, 0.018454261124134064, 0.017913896590471268], "(2, 6, 1, 1)": [0.012842971831560135, 0.013336298055946827, 0.008301078341901302, 0.011126630008220673, 0.0068008918315172195], "(2, 4, 1, 1)": [0.019593721255660057, 0.01962786540389061, 0.019857238978147507, 0.019634492695331573, 0.019686758518218994], "(1, 3, 1, 1)": [0.019847676157951355, 0.01977371983230114, 0.01962260901927948, 0.019805165007710457, 0.019699666649103165], "(2, 1, 1, 1)": [0.00858460646122694, 0.006144083570688963, 0.012755359522998333, 0.01411386951804161, 0.007877194322645664]}}