{"q_values": {"(1, 4, 1, 1)": [0.019892528653144836, 0.01983943209052086, 0.019574683159589767, 0.019497107714414597, 0.019786791875958443], "(1, 5, 1, 1)": [0.01928204484283924, 0.018182119354605675, 0.018251599743962288, 0.01843378320336342, 0.018519194796681404], "(1, 6, 1, 1)": [0.008576624095439911, 0.008416587486863136, 0.009159650653600693, 0.009222270920872688, 0.0061677368357777596], "(2, 3, 1, 1)": [0.01959831826388836, 0.019543861970305443, 0.01969538815319538, 0.01969110406935215, 0.019650280475616455], "(1, 1, 1, 1)": [0.003901168005540967, 0.011792010627686977, -0.006696338765323162, 0.007729627192020416, 0.005322304554283619], "(1, 2, 1, 1)": [0.01794179156422615, 0.017340419813990593, 0.017718570306897163, 0.017843574285507202, 0.01769372448325157], "(2, 2, 1, 1)": [0.01849096454679966, 0.018554383888840675, 0.011889992281794548, 0.018471412360668182, 0.01856900565326214], "(2, 5, 1, 1)": [0.018454359844326973, 0.019157003611326218, 0.016429904848337173, 0.017837781459093094, 0.018280912190675735], "(2, 6, 1, 1)": [0.008578476496040821, 0.0013594049960374832, 0.011893877759575844, 0.007015519309788942, -0.005467237439006567], "(2, 4, 1, 1)": [0.019839396700263023, 0.019697394222021103, 0.01947890780866146, 0.01976223662495613, 0.019722238183021545], "(1, 3, 1, 1)": [0.019393058493733406, 0.01961400918662548, 0.01951069012284279, 0.019597122445702553, 0.019637862220406532], "(2, 1, 1, 1)": [0.009743494912981987, 0.012590291909873486, -0.0027862428687512875, 0.00680193305015564, 0.008442669175565243]}}