{"q_values": {"(1, 4, 1, 1)": [0.01992456056177616, 0.019874712452292442, 0.01986027881503105, 0.019724495708942413, 0.019893547520041466], "(1, 5, 1, 1)": [0.018485330045223236, 0.018474608659744263, 0.01872066780924797, 0.017574630677700043, 0.01860354095697403], "(1, 6, 1, 1)": [0.008421031758189201, 0.0016611493192613125, 0.015017428435385227, 0.007813971489667892, 0.012794854119420052], "(2, 3, 1, 1)": [0.019577939063310623, 0.019800253212451935, 0.019678333774209023, 0.019806422293186188, 0.019860005006194115], "(1, 1, 1, 1)": [0.004477252718061209, 0.004327612929046154, 0.004331624135375023, 0.0077320244163274765, 0.002418964169919491], "(1, 2, 1, 1)": [0.017092544585466385, 0.01834741421043873, 0.019102904945611954, 0.019340308383107185, 0.0189603753387928], "(2, 2, 1, 1)": [0.017781253904104233, 0.018773114308714867, 0.01878233253955841, 0.01877846196293831, 0.01787940040230751], "(2, 5, 1, 1)": [0.018686724826693535, 0.01863311044871807, 0.01866661198437214, 0.018821023404598236, 0.018396183848381042], "(2, 6, 1, 1)": [-0.002527688629925251, 0.008839170448482037, -0.00045085418969392776, 0.006283676717430353, 0.0006302078254520893], "(2, 4, 1, 1)": [0.019543316215276718, 0.01960989646613598, 0.019706299528479576, 0.019694998860359192, 0.019704004749655724], "(1, 3, 1, 1)": [0.019608918577432632, 0.019561821594834328, 0.019638538360595703, 0.0198071226477623, 0.019573193043470383], "(2, 1, 1, 1)": [0.0034713861532509327, 0.0051582553423941135, 0.014112931676208973, 0.008549966849386692, 0.0032220501452684402]}}