{"q_values": {"(1, 4, 1, 1)": [0.018221698701381683, 0.01936941407620907, 0.01936044543981552, 0.019216377288103104, 0.019406139850616455], "(1, 5, 1, 1)": [0.016032548621296883, 0.013147251680493355, 0.01584157720208168, 0.014586050994694233, 0.01643383875489235], "(1, 6, 1, 1)": [-0.0016445526853203773, 0.003091303166002035, 0.007778995670378208, 0.0015629646368324757, 0.009669267572462559], "(2, 3, 1, 1)": [0.01969112828373909, 0.019772375002503395, 0.013357756659388542, 0.01912146434187889, 0.019840653985738754], "(1, 1, 1, 1)": [0.00338864978402853, -0.00217375997453928, 0.001694579143077135, -0.004302311688661575, 0.000976399052888155], "(1, 2, 1, 1)": [0.017509862780570984, 0.016653627157211304, 0.018192050978541374, 0.01835571974515915, 0.01931574195623398], "(2, 2, 1, 1)": [0.018074553459882736, 0.017453528940677643, 0.018819211050868034, 0.016429033130407333, 0.019478490576148033], "(2, 5, 1, 1)": [0.018166590481996536, 0.018566356971859932, 0.01843433454632759, 0.01774084009230137, 0.017469661310315132], "(2, 6, 1, 1)": [-0.0005520987324416637, -0.0007354696281254292, -0.001067411620169878, -0.006940859369933605, -0.005576721392571926], "(2, 4, 1, 1)": [0.019726429134607315, 0.019721152260899544, 0.019670503214001656, 0.019566819071769714, 0.01956450380384922], "(1, 3, 1, 1)": [0.019677063450217247, 0.019674867391586304, 0.019557464867830276, 0.019672470167279243, 0.019802628085017204], "(2, 1, 1, 1)": [0.0015989593230187893, 0.005022427067160606, 0.006011515390127897, 0.0006109690293669701, -0.002708808984607458]}}