{"q_values": {"(1, 4, 1, 1)": [0.019978728145360947, 0.01911292038857937, 0.019674494862556458, 0.01980534754693508, 0.018765557557344437], "(1, 5, 1, 1)": [0.010202486999332905, 0.01912784017622471, 0.016465799883008003, 0.016959298402071, 0.016729867085814476], "(1, 6, 1, 1)": [0.006604187190532684, 0.0036766459234058857, -0.0016040210612118244, 0.005170546937733889, 0.0020675184205174446], "(2, 3, 1, 1)": [0.01942216418683529, 0.019213300198316574, 0.019083570688962936, 0.017553772777318954, 0.01930108666419983], "(1, 1, 1, 1)": [-0.006525006145238876, -0.0048278933390975, -0.004575839266180992, -0.0027297132182866335, -0.003996947314590216], "(1, 2, 1, 1)": [0.01402955036610365, 0.015175659209489822, 0.015885809436440468, 0.01446700468659401, 0.0194768738001585], "(2, 2, 1, 1)": [0.015939071774482727, 0.014402812346816063, 0.016449641436338425, 0.012527871876955032, 0.014852062799036503], "(2, 5, 1, 1)": [0.016013914719223976, 0.016704317182302475, 0.01610720530152321, 0.017357362434267998, 0.015049350447952747], "(2, 6, 1, 1)": [0.015590316615998745, -0.003433499950915575, -0.003370823571458459, -0.001039259135723114, -0.0034499461762607098], "(2, 4, 1, 1)": [0.019316034391522408, 0.01980763114988804, 0.019439198076725006, 0.019467003643512726, 0.01951637491583824], "(1, 3, 1, 1)": [0.019723854959011078, 0.019562264904379845, 0.019777148962020874, 0.01976992003619671, 0.019732318818569183], "(2, 1, 1, 1)": [0.006844071205705404, 0.0031896750442683697, 0.0013834885321557522, 0.00659683533012867, 0.0022804653272032738]}}