{"q_values": {"(1, 4, 1, 1)": [0.01970651187002659, 0.01973893865942955, 0.01964321732521057, 0.019579704850912094, 0.019724510610103607], "(1, 5, 1, 1)": [0.01887565292418003, 0.018351366743445396, 0.018449638038873672, 0.018420619890093803, 0.018771884962916374], "(1, 6, 1, 1)": [0.012825367040932178, 0.007854202762246132, 0.010745927691459656, 0.007973890751600266, 0.009379399009048939], "(2, 3, 1, 1)": [0.019683318212628365, 0.019569789990782738, 0.019763534888625145, 0.01975780352950096, 0.01973363757133484], "(1, 1, 1, 1)": [0.0028777681291103363, 0.00838199257850647, 0.003950017970055342, -0.0056328801438212395, 0.001736687496304512], "(1, 2, 1, 1)": [0.015897531062364578, 0.018654027953743935, 0.018311891704797745, 0.018552949652075768, 0.018646594136953354], "(2, 2, 1, 1)": [0.01836763322353363, 0.01866866834461689, 0.017740925773978233, 0.018499191850423813, 0.0188787579536438], "(2, 5, 1, 1)": [0.019147977232933044, 0.018882229924201965, 0.018650231882929802, 0.018847042694687843, 0.018674595281481743], "(2, 6, 1, 1)": [0.017485590651631355, 0.011264100670814514, 0.015192032791674137, 0.014814513735473156, 0.002679899800568819], "(2, 4, 1, 1)": [0.019897036254405975, 0.01981409639120102, 0.019818833097815514, 0.019876202568411827, 0.019674314185976982], "(1, 3, 1, 1)": [0.019703518599271774, 0.01951516605913639, 0.01954047568142414, 0.01983717456459999, 0.019814791157841682], "(2, 1, 1, 1)": [0.00517978286370635, 0.007088975980877876, 0.011653078719973564, 0.007897298783063889, 0.008968348614871502]}}