{"q_values": {"(1, 4, 1, 1)": [0.018790001049637794, 0.013484850525856018, 0.018653765320777893, 0.019522972404956818, 0.018389862030744553], "(1, 5, 1, 1)": [0.012337987311184406, 0.014073804020881653, 0.015262526459991932, 0.011614835821092129, 0.012953048571944237], "(1, 6, 1, 1)": [-0.006746308878064156, -0.005543837323784828, -0.004078251775354147, 0.000718969851732254, -0.003780576167628169], "(2, 3, 1, 1)": [0.01508003193885088, 0.016641194000840187, 0.015295589342713356, 0.0118809649720788, 0.019820351153612137], "(1, 1, 1, 1)": [-0.005666104145348072, -0.007663968950510025, -0.004932322073727846, 0.01799406297504902, -0.0027805527206510305], "(1, 2, 1, 1)": [0.014651333913207054, 0.015887927263975143, 0.017628079280257225, 0.01769549958407879, 0.019250530749559402], "(2, 2, 1, 1)": [0.016795700415968895, 0.015815027058124542, 0.013854410499334335, 0.012731080874800682, 0.01959897018969059], "(2, 5, 1, 1)": [0.016173603013157845, 0.016951916739344597, 0.017736895009875298, 0.016674084588885307, 0.016248350962996483], "(2, 6, 1, 1)": [0.01776617392897606, -0.008302101865410805, -0.008485127240419388, 0.0014439579099416733, -0.005795719567686319], "(2, 4, 1, 1)": [0.019473135471343994, 0.019223209470510483, 0.01903674565255642, 0.019042205065488815, 0.019035756587982178], "(1, 3, 1, 1)": [0.019595766440033913, 0.01968136616051197, 0.019643127918243408, 0.01927618682384491, 0.019854962825775146], "(2, 1, 1, 1)": [-0.004510762169957161, -0.004078549332916737, -0.004420157056301832, -0.003054281696677208, 0.018274251371622086]}}