{"q_values": {"(1, 4, 1, 1)": [0.009990678168833256, 0.018204614520072937, 0.018718361854553223, 0.01849931664764881, 0.018884750083088875], "(1, 5, 1, 1)": [0.0103710126131773, 0.01021309569478035, 0.015040961094200611, 0.014725912362337112, 0.012953048571944237], "(1, 6, 1, 1)": [-0.006746308878064156, -0.005543837323784828, -0.005276276730000973, -0.0022148152347654104, -0.003780576167628169], "(2, 3, 1, 1)": [0.017423678189516068, 0.01937923952937126, 0.01758868433535099, 0.017101353034377098, 0.015275613404810429], "(1, 1, 1, 1)": [-0.005666104145348072, -0.0056516495533287525, -0.0075584836304187775, -0.005040507297962904, -0.007230500690639019], "(1, 2, 1, 1)": [0.014029501006007195, 0.015034475363790989, 0.01431549247354269, 0.013811219483613968, 0.01839103363454342], "(2, 2, 1, 1)": [0.012798271141946316, 0.014527298510074615, 0.012792500667273998, 0.012731080874800682, 0.014854003675282001], "(2, 5, 1, 1)": [0.016173603013157845, 0.019193587824702263, 0.016801731660962105, 0.017082175239920616, 0.016248350962996483], "(2, 6, 1, 1)": [0.01455392874777317, -0.008302101865410805, -0.008485127240419388, 0.0014439579099416733, -0.005795719567686319], "(2, 4, 1, 1)": [0.019369209185242653, 0.01979505643248558, 0.01954307220876217, 0.01938372105360031, 0.019482223317027092], "(1, 3, 1, 1)": [0.018805203959345818, 0.018843989819288254, 0.019131893292069435, 0.01886007934808731, 0.01966112107038498], "(2, 1, 1, 1)": [-0.00181684922426939, -0.009431795217096806, -0.004420157056301832, -0.0012361733242869377, 0.0029002376832067966]}}