{"q_values": {"(1, 4, 1, 1)": [0.01726256124675274, 0.013544418849050999, 0.018617715686559677, 0.018366238102316856, 0.019608065485954285], "(1, 5, 1, 1)": [0.011653847061097622, 0.007676769979298115, 0.012163260020315647, 0.014850622974336147, 0.013804351910948753], "(1, 6, 1, 1)": [-0.003432720899581909, -0.004250021185725927, 0.0005344199016690254, -0.0033073369413614273, -0.00244446424767375], "(2, 3, 1, 1)": [0.016490386798977852, 0.018192322924733162, 0.016860637813806534, 0.0198882594704628, 0.0185629203915596], "(1, 1, 1, 1)": [-0.004814844112843275, -0.009548023343086243, -0.0075584836304187775, -0.0012463019229471684, 0.005934687331318855], "(1, 2, 1, 1)": [0.013215943239629269, 0.01706414483487606, 0.014825388789176941, 0.013184006325900555, 0.013449860736727715], "(2, 2, 1, 1)": [0.013082178309559822, 0.013553188182413578, 0.011664340272545815, 0.011252077296376228, 0.00997463334351778], "(2, 5, 1, 1)": [0.013994439505040646, 0.01587532088160515, 0.017577219754457474, 0.016033325344324112, 0.015370044857263565], "(2, 6, 1, 1)": [0.01540050283074379, -0.00048677902668714523, -0.0012478306889533997, 0.0015470781363546848, 0.0006526624783873558], "(2, 4, 1, 1)": [0.01947828382253647, 0.013588080182671547, 0.01897318661212921, 0.019224777817726135, 0.01910070888698101], "(1, 3, 1, 1)": [0.01843586005270481, 0.018561676144599915, 0.01856025867164135, 0.018508823588490486, 0.019870750606060028], "(2, 1, 1, 1)": [-0.008436666801571846, -0.010775437578558922, -0.002403905149549246, -0.0015645306557416916, -0.0017156130634248257]}}