{"q_values": {"(1, 4, 1, 1)": [0.019427718594670296, 0.01884174346923828, 0.019459059461951256, 0.01927846297621727, 0.01934058405458927], "(1, 5, 1, 1)": [0.016969837248325348, 0.009925277903676033, 0.016938582062721252, 0.016369834542274475, 0.017756452783942223], "(1, 6, 1, 1)": [0.00428382633253932, -6.31650909781456e-05, 0.003954071551561356, 0.0013882089406251907, 0.0005841446109116077], "(2, 3, 1, 1)": [0.01955469325184822, 0.01939052902162075, 0.019514337182044983, 0.01950598508119583, 0.019295919686555862], "(1, 1, 1, 1)": [-0.002589516807347536, 0.006275678053498268, 0.014491567388176918, 0.0051819984801113605, 0.008437042124569416], "(1, 2, 1, 1)": [0.0185172650963068, 0.01752345636487007, 0.017346421256661415, 0.01858169585466385, 0.017899872735142708], "(2, 2, 1, 1)": [0.017822107300162315, 0.018711073324084282, 0.01779305189847946, 0.01607990264892578, 0.017402008175849915], "(2, 5, 1, 1)": [0.018585728481411934, 0.0191911943256855, 0.017184872180223465, 0.017509527504444122, 0.01789296790957451], "(2, 6, 1, 1)": [0.00020849937573075294, -0.0007174508646130562, -0.005138757638633251, -0.0033504399470984936, 0.0050399424508214], "(2, 4, 1, 1)": [0.01993074268102646, 0.019669411703944206, 0.01980607397854328, 0.019806459546089172, 0.019652701914310455], "(1, 3, 1, 1)": [0.019653145223855972, 0.019664904102683067, 0.019630184397101402, 0.019629070535302162, 0.019861632958054543], "(2, 1, 1, 1)": [0.00825166329741478, 0.00150210689753294, 0.005833106115460396, 0.005995541345328093, 0.006051221862435341]}}