{"q_values": {"(1, 4, 1, 1)": [0.01881558448076248, 0.019888631999492645, 0.019164463505148888, 0.019233521074056625, 0.019314415752887726, 0.015149066224694252, 0.01937081851065159, 0.01920500583946705, 0.019345326349139214, 0.019174909219145775, 0.019389426335692406], "(1, 3, 1, 1)": [0.019546909257769585, 0.019548283889889717, 0.019491426646709442, 0.019316181540489197, 0.01953258365392685, 0.019352417439222336, 0.019531797617673874, 0.01950967311859131, 0.019391920417547226, 0.019739123061299324, 0.019516097381711006], "(1, 2, 1, 1)": [0.017494548112154007, 0.01736142486333847, 0.017706958577036858, 0.018223648890852928, 0.017971502617001534, 0.017861580476164818, 0.01594690792262554, 0.016949806362390518, 0.01653360389173031, 0.016933027654886246, 0.019254542887210846], "(1, 5, 1, 1)": [0.01632208749651909, 0.016158880665898323, 0.014094525016844273, 0.014196476899087429, 0.017264604568481445, 0.016799449920654297, 0.017210595309734344, 0.0168625321239233, 0.0170830637216568, 0.016904130578041077, 0.015129270032048225], "(2, 5, 1, 1)": [0.016723550856113434, 0.018511660397052765, 0.016515668481588364, 0.018025679513812065, 0.016459017992019653, 0.017483694478869438, 0.0159348975867033, 0.01725393533706665, 0.017056630924344063, 0.016333606094121933, 0.01856362074613571], "(2, 6, 1, 1)": [0.0019522090442478657, 0.0014739991165697575, -0.00012110639363527298, -0.00015174411237239838, -0.0008806600235402584, 0.00033910153433680534, -0.0026064543053507805, -0.0005458961240947247, 0.0010721809230744839, 0.003467179834842682, 0.0010666754096746445], "(2, 3, 1, 1)": [0.019417067989706993, 0.01961197890341282, 0.019500281661748886, 0.019199321046471596, 0.018305420875549316, 0.01933232694864273, 0.01664474792778492, 0.019662365317344666, 0.019220275804400444, 0.019256984815001488, 0.019825300201773643], "(1, 1, 1, 1)": [0.0018102130852639675, 0.004644772969186306, -0.0017407534178346395, 0.0007289671339094639, 0.0023473594337701797, -0.002188931219279766, 0.006557721644639969, 0.005657183937728405, 0.005857538431882858, 0.0009891008958220482, 0.001199794001877308], "(2, 4, 1, 1)": [0.019578497856855392, 0.013491585850715637, 0.01955574005842209, 0.01954677328467369, 0.019563980400562286, 0.018853332847356796, 0.018849017098546028, 0.019518988206982613, 0.01912807673215866, 0.01953415386378765, 0.019354764372110367], "(2, 2, 1, 1)": [0.01608986407518387, 0.01719074323773384, 0.017197228968143463, 0.017999913543462753, 0.017002735286951065, 0.016603969037532806, 0.017590021714568138, 0.017197176814079285, 0.015783201903104782, 0.019104765728116035, 0.0166696198284626], "(2, 1, 1, 1)": [-0.003823513863608241, 0.004804927855730057, 0.002899275626987219, 0.004869622178375721, 0.0035473969765007496, 0.0051874518394470215, 0.001319143921136856, 0.0006146598607301712, 0.0007119439542293549, 0.0051569389179348946, 0.006358165293931961], "(1, 6, 1, 1)": [0.0012848568148911, 0.006336356978863478, 0.006130131892859936, 0.00507266353815794, 0.002312116324901581, 0.0038017062470316887, 0.0006838547997176647, 0.0032940353266894817, 0.006180288270115852, 0.004388610366731882, 0.005965155083686113]}}