{"q_values": {"(1, 4, 1, 1)": [0.01985560916364193, 0.019752640277147293, 0.01977580040693283, 0.019765134900808334, 0.019803596660494804, 0.019605692476034164, 0.019740015268325806, 0.01965881511569023, 0.01971595175564289, 0.019719839096069336, 0.019637785851955414], "(1, 3, 1, 1)": [0.01982700452208519, 0.019760681316256523, 0.01942010596394539, 0.019063077867031097, 0.019780172035098076, 0.019792569801211357, 0.019820520654320717, 0.01976965367794037, 0.019845785573124886, 0.019797444343566895, 0.01973007805645466], "(1, 2, 1, 1)": [0.017466088756918907, 0.018754227086901665, 0.018441537395119667, 0.01841837167739868, 0.01870053820312023, 0.017161943018436432, 0.015598228201270103, 0.018648754805326462, 0.01822185143828392, 0.018705924972891808, 0.018188005313277245], "(1, 5, 1, 1)": [0.01842242293059826, 0.01871631294488907, 0.01860535331070423, 0.01821228675544262, 0.018311215564608574, 0.01856723614037037, 0.018482353538274765, 0.018324408680200577, 0.017577676102519035, 0.016592830419540405, 0.016963161528110504], "(2, 5, 1, 1)": [0.01782265119254589, 0.017231499776244164, 0.01812058687210083, 0.018304405733942986, 0.01791200041770935, 0.014958396553993225, 0.015009237453341484, 0.01807987689971924, 0.01790221966803074, 0.018129773437976837, 0.01829257607460022], "(2, 6, 1, 1)": [0.009293717332184315, 0.007927980273962021, 0.004152392037212849, -0.003234032541513443, 0.009666950441896915, -0.00457738246768713, 0.004044453613460064, 0.0015729814767837524, 0.01195525098592043, 0.010428664274513721, -0.002659851685166359], "(2, 3, 1, 1)": [0.019803302362561226, 0.019814960658550262, 0.01971413753926754, 0.019620507955551147, 0.0197928287088871, 0.01978510618209839, 0.01981203258037567, 0.01979202590882778, 0.019824398681521416, 0.019804462790489197, 0.019798414781689644], "(1, 1, 1, 1)": [0.0018227389082312584, 0.009681174531579018, 0.014081224799156189, 0.0037293783389031887, 0.014107249677181244, 0.012350786477327347, 0.011176012456417084, 0.008906085044145584, 0.004883245564997196, 0.01340929139405489, 0.005688876379281282], "(2, 4, 1, 1)": [0.01982441358268261, 0.019763091579079628, 0.019759442657232285, 0.019267842173576355, 0.019541263580322266, 0.019741948693990707, 0.0195489339530468, 0.019801395013928413, 0.019716665148735046, 0.019748546183109283, 0.019796639680862427], "(2, 2, 1, 1)": [0.01838863268494606, 0.018134308978915215, 0.01860441267490387, 0.018040388822555542, 0.0185974333435297, 0.01864955760538578, 0.018358180299401283, 0.017867838963866234, 0.018582191318273544, 0.018623022362589836, 0.019016897305846214], "(2, 1, 1, 1)": [0.012168660759925842, 0.011806442402303219, 0.005912533029913902, 0.012630813755095005, 0.00818440318107605, 0.005977350287139416, 0.01483240071684122, 0.009186426177620888, 0.015942314639687538, 0.013108965940773487, 0.014987580478191376], "(1, 6, 1, 1)": [0.013297486118972301, 0.010227386839687824, 0.005957091227173805, 0.006893770769238472, 0.013423782773315907, 0.007917249575257301, 0.008609330281615257, 0.011845330707728863, 0.003811249975115061, 0.011488036252558231, 0.004001975990831852]}}