{"q_values": {"(1, 4, 1, 1)": [0.019469566643238068, 0.01975632831454277, 0.01947793737053871, 0.019750380888581276, 0.01975192129611969, 0.019647618755698204, 0.019638875499367714, 0.0198227446526289, 0.019761674106121063, 0.019665682688355446, 0.019742842763662338], "(1, 3, 1, 1)": [0.019689759239554405, 0.019573692232370377, 0.019339032471179962, 0.01952076517045498, 0.01940041594207287, 0.01968163251876831, 0.019711023196578026, 0.019759560003876686, 0.01957881636917591, 0.019704751670360565, 0.01969115249812603], "(1, 2, 1, 1)": [0.017706571146845818, 0.017801107838749886, 0.01805506832897663, 0.018345991149544716, 0.01485320832580328, 0.01828116551041603, 0.01835496909916401, 0.018306460231542587, 0.01846919395029545, 0.018283994868397713, 0.01829221099615097], "(1, 5, 1, 1)": [0.015487687662243843, 0.01773505099117756, 0.018421797081828117, 0.017997443675994873, 0.018734054639935493, 0.01728672906756401, 0.01762879453599453, 0.017640171572566032, 0.017455507069826126, 0.01743609830737114, 0.017911430448293686], "(2, 5, 1, 1)": [0.018441077321767807, 0.01821191795170307, 0.018157154321670532, 0.01824595034122467, 0.0182217787951231, 0.017979741096496582, 0.016853220760822296, 0.01745169423520565, 0.017266035079956055, 0.017329838126897812, 0.01760617084801197], "(2, 6, 1, 1)": [0.01365460455417633, 0.008539418689906597, 0.005021284334361553, 0.0048178392462432384, 0.003915935289114714, 0.005845624953508377, 0.006416623014956713, 0.011456145904958248, 0.0060172234661877155, 0.011080194264650345, 0.009735285304486752], "(2, 3, 1, 1)": [0.019819477573037148, 0.019849717617034912, 0.019839797168970108, 0.019811362028121948, 0.019649315625429153, 0.01979917101562023, 0.019905563443899155, 0.019646326079964638, 0.0198416318744421, 0.019831907004117966, 0.019596915692090988], "(1, 1, 1, 1)": [0.0033145034685730934, 0.00852343812584877, 0.006237217225134373, 0.004455403424799442, 0.0067867254838347435, 0.0017170808278024197, 0.007141655310988426, 0.00974364671856165, 0.007566550746560097, 0.010581535287201405, 0.014663025736808777], "(2, 4, 1, 1)": [0.019783563911914825, 0.019785061478614807, 0.01975848525762558, 0.019804183393716812, 0.019692348316311836, 0.019812405109405518, 0.01953878439962864, 0.019840778782963753, 0.019732389599084854, 0.01975775510072708, 0.019758442416787148], "(2, 2, 1, 1)": [0.017154531553387642, 0.018474716693162918, 0.017344893887639046, 0.017003415152430534, 0.0182969830930233, 0.018445441499352455, 0.018443431705236435, 0.018279103562235832, 0.01849975623190403, 0.018486952409148216, 0.018457598984241486], "(2, 1, 1, 1)": [0.0065577346831560135, 0.011593387462198734, -0.0004100250080227852, 0.011467229574918747, 0.0050075463950634, 0.009340675547719002, 0.004736198578029871, 0.010358652099967003, 0.010998032987117767, 0.012353341095149517, 0.0034387968480587006], "(1, 6, 1, 1)": [0.010075483471155167, 0.007762960158288479, 0.009868908673524857, 0.010135834105312824, -0.0007218807004392147, 0.00709183095023036, 0.0006333915516734123, 0.005662867799401283, 0.005907674320042133, 0.013157928362488747, 0.005328726954758167]}}