{"q_values": {"(1, 4, 1, 1)": [0.008111423812806606, 0.01932196132838726, 0.019789159297943115, 0.01875028945505619, 0.019753094762563705, 0.019760599359869957, 0.019863808527588844, 0.019734350964426994, 0.01961340196430683, 0.01933729276061058, 0.01979820616543293], "(1, 3, 1, 1)": [0.019496073946356773, 0.019605986773967743, 0.019663125276565552, 0.019734274595975876, 0.019620539620518684, 0.019768603146076202, 0.01974332146346569, 0.019812434911727905, 0.019519975408911705, 0.019378112629055977, 0.019767146557569504], "(1, 2, 1, 1)": [0.016615495085716248, 0.016099249944090843, 0.016529425978660583, 0.017068443819880486, 0.016785548999905586, 0.01589164510369301, 0.01677389070391655, 0.016804680228233337, 0.01708926074206829, 0.018406758084893227, 0.016163025051355362], "(1, 5, 1, 1)": [0.019158683717250824, 0.01654593087732792, 0.01780005544424057, 0.018168235197663307, 0.017756231129169464, 0.018898554146289825, 0.018141012638807297, 0.018200360238552094, 0.01701795496046543, 0.017916452139616013, 0.018721092492341995], "(2, 5, 1, 1)": [0.01815342903137207, 0.018238388001918793, 0.01836315728724003, 0.01805146597325802, 0.017059026286005974, 0.01637863926589489, 0.017688153311610222, 0.0182487852871418, 0.017765069380402565, 0.01810837723314762, 0.017672548070549965], "(2, 6, 1, 1)": [0.006861916743218899, 0.0028747129254043102, 0.004951847717165947, 0.007103251293301582, 0.003688688389956951, 0.006335183046758175, 0.0021274718455970287, 0.006946088746190071, -0.0010053007863461971, 0.006204548757523298, 0.004807962570339441], "(2, 3, 1, 1)": [0.019223082810640335, 0.019263163208961487, 0.01933838054537773, 0.01928376406431198, 0.019376400858163834, 0.019190534949302673, 0.01926211640238762, 0.013478639535605907, 0.018440891057252884, 0.019810518249869347, 0.019449573010206223], "(1, 1, 1, 1)": [0.0015311259776353836, -0.006918737664818764, 0.0019243923015892506, 0.0010063820518553257, -0.0022472678683698177, 0.000514219980686903, 0.004026329610496759, 0.0033336691558361053, 0.0028298520483076572, 0.003069077618420124, 0.0046379403211176395], "(2, 4, 1, 1)": [0.01953456737101078, 0.019642537459731102, 0.019667774438858032, 0.019574474543333054, 0.01958082616329193, 0.019402559846639633, 0.019630320370197296, 0.019406743347644806, 0.01959572173655033, 0.019430624321103096, 0.01952407881617546], "(2, 2, 1, 1)": [0.018146410584449768, 0.017967650666832924, 0.017585111781954765, 0.018136054277420044, 0.011758874170482159, 0.018402965739369392, 0.01795617677271366, 0.0171415526419878, 0.01805519312620163, 0.018111811950802803, 0.016531679779291153], "(2, 1, 1, 1)": [0.007474979851394892, 0.009263492189347744, 0.006605171598494053, 0.00532938027754426, 0.007101764902472496, 0.0035854321904480457, 0.008132481947541237, 0.00917556881904602, 0.010515828616917133, 0.00818570051342249, 0.00853589829057455], "(1, 6, 1, 1)": [-0.0033356421627104282, 0.0029015541076660156, 0.004671086557209492, 0.0007036947645246983, 0.004553650505840778, 0.0010472028516232967, 0.004330525640398264, 0.004219934809952974, 0.006705532781779766, 0.0028469031676650047, 0.002605265937745571]}}