{"q_values": {"(1, 4, 1, 1)": [0.015277457423508167, 0.019456541165709496, 0.019112994894385338, 0.01085774227976799, 0.019268391653895378, 0.01962132938206196, 0.019597526639699936, 0.01907442696392536, 0.019560160115361214, 0.01953875459730625, 0.019624387845396996], "(1, 3, 1, 1)": [0.01924034208059311, 0.019419142976403236, 0.019762054085731506, 0.019591333344578743, 0.0197556521743536, 0.019730251282453537, 0.01963271200656891, 0.01903110183775425, 0.01971801556646824, 0.019818922504782677, 0.019749246537685394], "(1, 2, 1, 1)": [0.018298782408237457, 0.018362095579504967, 0.01674017496407032, 0.018596943467855453, 0.017793945968151093, 0.018373338505625725, 0.01797865517437458, 0.018377643078565598, 0.018008582293987274, 0.019444581121206284, 0.018006252124905586], "(1, 5, 1, 1)": [0.017132502049207687, 0.019158663228154182, 0.017892563715577126, 0.01843399368226528, 0.01776607520878315, 0.018260207027196884, 0.016978969797492027, 0.018366338685154915, 0.017300013452768326, 0.017712263390421867, 0.018248677253723145], "(2, 5, 1, 1)": [0.018623758107423782, 0.018891599029302597, 0.01847144402563572, 0.01862368732690811, 0.01750592142343521, 0.01803644374012947, 0.01800655946135521, 0.018289556726813316, 0.018233807757496834, 0.018260693177580833, 0.01762247644364834], "(2, 6, 1, 1)": [0.011989914812147617, 0.01552919577807188, 0.004676654934883118, 0.011961211450397968, 0.00313761318102479, -0.001429063268005848, 0.0017975247465074062, 0.005323176272213459, 0.008957567624747753, -0.002352018840610981, 0.010972326621413231], "(2, 3, 1, 1)": [0.019507646560668945, 0.019048839807510376, 0.01948421262204647, 0.01958564482629299, 0.018831729888916016, 0.018781447783112526, 0.01962081529200077, 0.013526296243071556, 0.01916608400642872, 0.019543901085853577, 0.018864432349801064], "(1, 1, 1, 1)": [-0.002425112761557102, 0.0039618113078176975, 0.0008733384311199188, -0.0029722393956035376, 0.0037593061570078135, 0.0072611053474247456, 0.007159163244068623, 0.010991396382451057, 0.007044421508908272, 0.008278974331915379, 0.005464605055749416], "(2, 4, 1, 1)": [0.019759897142648697, 0.019616201519966125, 0.01974993571639061, 0.01975150965154171, 0.01960747502744198, 0.01972365193068981, 0.019642813131213188, 0.01967783458530903, 0.019712846726179123, 0.01969974674284458, 0.019697796553373337], "(2, 2, 1, 1)": [0.01830534264445305, 0.017430827021598816, 0.018113313242793083, 0.017344119027256966, 0.01816941797733307, 0.018331758677959442, 0.01836067996919155, 0.018368111923336983, 0.016846047714352608, 0.012833870016038418, 0.017995012924075127], "(2, 1, 1, 1)": [0.003736375365406275, 0.007747399155050516, 0.004069535061717033, 0.005864422302693129, 0.006377561949193478, -0.0008914424106478691, 0.008614149875938892, -0.0030355304479599, 0.000683274120092392, 0.006133437156677246, 0.006779405288398266], "(1, 6, 1, 1)": [0.007569609209895134, 0.01402978040277958, 0.010885062627494335, 0.002116857562214136, 0.004345197230577469, 0.009362701326608658, 0.006025928538292646, -0.0005157245323061943, 0.009177446365356445, 0.004869726486504078, -0.0009421776048839092]}}