{"q_values": {"(1, 4, 1, 1)": [0.019244108349084854, 0.019372083246707916, 0.0175382848829031, 0.01946413516998291, 0.01934865489602089, 0.019518492743372917, 0.018755706027150154, 0.019173091277480125, 0.019499488174915314, 0.019486747682094574, 0.019194334745407104], "(1, 3, 1, 1)": [0.01944868452847004, 0.019687535241246223, 0.019485022872686386, 0.019333364441990852, 0.019638385623693466, 0.019588962197303772, 0.019682614132761955, 0.019612086936831474, 0.01958565041422844, 0.01978512667119503, 0.019686151295900345], "(1, 2, 1, 1)": [0.015322519466280937, 0.016386650502681732, 0.017704742029309273, 0.017341913655400276, 0.01731816492974758, 0.01774432323873043, 0.01584010012447834, 0.013742739334702492, 0.018537111580371857, 0.017238760367035866, 0.01621078886091709], "(1, 5, 1, 1)": [0.017059974372386932, 0.018855223432183266, 0.01551026850938797, 0.017571786418557167, 0.01719566062092781, 0.016709646210074425, 0.017135929316282272, 0.015639690682291985, 0.016794580966234207, 0.01755864918231964, 0.017372803762555122], "(2, 5, 1, 1)": [0.01805371604859829, 0.01810048148036003, 0.018668506294488907, 0.017215706408023834, 0.018055206164717674, 0.018164323642849922, 0.018188782036304474, 0.017949016764760017, 0.017298387363553047, 0.018151551485061646, 0.017910106107592583], "(2, 6, 1, 1)": [0.006872436963021755, 0.0035913893952965736, 0.005414277780801058, 0.0019204053096473217, 0.004682935308665037, 0.002904512919485569, 0.0035398323088884354, 0.005201443564146757, 0.00411258777603507, 0.0048932721838355064, -0.00024895090609788895], "(2, 3, 1, 1)": [0.019325487315654755, 0.019667424261569977, 0.019772719591856003, 0.01932009495794773, 0.01967315748333931, 0.019711809232831, 0.019734805449843407, 0.019693594425916672, 0.019675513729453087, 0.019633395597338676, 0.019853904843330383], "(1, 1, 1, 1)": [-0.002425112761557102, -0.008632970042526722, 0.0008733384311199188, 0.0009020310826599598, 0.0004804059863090515, 0.000514219980686903, -6.117997691035271e-05, 0.004941952880471945, 0.015600824728608131, 0.005394087638705969, 0.003979175351560116], "(2, 4, 1, 1)": [0.010845009237527847, 0.018283547833561897, 0.019485678523778915, 0.019073253497481346, 0.01951107196509838, 0.01941804587841034, 0.019450020045042038, 0.01929972879588604, 0.019433269277215004, 0.01832580752670765, 0.0194693710654974], "(2, 2, 1, 1)": [0.01793603226542473, 0.017524586990475655, 0.015967227518558502, 0.017206575721502304, 0.017394497990608215, 0.017343562096357346, 0.017704294994473457, 0.017234021797776222, 0.016527395695447922, 0.019167328253388405, 0.012723655439913273], "(2, 1, 1, 1)": [0.0030380496755242348, 0.007032542489469051, 0.004835650324821472, 0.004374292679131031, 0.002934982068836689, 0.004263298120349646, 0.006710301153361797, 0.004071027040481567, 0.000683274120092392, -0.0004084552638232708, 0.0028618904761970043], "(1, 6, 1, 1)": [0.007655579596757889, 0.01079174131155014, 0.00712535809725523, 0.0044137947261333466, 0.005638335831463337, -0.0007651685737073421, 0.006689908914268017, 0.005497688427567482, 0.0021455492824316025, 0.011091521009802818, 0.005367965437471867]}}