{"q_values": {"(1, 4, 1, 1)": [0.01762266829609871, 0.019624248147010803, 0.019579671323299408, 0.019673533737659454, 0.019747989252209663, 0.01937461644411087, 0.019313674420118332, 0.019656438380479813, 0.019708501175045967, 0.019556520506739616, 0.019435223191976547], "(1, 3, 1, 1)": [0.019510315731167793, 0.019571667537093163, 0.019759489223361015, 0.019660156220197678, 0.01970929466187954, 0.01909050904214382, 0.015297694131731987, 0.019747484475374222, 0.019681449979543686, 0.019879329949617386, 0.019648265093564987], "(1, 2, 1, 1)": [0.01799514889717102, 0.01680167391896248, 0.01695205830037594, 0.01776009425520897, 0.01683707721531391, 0.017041679471731186, 0.01728985458612442, 0.01825905777513981, 0.01669483631849289, 0.017489366233348846, 0.01893979124724865], "(1, 5, 1, 1)": [0.01673358492553234, 0.01642310991883278, 0.01777562126517296, 0.01717861369252205, 0.011932004243135452, 0.017774075269699097, 0.016458241268992424, 0.01776677556335926, 0.01765497587621212, 0.017534920945763588, 0.017766021192073822], "(2, 5, 1, 1)": [0.01865561679005623, 0.01748594082891941, 0.01806214451789856, 0.018221383914351463, 0.016606006771326065, 0.01766393892467022, 0.016827965155243874, 0.01774469204246998, 0.01764761470258236, 0.018087362870573997, 0.01833818480372429], "(2, 6, 1, 1)": [0.003412401769310236, 0.004493228625506163, 0.004485666286200285, 0.0015898817218840122, 0.003272850066423416, 0.0017062588594853878, 0.007152213715016842, 0.0003342726267874241, 0.0044501652009785175, 0.0018502003513276577, 0.005332319065928459], "(2, 3, 1, 1)": [0.01961653120815754, 0.019596032798290253, 0.019577667117118835, 0.019516203552484512, 0.01970915123820305, 0.019642530009150505, 0.01902775466442108, 0.019110778346657753, 0.019746050238609314, 0.014743577688932419, 0.019762441515922546], "(1, 1, 1, 1)": [0.004724707454442978, -0.0009020152501761913, 0.00011992175132036209, -0.0033742189407348633, 0.004371417220681906, 0.004298499785363674, 0.0010064803063869476, 0.0036451821215450764, 0.0014298735186457634, 0.010992913506925106, 0.0046283830888569355], "(2, 4, 1, 1)": [0.019408702850341797, 0.019476668909192085, 0.01939466781914234, 0.01933399960398674, 0.019546590745449066, 0.019401023164391518, 0.01933196373283863, 0.019405130296945572, 0.019451431930065155, 0.019359169527888298, 0.019445212557911873], "(2, 2, 1, 1)": [0.01786774769425392, 0.018260760232806206, 0.018267637118697166, 0.017984066158533096, 0.014198447577655315, 0.018204404041171074, 0.0178285613656044, 0.018299218267202377, 0.01805964484810829, 0.009295478463172913, 0.018871836364269257], "(2, 1, 1, 1)": [0.000890177208930254, 0.003583685029298067, 0.007245612796396017, 0.0056466697715222836, 0.005264111794531345, 0.004308953415602446, 0.006819907575845718, 0.004543130751699209, 0.008035486564040184, 0.0017061363905668259, 0.015620090998709202], "(1, 6, 1, 1)": [0.005732646677643061, 0.007397284731268883, 0.009852450340986252, 0.013530848547816277, 0.01019321195781231, 0.01032796036452055, 0.013447766192257404, 0.010638383217155933, 0.013410571031272411, 0.003919163253158331, 0.008648212067782879]}}