{"q_values": {"(1, 4, 1, 1)": [0.019771404564380646, 0.01810895837843418, 0.018020037561655045, 0.018597546964883804, 0.015129630453884602, 0.016560127958655357, 0.018624508753418922, 0.018387487158179283, 0.0184829942882061, 0.0184634979814291, 0.018320661038160324], "(1, 3, 1, 1)": [0.019034717231988907, 0.018870240077376366, 0.019063565880060196, 0.019032930955290794, 0.019091825932264328, 0.019915327429771423, 0.01914161816239357, 0.019076786935329437, 0.019129540771245956, 0.018804039806127548, 0.019051266834139824], "(1, 2, 1, 1)": [0.015065884217619896, 0.015620260499417782, 0.01644245721399784, 0.014015203341841698, 0.015022817999124527, 0.015221869572997093, 0.01486911904066801, 0.01913006603717804, 0.014459407888352871, 0.014855858869850636, 0.015604918822646141], "(1, 5, 1, 1)": [0.019301611930131912, 0.009747943840920925, 0.0094103729352355, 0.013811334036290646, 0.014212124049663544, 0.009040546603500843, 0.009021159261465073, 0.014924087561666965, 0.014405440539121628, 0.013789773918688297, 0.013617582619190216], "(2, 5, 1, 1)": [0.012939093634486198, 0.019298698753118515, 0.015503843314945698, 0.014576844871044159, 0.015070164576172829, 0.014542159624397755, 0.012418687343597412, 0.015039913356304169, 0.01509180199354887, 0.014572241343557835, 0.014626625925302505], "(2, 6, 1, 1)": [-0.0062067536637187, 0.01663578674197197, -0.005601613782346249, -0.005073011852800846, -0.00619604391977191, -0.006927582900971174, -0.00573938200250268, -0.006950140930712223, -0.007007142528891563, 0.00020647654309868813, -0.0065664201974868774], "(2, 3, 1, 1)": [0.0189158134162426, 0.019288992509245872, 0.01942206732928753, 0.018630068749189377, 0.018695853650569916, 0.019477011635899544, 0.01882341131567955, 0.019984692335128784, 0.016831543296575546, 0.01882440596818924, 0.01681368798017502], "(1, 1, 1, 1)": [-0.004817773588001728, -0.0006229211576282978, -0.003578662406653166, -0.003995010629296303, -0.0011723400093615055, -0.00015732552856206894, -0.005309450440108776, -0.008022397756576538, -0.0020482805557549, -0.005743730813264847, -0.004467840306460857], "(2, 4, 1, 1)": [0.019377266988158226, 0.01954205520451069, 0.01947443187236786, 0.010991920717060566, 0.019611189141869545, 0.019704444333910942, 0.019656088203191757, 0.01942094787955284, 0.019806986674666405, 0.019602423533797264, 0.01963372528553009], "(2, 2, 1, 1)": [0.013523025438189507, 0.013917856849730015, 0.014083772897720337, 0.013213790021836758, 0.01400673482567072, 0.013278497382998466, 0.01379103772342205, 0.011406189762055874, 0.010745519772171974, 0.01355806179344654, 0.012474222108721733], "(2, 1, 1, 1)": [-0.008640455082058907, -0.003755809972062707, -0.004005453083664179, -0.003616869915276766, -0.004286269191652536, -0.0006075166165828705, -0.005547307897359133, -0.0051648663356900215, -0.006051631644368172, -0.006058189086616039, -0.0051706149242818356], "(1, 6, 1, 1)": [-0.0011947499588131905, -0.0031886377837508917, -0.0013196724466979504, -0.001180580584332347, 0.012633171863853931, -0.00211541960015893, -0.0012536989524960518, -0.002533354563638568, 5.440926179289818e-05, -0.0018678638152778149, -0.0028075119480490685]}}