{"q_values": {"(1, 4, 1, 1)": [0.019534748047590256, 0.01986708492040634, 0.0196150504052639, 0.01847461611032486, 0.0195674579590559, 0.019396502524614334, 0.018238654360175133, 0.019289661198854446, 0.019297713413834572, 0.01957683265209198, 0.019509784877300262], "(1, 3, 1, 1)": [0.01955878734588623, 0.019559243693947792, 0.01962617225944996, 0.01961996592581272, 0.0195102971047163, 0.01947808638215065, 0.019633039832115173, 0.019546305760741234, 0.019389625638723373, 0.019658559933304787, 0.019571803510189056], "(1, 2, 1, 1)": [0.01798323355615139, 0.0184511449187994, 0.017768342047929764, 0.017541615292429924, 0.018055720254778862, 0.01813916303217411, 0.018233055248856544, 0.018409855663776398, 0.018246302381157875, 0.01831969991326332, 0.019025104120373726], "(1, 5, 1, 1)": [0.010265139862895012, 0.01635201834142208, 0.018124569207429886, 0.01302238181233406, 0.017787650227546692, 0.017468269914388657, 0.01858108676970005, 0.016423355787992477, 0.015906766057014465, 0.0166498851031065, 0.016585879027843475], "(2, 5, 1, 1)": [0.018106618896126747, 0.017559675499796867, 0.019065147265791893, 0.018001751974225044, 0.018062889575958252, 0.018083659932017326, 0.018220720812678337, 0.01613796316087246, 0.017875008285045624, 0.018207984045147896, 0.01763225346803665], "(2, 6, 1, 1)": [0.014954838901758194, -0.004897210747003555, -0.0064185913652181625, -0.0062071639113128185, -0.0072206915356218815, 0.003176265861839056, -0.0013788756914436817, -0.0040481723845005035, -0.005316316150128841, -0.003973870072513819, -0.001128645148128271], "(2, 3, 1, 1)": [0.019248373806476593, 0.01951300911605358, 0.019307104870676994, 0.019291887059807777, 0.010715103708207607, 0.01938936859369278, 0.017687231302261353, 0.01930798403918743, 0.018752191215753555, 0.01855509728193283, 0.01935388520359993], "(1, 1, 1, 1)": [0.0035199932754039764, 0.0024720607325434685, 0.0042321328073740005, 0.005863801576197147, -0.003979688510298729, 0.002982085570693016, 0.015433595515787601, 0.0005422732792794704, 0.005869724787771702, 0.0082565788179636, 0.0038038771599531174], "(2, 4, 1, 1)": [0.01938481815159321, 0.019392650574445724, 0.01828129217028618, 0.019389919936656952, 0.019232245162129402, 0.019863110035657883, 0.01533527486026287, 0.01935526728630066, 0.019182756543159485, 0.019241251051425934, 0.019348127767443657], "(2, 2, 1, 1)": [0.016498450189828873, 0.017530525103211403, 0.017203617841005325, 0.017683006823062897, 0.01764650270342827, 0.017678478732705116, 0.017764784395694733, 0.016956442967057228, 0.016572045162320137, 0.010129978880286217, 0.017004722729325294], "(2, 1, 1, 1)": [0.0028274543583393097, -0.0008182656019926071, 0.0033063841983675957, 0.005514324642717838, 0.005702025722712278, 0.001995963044464588, 0.0014673280529677868, 0.0066904183477163315, 0.008168625645339489, 0.004074587021023035, 0.006539263762533665], "(1, 6, 1, 1)": [0.0011902735568583012, 0.0019449354149401188, 0.004294146783649921, -0.00103325629606843, 0.002963719889521599, 0.00025301799178123474, 0.0005479399114847183, 0.0017450395971536636, 0.0025974721647799015, 0.0032072770409286022, 0.003991093952208757]}}