{"q_values": {"(1, 4, 1, 1)": [0.01981034129858017, 0.019900241866707802, 0.019799303263425827, 0.019608622416853905, 0.019805841147899628, 0.019764456897974014, 0.019811591133475304, 0.01980334147810936, 0.019791828468441963, 0.019509723410010338, 0.019619621336460114], "(1, 3, 1, 1)": [0.019737984985113144, 0.019756538793444633, 0.0197267085313797, 0.01973472721874714, 0.019587010145187378, 0.019737442955374718, 0.01961841620504856, 0.019739467650651932, 0.01968430168926716, 0.019730674102902412, 0.019762272015213966], "(1, 2, 1, 1)": [0.018538912758231163, 0.01818571425974369, 0.018189243972301483, 0.01874791458249092, 0.015728626400232315, 0.018053129315376282, 0.01768611930310726, 0.018658021464943886, 0.01874774694442749, 0.018660277128219604, 0.017852578312158585], "(1, 5, 1, 1)": [0.01873149164021015, 0.018205339089035988, 0.01854116842150688, 0.019304633140563965, 0.017719468101859093, 0.018345274031162262, 0.01805921643972397, 0.017450861632823944, 0.018609827384352684, 0.0181143656373024, 0.01808803156018257], "(2, 5, 1, 1)": [0.017331989482045174, 0.01669323444366455, 0.01844622939825058, 0.018195124343037605, 0.018379859626293182, 0.01890859566628933, 0.018118735402822495, 0.01844494603574276, 0.018506480380892754, 0.0184323787689209, 0.017698178067803383], "(2, 6, 1, 1)": [0.01320643536746502, 0.00595971941947937, 0.007879091426730156, 0.01149151474237442, 0.012125109322369099, 0.003126754891127348, 0.004334515891969204, 0.006838689558207989, 0.0090189753100276, 0.01226826198399067, 0.0062284404411911964], "(2, 3, 1, 1)": [0.019770624116063118, 0.01978759840130806, 0.01985582895576954, 0.019385941326618195, 0.019773395732045174, 0.019790763035416603, 0.019782591611146927, 0.01980775222182274, 0.019629240036010742, 0.019781913608312607, 0.019812656566500664], "(1, 1, 1, 1)": [0.011689295060932636, 0.0009068739600479603, 0.007598126772791147, -0.00065227085724473, 0.014648662880063057, 0.006566086784005165, 0.011905674822628498, 0.005606580059975386, 0.011837118305265903, 0.010004127398133278, 0.013483727350831032], "(2, 4, 1, 1)": [0.019799476489424706, 0.019686974585056305, 0.019698146730661392, 0.01970171555876732, 0.01970348134636879, 0.019390296190977097, 0.019658314064145088, 0.019687989726662636, 0.019703254103660583, 0.019676730036735535, 0.019718069583177567], "(2, 2, 1, 1)": [0.01763065904378891, 0.01722140610218048, 0.017724934965372086, 0.017858775332570076, 0.01796983927488327, 0.018036259338259697, 0.017510969191789627, 0.01788768172264099, 0.017656235024333, 0.01761673577129841, 0.017963146790862083], "(2, 1, 1, 1)": [0.006033514626324177, -0.00013957219198346138, 0.009026355110108852, 0.009266091510653496, 0.0033408738672733307, 0.007211952470242977, 0.009544232860207558, 0.0047048465348780155, 0.010903461836278439, 0.00903649814426899, 0.015209445729851723], "(1, 6, 1, 1)": [0.006822784896939993, 0.007940232753753662, 0.009971643798053265, -0.001467918511480093, 0.006563601549714804, 0.008863911963999271, 0.013590473681688309, 0.00047893403097987175, 0.004362210631370544, 0.007718569599092007, 0.00469870725646615]}}