{"q_values": {"(1, 4, 1, 1)": [0.019855687394738197, 0.019769780337810516, 0.019528793171048164, 0.01975161023437977, 0.01958465576171875, 0.01962081715464592, 0.019784877076745033, 0.019709749147295952, 0.01978246308863163, 0.019632814452052116, 0.019715312868356705], "(1, 3, 1, 1)": [0.019346676766872406, 0.019481509923934937, 0.019639313220977783, 0.019632674753665924, 0.01962348446249962, 0.010619290173053741, 0.019612202420830727, 0.019597649574279785, 0.01959167793393135, 0.01963784545660019, 0.019301138818264008], "(1, 2, 1, 1)": [0.01658419333398342, 0.015047935768961906, 0.016449522227048874, 0.014807598665356636, 0.016454776749014854, 0.017032258212566376, 0.01667626202106476, 0.016571464017033577, 0.01587575301527977, 0.015845300629734993, 0.01655423454940319], "(1, 5, 1, 1)": [0.018444210290908813, 0.018919913098216057, 0.01819217950105667, 0.017601460218429565, 0.018282391130924225, 0.018211908638477325, 0.01772233657538891, 0.018066145479679108, 0.016494309529662132, 0.016768161207437515, 0.017275799065828323], "(2, 5, 1, 1)": [0.01859227940440178, 0.018605053424835205, 0.01920931413769722, 0.01869049109518528, 0.01864125207066536, 0.017926108092069626, 0.018373947590589523, 0.01877172663807869, 0.018654176965355873, 0.01864718087017536, 0.017962105572223663], "(2, 6, 1, 1)": [0.01797800324857235, 0.009519526734948158, 0.00663369707763195, 0.006542293354868889, 0.0062635596841573715, -0.0014035357162356377, 0.005068173632025719, 0.006990506779402494, 0.002705564722418785, 0.003676522057503462, 0.00546586699783802], "(2, 3, 1, 1)": [0.019304906949400902, 0.019460640847682953, 0.01928773894906044, 0.01944122277200222, 0.019464945420622826, 0.019455788657069206, 0.018692390993237495, 0.019169660285115242, 0.010737755335867405, 0.019415825605392456, 0.01937277428805828], "(1, 1, 1, 1)": [-0.0006685950793325901, -0.0029097506776452065, 7.87307508289814e-05, 0.0008790311403572559, 0.00018721865490078926, 0.0027685677632689476, -0.002445679623633623, -0.004153884947299957, 7.264269515872002e-05, 0.00016361079178750515, -0.0031413566321134567], "(2, 4, 1, 1)": [0.019858956336975098, 0.019796859472990036, 0.01987477019429207, 0.019680829718708992, 0.019864212721586227, 0.01959524117410183, 0.0197822917252779, 0.019696734845638275, 0.0198515672236681, 0.019750388339161873, 0.01977069117128849], "(2, 2, 1, 1)": [0.016653064638376236, 0.012192072346806526, 0.017253337427973747, 0.018069230020046234, 0.01727079600095749, 0.016733411699533463, 0.015603073872625828, 0.012244266457855701, 0.016902349889278412, 0.017255425453186035, 0.017166711390018463], "(2, 1, 1, 1)": [-0.0009966865181922913, 0.0034079812467098236, 0.004428972490131855, 0.00582844577729702, 0.005249029025435448, 0.006923875771462917, 0.0005638054572045803, 0.008132404647767544, 0.007771940901875496, 0.0018348884768784046, 0.011941071599721909], "(1, 6, 1, 1)": [0.006444826722145081, 0.017591383308172226, 0.004036680795252323, 0.006291142199188471, 0.005539561156183481, 0.007312879431992769, 0.0004408443346619606, 0.0039030825719237328, 0.003664705902338028, 0.004869726486504078, 0.004585390444844961]}}