{"q_values": {"(1, 4, 1, 1)": [0.01868760958313942, 0.013182026334106922, 0.019301073625683784, 0.01905054599046707, 0.01873040571808815, 0.019057055935263634, 0.01867501065135002, 0.018887612968683243, 0.01935923472046852, 0.01940496638417244, 0.01954839378595352], "(1, 3, 1, 1)": [0.019581303000450134, 0.019564496353268623, 0.019595054909586906, 0.019607724621891975, 0.019773375242948532, 0.019660046324133873, 0.01966051384806633, 0.019713353365659714, 0.01970699056982994, 0.01983928121626377, 0.01973138377070427], "(1, 2, 1, 1)": [0.018542177975177765, 0.01832452230155468, 0.018372230231761932, 0.01812829077243805, 0.018332375213503838, 0.018303580582141876, 0.018244612962007523, 0.01863083802163601, 0.017921581864356995, 0.016788994893431664, 0.018424300476908684], "(1, 5, 1, 1)": [0.018235353752970695, 0.018289191648364067, 0.017897002398967743, 0.01810593344271183, 0.01709129847586155, 0.018369730561971664, 0.018020519986748695, 0.01850702613592148, 0.017113110050559044, 0.017451927065849304, 0.0176957156509161], "(2, 5, 1, 1)": [0.01856064796447754, 0.01808982715010643, 0.016610803082585335, 0.01816978119313717, 0.017559845000505447, 0.015690546482801437, 0.018218668177723885, 0.017705388367176056, 0.01818704605102539, 0.018286049365997314, 0.01762588508427143], "(2, 6, 1, 1)": [-0.0028133150190114975, -1.6734935343265533e-05, 0.009796099737286568, 0.014663063921034336, 0.0018390929326415062, 0.005055251996964216, 0.006209623999893665, 0.008976759389042854, 0.005270838271826506, 3.5040080547332764e-05, 0.0011716894805431366], "(2, 3, 1, 1)": [0.019331492483615875, 0.019449500367045403, 0.019596125930547714, 0.019326619803905487, 0.019552327692508698, 0.019548024982213974, 0.018343953415751457, 0.01937456615269184, 0.019582703709602356, 0.019503949210047722, 0.01882370002567768], "(1, 1, 1, 1)": [0.0021904627792537212, 0.004735189955681562, 0.002564564347267151, 0.007951333187520504, 0.004037822131067514, 0.00686210673302412, 0.00620723282918334, 0.007342996075749397, 0.007236628793179989, 0.007934726774692535, 0.007122105918824673], "(2, 4, 1, 1)": [0.019683415070176125, 0.019659534096717834, 0.019768886268138885, 0.01974494941532612, 0.0198042169213295, 0.019649887457489967, 0.01979946717619896, 0.019280923530459404, 0.019693953916430473, 0.019667712971568108, 0.01973891444504261], "(2, 2, 1, 1)": [0.017962316051125526, 0.01720472238957882, 0.016922377049922943, 0.017774518579244614, 0.017050569877028465, 0.017957886680960655, 0.017668016254901886, 0.016161901876330376, 0.017948534339666367, 0.017013322561979294, 0.017202643677592278], "(2, 1, 1, 1)": [0.00823877565562725, 0.006096892058849335, 0.005724322982132435, 0.004598760046064854, 0.005645005032420158, 0.006723195780068636, -0.0017211460508406162, 0.005364978685975075, 0.006743496283888817, 0.007916230708360672, 0.010976925492286682], "(1, 6, 1, 1)": [0.005536750424653292, 0.006279973313212395, 0.007039187476038933, 0.002633368130773306, 0.010567744262516499, 0.005230315495282412, 0.008152036927640438, 0.004807604942470789, 0.004744168370962143, -0.004779486916959286, 0.00916160549968481]}}