{"q_values": {"(1, 4, 1, 1)": [0.014298904687166214, 0.015330275520682335, 0.010360069572925568, 0.015229100361466408, 0.018259141594171524, 0.01853194274008274, 0.018566392362117767, 0.016375623643398285, 0.018794946372509003, 0.01914937235414982, 0.01849835366010666], "(1, 3, 1, 1)": [0.019054321572184563, 0.018799228593707085, 0.019051218405365944, 0.019144199788570404, 0.019139429554343224, 0.019265467301011086, 0.019245849922299385, 0.019403107464313507, 0.019962044432759285, 0.01903664506971836, 0.019121704623103142], "(1, 2, 1, 1)": [0.015528043732047081, 0.015237816609442234, 0.015340135432779789, 0.014015203341841698, 0.014766926877200603, 0.016951724886894226, 0.015811476856470108, 0.014007916674017906, 0.015097163617610931, 0.014269649982452393, 0.014605256728827953], "(1, 5, 1, 1)": [0.008600560948252678, 0.009508946910500526, 0.014015943743288517, 0.014045956544578075, 0.015207999385893345, 0.012043125927448273, 0.015210626646876335, 0.014764311723411083, 0.013915961608290672, 0.0174902081489563, 0.01527249626815319], "(2, 5, 1, 1)": [0.01810631714761257, 0.015977518633008003, 0.01560366339981556, 0.016105936840176582, 0.01603505201637745, 0.015267660841345787, 0.015902193263173103, 0.01503114402294159, 0.01670907624065876, 0.016692042350769043, 0.014817235060036182], "(2, 6, 1, 1)": [-0.0013407315127551556, -0.001532678958028555, 0.006099768914282322, 0.0031160530634224415, -0.0046980963088572025, 0.005862561985850334, -0.0017573628574609756, -0.006950140930712223, -0.0030966284684836864, -0.0014568730257451534, -0.003531829919666052], "(2, 3, 1, 1)": [0.017967533320188522, 0.017041999846696854, 0.018201136961579323, 0.014878375455737114, 0.016546620056033134, 0.013021206483244896, 0.016731159761548042, 0.01057937927544117, 0.01690499484539032, 0.019838163629174232, 0.016508646309375763], "(1, 1, 1, 1)": [-0.007575134746730328, -0.007236406207084656, -0.005008718464523554, -0.0009179739281535149, -0.004340135492384434, -0.005695645697414875, -0.0044739870354533195, -0.008022397756576538, 0.0002118777483701706, -0.0017960774712264538, -0.004467840306460857], "(2, 4, 1, 1)": [0.01922435499727726, 0.019400065764784813, 0.019338790327310562, 0.019314954057335854, 0.019023949280381203, 0.019061485305428505, 0.01671331375837326, 0.019280316308140755, 0.019376356154680252, 0.019275696948170662, 0.019431091845035553], "(2, 2, 1, 1)": [0.015783317387104034, 0.014743370935320854, 0.016481922939419746, 0.014731519855558872, 0.014457663521170616, 0.014786371961236, 0.014159515500068665, 0.012974346987903118, 0.009442795999348164, 0.014883583411574364, 0.009627271443605423], "(2, 1, 1, 1)": [0.004580987151712179, -4.1141174733638763e-05, -0.0033660917542874813, -5.922606214880943e-05, -0.005232155788689852, 0.00199276115745306, 0.0007042116485536098, 0.003433503210544586, -0.0008874800987541676, -0.002253992483019829, 0.0020504118874669075], "(1, 6, 1, 1)": [0.0005677905865013599, -0.0018610721454024315, -0.001022898592054844, -0.0008847704157233238, 0.0020737797021865845, -0.00019329320639371872, 0.001071480568498373, -0.003064594231545925, 0.0002981601282954216, -3.346288576722145e-05, -0.00044093187898397446]}}