{"q_values": {"(1, 4, 1, 1)": [0.018095748499035835, 0.010947184637188911, 0.013293279334902763, 0.01667414791882038, 0.01675304025411606, 0.01796746253967285, 0.01642231084406376, 0.018803872168064117, 0.018149597570300102, 0.014859629794955254, 0.01839235983788967], "(1, 3, 1, 1)": [0.019171515479683876, 0.019191354513168335, 0.019268469884991646, 0.018792659044265747, 0.019167287275195122, 0.018957318738102913, 0.01927146129310131, 0.01915551722049713, 0.019152875989675522, 0.019604433327913284, 0.01920107752084732], "(1, 2, 1, 1)": [0.014090684242546558, 0.013841351494193077, 0.013473990373313427, 0.014861191622912884, 0.017886929214000702, 0.014312813058495522, 0.013876765966415405, 0.015465600416064262, 0.014679791405797005, 0.014855858869850636, 0.014602663926780224], "(1, 5, 1, 1)": [0.010233872570097446, 0.012611137703061104, 0.0094103729352355, 0.012010836973786354, 0.011052949354052544, 0.009040546603500843, 0.016142845153808594, 0.011200360022485256, 0.013031302019953728, 0.012759881094098091, 0.012841306626796722], "(2, 5, 1, 1)": [0.013111942447721958, 0.014209933578968048, 0.014358104206621647, 0.014732835814356804, 0.01422586664557457, 0.01478613168001175, 0.014334235340356827, 0.014772257767617702, 0.014709548093378544, 0.013563462533056736, 0.014626625925302505], "(2, 6, 1, 1)": [-0.0062067536637187, 0.006511231884360313, -0.004057977348566055, -0.0012737642973661423, -0.00619604391977191, -0.008738393895328045, -0.001085055060684681, -0.0022017252631485462, -0.007007142528891563, -0.007464440539479256, -0.008325329050421715], "(2, 3, 1, 1)": [0.018772443756461143, 0.019013430923223495, 0.01875726506114006, 0.018576238304376602, 0.018015306442975998, 0.019313205033540726, 0.010635248385369778, 0.016874829307198524, 0.007451444864273071, 0.01667935959994793, 0.018139585852622986], "(1, 1, 1, 1)": [-0.004817773588001728, -0.0012698853388428688, -0.004711498972028494, -0.00018203211948275566, 0.0003040977753698826, -0.00036254944279789925, -0.005309450440108776, -0.0004952405579388142, 0.01709177903831005, -0.005743730813264847, -0.0023031416349112988], "(2, 4, 1, 1)": [0.01980314590036869, 0.019096435979008675, 0.019182492047548294, 0.018983518704771996, 0.0189013984054327, 0.0168341975659132, 0.01926729641854763, 0.01895771361887455, 0.019280441105365753, 0.018957870081067085, 0.019137123599648476], "(2, 2, 1, 1)": [0.013642576523125172, 0.014575665816664696, 0.013211965560913086, 0.01737085171043873, 0.014044688083231449, 0.008900770917534828, 0.009699523448944092, 0.009218992665410042, 0.01329940278083086, 0.0072097619995474815, 0.014593502506613731], "(2, 1, 1, 1)": [0.0040247743017971516, -0.0022424920462071896, -0.004591513425111771, 0.0032668719068169594, 0.004374531097710133, 0.0003918847069144249, -0.005547307897359133, 0.004153045825660229, 0.0032401797361671925, 0.002515539526939392, 0.00822980236262083], "(1, 6, 1, 1)": [-0.006893377751111984, -0.00598397571593523, -0.006860630586743355, -0.006556961685419083, -0.004018687643110752, -0.009756332263350487, -0.007404254749417305, 0.0035745115019381046, -0.006831529550254345, -0.006931290961802006, -0.005717289634048939]}}