{"q_values": {"(1, 4, 1, 1)": [0.01363413780927658, 0.01860152557492256, 0.01884196326136589, 0.01901811920106411, 0.013210659846663475, 0.017599979415535927, 0.01891440711915493, 0.018545322120189667, 0.018692998215556145, 0.018210824579000473, 0.018915468826889992], "(1, 3, 1, 1)": [0.01957821287214756, 0.019638920202851295, 0.01899275928735733, 0.0195360966026783, 0.019239623099565506, 0.019502801820635796, 0.019626623019576073, 0.0195829588919878, 0.01978118345141411, 0.01962900161743164, 0.019602883607149124], "(1, 2, 1, 1)": [0.015880538150668144, 0.01624079793691635, 0.015605923719704151, 0.016953421756625175, 0.01758269965648651, 0.017131811007857323, 0.019140638411045074, 0.015404305420815945, 0.017014482989907265, 0.016991769894957542, 0.016755379736423492], "(1, 5, 1, 1)": [0.016376741230487823, 0.016755275428295135, 0.016945987939834595, 0.015650741755962372, 0.011743322014808655, 0.017561517655849457, 0.0055781034752726555, 0.016063932329416275, 0.016933605074882507, 0.016612600535154343, 0.017015021294355392], "(2, 5, 1, 1)": [0.015613790601491928, 0.01656169258058071, 0.016147084534168243, 0.015613123774528503, 0.014453107491135597, 0.017179500311613083, 0.01691950485110283, 0.015176206827163696, 0.016749197617173195, 0.015410209074616432, 0.016380632296204567], "(2, 6, 1, 1)": [-0.0007123411633074284, -0.0008941972628235817, -0.0031174642499536276, -0.0013306199107319117, -0.0043242257088422775, -0.0038594091311097145, -0.003140784567221999, -0.00431201234459877, -0.0007584374397993088, -0.003447847906500101, 0.0007361439056694508], "(2, 3, 1, 1)": [0.019632400944828987, 0.019534096121788025, 0.019352633506059647, 0.019602354615926743, 0.01962926983833313, 0.019569668918848038, 0.01956264302134514, 0.019291264936327934, 0.018761882558465004, 0.019894881173968315, 0.019411176443099976], "(1, 1, 1, 1)": [0.005510821007192135, 0.0024720607325434685, -0.0010200864635407925, 0.0011948887258768082, -0.003979688510298729, 0.0027506297919899225, -0.0010038448963314295, -0.00661335838958621, 0.000595620833337307, 0.01508271787315607, 0.0038038771599531174], "(2, 4, 1, 1)": [0.016650518402457237, 0.018188871443271637, 0.019316893070936203, 0.019401337951421738, 0.019118016585707664, 0.018986139446496964, 0.019194861873984337, 0.019410887733101845, 0.019112389534711838, 0.019387565553188324, 0.018780633807182312], "(2, 2, 1, 1)": [0.016229769214987755, 0.016879238188266754, 0.018030978739261627, 0.016480443999171257, 0.017549976706504822, 0.01734543778002262, 0.01739916205406189, 0.01919243298470974, 0.01667126454412937, 0.015358230099081993, 0.012256523594260216], "(2, 1, 1, 1)": [0.0028274543583393097, 0.004094271454960108, 0.0064145466312766075, 0.002774100750684738, 0.00530621875077486, 0.004020899534225464, 0.0014673280529677868, 0.006379854865372181, 0.004154806956648827, -0.0016582449898123741, 0.003794957883656025], "(1, 6, 1, 1)": [0.016536453738808632, 0.005503443535417318, -0.0002990253269672394, -0.004968313500285149, 0.0037611210718750954, 0.0038360017351806164, 0.005680193193256855, 0.005825981497764587, 0.004966489039361477, 0.005192857701331377, 0.0042440444231033325]}}