{"q_values": {"(1, 4, 1, 1)": [0.018068920820951462, 0.019051970914006233, 0.01343313418328762, 0.01904618926346302, 0.018891848623752594, 0.01904730498790741, 0.017981015145778656, 0.01905333250761032, 0.01907733641564846, 0.019060730934143066, 0.019050613045692444], "(1, 3, 1, 1)": [0.01910364255309105, 0.019091345369815826, 0.019234951585531235, 0.01934192143380642, 0.01936095580458641, 0.019300753250718117, 0.019053000956773758, 0.015115177258849144, 0.019138893112540245, 0.01941407285630703, 0.019743945449590683], "(1, 2, 1, 1)": [0.014622819609940052, 0.015825647860765457, 0.015883618965744972, 0.014701454900205135, 0.015782814472913742, 0.015320345759391785, 0.016293108463287354, 0.01420887652784586, 0.014587578363716602, 0.015318334102630615, 0.016389695927500725], "(1, 5, 1, 1)": [0.01567363739013672, 0.011704117059707642, 0.010143226012587547, 0.01496910024434328, 0.013377721421420574, 0.01766349747776985, 0.011371955275535583, 0.01602093130350113, 0.01583016850054264, 0.015918642282485962, 0.015566529706120491], "(2, 5, 1, 1)": [0.015657762065529823, 0.018661610782146454, 0.01585395447909832, 0.015642980113625526, 0.015559556894004345, 0.016378579661250114, 0.016071023419499397, 0.01571807451546192, 0.015945885330438614, 0.017145685851573944, 0.016170309856534004], "(2, 6, 1, 1)": [0.008149636909365654, -0.0019648242741823196, -0.0021516038104891777, -0.00383788556791842, 0.0011804960668087006, -0.0020985137671232224, -0.0029528294689953327, 0.0008114203810691833, -0.005083446856588125, -0.004856891930103302, -0.005467296112328768], "(2, 3, 1, 1)": [0.018996546044945717, 0.018994344398379326, 0.01907847821712494, 0.018923383206129074, 0.019100503996014595, 0.018604444339871407, 0.01931682974100113, 0.0187319815158844, 0.01760151796042919, 0.01898234523832798, 0.01992058753967285], "(1, 1, 1, 1)": [-0.0013420982286334038, -0.0016923455987125635, -0.004466746933758259, -0.002120192162692547, -0.0009572375565767288, 0.0022525046952068806, -0.0014123092405498028, -0.003945500589907169, -0.001891984837129712, -0.0042823730036616325, -0.0012234365567564964], "(2, 4, 1, 1)": [0.019619043916463852, 0.01926201954483986, 0.019573166966438293, 0.01948835514485836, 0.019325826317071915, 0.019400136545300484, 0.019601933658123016, 0.01961625926196575, 0.01938227005302906, 0.01939370669424534, 0.019473372027277946], "(2, 2, 1, 1)": [0.015697292983531952, 0.015600236132740974, 0.015705522149801254, 0.017997290939092636, 0.015667302533984184, 0.016369935125112534, 0.01580311544239521, 0.012547415681183338, 0.009712421335279942, 0.015353158116340637, 0.01540522463619709], "(2, 1, 1, 1)": [0.0013811145909130573, 0.002742304466664791, 0.0006571197882294655, 0.0017288983799517155, 0.003238669130951166, 0.0018371706828474998, 0.0024004592560231686, 0.002125370781868696, 0.0014817891642451286, 0.003493701107800007, 0.008015567436814308], "(1, 6, 1, 1)": [0.007978171110153198, 0.002091902308166027, -0.0024840408004820347, -0.0020703384652733803, -0.0027558766305446625, -0.00126354256644845, -0.0005410723388195038, 0.0008396757766604424, -0.00014347396790981293, 0.00031201867386698723, -0.0021391352638602257]}}