{"q_values": {"(1, 4, 1, 1)": [0.01980646699666977, 0.01987001858651638, 0.019695527851581573, 0.01961282454431057, 0.019539738073945045, 0.019718606024980545, 0.019312096759676933, 0.01984039507806301, 0.0196707583963871, 0.019759386777877808, 0.01972595788538456], "(1, 3, 1, 1)": [0.019511962309479713, 0.01946287974715233, 0.019547631964087486, 0.019590601325035095, 0.019589677453041077, 0.019400883466005325, 0.019485395401716232, 0.01958012767136097, 0.019268548116087914, 0.019319502636790276, 0.01946987770497799], "(1, 2, 1, 1)": [0.017755350098013878, 0.01644505001604557, 0.01674681529402733, 0.016638031229376793, 0.01813388243317604, 0.018299013376235962, 0.017693445086479187, 0.016705121845006943, 0.017023850232362747, 0.01776561513543129, 0.01824161596596241], "(1, 5, 1, 1)": [0.0193882305175066, 0.013801880180835724, 0.01805230975151062, 0.016469964757561684, 0.016870642080903053, 0.017986245453357697, 0.01700435020029545, 0.017151743173599243, 0.01816258765757084, 0.014475102536380291, 0.017648402601480484], "(2, 5, 1, 1)": [0.017339911311864853, 0.019289705902338028, 0.018351225182414055, 0.015851382166147232, 0.017376571893692017, 0.017052849754691124, 0.018405158072710037, 0.018466800451278687, 0.01793769933283329, 0.018287748098373413, 0.017988143488764763], "(2, 6, 1, 1)": [-0.0010191705077886581, -0.0004880358465015888, -0.0012215864844620228, 0.013101808726787567, -0.0008806600235402584, -0.0006279163062572479, -0.0026064543053507805, -0.003959936089813709, 0.00017992965877056122, -0.0012638871558010578, 0.0010666754096746445], "(2, 3, 1, 1)": [0.019330669194459915, 0.019227249547839165, 0.0189252570271492, 0.019187839701771736, 0.015080980956554413, 0.01909830793738365, 0.019017906859517097, 0.019178688526153564, 0.01890077069401741, 0.019176609814167023, 0.019258474931120872], "(1, 1, 1, 1)": [0.0029182005673646927, 0.0028563733212649822, 0.0013330662623047829, -1.2229196727275848e-05, 0.0023473594337701797, 0.003869683016091585, 0.001971434336155653, 0.005768486298620701, 0.002372516319155693, 0.0014095590449869633, 0.006455691531300545], "(2, 4, 1, 1)": [0.01975894346833229, 0.019810441881418228, 0.01969308778643608, 0.01969105936586857, 0.019338054582476616, 0.019688352942466736, 0.019634796306490898, 0.019490262493491173, 0.01968391425907612, 0.019693132489919662, 0.019692061468958855], "(2, 2, 1, 1)": [0.017773471772670746, 0.017307711765170097, 0.01662065088748932, 0.016459409147500992, 0.016525935381650925, 0.017933383584022522, 0.016777921468019485, 0.01578499563038349, 0.015220182947814465, 0.008919456973671913, 0.016748229041695595], "(2, 1, 1, 1)": [0.005513765849173069, 0.006625087466090918, 0.0024513984099030495, 0.006156104616820812, 0.005735666025429964, 0.004535544663667679, 0.0034044133499264717, 0.004570508375763893, 0.00485663628205657, 0.002909786533564329, 0.016042914241552353], "(1, 6, 1, 1)": [0.0074501968920230865, 0.010493588633835316, 0.0019683181308209896, 0.015821440145373344, 0.008671076968312263, 0.001691561657935381, 0.0035461443476378918, 0.0032940353266894817, 0.0054742274805903435, 0.002898499835282564, 0.0035644136369228363]}}