{"q_values": {"(1, 4, 1, 1)": [0.015825778245925903, 0.01646461896598339, 0.015183447860181332, 0.016406569629907608, 0.018259141594171524, 0.01853194274008274, 0.019302567467093468, 0.016375623643398285, 0.01853981427848339, 0.018563183024525642, 0.01849835366010666], "(1, 3, 1, 1)": [0.019054321572184563, 0.018799228593707085, 0.019051218405365944, 0.01931997574865818, 0.019139429554343224, 0.01945723593235016, 0.01947622373700142, 0.01945541799068451, 0.019904915243387222, 0.019350674003362656, 0.019121704623103142], "(1, 2, 1, 1)": [0.015163280069828033, 0.016256146132946014, 0.01515991147607565, 0.014015203341841698, 0.016458485275506973, 0.015221869572997093, 0.016539564356207848, 0.01621595025062561, 0.018575621768832207, 0.015995334833860397, 0.016884656623005867], "(1, 5, 1, 1)": [0.013875562697649002, 0.014531192369759083, 0.014015943743288517, 0.00814894214272499, 0.011710792779922485, 0.014009637758135796, 0.014880270697176456, 0.017934037372469902, 0.013915961608290672, 0.014702307060360909, 0.014025255106389523], "(2, 5, 1, 1)": [0.01412096805870533, 0.016138741746544838, 0.01396879181265831, 0.014403292909264565, 0.01500499527901411, 0.014878655783832073, 0.0150473453104496, 0.01537685189396143, 0.014089100062847137, 0.01487438939511776, 0.014817235060036182], "(2, 6, 1, 1)": [-0.0026156636886298656, -0.0034614293836057186, -0.0025939433835446835, -0.0018399576656520367, -0.003198436461389065, -0.0021011102944612503, -0.0017573628574609756, -0.006950140930712223, -0.0030966284684836864, -0.00404876284301281, -0.0021405075676739216], "(2, 3, 1, 1)": [0.018514536321163177, 0.018910998478531837, 0.018047213554382324, 0.019023887813091278, 0.018691502511501312, 0.018684756010770798, 0.016200857236981392, 0.018164318054914474, 0.0144107760861516, 0.01912328228354454, 0.01986398920416832], "(1, 1, 1, 1)": [-0.006116652861237526, -0.0004005380906164646, -0.003578662406653166, -0.003995010629296303, -0.004340135492384434, 0.00129777193069458, 0.0018037757836282253, -0.008022397756576538, 0.01417140755802393, -0.005743730813264847, -0.004467840306460857], "(2, 4, 1, 1)": [0.0193231999874115, 0.016603168100118637, 0.019160309806466103, 0.01910248212516308, 0.019367894157767296, 0.01930159144103527, 0.01907113380730152, 0.019423451274633408, 0.019313333556056023, 0.0193354282528162, 0.01939733326435089], "(2, 2, 1, 1)": [0.013944628648459911, 0.013377856463193893, 0.013663480058312416, 0.014138794504106045, 0.01350619737058878, 0.014028741046786308, 0.01370211225003004, 0.00851872842758894, 0.009442795999348164, 0.009314664639532566, 0.01397730689495802], "(2, 1, 1, 1)": [-0.005360567010939121, -0.0045760259963572025, -0.0033660917542874813, -0.0028490987606346607, -0.0013871663250029087, -0.0022776462137699127, -0.002310264389961958, -0.0016527757979929447, -0.00468373904004693, -0.002253992483019829, -0.0014065816067159176], "(1, 6, 1, 1)": [-0.0011172322556376457, 0.0005549942143261433, 0.0065060947090387344, 0.0011742268688976765, -0.0011033895425498486, 0.0025003929622471333, 0.0009345682337880135, 0.00018484797328710556, -0.0023960163816809654, 0.0010612867772579193, -0.0038176123052835464]}}