{"q_values": {"(1, 4, 1, 1)": [0.013367257080972195, 0.013335390016436577, 0.0176137313246727, 0.017645075917243958, 0.018466616049408913, 0.018323659896850586, 0.019418377429246902, 0.018638387322425842, 0.018499746918678284, 0.018833475187420845, 0.018261123448610306], "(1, 3, 1, 1)": [0.019379008561372757, 0.019693681970238686, 0.019605325534939766, 0.019691674038767815, 0.01961631141602993, 0.019156549125909805, 0.019038990139961243, 0.01086877565830946, 0.01940198242664337, 0.019248105585575104, 0.01968182623386383], "(1, 2, 1, 1)": [0.01690611056983471, 0.014512347057461739, 0.016771305352449417, 0.01717248372733593, 0.016995716840028763, 0.016625577583909035, 0.017548467963933945, 0.016884570941329002, 0.01696689985692501, 0.016069315373897552, 0.01601528190076351], "(1, 5, 1, 1)": [0.014169746078550816, 0.016178397461771965, 0.01010827999562025, 0.016903463751077652, 0.01656297594308853, 0.015878288075327873, 0.016528092324733734, 0.016120603308081627, 0.014836778864264488, 0.015374846756458282, 0.015117130242288113], "(2, 5, 1, 1)": [0.016120847314596176, 0.015535948798060417, 0.01551657635718584, 0.015675494447350502, 0.01588539406657219, 0.015606766566634178, 0.014680343680083752, 0.015041189268231392, 0.017270367592573166, 0.01446709968149662, 0.013756627216935158], "(2, 6, 1, 1)": [0.01603095419704914, -0.0019648242741823196, -0.007474733982235193, -0.00383788556791842, 0.007083536125719547, -0.002079774159938097, 0.0009299786761403084, -0.003050778526812792, -0.005083446856588125, -0.0059656426310539246, -0.004344376735389233], "(2, 3, 1, 1)": [0.019313044846057892, 0.0163094662129879, 0.014719866216182709, 0.01330535113811493, 0.01829000748693943, 0.016666438430547714, 0.01868441328406334, 0.01836327277123928, 0.0187733992934227, 0.012924271635711193, 0.016497917473316193], "(1, 1, 1, 1)": [0.0024613626301288605, 0.0032286064233630896, -0.004466746933758259, 0.005370531231164932, 0.003059262176975608, -9.865639731287956e-05, -0.0025254921056330204, 0.0002688230015337467, 0.006409091874957085, 0.013799302279949188, 0.005364622455090284], "(2, 4, 1, 1)": [0.013568236492574215, 0.017688944935798645, 0.019740896299481392, 0.019001314416527748, 0.018783284351229668, 0.018094608560204506, 0.019092705100774765, 0.018597302958369255, 0.018665459007024765, 0.018827322870492935, 0.018794095143675804], "(2, 2, 1, 1)": [0.018144238740205765, 0.017092008143663406, 0.017292147502303123, 0.017554590478539467, 0.017453433945775032, 0.017948944121599197, 0.01757308840751648, 0.015663547441363335, 0.01842941902577877, 0.015760669484734535, 0.017227457836270332], "(2, 1, 1, 1)": [-0.0007571210153400898, 0.0014592735096812248, 0.003882218152284622, 0.0007833582349121571, 0.007581348996609449, 0.0047659254632890224, 0.0058488380163908005, 0.0037889895029366016, 0.0013528820127248764, 0.004872980993241072, 0.008086361922323704], "(1, 6, 1, 1)": [0.004661641549319029, 0.004751400090754032, 0.0029558618552982807, 0.0015891017392277718, 0.0005881711840629578, 0.0008616303093731403, 0.0005767093971371651, 0.00287353852763772, 0.0016357307322323322, 0.0056891730055212975, -0.0021391352638602257]}}