{"q_values": {"(1, 4, 1, 1)": [0.019618235528469086, 0.019636768847703934, 0.019559120759367943, 0.01950029283761978, 0.019669830799102783, 0.01968669332563877, 0.019635764881968498, 0.019681395962834358, 0.01958559639751911, 0.01966855116188526, 0.019524402916431427], "(1, 3, 1, 1)": [0.019477998837828636, 0.019604722037911415, 0.019577035680413246, 0.01945067197084427, 0.019469132646918297, 0.019536469131708145, 0.019375985488295555, 0.019508907571434975, 0.01950535550713539, 0.019751954823732376, 0.01964203268289566], "(1, 2, 1, 1)": [0.018054518848657608, 0.016825934872031212, 0.01744743622839451, 0.016954593360424042, 0.018211226910352707, 0.018119368702173233, 0.018180444836616516, 0.01844944804906845, 0.01728377304971218, 0.018022676929831505, 0.019008949398994446], "(1, 5, 1, 1)": [0.018413590267300606, 0.017987357452511787, 0.018450254574418068, 0.016999782994389534, 0.018092283979058266, 0.018539603799581528, 0.01605989597737789, 0.01732546091079712, 0.01755034737288952, 0.01640014350414276, 0.018244462087750435], "(2, 5, 1, 1)": [0.019146082922816277, 0.017069285735487938, 0.01824636571109295, 0.01823868602514267, 0.017907289788126945, 0.018240194767713547, 0.018236994743347168, 0.018064776435494423, 0.017813654616475105, 0.018368080258369446, 0.017522670328617096], "(2, 6, 1, 1)": [0.0024971654638648033, 0.006920577026903629, 0.008307088166475296, 0.008449452929198742, 0.008936090394854546, 0.004363138694316149, 0.00198786286637187, 0.0013665612787008286, 0.006379242520779371, 0.007303128018975258, -0.003861826378852129], "(2, 3, 1, 1)": [0.01970968209207058, 0.019728535786271095, 0.01951352134346962, 0.019685329869389534, 0.019570618867874146, 0.01971539855003357, 0.019733980298042297, 0.019731594249606133, 0.019567884504795074, 0.019547298550605774, 0.012221701443195343], "(1, 1, 1, 1)": [0.0014044824056327343, 0.005336657166481018, 0.00869427528232336, 0.0016558235511183739, 0.004170306492596865, -0.0005553481169044971, 0.007568822707980871, 0.007465053349733353, 0.005859094671905041, 0.004993750248104334, 0.006780832074582577], "(2, 4, 1, 1)": [0.019803926348686218, 0.019895946606993675, 0.019548121839761734, 0.01979251205921173, 0.01970687508583069, 0.019719600677490234, 0.019788723438978195, 0.019804758951067924, 0.019472764804959297, 0.01969756931066513, 0.019789088517427444], "(2, 2, 1, 1)": [0.018489722162485123, 0.017074821516871452, 0.01764410361647606, 0.01862603984773159, 0.018687905743718147, 0.01861124485731125, 0.018513519316911697, 0.018559448421001434, 0.018367251381278038, 0.017512323334813118, 0.018717868253588676], "(2, 1, 1, 1)": [0.004541917238384485, 0.0001825932413339615, 0.005977107211947441, 0.010462487116456032, 0.0057547083124518394, 0.0015516025014221668, 0.004949035122990608, 0.007072999142110348, 0.0035687247291207314, 0.004182108212262392, 0.007631766609847546], "(1, 6, 1, 1)": [0.007407304830849171, 0.008350727148354053, 0.005613534711301327, 0.006211861968040466, 0.005134577862918377, 0.01340031623840332, 0.0046762689016759396, 0.011443017050623894, 0.010443509556353092, 0.005763961002230644, 0.005896773189306259]}}