{"q_values": {"(1, 4, 1, 1)": [0.018605437129735947, 0.019739944487810135, 0.019485799595713615, 0.019086958840489388, 0.019323188811540604, 0.019085703417658806, 0.017467612400650978, 0.019614368677139282, 0.019516512751579285, 0.01926225982606411, 0.019299905747175217], "(1, 3, 1, 1)": [0.01971287466585636, 0.01960393227636814, 0.019749954342842102, 0.01978389546275139, 0.019800541922450066, 0.019807659089565277, 0.01982109621167183, 0.01975606568157673, 0.019750848412513733, 0.019727133214473724, 0.019575919955968857], "(1, 2, 1, 1)": [0.018307114019989967, 0.01844148524105549, 0.018134793266654015, 0.018469223752617836, 0.01685328409075737, 0.01778758317232132, 0.01844693347811699, 0.018461333587765694, 0.017908994108438492, 0.01838609203696251, 0.015835177153348923], "(1, 5, 1, 1)": [0.018370503559708595, 0.017598548904061317, 0.018189607188105583, 0.018082229420542717, 0.018299655988812447, 0.018231473863124847, 0.018091220408678055, 0.01826992817223072, 0.0177922323346138, 0.01737453043460846, 0.017183242365717888], "(2, 5, 1, 1)": [0.016608020290732384, 0.017596248537302017, 0.0165273305028677, 0.017132073640823364, 0.01638469099998474, 0.018035756424069405, 0.01781986653804779, 0.017496146261692047, 0.0180193018168211, 0.017596622928977013, 0.01735842600464821], "(2, 6, 1, 1)": [0.006328956224024296, 0.0018744494300335646, -0.0017132931388914585, 0.005995212588459253, 0.001258291769772768, 0.0068599465303123, 0.005121762864291668, 0.0028619267977774143, 0.0071590738371014595, 0.005740903317928314, -0.002471426036208868], "(2, 3, 1, 1)": [0.019749410450458527, 0.019717086106538773, 0.019610583782196045, 0.01969437673687935, 0.019776726141572, 0.0197497196495533, 0.019774874672293663, 0.019596682861447334, 0.01970697194337845, 0.01967310532927513, 0.019803326576948166], "(1, 1, 1, 1)": [0.010986058972775936, 0.012538988143205643, 0.008308613672852516, 0.012667524628341198, 0.013697048649191856, 0.013989754021167755, 0.013680142350494862, 0.01243360061198473, 0.014996722340583801, 0.009832166135311127, -0.003483420703560114], "(2, 4, 1, 1)": [0.01957644522190094, 0.01968216337263584, 0.019660066813230515, 0.019673217087984085, 0.019675124436616898, 0.019661378115415573, 0.019553182646632195, 0.019556090235710144, 0.01926918886601925, 0.01955372840166092, 0.019609184935688972], "(2, 2, 1, 1)": [0.01795339770615101, 0.01797659322619438, 0.018256807699799538, 0.018231047317385674, 0.017508210614323616, 0.016686351969838142, 0.018173957243561745, 0.017729243263602257, 0.0177274402230978, 0.01826239749789238, 0.018181653693318367], "(2, 1, 1, 1)": [0.007256454788148403, 0.01028386503458023, 0.008134807460010052, 0.006707585416734219, 0.003220957238227129, -0.002310170792043209, 0.008424347266554832, 0.003476785495877266, 0.005445396993309259, 0.011153539642691612, 0.003994982223957777], "(1, 6, 1, 1)": [0.015492354519665241, 0.012856504879891872, 0.010543021373450756, 0.0011472199112176895, 0.013500337488949299, 0.004542383830994368, 0.011382405646145344, 0.011404186487197876, 0.007192193530499935, 0.0077576832845807076, 0.012245351448655128]}}