{"q_values": {"(1, 4, 1, 1)": [0.01892726868391037, 0.013352316804230213, 0.018278585746884346, 0.01918288879096508, 0.01363402884453535, 0.01923993043601513, 0.018963346257805824, 0.019227342680096626, 0.019212746992707253, 0.01903216727077961, 0.019607195630669594], "(1, 3, 1, 1)": [0.019222768023610115, 0.019318697974085808, 0.019474325701594353, 0.019476037472486496, 0.019172344356775284, 0.019274530932307243, 0.01905587874352932, 0.01938435807824135, 0.019476303830742836, 0.019865095615386963, 0.019232502207159996], "(1, 2, 1, 1)": [0.014609644189476967, 0.015456064604222775, 0.016937686130404472, 0.016286760568618774, 0.01438746228814125, 0.017519166693091393, 0.01617567241191864, 0.016295773908495903, 0.01578473672270775, 0.01685306429862976, 0.016093764454126358], "(1, 5, 1, 1)": [0.010065609589219093, 0.012329977005720139, 0.015449866652488708, 0.012259209528565407, 0.011736334301531315, 0.013626792468130589, 0.009016795083880424, 0.013348272070288658, 0.017748253419995308, 0.015297016128897667, 0.016172107309103012], "(2, 5, 1, 1)": [0.015311560593545437, 0.018128851428627968, 0.016489244997501373, 0.017298664897680283, 0.016719967126846313, 0.014574544504284859, 0.01457497663795948, 0.01503114402294159, 0.015940411016345024, 0.015857145190238953, 0.01652567647397518], "(2, 6, 1, 1)": [0.01731598749756813, -0.0009884354658424854, -0.00018555764108896255, -0.00261521153151989, -0.0006664120592176914, -0.0017879260703921318, -0.0030290158465504646, -0.006950140930712223, -0.0030966284684836864, -0.0014568730257451534, -0.003531829919666052], "(2, 3, 1, 1)": [0.017894256860017776, 0.01861310377717018, 0.00977171491831541, 0.016487237066030502, 0.0180839691311121, 0.016493573784828186, 0.013494537211954594, 0.01724463887512684, 0.01818770542740822, 0.01810898259282112, 0.010665398091077805], "(1, 1, 1, 1)": [-0.007575134746730328, -0.007236406207084656, -0.0013380509335547686, -0.006266957614570856, -0.0037914651911705732, -0.005695645697414875, -0.002171790460124612, -0.003945500589907169, 0.01773529313504696, -0.0042823730036616325, -0.004467840306460857], "(2, 4, 1, 1)": [0.019526896998286247, 0.01938343048095703, 0.01942027360200882, 0.018934283405542374, 0.01949034072458744, 0.016533298417925835, 0.019450468942523003, 0.019326135516166687, 0.01932656019926071, 0.01932697370648384, 0.019404416903853416], "(2, 2, 1, 1)": [0.014512008987367153, 0.014193885959684849, 0.015126713551580906, 0.008807185105979443, 0.01509077474474907, 0.014727038331329823, 0.01282378938049078, 0.009947821497917175, 0.012515800073742867, 0.013370655477046967, 0.019026082009077072], "(2, 1, 1, 1)": [0.00024132244288921356, 0.0011100852862000465, -0.0033660917542874813, 0.002635661978274584, -0.001136652659624815, 0.0008186614140868187, 0.0022656917572021484, 0.015191747806966305, -0.0037326845340430737, 0.001924347598105669, -0.0026772571727633476], "(1, 6, 1, 1)": [0.008580743335187435, 0.005978072993457317, 0.007251856382936239, 0.006604787427932024, 0.0012102816253900528, 0.008187491446733475, 0.006620828993618488, 0.0009206775575876236, 0.007311622612178326, 0.002775892149657011, 0.0030251778662204742]}}