{"q_values": {"(1, 4, 1, 1)": [0.013365442864596844, 0.019167792052030563, 0.01920905150473118, 0.0186915285885334, 0.01675170287489891, 0.01824757643043995, 0.01887374557554722, 0.019272450357675552, 0.018900295719504356, 0.01855296641588211, 0.019297106191515923], "(1, 3, 1, 1)": [0.01962728053331375, 0.01962323673069477, 0.01966088078916073, 0.019698292016983032, 0.01965084858238697, 0.019700855016708374, 0.019392013549804688, 0.01932125724852085, 0.018859801813960075, 0.019641324877738953, 0.019864393398165703], "(1, 2, 1, 1)": [0.015880538150668144, 0.01541728712618351, 0.014847774989902973, 0.015490170568227768, 0.015728309750556946, 0.01535351388156414, 0.01767107844352722, 0.01587836630642414, 0.015260820277035236, 0.01621709018945694, 0.019328424707055092], "(1, 5, 1, 1)": [0.014108909294009209, 0.01725960336625576, 0.015919841825962067, 0.014059982262551785, 0.01739973947405815, 0.014181911945343018, 0.016916414722800255, 0.01722208969295025, 0.01627483032643795, 0.016966793686151505, 0.016634821891784668], "(2, 5, 1, 1)": [0.01662014238536358, 0.018995987251400948, 0.01667424663901329, 0.017648853361606598, 0.018170131370425224, 0.017760418355464935, 0.017632989212870598, 0.017151305451989174, 0.01701216958463192, 0.017939982935786247, 0.017923271283507347], "(2, 6, 1, 1)": [0.00513471057638526, 0.005953306332230568, 0.004300999920815229, -0.0021791993640363216, -0.0008806600235402584, 0.004745131824165583, 0.003244238905608654, 0.0021119951270520687, 0.0030174916610121727, 0.0027942173182964325, 0.005835580173879862], "(2, 3, 1, 1)": [0.019387271255254745, 0.018888622522354126, 0.01938668079674244, 0.01909898780286312, 0.019188573583960533, 0.01913752406835556, 0.01918068900704384, 0.013432950712740421, 0.015343386679887772, 0.019597098231315613, 0.019884679466485977], "(1, 1, 1, 1)": [0.0007309559732675552, -0.0035991063341498375, -0.0010200864635407925, 0.003320482559502125, -0.003979688510298729, 0.0004037925973534584, -0.0010038448963314295, -0.00661335838958621, 0.014646153897047043, 0.002973843365907669, -0.0013013267889618874], "(2, 4, 1, 1)": [0.019332539290189743, 0.019327525049448013, 0.01966116577386856, 0.019207270815968513, 0.017631717026233673, 0.019393496215343475, 0.01918264664709568, 0.0193069688975811, 0.01818707399070263, 0.01860225386917591, 0.019381428137421608], "(2, 2, 1, 1)": [0.0165572352707386, 0.01694476418197155, 0.009153829887509346, 0.016712099313735962, 0.01680292747914791, 0.016115203499794006, 0.017986856400966644, 0.016989504918456078, 0.016247548162937164, 0.009273359552025795, 0.01693430356681347], "(2, 1, 1, 1)": [0.008757812902331352, 0.004094271454960108, 0.0024513984099030495, 0.009002020582556725, 0.00530621875077486, 0.007526147644966841, 0.0072858999483287334, 0.006963018793612719, 0.007147239521145821, 0.007195835933089256, 0.008679899387061596], "(1, 6, 1, 1)": [0.008162948302924633, 0.007497311569750309, 0.0065278285183012486, 0.005178806837648153, -0.0016753715462982655, 0.006797367706894875, -0.0006425734609365463, 0.006148996762931347, 0.00560474768280983, 0.006981166545301676, 0.0014330516569316387]}}