{"q_values": {"(1, 4, 1, 1)": [0.008725011721253395, 0.013352316804230213, 0.019596930593252182, 0.010518177412450314, 0.0168305691331625, 0.018366869539022446, 0.01309972908347845, 0.010435294359922409, 0.0185488760471344, 0.018281282857060432, 0.0186485406011343], "(1, 3, 1, 1)": [0.019054321572184563, 0.018942762166261673, 0.019312148913741112, 0.019144199788570404, 0.019139429554343224, 0.01914573274552822, 0.01893700286746025, 0.01918908953666687, 0.019177397713065147, 0.01903664506971836, 0.01930796168744564], "(1, 2, 1, 1)": [0.01563148759305477, 0.01610587351024151, 0.013782281428575516, 0.014015203341841698, 0.015658557415008545, 0.01588135026395321, 0.015532967634499073, 0.01542178075760603, 0.014980955980718136, 0.01580936834216118, 0.016326891258358955], "(1, 5, 1, 1)": [0.015689298510551453, 0.014260181225836277, 0.009523067623376846, 0.018939951434731483, 0.014916056767106056, 0.01663309894502163, 0.015539110638201237, 0.01638025790452957, 0.015854449942708015, 0.01579779013991356, 0.015396266244351864], "(2, 5, 1, 1)": [0.016153020784258842, 0.017600983381271362, 0.016489244997501373, 0.016441993415355682, 0.01603505201637745, 0.015866149216890335, 0.01457497663795948, 0.01503114402294159, 0.01684296876192093, 0.015857145190238953, 0.01652567647397518], "(2, 6, 1, 1)": [-0.0005916864611208439, 0.0005367160774767399, -0.00018555764108896255, -0.00261521153151989, -0.0006664120592176914, -0.0017879260703921318, -0.0009674932807683945, -0.006950140930712223, -0.0030966284684836864, -0.0014568730257451534, -0.003531829919666052], "(2, 3, 1, 1)": [0.017967533320188522, 0.01653933711349964, 0.01899481564760208, 0.010460680350661278, 0.013223540969192982, 0.01006449107080698, 0.016731159761548042, 0.01057937927544117, 0.01690499484539032, 0.01815689727663994, 0.016508646309375763], "(1, 1, 1, 1)": [-0.007575134746730328, -0.007236406207084656, -0.005008718464523554, -0.005724402144551277, -0.004340135492384434, -0.005695645697414875, 0.0005772067233920097, -0.008022397756576538, -0.005516081117093563, -0.004593347664922476, -0.004467840306460857], "(2, 4, 1, 1)": [0.018552443012595177, 0.01938343048095703, 0.01942027360200882, 0.019229359924793243, 0.019443046301603317, 0.017539381980895996, 0.010799724608659744, 0.019442737102508545, 0.01945699192583561, 0.01932697370648384, 0.0194337647408247], "(2, 2, 1, 1)": [0.01512290071696043, 0.01619734615087509, 0.015597445890307426, 0.01481722667813301, 0.016366031020879745, 0.014860587194561958, 0.014159515500068665, 0.010821881704032421, 0.009442795999348164, 0.013632779009640217, 0.009627271443605423], "(2, 1, 1, 1)": [0.008431139402091503, 0.0019523152150213718, -0.0033660917542874813, 0.002150708343833685, 0.0022527221590280533, 0.0033088598866015673, 0.00822074431926012, 0.0011784182861447334, -0.0008874800987541676, -0.003168070688843727, -0.0002820887602865696], "(1, 6, 1, 1)": [0.004835776053369045, 0.0027647577226161957, 0.00473342090845108, 0.003223090898245573, 0.0012102816253900528, 0.0029517277143895626, 0.00301951402798295, 0.0009206775575876236, 0.006124359555542469, 0.005445451941341162, 0.0030251778662204742]}}