{"q_values": {"(1, 4, 1, 1)": [0.01784544251859188, 0.01883295737206936, 0.010953265242278576, 0.013537929393351078, 0.018012458458542824, 0.019237831234931946, 0.016498543322086334, 0.018974704667925835, 0.018579108640551567, 0.019094236195087433, 0.019320014864206314], "(1, 3, 1, 1)": [0.019405923783779144, 0.01927950233221054, 0.01928338035941124, 0.019232261925935745, 0.019158020615577698, 0.019230064004659653, 0.01982470043003559, 0.018774092197418213, 0.015412963926792145, 0.016592957079410553, 0.019275972619652748], "(1, 2, 1, 1)": [0.017471080645918846, 0.01541211735457182, 0.015614335425198078, 0.016423683613538742, 0.01716805063188076, 0.016347436234354973, 0.017124323174357414, 0.01768701896071434, 0.016477249562740326, 0.016244620084762573, 0.016084248200058937], "(1, 5, 1, 1)": [0.010004539042711258, 0.014086410403251648, 0.01480343472212553, 0.017371229827404022, 0.015292832627892494, 0.01564013585448265, 0.01624726876616478, 0.016191041097044945, 0.015663351863622665, 0.014577575959265232, 0.01660638488829136], "(2, 5, 1, 1)": [0.01688908413052559, 0.01628657430410385, 0.016201574355363846, 0.016708791255950928, 0.01712140627205372, 0.01700478233397007, 0.01625962369143963, 0.015972407534718513, 0.016004540026187897, 0.017941055819392204, 0.017190953716635704], "(2, 6, 1, 1)": [-0.0018869084306061268, -0.004897210747003555, 0.0063592661172151566, -0.00383788556791842, -0.0072206915356218815, -0.0018059425055980682, -0.0014047021977603436, -0.003050778526812792, -0.001982639078050852, -0.0059656426310539246, -0.004344376735389233], "(2, 3, 1, 1)": [0.019561205059289932, 0.019531795755028725, 0.01958462968468666, 0.019492877647280693, 0.019793277606368065, 0.019689150154590607, 0.01969417929649353, 0.019187329337000847, 0.019749201834201813, 0.019725056365132332, 0.019868718460202217], "(1, 1, 1, 1)": [0.005554326809942722, -0.00023730099201202393, -0.000977739691734314, 0.0019816909916698933, -0.0004432643763720989, -9.865639731287956e-05, -0.0025254921056330204, 0.00016368180513381958, 0.0028185471892356873, -0.00010384339839220047, 0.001267358660697937], "(2, 4, 1, 1)": [0.019622214138507843, 0.013415481895208359, 0.018811987712979317, 0.019651291891932487, 0.019426418468356133, 0.01893949881196022, 0.019603770226240158, 0.019626932218670845, 0.01960238255560398, 0.019447991624474525, 0.019080504775047302], "(2, 2, 1, 1)": [0.016366686671972275, 0.01643652282655239, 0.016237199306488037, 0.015879850834608078, 0.01564944162964821, 0.015746476128697395, 0.01836073212325573, 0.013024182058870792, 0.009908190928399563, 0.015693306922912598, 0.015858719125390053], "(2, 1, 1, 1)": [0.0022490585688501596, -0.006080565042793751, -0.0006531998515129089, 0.005502814427018166, 0.004566448740661144, 0.0027812705375254154, 0.0012191138230264187, 0.007195726037025452, 0.0013528820127248764, -0.0006579291075468063, 0.0016851327382028103], "(1, 6, 1, 1)": [0.005222782492637634, 0.007408244535326958, 0.006219468079507351, -0.004408249631524086, 0.0038849739357829094, 0.004951784387230873, 0.0005767093971371651, 0.008315138518810272, 0.0027802088297903538, 0.001097643282264471, 0.00811521615833044]}}