{"q_values": {"(1, 4, 1, 1)": [0.007279821205884218, 0.005087558180093765, 0.007139323279261589, 0.0034927756059914827, 0.002988399239256978, 0.0, 0.0035155233927071095, 0.0037256593350321054, 0.0034388613421469927, 0.005967369303107262, 0.00874816719442606], "(1, 3, 1, 1)": [0.002990982262417674, 0.00371636007912457, 0.0, 0.006522441748529673, 0.002915973076596856, 0.0, 0.0029856362380087376, 0.008277015760540962, 0.005542800296097994, 0.0029571112245321274, 0.0], "(1, 2, 1, 1)": [0.002868613228201866, 0.0, 0.0, 0.0, 0.0028198882937431335, 0.0, 0.007690408267080784, 0.007461401168256998, 0.0027945933397859335, 0.006611532997339964, 0.0], "(1, 5, 1, 1)": [0.002731235232204199, 0.0, 0.002784883603453636, 0.0, 0.0, 0.0, 0.0, 0.0, 0.0, 0.0, 0.002851691795513034], "(2, 5, 1, 1)": [0.0027000587433576584, 0.0, 0.0, 0.0, 0.0, 0.0, 0.0026765617076307535, 0.0, 0.0, 0.0026389234699308872, 0.0], "(2, 6, 1, 1)": [0.0, 0.0026036419440060854, 0.002516206121072173, 0.0, 0.0, 0.0, 0.0, -0.006529208738356829, 0.0, 0.0, 0.0025616611819714308], "(2, 3, 1, 1)": [0.0, 0.0, 0.0, 0.0, 0.0, 0.0, 0.0, 0.0, 0.0, 0.0, 0.0]}}