{"q_values": {"(1, 4, 1, 1)": [0.018095748499035835, 0.010947184637188911, 0.013293279334902763, 0.01667414791882038, 0.01675304025411606, 0.01796746253967285, 0.01642231084406376, 0.01807280257344246, 0.018149597570300102, 0.014859629794955254, 0.01856486313045025], "(1, 3, 1, 1)": [0.019171515479683876, 0.01921156793832779, 0.019268469884991646, 0.018792659044265747, 0.019167287275195122, 0.018957318738102913, 0.018958566710352898, 0.01915551722049713, 0.019152875989675522, 0.01913396269083023, 0.019491536542773247], "(1, 2, 1, 1)": [0.014090684242546558, 0.013841351494193077, 0.013473990373313427, 0.014861191622912884, 0.015124928206205368, 0.014312813058495522, 0.013876765966415405, 0.017268382012844086, 0.014679791405797005, 0.014855858869850636, 0.014602663926780224], "(1, 5, 1, 1)": [0.009398967027664185, 0.012611137703061104, 0.0094103729352355, 0.012010836973786354, 0.013040605932474136, 0.0115780308842659, 0.016771065071225166, 0.011200360022485256, 0.013031302019953728, 0.012759881094098091, 0.012841306626796722], "(2, 5, 1, 1)": [0.013111942447721958, 0.014209933578968048, 0.014358104206621647, 0.013413108885288239, 0.01422586664557457, 0.014464311301708221, 0.014403092674911022, 0.012500764802098274, 0.014013277366757393, 0.013563462533056736, 0.014253384433686733], "(2, 6, 1, 1)": [-0.0062067536637187, -0.005491003394126892, -0.004057977348566055, -0.005943199619650841, -0.00619604391977191, -0.008738393895328045, -0.003408129559829831, -0.003111535683274269, -0.007007142528891563, -0.007464440539479256, -0.008325329050421715], "(2, 3, 1, 1)": [0.01896941289305687, 0.019342979416251183, 0.01897447369992733, 0.018576238304376602, 0.018015306442975998, 0.01796676591038704, 0.010635248385369778, 0.016874829307198524, 0.007451444864273071, 0.01667935959994793, 0.018139585852622986], "(1, 1, 1, 1)": [-0.004817773588001728, -0.0012698853388428688, -0.004711498972028494, -0.0004599057137966156, -0.002122097183018923, -0.00036254944279789925, -0.005309450440108776, -0.0004952405579388142, 0.01441272534430027, -0.002062064129859209, -0.0023031416349112988], "(2, 4, 1, 1)": [0.01954289712011814, 0.019096435979008675, 0.019182492047548294, 0.018983518704771996, 0.0189013984054327, 0.0168341975659132, 0.01911202073097229, 0.01895771361887455, 0.01899559237062931, 0.018957870081067085, 0.019137123599648476], "(2, 2, 1, 1)": [0.014398274011909962, 0.01455865427851677, 0.014521632343530655, 0.011734738945960999, 0.0140906423330307, 0.008900770917534828, 0.009699523448944092, 0.011659735813736916, 0.009027503430843353, 0.010381031781435013, 0.014593502506613731], "(2, 1, 1, 1)": [-0.00022637005895376205, -0.0059210918843746185, 0.001813471782952547, -0.0009059123694896698, 0.0018131434917449951, -0.0015363506972789764, -0.005547307897359133, -0.0003014039248228073, 0.001947878859937191, -0.0019956310279667377, -0.0011453446932137012], "(1, 6, 1, 1)": [-0.006893377751111984, -0.00598397571593523, -0.006860630586743355, -0.006556961685419083, -0.004018687643110752, -0.003538173623383045, -0.007404254749417305, -0.0039221299812197685, -0.006831529550254345, -0.006931290961802006, -0.0016336021944880486]}}