{"q_values": {"(1, 4, 1, 1)": [0.019690895453095436, 0.019720766693353653, 0.019635753706097603, 0.019699305295944214, 0.019726557657122612, 0.019596543163061142, 0.019720274955034256, 0.01965518854558468, 0.019710112363100052, 0.019509926438331604, 0.019732024520635605], "(1, 3, 1, 1)": [0.019482603296637535, 0.01941874623298645, 0.019687803462147713, 0.019621850922703743, 0.01963040605187416, 0.019477898254990578, 0.019734319299459457, 0.019730571657419205, 0.019830238074064255, 0.019661637023091316, 0.01970900222659111], "(1, 2, 1, 1)": [0.017228566110134125, 0.017657140269875526, 0.01779710128903389, 0.016657089814543724, 0.017508411779999733, 0.01779993623495102, 0.017620353028178215, 0.017741035670042038, 0.01662709191441536, 0.018718985840678215, 0.017645685002207756], "(1, 5, 1, 1)": [0.018175354227423668, 0.01810702122747898, 0.018104776740074158, 0.017855431884527206, 0.018158860504627228, 0.017038635909557343, 0.016974633559584618, 0.0176982618868351, 0.01758653111755848, 0.018136754631996155, 0.01776016503572464], "(2, 5, 1, 1)": [0.017751291394233704, 0.01714797131717205, 0.018827367573976517, 0.017929861322045326, 0.017993858084082603, 0.018269240856170654, 0.018332581967115402, 0.017785686999559402, 0.017210012301802635, 0.01631145365536213, 0.016726473346352577], "(2, 6, 1, 1)": [0.0010172165930271149, 0.009032061323523521, 0.014455107972025871, 0.008397404104471207, 0.007854331284761429, 0.002168887760490179, 0.006455983966588974, 0.006554562598466873, 0.0019253604114055634, 0.009259998798370361, 0.005141906905919313], "(2, 3, 1, 1)": [0.019720373675227165, 0.01979254186153412, 0.0197132658213377, 0.01968991570174694, 0.01967443898320198, 0.019657082855701447, 0.019485078752040863, 0.019727498292922974, 0.01953844353556633, 0.019733449444174767, 0.01975795067846775], "(1, 1, 1, 1)": [0.0018409043550491333, 0.0005292119458317757, 0.008089892566204071, 0.008056357502937317, 0.002573917619884014, 0.009456709027290344, 0.008674710057675838, 0.014239674434065819, 0.011458612978458405, 0.004159518051892519, 0.00955134816467762], "(2, 4, 1, 1)": [0.01976926438510418, 0.01981671154499054, 0.019598692655563354, 0.019739417359232903, 0.01938454620540142, 0.019658317789435387, 0.019659128040075302, 0.019455187022686005, 0.019667455926537514, 0.019781509414315224, 0.019483860582113266], "(2, 2, 1, 1)": [0.017343726009130478, 0.016126586124300957, 0.01851509138941765, 0.01858036033809185, 0.017911557108163834, 0.018536556512117386, 0.018592527136206627, 0.01806909404695034, 0.01914072223007679, 0.01861649565398693, 0.018491921946406364], "(2, 1, 1, 1)": [0.005336744245141745, 0.0033973436802625656, 0.005089055746793747, 0.0008100364357233047, 0.001356777735054493, 0.008810009807348251, 0.009273982606828213, 0.010932743549346924, 0.010525519028306007, 0.011940551921725273, 0.000807659700512886], "(1, 6, 1, 1)": [0.006074141710996628, 0.009821319952607155, 0.007747689262032509, 0.009861789643764496, 0.00635776249691844, 0.008364987559616566, 0.011224179528653622, 0.007113977335393429, 0.010131453163921833, 0.010078618302941322, 0.0009525734931230545]}}