{"q_values": {"(1, 4, 1, 1)": [0.014298904687166214, 0.015330275520682335, 0.010360069572925568, 0.016406569629907608, 0.018259141594171524, 0.01853194274008274, 0.018778594210743904, 0.016375623643398285, 0.018554257228970528, 0.018016941845417023, 0.01849835366010666], "(1, 3, 1, 1)": [0.019054321572184563, 0.018799228593707085, 0.019051218405365944, 0.01931997574865818, 0.019139429554343224, 0.019265467301011086, 0.019974973052740097, 0.019374744966626167, 0.01924196258187294, 0.019350674003362656, 0.019121704623103142], "(1, 2, 1, 1)": [0.015163280069828033, 0.016552940011024475, 0.01515991147607565, 0.014015203341841698, 0.014766926877200603, 0.01627395674586296, 0.01551860198378563, 0.01538181770592928, 0.015097163617610931, 0.016031110659241676, 0.014605256728827953], "(1, 5, 1, 1)": [0.013875562697649002, 0.011927272193133831, 0.014015943743288517, 0.00814894214272499, 0.011710792779922485, 0.014129238203167915, 0.013500463217496872, 0.013728337362408638, 0.013915961608290672, 0.014284007251262665, 0.013870082795619965], "(2, 5, 1, 1)": [0.015883469954133034, 0.01795983873307705, 0.01396879181265831, 0.014403292909264565, 0.01500499527901411, 0.014878655783832073, 0.015902193263173103, 0.01537685189396143, 0.014089100062847137, 0.016575634479522705, 0.014817235060036182], "(2, 6, 1, 1)": [-0.0013407315127551556, 1.971842721104622e-05, -0.0025939433835446835, -0.0018399576656520367, -0.0046980963088572025, -0.0021011102944612503, -0.0017573628574609756, -0.006950140930712223, -0.0030966284684836864, -0.00404876284301281, 7.401849143207073e-05], "(2, 3, 1, 1)": [0.01885724626481533, 0.018527284264564514, 0.01918887346982956, 0.01814982108771801, 0.016546620056033134, 0.019101742655038834, 0.010913461446762085, 0.017482370138168335, 0.010825145989656448, 0.018753813579678535, 0.01826331578195095], "(1, 1, 1, 1)": [-0.003442488145083189, -0.007236406207084656, -0.0021633533760905266, -0.002575724385678768, -0.004340135492384434, -0.004426785744726658, -0.0044739870354533195, -0.008022397756576538, -0.0034855350386351347, -0.002193782012909651, -0.004467840306460857], "(2, 4, 1, 1)": [0.019686434417963028, 0.016603168100118637, 0.019160309806466103, 0.019203191623091698, 0.019384127110242844, 0.01930159144103527, 0.018759092316031456, 0.01919328235089779, 0.018994443118572235, 0.019387172535061836, 0.019392987713217735], "(2, 2, 1, 1)": [0.015932762995362282, 0.015523838810622692, 0.015116259455680847, 0.01588171161711216, 0.00949626974761486, 0.014786371961236, 0.01191240269690752, 0.00851872842758894, 0.009442795999348164, 0.009314664639532566, 0.01211833767592907], "(2, 1, 1, 1)": [-0.0021775555796921253, -4.1141174733638763e-05, -0.0033660917542874813, 0.0003070156089961529, -0.005232155788689852, 0.00199276115745306, 0.0014387071132659912, 0.0011861897073686123, -0.0008874800987541676, -0.002253992483019829, 0.002573785837739706], "(1, 6, 1, 1)": [-0.0011172322556376457, -0.0028210582677274942, -0.001022898592054844, -0.0005049984902143478, -0.0011033895425498486, -0.0013178866356611252, -0.0010341024026274681, -0.001970537006855011, -0.0038135056383907795, -0.0007943711243569851, 0.00393316987901926]}}