{"q_values": {"(1, 6, 2, 4)": [0.04000432416796684, 0.037884920835494995, 0.045348428189754486, 0.01830250956118107, 0.03103920817375183, 0.04161050543189049, 0.04156138002872467, 0.027590744197368622, 0.04078485071659088], "(1, 6, 1, 3)": [0.045708224177360535, 0.040619075298309326, 0.030661115422844887, 0.0572749562561512, 0.06779160350561142, 0.0477706603705883, 0.047782592475414276, 0.036936402320861816, 0.04878179728984833], "(1, 7, 2, 4)": [0.0162016861140728, 0.02906099148094654, 0.03256208449602127, 0.035520248115062714, 0.026864876970648766, 0.0215129591524601, 0.015888428315520287, 0.03126688301563263, 0.02702261693775654], "(1, 7, 2, 5)": [0.016880352050065994, 0.014576181769371033, 0.011100491508841515, 0.012614969164133072, 0.010226402431726456, 0.01232991088181734, 0.00446805264800787, 0.01641744002699852, 0.006767602637410164], "(1, 8, 2, 5)": [0.005489689763635397, 0.0046719941310584545, 0.014129944145679474, 0.01969938911497593, 0.00445978157222271, 0.0026622761506587267, 0.011380689218640327, 0.005342256277799606, 0.008582459762692451], "(1, 9, 2, 5)": [0.006170950829982758, 0.006907267961651087, 0.0, 0.004639449063688517, 0.0015563506167382002, 0.0008413749746978283, 0.009436332620680332, 0.00803703535348177, 0.0], "(2, 4, 1, 4)": [0.0, 0.0, 0.0, 0.0, 0.0, 0.0, 0.006968773901462555, 0.0, 0.0], "(1, 1, 2, 4)": [0.0, 0.002563192741945386, 0.002543072681874037, 0.0, 0.003281036391854286, 0.0, 0.0, 0.0, 0.013074838556349277], "(1, 2, 2, 4)": [0.04187534749507904, 0.043867357075214386, 0.025979293510317802, 0.02177370712161064, 0.028080439195036888, 0.05533076822757721, 0.03140867501497269, 0.04244610294699669, 0.041849471628665924], "(1, 2, 1, 3)": [0.03820347413420677, 0.03584546595811844, 0.021650750190019608, 0.04342743009328842, 0.03166389465332031, 0.054237060248851776, 0.04764636978507042, 0.04695383459329605, 0.04168941080570221], "(1, 3, 2, 4)": [0.0689268410205841, 0.05585397407412529, 0.06517501175403595, 0.0508311428129673, 0.061167698353528976, 0.06659756600856781, 0.06654131412506104, 0.06242624297738075, 0.062154192477464676], "(1, 3, 2, 3)": [0.03433024883270264, 0.07028120011091232, 0.01809682883322239, 0.03505783900618553, 0.01969534158706665, 0.05088213086128235, 0.04275014251470566, 0.012582044117152691, 0.052192747592926025], "(1, 2, 2, 3)": [0.04668473079800606, 0.037353094667196274, 0.03499704226851463, 0.04271303117275238, 0.03936859592795372, 0.04275894910097122, 0.04051230102777481, 0.03150542080402374, 0.04146815463900566], "(2, 2, 2, 4)": [0.022114243358373642, 0.02623806707561016, 0.01546434871852398, 0.027900265529751778, 0.02217789739370346, 0.017657287418842316, 0.03316078335046768, 0.023768512532114983, 0.025268876925110817], "(2, 2, 2, 3)": [0.02347409911453724, 0.0, 0.018026018515229225, 0.0, 0.01630585826933384, 0.02007659710943699, 0.005603261757642031, 0.019591767340898514, 0.032395925372838974], "(2, 3, 2, 4)": [0.022022731602191925, 0.025096621364355087, 0.0432426892220974, 0.03204014524817467, 0.01604519411921501, 0.01884406805038452, 0.023436058312654495, 0.03420466184616089, 0.041854918003082275], "(2, 4, 2, 4)": [0.04312799125909805, 0.0359579399228096, 0.03959747031331062, 0.0318230576813221, 0.05062553286552429, 0.03647838160395622, 0.05386326089501381, 0.04564342647790909, 0.0335596464574337], "(2, 5, 2, 4)": [0.05646180361509323, 0.041148003190755844, 0.050456661731004715, 0.05276761204004288, 0.058800872415304184, 0.04762838035821915, 0.0514608733355999, 0.04629490524530411, 0.047167982906103134], "(2, 6, 2, 5)": [0.024354085326194763, 0.027254236862063408, 0.021679522469639778, 0.013736664317548275, 0.016389815136790276, 0.019071996212005615, 0.010225658304989338, 0.0, 0.006191866006702185], "(2, 6, 2, 4)": [0.051209092140197754, 0.046274736523628235, 0.03699065372347832, 0.04511380195617676, 0.04396342858672142, 0.0460541769862175, 0.041121646761894226, 0.03530362993478775, 0.03354382514953613], "(2, 7, 2, 4)": [0.0325898714363575, 0.03792152181267738, 0.04668910428881645, 0.03173210471868515, 0.03239533677697182, 0.03921230509877205, 0.03530000150203705, 0.024549629539251328, 0.018098333850502968], "(2, 7, 2, 5)": [0.014515656977891922, 0.005525459535419941, 0.015607526525855064, 0.004050526302307844, 0.0, 0.004090030677616596, 0.005451507400721312, 0.0, 0.008688768371939659], "(2, 8, 2, 3)": [0.0, 0.0, 0.0, 0.0, 0.003728096140548587, 0.013692350126802921, 0.0, 0.0028738814871758223, 0.0], "(2, 8, 2, 4)": [0.017540929839015007, 0.012203001417219639, 0.02212795615196228, 0.02010568231344223, 0.025352105498313904, 0.017091650515794754, 0.01503667887300253, 0.01801186427474022, 0.02043616585433483], "(2, 7, 2, 3)": [0.002899878192692995, 0.03914853185415268, 0.02958628535270691, 0.015169838443398476, 0.01902903988957405, 0.0, 0.010372218675911427, 0.0, 0.010362768545746803], "(2, 7, 1, 3)": [0.04388051852583885, 0.024238716810941696, 0.04216093569993973, 0.07026376575231552, 0.051400940865278244, 0.020869936794042587, 0.050444260239601135, 0.024202629923820496, 0.02619950659573078], "(2, 6, 1, 3)": [0.04147154465317726, 0.06289072334766388, 0.05759796127676964, 0.04688415676355362, 0.0511234849691391, 0.054431378841400146, 0.040305063128471375, 0.04744424670934677, 0.038479894399642944], "(2, 6, 2, 3)": [0.020404614508152008, 0.023687317967414856, 0.0193463247269392, 0.013977963477373123, 0.03143814206123352, 0.02783990651369095, 0.011262956075370312, 0.0, 0.0], "(2, 5, 1, 3)": [0.03685258701443672, 0.045523107051849365, 0.05502032861113548, 0.054863713681697845, 0.059240758419036865, 0.04717910662293434, 0.047157078981399536, 0.045904338359832764, 0.05704139545559883], "(2, 5, 1, 2)": [0.009519750252366066, 0.019638895988464355, 0.006470447406172752, 0.01766151934862137, 0.005635046400129795, 0.01283352728933096, 0.030778931453824043, 0.0, 0.01926484704017639], "(2, 4, 1, 2)": [0.022014280781149864, 0.018633011728525162, 0.0, 0.0048618437722325325, 0.01783425360918045, 0.025167332962155342, 0.020638179033994675, 0.009440893307328224, 0.025136524811387062], "(2, 3, 1, 2)": [0.0, 0.01954585127532482, 0.00719864247366786, 0.0, 0.0, 0.020122135058045387, 0.01406671293079853, 0.01405256800353527, 0.006500136107206345], "(2, 2, 1, 2)": [0.002512820065021515, 0.00766700878739357, -0.003954936750233173, 0.0014575924724340439, 0.0, -0.0030573599506169558, 0.012230598367750645, -0.0008217291906476021, 0.01532847061753273], "(2, 2, 1, 3)": [0.019361665472388268, 0.03121468611061573, 0.008885983377695084, 0.014213889837265015, 0.022470630705356598, 0.01475854404270649, 0.030286850407719612, 0.014841252006590366, 0.016659189015626907], "(2, 1, 1, 3)": [-0.003560642944648862, -0.003082845127210021, 0.007497090380638838, 0.0029259074945002794, 0.0, 0.005747648887336254, 0.0, 0.0024800091050565243, -0.007896646857261658], "(2, 8, 1, 4)": [0.003770716255530715, 0.0, 0.0, 0.0, 0.00759198609739542, 0.0, 0.0, 0.0, 0.0], "(2, 7, 1, 4)": [0.005059556569904089, 0.006198822055011988, 0.022192882373929024, 0.0, 0.0, 0.0, 0.0, 0.014539155177772045, 0.0], "(2, 6, 1, 4)": [0.008955239318311214, 0.008182846009731293, 0.02894936501979828, 0.018138544633984566, 0.015972796827554703, 0.004328717943280935, 0.0038801112677901983, 0.0, 0.0], "(1, 3, 1, 2)": [0.02386188507080078, 0.037843432277441025, 0.03274964913725853, 0.026255261152982712, 0.021914834156632423, 0.027274437248706818, 0.005322892218828201, 0.04670971632003784, 0.055986251682043076], "(1, 2, 1, 2)": [-0.0017539085820317268, 0.0008335872553288937, 0.008407356217503548, 0.00967224407941103, 0.005187621805816889, 0.013189633376896381, 0.024418478831648827, 0.008474254049360752, 0.014441797509789467], "(1, 1, 1, 2)": [-0.006133025977760553, -0.004812982864677906, 0.0032546462025493383, 6.993916031206027e-05, -0.006656931713223457, 0.0, 0.0, 0.0, 0.00025357119739055634], "(1, 8, 2, 3)": [0.00867252703756094, 0.010347949340939522, 0.0066810352727770805, 0.0, 0.0, 0.0, 0.01783982291817665, 0.0, 0.0],