{"q_values": {"(2, 6, 2, 2)": [0.019824042916297913, 0.01975899003446102, 0.019740289077162743, 0.019728906452655792, 0.01974685862660408], "(2, 6, 1, 1)": [0.019884707406163216, 0.01990189589560032, 0.019920483231544495, 0.019911739975214005, 0.0198895875364542], "(2, 7, 2, 2)": [0.019617244601249695, 0.019165633246302605, 0.019104033708572388, 0.01909446343779564, 0.019071565940976143], "(2, 8, 2, 2)": [0.01864665560424328, 0.018149549141526222, 0.018208829686045647, 0.017921539023518562, 0.01796276494860649], "(2, 9, 2, 2)": [0.017333079129457474, 0.013251605443656445, 0.0033011455088853836, 0.0077175865881145, 0.010341687127947807], "(2, 10, 2, 2)": [0.009446303360164165, -0.012093961238861084, -0.013115892186760902, -0.01373510342091322, -0.013014267198741436], "(3, 4, 1, 2)": [0.019273020327091217, 0.01947891339659691, 0.01829027384519577, 0.01960052363574505, 0.019834324717521667], "(2, 1, 1, 1)": [-0.01290830411016941, -0.01345774158835411, -0.01301752869039774, -0.01529480516910553, -0.01035664789378643], "(2, 1, 2, 2)": [0.012966137379407883, 0.013333560898900032, 0.013075711205601692, 0.017463745549321175, 0.014753744937479496], "(2, 2, 2, 2)": [0.01632944867014885, 0.017670847475528717, 0.01788896694779396, 0.018493279814720154, 0.017896249890327454], "(2, 3, 2, 2)": [0.018863976001739502, 0.01895405910909176, 0.018954865634441376, 0.018950266763567924, 0.01945694163441658], "(2, 3, 2, 1)": [0.018638549372553825, 0.01837487891316414, 0.018741779029369354, 0.018962400034070015, 0.019241955131292343], "(3, 3, 2, 1)": [0.018109511584043503, 0.01845179684460163, 0.01864653080701828, 0.018542179837822914, 0.019046179950237274], "(3, 3, 1, 1)": [0.016313772648572922, 0.016594579443335533, 0.01572810485959053, 0.015910252928733826, 0.018837006762623787], "(3, 2, 1, 1)": [0.002015163190662861, 0.0010655540972948074, 0.006563297472894192, 0.015524460934102535, 0.0054220398887991905], "(2, 2, 1, 1)": [-0.0001345560885965824, 0.0018116976134479046, -0.0003079921007156372, -0.0015068163629621267, 0.01695859804749489], "(3, 8, 1, 2)": [0.019196856766939163, 0.01854063756763935, 0.018810877576470375, 0.018503336235880852, 0.01864197477698326], "(3, 7, 1, 1)": [0.019699200987815857, 0.019825581461191177, 0.0197004284709692, 0.019650354981422424, 0.019670872017741203], "(3, 7, 2, 2)": [0.019398648291826248, 0.0192708782851696, 0.019153805449604988, 0.019192533567547798, 0.01917230151593685], "(3, 8, 2, 2)": [0.019020196050405502, 0.018399281427264214, 0.017999589443206787, 0.01786363311111927, 0.01789981871843338], "(3, 9, 2, 2)": [0.018136989325284958, 0.00036185234785079956, 0.005477875471115112, 0.0068499501794576645, 0.0012541250325739384], "(3, 10, 2, 2)": [-0.003372570499777794, -0.012295341119170189, -0.01228188443928957, -0.013107716105878353, -0.01380162499845028], "(2, 8, 2, 1)": [0.019214728847146034, 0.01661439798772335, 0.018799401819705963, 0.018489563837647438, 0.018573105335235596], "(3, 3, 1, 2)": [0.018589481711387634, 0.01845228485763073, 0.01748391054570675, 0.019178852438926697, 0.018435310572385788], "(3, 3, 2, 2)": [0.019062994047999382, 0.018902823328971863, 0.018966665491461754, 0.01906425505876541, 0.019333137199282646], "(2, 3, 1, 1)": [0.016658036038279533, 0.01468662265688181, 0.01599588431417942, 0.014314893633127213, 0.01920904591679573], "(3, 4, 2, 2)": [0.01959032006561756, 0.01962314173579216, 0.019575996324419975, 0.019894782453775406, 0.019682912155985832], "(3, 6, 1, 1)": [0.01994684711098671, 0.019997918978333473, 0.019943000748753548, 0.01995490863919258, 0.019940117374062538], "(3, 6, 1, 2)": [0.01999872922897339, 0.01990731805562973, 0.019945763051509857, 0.019944075495004654, 0.019904466345906258], "(3, 6, 2, 2)": [0.019991973415017128, 0.019925937056541443, 0.01992737501859665, 0.019885890185832977, 0.019873760640621185], "(3, 7, 1, 2)": [0.019539594650268555, 0.019690578803420067, 0.019551217555999756, 0.01948709413409233, 0.019136197865009308], "(3, 9, 1, 2)": [0.0181439109146595, 0.017605910077691078, 0.017539367079734802, 0.017564592882990837, 0.013361684046685696], "(3, 9, 1, 1)": [0.018147215247154236, 0.0184832364320755, 0.01789393275976181, 0.017980245873332024, 0.01800268143415451], "(3, 8, 1, 1)": [0.019402068108320236, 0.019030539318919182, 0.01893474906682968, 0.019039683043956757, 0.019077153876423836], "(2, 8, 1, 1)": [0.019477134570479393, 0.019005903974175453, 0.01889687031507492, 0.018992777913808823, 0.018942940980196], "(2, 8, 1, 2)": [0.01899024099111557, 0.01841551437973976, 0.018301401287317276, 0.017944760620594025, 0.01845131441950798], "(2, 5, 2, 2)": [0.019924713298678398, 0.0199218038469553, 0.019952422007918358, 0.01992727816104889, 0.01992330700159073], "(2, 5, 1, 1)": [0.019728077575564384, 0.01951160840690136, 0.01970028318464756, 0.019580191001296043, 0.01955399289727211], "(2, 4, 1, 1)": [0.018704822286963463, 0.01837352104485035, 0.019311346113681793, 0.018432116135954857, 0.018453218042850494], "(3, 7, 2, 1)": [0.01963760517537594, 0.019799301400780678, 0.019629212096333504, 0.01955307088792324, 0.019418109208345413], "(3, 5, 1, 1)": [0.01975526288151741, 0.01989307813346386, 0.019886327907443047, 0.019972478970885277, 0.01999703422188759], "(3, 5, 2, 2)": [0.019986096769571304, 0.019987594336271286, 0.01998678594827652, 0.019786527380347252, 0.01998807117342949], "(3, 4, 1, 1)": [0.018781425431370735, 0.01883654296398163, 0.018671633675694466, 0.019044436514377594, 0.01948968693614006], "(3, 5, 2, 1)": [0.019927361980080605, 0.01998118683695793, 0.01992162875831127, 0.019938047975301743, 0.01999843865633011], "(3, 4, 2, 1)": [0.019008269533514977, 0.01946224272251129, 0.01939721405506134, 0.019511988386511803, 0.019754204899072647], "(3, 5, 1, 2)": [0.01994430460035801, 0.019946403801441193, 0.0199417844414711, 0.019958321005105972, 0.01999928243458271], "(2, 7, 1, 1)": [0.01964567042887211, 0.019839651882648468, 0.019632915034890175, 0.019623447209596634, 0.019634319469332695], "(2, 7, 2, 1)": [0.019763946533203125, 0.019533421844244003, 0.019355472177267075, 0.01925281062722206, 0.01955273002386093], "(2, 7, 1, 2)": [0.01954900659620762, 0.01958044432103634, 0.019550234079360962, 0.019491633400321007, 0.019480852410197258], "(2, 6, 1, 2)": [0.01995297148823738, 0.019906647503376007, 0.019912587478756905, 0.01988143101334572, 0.01990521140396595], "(2, 9, 1, 2)": [0.017392953857779503, 0.016507353633642197, 0.016645528376102448, 0.01690712571144104, 0.013640412129461765], "(2, 5, 2, 1)": [0.019934799522161484, 0.019907783716917038, 0.01989786885678768, 0.019916540011763573, 0.019952815026044846], "(3, 2, 2, 2)": [0.017647363245487213, 0.017784858122467995, 0.017708757892251015, 0.0178238432854414, 0.018361389636993408], "(3, 2, 1, 2)": [0.011729464866220951, 0.012857045978307724, 0.0, 0.01274566724896431, 0.018379203975200653], "(3, 2, 2, 1)": [0.013899439945816994, 0.015393218956887722, 0.016775598749518394, 0.017172450199723244, 0.01719687506556511], "(3, 1, 1, 1)": [-0.01330026425421238, -0.014239472337067127, -0.013040195219218731, -0.008174192160367966, 0.003846898674964905], "(2, 9, 1, 1)": [0.01843484304845333, 0.017921458929777145, 0.017883410677313805, 0.017761070281267166, 0.01776113361120224], "(2, 5, 1, 2)": [0.019822269678115845, 0.019957073032855988, 0.01998632401227951, 0.01995045505464077, 0.019956067204475403], "(2, 2, 2, 1)": [0.01685558445751667, 0.015592489391565323, 0.017371216788887978, 0.01739998161792755, 0.01789849065244198], "(3, 9, 2, 1)": [0.01741022989153862, 0.018041148781776428, 0.010727948509156704, 0.016942717134952545, 0.01676950417459011], "(2, 4, 2, 2)": [0.019619552418589592, 0.019569747149944305, 0.019657067954540253, 0.01964530162513256, 0.01981266587972641], "(2, 4, 2, 1)": [0.019472777843475342, 0.01934783346951008, 0.019584670662879944, 0.019604088738560677, 0.019738003611564636], "(3, 6, 2, 1)": [0.019969062879681587, 0.019998829811811447, 0.01996491476893425, 0.019985781982541084, 0.01995794102549553],