{"q_values": {"(2, 6, 2, 2)": [0.019962547346949577, 0.019889194518327713, 0.01985718496143818, 0.019868161529302597, 0.019890982657670975], "(2, 6, 1, 1)": [0.019963586702942848, 0.019971616566181183, 0.01996683143079281, 0.01994558423757553, 0.019955646246671677], "(2, 7, 2, 2)": [0.01961774192750454, 0.019389554858207703, 0.019418416544795036, 0.019382189959287643, 0.01918374001979828], "(2, 8, 2, 2)": [0.018731385469436646, 0.017924703657627106, 0.017148204147815704, 0.017646299675107002, 0.01838831417262554], "(2, 9, 2, 2)": [0.011610083281993866, 0.008277738466858864, 0.010894190520048141, 0.009850628674030304, 0.002275066915899515], "(2, 10, 2, 2)": [-0.00840662606060505, -0.012172705493867397, -0.007164808455854654, -0.010072879493236542, -0.01209875289350748], "(3, 4, 1, 2)": [0.016253070905804634, 0.01937592402100563, 0.013938982039690018, 0.01801166497170925, 0.017151713371276855], "(2, 1, 1, 1)": [-0.013006752356886864, -0.012200577184557915, -0.0072536775842309, -0.00858594011515379, -0.001018298789858818], "(2, 1, 2, 2)": [0.009183951653540134, 0.011196160688996315, 0.0, 0.016740089282393456, 0.009621405974030495], "(2, 2, 2, 2)": [0.017582938075065613, 0.017652146518230438, 0.018085548654198647, 0.017900893464684486, 0.01835695654153824], "(2, 3, 2, 2)": [0.01898370310664177, 0.019039183855056763, 0.018999682739377022, 0.019215628504753113, 0.01908172480762005], "(2, 3, 2, 1)": [0.01836874522268772, 0.018539274111390114, 0.01849609613418579, 0.01879921928048134, 0.018984202295541763], "(3, 3, 2, 1)": [0.018189968541264534, 0.01874956674873829, 0.018848229199647903, 0.01892898976802826, 0.018947700038552284], "(3, 3, 1, 1)": [0.01781981624662876, 0.018387649208307266, 0.018181271851062775, 0.01855628937482834, 0.01805686205625534], "(3, 2, 1, 1)": [0.0048642768524587154, 0.011916982010006905, 0.016368869692087173, 0.015907354652881622, 0.016214409843087196], "(2, 2, 1, 1)": [0.01354669127613306, 0.002054831013083458, 0.0070045869797468185, 0.014907987788319588, 0.016405412927269936], "(3, 8, 1, 2)": [0.01901485212147236, 0.018799468874931335, 0.018508534878492355, 0.018307913094758987, 0.01837190054357052], "(3, 7, 1, 1)": [0.019718699157238007, 0.019729243591427803, 0.019737539812922478, 0.019678333774209023, 0.01967277005314827], "(3, 7, 2, 2)": [0.019242528825998306, 0.019369125366210938, 0.01921202428638935, 0.019302429631352425, 0.01899201236665249], "(3, 8, 2, 2)": [0.01818242482841015, 0.018127799034118652, 0.017455385997891426, 0.0181797556579113, 0.018054833635687828], "(3, 9, 2, 2)": [0.01322031021118164, 0.014328669756650925, 0.005885726772248745, 0.002164497971534729, 0.010690709576010704], "(3, 10, 2, 2)": [-0.010225995443761349, -0.0106568718329072, -0.01130569726228714, -0.012176553718745708, -0.012239208444952965], "(2, 8, 2, 1)": [0.005747215822339058, 0.009626302868127823, 0.012619923800230026, 0.009252767078578472, 0.018362144008278847], "(3, 3, 1, 2)": [0.017158662900328636, 0.0180281363427639, 0.013929661363363266, 0.016409503296017647, 0.005588230676949024], "(3, 3, 2, 2)": [0.018985377624630928, 0.019162341952323914, 0.019231347367167473, 0.019153233617544174, 0.01923466846346855], "(2, 3, 1, 1)": [0.017801232635974884, 0.018010655418038368, 0.018219811841845512, 0.018527403473854065, 0.018866335973143578], "(3, 4, 2, 2)": [0.01962866075336933, 0.01961248368024826, 0.019753877073526382, 0.01827460527420044, 0.019351348280906677], "(3, 6, 1, 1)": [0.019971977919340134, 0.019949644804000854, 0.019953357055783272, 0.01996605470776558, 0.019961638376116753], "(3, 6, 1, 2)": [0.01955593004822731, 0.019461991265416145, 0.019725251942873, 0.019930345937609673, 0.01912092976272106], "(3, 6, 2, 2)": [0.019898589700460434, 0.019901789724826813, 0.019845623522996902, 0.019732242450118065, 0.01981041580438614], "(3, 7, 1, 2)": [0.019617347046732903, 0.01828622631728649, 0.01956133358180523, 0.01886892504990101, 0.018986886367201805], "(3, 9, 1, 2)": [0.017805416136980057, 0.017680201679468155, 0.0173313170671463, 0.014127636328339577, 0.017157845199108124], "(3, 9, 1, 1)": [0.018192419782280922, 0.01823808066546917, 0.018383266404271126, 0.017726678401231766, 0.017737040296196938], "(3, 8, 1, 1)": [0.019092591479420662, 0.018897200003266335, 0.01892024837434292, 0.018879206851124763, 0.01887711137533188], "(2, 8, 1, 1)": [0.019135989248752594, 0.019305329769849777, 0.01896563731133938, 0.01899765059351921, 0.018896160647273064], "(2, 8, 1, 2)": [0.018355827778577805, 0.019038831815123558, 0.018440231680870056, 0.01871407963335514, 0.018398011103272438], "(2, 5, 2, 2)": [0.019926948472857475, 0.019927626475691795, 0.01994769275188446, 0.01994912698864937, 0.019940167665481567], "(2, 5, 1, 1)": [0.0197814479470253, 0.019837427884340286, 0.019795605912804604, 0.01990463398396969, 0.01985003985464573], "(2, 4, 1, 1)": [0.01947041042149067, 0.019384201616048813, 0.01934617944061756, 0.019426465034484863, 0.019495416432619095], "(3, 7, 2, 1)": [0.019485846161842346, 0.019664878025650978, 0.019523559138178825, 0.018775174394249916, 0.019558994099497795], "(3, 5, 1, 1)": [0.019853627309203148, 0.019872885197401047, 0.01983274333178997, 0.019868183881044388, 0.019937651231884956], "(3, 5, 2, 2)": [0.019932394847273827, 0.019934196025133133, 0.019943883642554283, 0.01994272693991661, 0.01995059847831726], "(3, 4, 1, 1)": [0.01948472112417221, 0.019464440643787384, 0.019328171387314796, 0.019219405949115753, 0.019660906866192818], "(3, 5, 2, 1)": [0.019905539229512215, 0.019883815199136734, 0.01989862695336342, 0.01985582709312439, 0.019937772303819656], "(3, 4, 2, 1)": [0.019380969926714897, 0.01947612501680851, 0.01942327804863453, 0.019549015909433365, 0.019539818167686462], "(3, 5, 1, 2)": [0.015105712227523327, 0.019824638962745667, 0.01747492328286171, 0.013002986088395119, 0.01656266488134861], "(2, 7, 1, 1)": [0.0197142343968153, 0.019818179309368134, 0.019690273329615593, 0.019657591357827187, 0.0197132620960474], "(2, 7, 2, 1)": [0.01739426515996456, 0.014083851128816605, 0.011089297011494637, 0.012778923846781254, 0.018729550763964653], "(2, 7, 1, 2)": [0.019651349633932114, 0.01961502619087696, 0.019509518519043922, 0.019551487639546394, 0.019541263580322266], "(2, 6, 1, 2)": [0.019935907796025276, 0.01990382745862007, 0.019901929423213005, 0.019915388897061348, 0.01991945318877697], "(2, 9, 1, 2)": [0.0164909940212965, 0.01752978004515171, 0.01636069267988205, 0.01627713441848755, 0.016608724370598793], "(2, 5, 2, 1)": [0.01934189349412918, 0.019848765805363655, 0.018571611493825912, 0.019277777522802353, 0.01939379796385765], "(3, 2, 2, 2)": [0.017748668789863586, 0.0177098847925663, 0.017752917483448982, 0.018189173191785812, 0.01839321479201317], "(3, 2, 1, 2)": [0.008710764348506927, 0.012857045978307724, 0.0, 0.0026985087897628546, 0.014739161357283592], "(3, 2, 2, 1)": [0.012577200308442116, 0.013916312716901302, 0.015351650305092335, 0.015599834732711315, 0.017124183475971222], "(3, 1, 1, 1)": [-0.01351996697485447, -0.01224543247371912, -0.01261477917432785, -0.011293848976492882, -0.0037650172598659992], "(2, 9, 1, 1)": [0.01800576224923134, 0.018312154337763786, 0.017768867313861847, 0.017711471766233444, 0.01793712005019188], "(2, 5, 1, 2)": [0.019955292344093323, 0.019891584292054176, 0.01989922486245632, 0.01993437483906746, 0.01997349038720131], "(2, 2, 2, 1)": [0.015977364033460617, 0.01682140678167343, 0.016246715560555458, 0.016682585701346397, 0.017603464424610138], "(3, 9, 2, 1)": [0.010947827249765396, 0.017159925773739815, 0.0032027217093855143, 0.01306924968957901, 0.009385942481458187], "(2, 4, 2, 2)": [0.019708294421434402, 0.019682224839925766, 0.01966632902622223, 0.019694095477461815, 0.019671594724059105], "(2, 4, 2, 1)": [0.0194714292883873, 0.019205179065465927, 0.01949242688715458, 0.019665369763970375, 0.019289974123239517], "(3, 6, 2, 1)": [0.01996319182217121, 0.019937271252274513, 0.019944367930293083, 0.01992955431342125, 0.019934603944420815],