{"q_values": {"(2, 6, 2, 2)": [0.019794417545199394, 0.019912436604499817, 0.01974160596728325, 0.019685709848999977, 0.019683392718434334], "(2, 6, 1, 1)": [0.019940264523029327, 0.019893735647201538, 0.01994793489575386, 0.01996626891195774, 0.019684506580233574], "(2, 7, 2, 2)": [0.019080445170402527, 0.019073834642767906, 0.018881605938076973, 0.01914813555777073, 0.01936950534582138], "(2, 8, 2, 2)": [0.01767030917108059, 0.01751708798110485, 0.01702822558581829, 0.01786153018474579, 0.0178767591714859], "(2, 9, 2, 2)": [0.006744643673300743, 0.009954843670129776, 0.011856388300657272, 0.006291570141911507, 0.00686540175229311], "(2, 10, 2, 2)": [-0.010535900481045246, -0.0122970100492239, -0.010432546027004719, -0.010072879493236542, -0.01209875289350748], "(3, 4, 1, 2)": [0.016253070905804634, 0.01937592402100563, 0.013938982039690018, 0.01801166497170925, 0.018433839082717896], "(2, 1, 1, 1)": [-0.012610366567969322, -0.012878243811428547, -0.010344511829316616, -0.008990388363599777, -0.009180334396660328], "(2, 1, 2, 2)": [0.009183951653540134, 0.011196160688996315, 0.00527902552857995, 0.017114127054810524, 0.009621405974030495], "(2, 2, 2, 2)": [0.01686757802963257, 0.01773514226078987, 0.017953038215637207, 0.018140334635972977, 0.01847107708454132], "(2, 3, 2, 2)": [0.01885811984539032, 0.01900225691497326, 0.018980858847498894, 0.019275043159723282, 0.019162246957421303], "(2, 3, 2, 1)": [0.018459882587194443, 0.018593501299619675, 0.01858058199286461, 0.01880345307290554, 0.01898346282541752], "(3, 3, 2, 1)": [0.018075469881296158, 0.018601324409246445, 0.01865585707128048, 0.0187025535851717, 0.01850362867116928], "(3, 3, 1, 1)": [0.01804506964981556, 0.018193472176790237, 0.018283510580658913, 0.01821683533489704, 0.01853277161717415], "(3, 2, 1, 1)": [0.011153627187013626, 0.014011895284056664, 0.014392731711268425, 0.008551893755793571, 0.017083441838622093], "(2, 2, 1, 1)": [0.005372216925024986, 0.0035873446613550186, 0.0002263491041958332, 0.007436145097017288, 0.004116435069590807], "(3, 8, 1, 2)": [0.019081994891166687, 0.018933488056063652, 0.018508534878492355, 0.018441682681441307, 0.01831822469830513], "(3, 7, 1, 1)": [0.019695423543453217, 0.019769687205553055, 0.01967836171388626, 0.019584938883781433, 0.019644448533654213], "(3, 7, 2, 2)": [0.01906420662999153, 0.019258709624409676, 0.019231697544455528, 0.019432885572314262, 0.01944202557206154], "(3, 8, 2, 2)": [0.01821785233914852, 0.01824570819735527, 0.016778627410531044, 0.017908288165926933, 0.01787552796304226], "(3, 9, 2, 2)": [0.01428158674389124, 0.012803265824913979, 0.015332505106925964, 0.006803551688790321, 0.011941117234528065], "(3, 10, 2, 2)": [-0.010981344617903233, -0.008123503066599369, -0.011448933742940426, -0.012391168624162674, -0.012578452937304974], "(2, 8, 2, 1)": [0.005747215822339058, 0.009626302868127823, 0.014469889923930168, 0.012030413374304771, 0.01848064363002777], "(3, 3, 1, 2)": [0.01794668287038803, 0.018572544679045677, 0.016999762505292892, 0.01722067780792713, 0.012445956468582153], "(3, 3, 2, 2)": [0.01900220289826393, 0.018879931420087814, 0.01896803453564644, 0.019248750060796738, 0.019191164523363113], "(2, 3, 1, 1)": [0.017002684995532036, 0.015808522701263428, 0.017304448410868645, 0.01639424078166485, 0.018442302942276], "(3, 4, 2, 2)": [0.0196914654225111, 0.019628502428531647, 0.01974334940314293, 0.0197081808000803, 0.019819220528006554], "(3, 6, 1, 1)": [0.019946634769439697, 0.01994660124182701, 0.019948679953813553, 0.019927510991692543, 0.019921042025089264], "(3, 6, 1, 2)": [0.019771065562963486, 0.019461991265416145, 0.019785599783062935, 0.019917795434594154, 0.01952979899942875], "(3, 6, 2, 2)": [0.019826769828796387, 0.019861018285155296, 0.019810672849416733, 0.019878752529621124, 0.01984076015651226], "(3, 7, 1, 2)": [0.019604912027716637, 0.01828622631728649, 0.01956133358180523, 0.01886892504990101, 0.019115369766950607], "(3, 9, 1, 2)": [0.017967889085412025, 0.017607513815164566, 0.017471661791205406, 0.015161419287323952, 0.017157845199108124], "(3, 9, 1, 1)": [0.01819988340139389, 0.018018247559666634, 0.017943250015378, 0.017578881233930588, 0.017672235146164894], "(3, 8, 1, 1)": [0.019053611904382706, 0.019169479608535767, 0.019123001024127007, 0.01913551054894924, 0.018874675035476685], "(2, 8, 1, 1)": [0.018919184803962708, 0.01889602094888687, 0.018968740478157997, 0.01889212802052498, 0.018710095435380936], "(2, 8, 1, 2)": [0.01866215467453003, 0.01885787397623062, 0.018697217106819153, 0.018445434048771858, 0.018468547612428665], "(2, 5, 2, 2)": [0.019908759742975235, 0.01994132250547409, 0.019919686019420624, 0.019947737455368042, 0.019960522651672363], "(2, 5, 1, 1)": [0.01984681561589241, 0.019880592823028564, 0.019768789410591125, 0.019808391109108925, 0.01979844458401203], "(2, 4, 1, 1)": [0.018998757004737854, 0.019119778648018837, 0.019187521189451218, 0.019072532653808594, 0.019174233078956604], "(3, 7, 2, 1)": [0.019623801112174988, 0.019712219014763832, 0.01967756450176239, 0.019509578123688698, 0.019623924046754837], "(3, 5, 1, 1)": [0.01983249932527542, 0.019766824319958687, 0.019746476784348488, 0.019781991839408875, 0.019902147352695465], "(3, 5, 2, 2)": [0.0199394803494215, 0.019939742982387543, 0.019949665293097496, 0.01973404362797737, 0.019976291805505753], "(3, 4, 1, 1)": [0.01905570924282074, 0.019460367038846016, 0.019222063943743706, 0.018929339945316315, 0.019083522260189056], "(3, 5, 2, 1)": [0.01985700987279415, 0.01989145018160343, 0.019921554252505302, 0.019903937354683876, 0.01997285522520542], "(3, 4, 2, 1)": [0.019326040521264076, 0.019453654065728188, 0.01957378163933754, 0.019661350175738335, 0.01877470687031746], "(3, 5, 1, 2)": [0.0182676762342453, 0.019901329651474953, 0.018217522650957108, 0.016559548676013947, 0.018794875591993332], "(2, 7, 1, 1)": [0.01981748826801777, 0.019666817039251328, 0.019677283242344856, 0.019648270681500435, 0.019668444991111755], "(2, 7, 2, 1)": [0.01739426515996456, 0.015791283920407295, 0.011089297011494637, 0.012778923846781254, 0.01942368410527706], "(2, 7, 1, 2)": [0.019654205068945885, 0.019604044035077095, 0.019585099071264267, 0.019571393728256226, 0.0195215605199337], "(2, 6, 1, 2)": [0.019943702965974808, 0.019935471937060356, 0.01993219368159771, 0.01991802640259266, 0.0198807492852211], "(2, 9, 1, 2)": [0.01798887923359871, 0.016630282625555992, 0.01580512709915638, 0.013326635584235191, 0.016833771020174026], "(2, 5, 2, 1)": [0.019672473892569542, 0.01984396018087864, 0.019248265773057938, 0.019698407500982285, 0.019828669726848602], "(3, 2, 2, 2)": [0.017058901488780975, 0.018131259828805923, 0.01808534935116768, 0.018535584211349487, 0.01820307970046997], "(3, 2, 1, 2)": [0.008710764348506927, 0.012857045978307724, 0.0, 0.0026985087897628546, 0.017105204984545708], "(3, 2, 2, 1)": [0.016447076573967934, 0.01630423590540886, 0.016339633613824844, 0.01695937104523182, 0.0167066752910614], "(3, 1, 1, 1)": [-0.01314475480467081, -0.01224543247371912, -0.012770126573741436, -0.011445658281445503, -0.004168294370174408], "(2, 9, 1, 1)": [0.017021913081407547, 0.017936382442712784, 0.01800343580543995, 0.017779506742954254, 0.017139028757810593], "(2, 5, 1, 2)": [0.01994897425174713, 0.019955268129706383, 0.01994258724153042, 0.019949736073613167, 0.019959300756454468], "(2, 2, 2, 1)": [0.016250798478722572, 0.01682140678167343, 0.017068572342395782, 0.017033584415912628, 0.01798117905855179], "(3, 9, 2, 1)": [0.010947827249765396, 0.017582973465323448, 0.0032027217093855143, 0.01418487448245287, 0.009385942481458187], "(2, 4, 2, 2)": [0.019668307155370712, 0.01966828666627407, 0.019731413573026657, 0.019696740433573723, 0.01978370174765587], "(2, 4, 2, 1)": [0.019488340243697166, 0.019390126690268517, 0.019628670066595078, 0.01976432465016842, 0.019558239728212357], "(3, 6, 2, 1)": [0.019955916330218315, 0.019946575164794922, 0.0195461492985487, 0.019955504685640335, 0.019959717988967896],