{"q_values": {"(2, 6, 2, 2)": [0.019899072125554085, 0.019871747121214867, 0.01969258487224579, 0.01984957791864872, 0.01973194256424904], "(2, 6, 1, 1)": [0.019966235384345055, 0.0199678223580122, 0.01996619626879692, 0.01996426098048687, 0.019964836537837982], "(2, 7, 2, 2)": [0.019660023972392082, 0.019166940823197365, 0.0192337017506361, 0.019042154774069786, 0.019082151353359222], "(2, 8, 2, 2)": [0.018515614792704582, 0.017784956842660904, 0.018044041469693184, 0.017575694248080254, 0.01780264638364315], "(2, 9, 2, 2)": [0.017778128385543823, 0.009945977479219437, 0.0033011455088853836, 0.0077175865881145, 0.0076415506191551685], "(2, 10, 2, 2)": [0.007144500035792589, -0.012093961238861084, -0.013115892186760902, -0.014180894009768963, -0.013014267198741436], "(3, 4, 1, 2)": [0.019273020327091217, 0.01947891339659691, 0.01829027384519577, 0.019619736820459366, 0.019711177796125412], "(2, 1, 1, 1)": [-0.012156466022133827, -0.009718094021081924, -0.011856057681143284, -0.01096971333026886, -0.013101917691528797], "(2, 1, 2, 2)": [0.012966137379407883, 0.013333560898900032, 0.013075711205601692, 0.017302952706813812, 0.013556359335780144], "(2, 2, 2, 2)": [0.016538580879569054, 0.017670847475528717, 0.017856013029813766, 0.01855647750198841, 0.017881641164422035], "(2, 3, 2, 2)": [0.018928535282611847, 0.01899030990898609, 0.01906348206102848, 0.019019443541765213, 0.019222598522901535], "(2, 3, 2, 1)": [0.018674533814191818, 0.01837487891316414, 0.018782803788781166, 0.018809448927640915, 0.019093021750450134], "(3, 3, 2, 1)": [0.018591271713376045, 0.0184688288718462, 0.01870744675397873, 0.018635908141732216, 0.018932389095425606], "(3, 3, 1, 1)": [0.01715186797082424, 0.017516328021883965, 0.017669374123215675, 0.017495684325695038, 0.018361305817961693], "(3, 2, 1, 1)": [0.0068579791113734245, 0.0010655540972948074, -0.0019447780214250088, 0.008545385673642159, 0.016512857750058174], "(2, 2, 1, 1)": [-0.00031753256916999817, 0.004612227436155081, 0.00031295185908675194, -0.004046445246785879, 0.00037995679304003716], "(3, 8, 1, 2)": [0.019054196774959564, 0.01854063756763935, 0.018697082996368408, 0.018503336235880852, 0.01864197477698326], "(3, 7, 1, 1)": [0.01982366479933262, 0.019630149006843567, 0.019633030518889427, 0.01964976079761982, 0.019552288576960564], "(3, 7, 2, 2)": [0.019605133682489395, 0.019088495522737503, 0.01909933052957058, 0.01900830864906311, 0.019067930057644844], "(3, 8, 2, 2)": [0.018391067162156105, 0.01808573305606842, 0.017619336023926735, 0.017412682995200157, 0.018000038340687752], "(3, 9, 2, 2)": [0.017908763140439987, 0.00036185234785079956, 0.008326563984155655, 0.0068499501794576645, 0.006938369944691658], "(3, 10, 2, 2)": [-0.011690092273056507, -0.011686704121530056, -0.011800901964306831, -0.013107716105878353, -0.011655929498374462], "(2, 8, 2, 1)": [0.019098395481705666, 0.01661439798772335, 0.018651224672794342, 0.018489563837647438, 0.01866403967142105], "(3, 3, 1, 2)": [0.018589481711387634, 0.01845228485763073, 0.01748391054570675, 0.019039485603570938, 0.018435310572385788], "(3, 3, 2, 2)": [0.018766405060887337, 0.018906306475400925, 0.018844284117221832, 0.019266493618488312, 0.018871910870075226], "(2, 3, 1, 1)": [0.014976157806813717, 0.015336571261286736, 0.014600544236600399, 0.018413152545690536, 0.015345982275903225], "(3, 4, 2, 2)": [0.019629020243883133, 0.019786229357123375, 0.01965971663594246, 0.019643502309918404, 0.019661767408251762], "(3, 6, 1, 1)": [0.01994406245648861, 0.019968433305621147, 0.019923999905586243, 0.01998637244105339, 0.019967632368206978], "(3, 6, 1, 2)": [0.019974537193775177, 0.01994701474905014, 0.019928067922592163, 0.01990370824933052, 0.019916806370019913], "(3, 6, 2, 2)": [0.01999765634536743, 0.01992454193532467, 0.019932417199015617, 0.01993778720498085, 0.019926996901631355], "(3, 7, 1, 2)": [0.019607480615377426, 0.01970610022544861, 0.01960252970457077, 0.01948709413409233, 0.019282206892967224], "(3, 9, 1, 2)": [0.018011823296546936, 0.017605910077691078, 0.017539367079734802, 0.017564592882990837, 0.013361684046685696], "(3, 9, 1, 1)": [0.018278080970048904, 0.018009860068559647, 0.017938992008566856, 0.01797623746097088, 0.01773201674222946], "(3, 8, 1, 1)": [0.01922706887125969, 0.01887831650674343, 0.01887945644557476, 0.018869945779442787, 0.018825067207217216], "(2, 8, 1, 1)": [0.018758360296487808, 0.019370483234524727, 0.018768606707453728, 0.018905162811279297, 0.018878594040870667], "(2, 8, 1, 2)": [0.019060038030147552, 0.01855652593076229, 0.01863604597747326, 0.018663881346583366, 0.018703699111938477], "(2, 5, 2, 2)": [0.019964931532740593, 0.019896280020475388, 0.01991889253258705, 0.019962307065725327, 0.019966043531894684], "(2, 5, 1, 1)": [0.019864609465003014, 0.01962340995669365, 0.019576121121644974, 0.019896259531378746, 0.01989186741411686], "(2, 4, 1, 1)": [0.018622146919369698, 0.018653936684131622, 0.018434179946780205, 0.019559236243367195, 0.01846439205110073], "(3, 7, 2, 1)": [0.01978261210024357, 0.019690638408064842, 0.019629212096333504, 0.019597727805376053, 0.019566575065255165], "(3, 5, 1, 1)": [0.019776122644543648, 0.019764501601457596, 0.019786443561315536, 0.019917912781238556, 0.01976599730551243], "(3, 5, 2, 2)": [0.019929150119423866, 0.019936107099056244, 0.019935544580221176, 0.019996942952275276, 0.01993688941001892], "(3, 4, 1, 1)": [0.018980491906404495, 0.018893824890255928, 0.018872402608394623, 0.01949954405426979, 0.019097285345196724], "(3, 5, 2, 1)": [0.01994306966662407, 0.01992768421769142, 0.019949954003095627, 0.019949913024902344, 0.019972536712884903], "(3, 4, 2, 1)": [0.019337253645062447, 0.019535135477781296, 0.019481945782899857, 0.01952435076236725, 0.019745979458093643], "(3, 5, 1, 2)": [0.019970297813415527, 0.019912319257855415, 0.01993844285607338, 0.01994258537888527, 0.01995261013507843], "(2, 7, 1, 1)": [0.019712960347533226, 0.0197990071028471, 0.019568540155887604, 0.019711293280124664, 0.0196999479085207], "(2, 7, 2, 1)": [0.019661614671349525, 0.01951451785862446, 0.019355472177267075, 0.019222304224967957, 0.019590171054005623], "(2, 7, 1, 2)": [0.0197428110986948, 0.019432460889220238, 0.019498512148857117, 0.019461899995803833, 0.019419316202402115], "(2, 6, 1, 2)": [0.019925592467188835, 0.01994333788752556, 0.01992000639438629, 0.01989671029150486, 0.019919000566005707], "(2, 9, 1, 2)": [0.01804390549659729, 0.017577918246388435, 0.016645528376102448, 0.016488485038280487, 0.013640412129461765], "(2, 5, 2, 1)": [0.019915970042347908, 0.019960986450314522, 0.019943490624427795, 0.019925016909837723, 0.01998935453593731], "(3, 2, 2, 2)": [0.017351817339658737, 0.017675291746854782, 0.018216479569673538, 0.017825603485107422, 0.017731530591845512], "(3, 2, 1, 2)": [0.011729464866220951, 0.012857045978307724, 0.0, 0.01274566724896431, 0.017994269728660583], "(3, 2, 2, 1)": [0.013899439945816994, 0.015393218956887722, 0.016532057896256447, 0.018019022420048714, 0.017015347257256508], "(3, 1, 1, 1)": [-0.01330026425421238, -0.014239472337067127, -0.013040195219218731, -0.008174192160367966, -0.0002044360153377056], "(2, 9, 1, 1)": [0.017903931438922882, 0.01828221045434475, 0.017557747662067413, 0.01776611991226673, 0.017511438578367233], "(2, 5, 1, 2)": [0.019945360720157623, 0.019942685961723328, 0.019943658262491226, 0.01993635669350624, 0.0199644323438406], "(2, 2, 2, 1)": [0.01685558445751667, 0.017245737835764885, 0.017371216788887978, 0.01739998161792755, 0.018224287778139114], "(3, 9, 2, 1)": [0.01741022989153862, 0.018330726772546768, 0.010727948509156704, 0.016942717134952545, 0.017017628997564316], "(2, 4, 2, 2)": [0.019600631669163704, 0.019731761887669563, 0.019734444096684456, 0.01971607096493244, 0.01982864923775196], "(2, 4, 2, 1)": [0.019472777843475342, 0.019503358751535416, 0.019536862149834633, 0.019589098170399666, 0.019711483269929886],