{"q_values": {"(2, 6, 2, 2)": [0.019699925556778908, 0.019763819873332977, 0.01976807974278927, 0.01980810984969139, 0.019768282771110535], "(2, 6, 1, 1)": [0.019963042810559273, 0.019970063120126724, 0.019956575706601143, 0.019956549629569054, 0.019954953342676163], "(2, 7, 2, 2)": [0.018921086564660072, 0.019059045240283012, 0.0190605279058218, 0.01900477334856987, 0.019038204103708267], "(2, 8, 2, 2)": [0.018355734646320343, 0.018060924485325813, 0.017813870683312416, 0.01760789006948471, 0.017851265147328377], "(2, 9, 2, 2)": [0.015435800887644291, 0.006901923101395369, 0.01203586533665657, 0.0143671203404665, 0.009623652324080467], "(2, 10, 2, 2)": [-0.012354666367173195, -0.01244050357490778, -0.012450273148715496, -0.012482821941375732, -0.012556205503642559], "(3, 4, 1, 2)": [0.017927391454577446, 0.01961476542055607, 0.015615307725965977, 0.019335243850946426, 0.01940050721168518], "(2, 1, 1, 1)": [-0.012296462431550026, -0.0125065753236413, -0.0090706842020154, -0.012279564514756203, -0.016315152868628502], "(2, 1, 2, 2)": [0.011621504090726376, 0.01217271201312542, 0.013075711205601692, 0.017512477934360504, 0.011822177097201347], "(2, 2, 2, 2)": [0.017292290925979614, 0.017755769193172455, 0.017835024744272232, 0.018268609419465065, 0.018388748168945312], "(2, 3, 2, 2)": [0.018979955464601517, 0.018935909494757652, 0.01898781768977642, 0.01939968578517437, 0.019005609676241875], "(2, 3, 2, 1)": [0.018528442829847336, 0.018481390550732613, 0.01853867433965206, 0.018680762499570847, 0.01901179924607277], "(3, 3, 2, 1)": [0.01803320273756981, 0.01866750791668892, 0.01844017021358013, 0.018612835556268692, 0.01908205635845661], "(3, 3, 1, 1)": [0.016110118478536606, 0.017328735440969467, 0.017607931047677994, 0.016747867688536644, 0.01730024628341198], "(3, 2, 1, 1)": [0.007187291979789734, 0.003663542214781046, 0.006821689195930958, 0.006393264047801495, 0.013764016330242157], "(2, 2, 1, 1)": [0.004130154382437468, 0.01014990545809269, 0.010419565252959728, 0.007624001707881689, 0.014027491211891174], "(3, 8, 1, 2)": [0.019015474244952202, 0.01877610571682453, 0.018820807337760925, 0.018100392073392868, 0.018468687310814857], "(3, 7, 1, 1)": [0.01971786841750145, 0.019836924970149994, 0.019720831885933876, 0.019769471138715744, 0.019755523651838303], "(3, 7, 2, 2)": [0.01914399303495884, 0.019220327958464622, 0.01906062662601471, 0.01890670135617256, 0.019128523766994476], "(3, 8, 2, 2)": [0.01737252250313759, 0.01640453189611435, 0.016582375392317772, 0.016896061599254608, 0.017078913748264313], "(3, 9, 2, 2)": [0.007190704345703125, 0.010226019658148289, 0.012468429282307625, 0.01106250286102295, 0.002183653647080064], "(3, 10, 2, 2)": [-0.010114805772900581, -0.010125563479959965, -0.009426540695130825, -0.014896783046424389, -0.01280656922608614], "(2, 8, 2, 1)": [0.015797242522239685, 0.009626302868127823, 0.01827218569815159, 0.016313586384058, 0.018507683649659157], "(3, 3, 1, 2)": [0.018115727230906487, 0.0185508094727993, 0.01748391054570675, 0.018982157111167908, 0.01676531322300434], "(3, 3, 2, 2)": [0.018889164552092552, 0.01909428834915161, 0.019115736708045006, 0.019027451053261757, 0.0194680318236351], "(2, 3, 1, 1)": [0.018021756783127785, 0.017786987125873566, 0.018840646371245384, 0.017790473997592926, 0.01835574582219124], "(3, 4, 2, 2)": [0.01966773346066475, 0.019720641896128654, 0.019739050418138504, 0.019686933606863022, 0.019851842895150185], "(3, 6, 1, 1)": [0.019960463047027588, 0.019944626837968826, 0.01994939148426056, 0.019943103194236755, 0.01994580216705799], "(3, 6, 1, 2)": [0.019963974133133888, 0.0199462678283453, 0.019942928105592728, 0.019915340468287468, 0.019894663244485855], "(3, 6, 2, 2)": [0.01983252912759781, 0.019783074036240578, 0.0197190772742033, 0.019849563017487526, 0.01977907493710518], "(3, 7, 1, 2)": [0.01976691372692585, 0.0195255558937788, 0.01963997818529606, 0.019305875524878502, 0.019456351175904274], "(3, 9, 1, 2)": [0.01775633916258812, 0.017772842198610306, 0.016998915001749992, 0.016315056011080742, 0.015779556706547737], "(3, 9, 1, 1)": [0.018075652420520782, 0.01809464395046234, 0.0182208139449358, 0.01722525991499424, 0.01697886735200882], "(3, 8, 1, 1)": [0.01928314007818699, 0.01899763196706772, 0.019026590511202812, 0.018946781754493713, 0.018923470750451088], "(2, 8, 1, 1)": [0.019043689593672752, 0.01922476850450039, 0.019040782004594803, 0.019026193767786026, 0.01887555420398712], "(2, 8, 1, 2)": [0.019030289724469185, 0.018764730542898178, 0.018979622051119804, 0.018085895106196404, 0.018381357192993164], "(2, 5, 2, 2)": [0.0199572816491127, 0.01994515210390091, 0.019960733130574226, 0.01996014267206192, 0.019943246617913246], "(2, 5, 1, 1)": [0.01985435001552105, 0.019813263788819313, 0.0198476891964674, 0.019849350675940514, 0.019774144515395164], "(2, 4, 1, 1)": [0.019336171448230743, 0.01922108232975006, 0.019286001101136208, 0.019460974261164665, 0.01949933171272278], "(3, 7, 2, 1)": [0.0197113249450922, 0.019643675535917282, 0.01965091936290264, 0.019594652578234673, 0.019522281363606453], "(3, 5, 1, 1)": [0.01974112167954445, 0.019776832312345505, 0.019806602969765663, 0.019794953987002373, 0.019841346889734268], "(3, 5, 2, 2)": [0.019941549748182297, 0.01994216814637184, 0.01995435729622841, 0.01995157264173031, 0.019936298951506615], "(3, 4, 1, 1)": [0.019179973751306534, 0.019189944490790367, 0.019213035702705383, 0.01920187845826149, 0.019302023574709892], "(3, 5, 2, 1)": [0.019921662285923958, 0.019938373938202858, 0.01994399167597294, 0.01994224824011326, 0.019946351647377014], "(3, 4, 2, 1)": [0.019448230043053627, 0.019519347697496414, 0.019625674933195114, 0.01961681805551052, 0.019744981080293655], "(3, 5, 1, 2)": [0.01994232088327408, 0.01993473246693611, 0.019945546984672546, 0.019921598955988884, 0.01997271552681923], "(2, 7, 1, 1)": [0.01980711705982685, 0.01974254660308361, 0.019665975123643875, 0.01967739313840866, 0.019717702642083168], "(2, 7, 2, 1)": [0.018935125321149826, 0.018406394869089127, 0.016643019393086433, 0.018766144290566444, 0.01950884610414505], "(2, 7, 1, 2)": [0.019542688503861427, 0.019719785079360008, 0.01949259638786316, 0.019408760592341423, 0.01931721344590187], "(2, 6, 1, 2)": [0.019983431324362755, 0.019953567534685135, 0.01989642158150673, 0.019945785403251648, 0.019827106967568398], "(2, 9, 1, 2)": [0.017822105437517166, 0.015840433537960052, 0.014707331545650959, 0.01249972265213728, 0.011783150024712086], "(2, 5, 2, 1)": [0.019900232553482056, 0.01982542686164379, 0.01994069665670395, 0.019945599138736725, 0.019972801208496094], "(3, 2, 2, 2)": [0.0162526722997427, 0.017471887171268463, 0.01810547523200512, 0.01808183453977108, 0.018403876572847366], "(3, 2, 1, 2)": [0.008710764348506927, 0.012857045978307724, 0.0, 0.010586198419332504, 0.017885800451040268], "(3, 2, 2, 1)": [0.015874648466706276, 0.01645464077591896, 0.0178221445530653, 0.01612446829676628, 0.018157286569476128], "(3, 1, 1, 1)": [-0.013605120591819286, -0.013007234781980515, -0.014183567836880684, -0.013979574665427208, -0.01236951258033514], "(2, 9, 1, 1)": [0.017885489389300346, 0.018000733107328415, 0.018330637365579605, 0.01759265922009945, 0.017191486433148384], "(2, 5, 1, 2)": [0.019917123019695282, 0.019951488822698593, 0.019952088594436646, 0.019969740882515907, 0.019950224086642265], "(2, 2, 2, 1)": [0.01595216803252697, 0.01564960554242134, 0.017538657411932945, 0.017713239416480064, 0.017669323831796646], "(3, 9, 2, 1)": [0.01619749702513218, 0.018098868429660797, 0.0032027217093855143, 0.01617312617599964, 0.014028520323336124], "(2, 4, 2, 2)": [0.019558118656277657, 0.019604738801717758, 0.01965108886361122, 0.019640179350972176, 0.01975267194211483], "(2, 4, 2, 1)": [0.01950729452073574, 0.019525302574038506, 0.019538039341568947, 0.01961284875869751, 0.019607732072472572], "(3, 6, 2, 1)": [0.019962329417467117, 0.019973449409008026, 0.019979851320385933, 0.01995018497109413, 0.019958747550845146],