{"q_values": {"(2, 6, 2, 2)": [0.019665159285068512, 0.019822362810373306, 0.0198445376008749, 0.01989532820880413, 0.01978951320052147], "(2, 6, 1, 1)": [0.019954893738031387, 0.019946033135056496, 0.019948216155171394, 0.01993129774928093, 0.019885055720806122], "(2, 7, 2, 2)": [0.01963883824646473, 0.01954241283237934, 0.01946219988167286, 0.019380297511816025, 0.019134581089019775], "(2, 8, 2, 2)": [0.017978530377149582, 0.018293596804142, 0.018165361136198044, 0.018289251253008842, 0.01835106872022152], "(2, 9, 2, 2)": [0.015490223653614521, 0.011008462868630886, 0.012985729612410069, 0.011962438002228737, 0.011131109669804573], "(2, 10, 2, 2)": [-0.010612986981868744, -0.01036032848060131, -0.006909062620252371, -0.013548756949603558, -0.007726069539785385], "(3, 4, 1, 2)": [0.009947381913661957, 0.015541091561317444, 0.011737915687263012, 0.010065380483865738, 0.012452834285795689], "(2, 1, 1, 1)": [-0.013300313614308834, -0.012829956598579884, -0.007770957890897989, -0.006060910411179066, -0.007954060100018978], "(2, 1, 2, 2)": [-0.0012424583546817303, 0.007908405736088753, 0.0, 0.014220804907381535, 0.00618777796626091], "(2, 2, 2, 2)": [0.016494205221533775, 0.016229165717959404, 0.016441814601421356, 0.017764253541827202, 0.017196299508213997], "(2, 3, 2, 2)": [0.018419569358229637, 0.019023390486836433, 0.01888595148921013, 0.01898655667901039, 0.019011104479432106], "(2, 3, 2, 1)": [0.015934545546770096, 0.01786205731332302, 0.01823943294584751, 0.017408497631549835, 0.017434246838092804], "(3, 3, 2, 1)": [0.018665047362446785, 0.017638016492128372, 0.01776125468313694, 0.018659479916095734, 0.018878256902098656], "(3, 3, 1, 1)": [0.018301790580153465, 0.018468352034687996, 0.018636146560311317, 0.018696410581469536, 0.01883324608206749], "(3, 2, 1, 1)": [0.014023350551724434, 0.009106993675231934, 0.0055908141657710075, 0.01619572937488556, 0.012840429320931435], "(2, 2, 1, 1)": [0.006810138933360577, 0.01403913926333189, 0.014962518587708473, 0.013310866430401802, 0.01593625545501709], "(3, 8, 1, 2)": [0.01847781613469124, 0.01600140891969204, 0.017067790031433105, 0.01783071644604206, 0.016946589574217796], "(3, 7, 1, 1)": [0.019714051857590675, 0.01970876194536686, 0.019756648689508438, 0.019693095237016678, 0.019134491682052612], "(3, 7, 2, 2)": [0.0192303117364645, 0.01918567717075348, 0.019175570458173752, 0.01909741200506687, 0.019370462745428085], "(3, 8, 2, 2)": [0.017629656940698624, 0.01879415661096573, 0.018271097913384438, 0.017985902726650238, 0.018250802531838417], "(3, 9, 2, 2)": [0.013525094836950302, 0.016928119584918022, 0.013722206465899944, 0.00593460351228714, 0.015518218278884888], "(3, 10, 2, 2)": [-0.008291087113320827, -0.007644400466233492, -0.0098851528018713, -0.010280790738761425, -0.01357276365160942], "(2, 8, 2, 1)": [0.005747215822339058, 0.005642582196742296, 0.010235300287604332, 0.009252767078578472, 0.01641850359737873], "(3, 3, 1, 2)": [0.01643390767276287, 0.012209915556013584, 0.006174837239086628, 0.0028484570793807507, 0.005588230676949024], "(3, 3, 2, 2)": [0.018784360960125923, 0.01888510212302208, 0.019193261861801147, 0.019138488918542862, 0.01913859136402607], "(2, 3, 1, 1)": [0.01763342134654522, 0.018649060279130936, 0.01826486922800541, 0.018659789115190506, 0.018246488645672798], "(3, 4, 2, 2)": [0.019629457965493202, 0.019507838413119316, 0.019629117101430893, 0.01968594454228878, 0.019808098673820496], "(3, 6, 1, 1)": [0.019947251304984093, 0.019924109801650047, 0.01994127780199051, 0.019916266202926636, 0.019924651831388474], "(3, 6, 1, 2)": [0.013094947673380375, 0.014020435512065887, 0.00906111765652895, 0.01747528277337551, 0.011515152640640736], "(3, 6, 2, 2)": [0.01986449770629406, 0.019699132069945335, 0.019811905920505524, 0.019849954172968864, 0.019808294251561165], "(3, 7, 1, 2)": [0.017675483599305153, 0.01180412620306015, 0.017963234335184097, 0.014500901103019714, 0.016546549275517464], "(3, 9, 1, 2)": [0.017641648650169373, 0.016135569661855698, 0.017088867723941803, 0.01626168191432953, 0.015612023882567883], "(3, 9, 1, 1)": [0.01775554195046425, 0.017719438299536705, 0.01768837682902813, 0.01768723875284195, 0.01749151200056076], "(3, 8, 1, 1)": [0.019054150208830833, 0.019293634220957756, 0.01917131431400776, 0.018950236961245537, 0.018958624452352524], "(2, 8, 1, 1)": [0.019228288903832436, 0.018883612006902695, 0.01892775110900402, 0.01889476180076599, 0.01831696927547455], "(2, 8, 1, 2)": [0.01874059997498989, 0.018333354964852333, 0.01859145052731037, 0.018515944480895996, 0.018535004928708076], "(2, 5, 2, 2)": [0.019915388897061348, 0.019294094294309616, 0.019934842362999916, 0.019960269331932068, 0.01994311437010765], "(2, 5, 1, 1)": [0.019831273704767227, 0.019801896065473557, 0.01982002891600132, 0.019702313467860222, 0.01970808394253254], "(2, 4, 1, 1)": [0.01920408196747303, 0.019389629364013672, 0.01927134208381176, 0.019484244287014008, 0.01931346207857132], "(3, 7, 2, 1)": [0.0, 0.01673024520277977, 0.009286481887102127, 0.0, 0.009878573007881641], "(3, 5, 1, 1)": [0.019826173782348633, 0.01976661942899227, 0.019760286435484886, 0.01970943808555603, 0.019649121910333633], "(3, 5, 2, 2)": [0.019858814775943756, 0.019851671531796455, 0.019947541877627373, 0.019953956827521324, 0.019947122782468796], "(3, 4, 1, 1)": [0.019344512373209, 0.019304411485791206, 0.019336802884936333, 0.019404875114560127, 0.01934264600276947], "(3, 5, 2, 1)": [0.01944676600396633, 0.011845320463180542, 0.016155917197465897, 0.01876004785299301, 0.016564935445785522], "(3, 4, 2, 1)": [0.019082289189100266, 0.018869485706090927, 0.014787295833230019, 0.01867731101810932, 0.018231702968478203], "(3, 5, 1, 2)": [0.013040412217378616, 0.018507137894630432, 0.013123000971972942, 0.005928377155214548, 0.013045301660895348], "(2, 7, 1, 1)": [0.01976916566491127, 0.01978004351258278, 0.019768156111240387, 0.01962069422006607, 0.019616415724158287], "(2, 7, 2, 1)": [0.010028546676039696, 0.014083851128816605, 0.00777883967384696, 0.012778923846781254, 0.01614406332373619], "(2, 7, 1, 2)": [0.018779201433062553, 0.019643500447273254, 0.01848374679684639, 0.01752655953168869, 0.01919059455394745], "(2, 6, 1, 2)": [0.019338585436344147, 0.018063673749566078, 0.017517652362585068, 0.01975649781525135, 0.018498364835977554], "(2, 9, 1, 2)": [0.015645133331418037, 0.017095528542995453, 0.014733505435287952, 0.014018893241882324, 0.017079193145036697], "(2, 5, 2, 1)": [0.010088397189974785, 0.017414044588804245, 0.008542511612176895, 0.01480348501354456, 0.013089298270642757], "(3, 2, 2, 2)": [0.01744677498936653, 0.01771271415054798, 0.017972473055124283, 0.01830103248357773, 0.01824403926730156], "(3, 2, 1, 2)": [0.0051987129263579845, 0.011049529537558556, 0.0, 0.0026985087897628546, 0.011603093706071377], "(3, 2, 2, 1)": [0.016814256086945534, 0.014443585649132729, 0.01675134152173996, 0.015767375007271767, 0.017217589542269707], "(3, 1, 1, 1)": [-0.01331335213035345, -0.01092582754790783, -0.012881211936473846, -0.011401779018342495, -0.00834589172154665], "(2, 9, 1, 1)": [0.017938032746315002, 0.017492959275841713, 0.017231497913599014, 0.017469074577093124, 0.016534404829144478], "(2, 5, 1, 2)": [0.018220338970422745, 0.019946236163377762, 0.017033053562045097, 0.016523664817214012, 0.014530999585986137], "(2, 2, 2, 1)": [0.01357993483543396, 0.015880391001701355, 0.008953386917710304, 0.016142943874001503, 0.014906682074069977], "(3, 9, 2, 1)": [0.007886698469519615, 0.00872957706451416, 0.0032027217093855143, 0.0, 0.0047856662422418594], "(2, 4, 2, 2)": [0.019549107179045677, 0.019201595336198807, 0.019731247797608376, 0.019729644060134888, 0.01978290267288685], "(2, 4, 2, 1)": [0.01777810975909233, 0.01680106855928898, 0.018388038501143456, 0.019041631370782852, 0.014702597633004189], "(3, 6, 2, 1)": [0.018681226298213005, 0.01815587468445301, 0.019574053585529327, 0.016559280455112457, 0.018615517765283585],