{"q_values": {"(2, 6, 2, 2)": [0.019847670570015907, 0.01985057443380356, 0.01984374225139618, 0.019796915352344513, 0.019827034324407578], "(2, 6, 1, 1)": [0.019958531484007835, 0.019963674247264862, 0.019942019134759903, 0.01996099390089512, 0.01995493285357952], "(2, 7, 2, 2)": [0.019339853897690773, 0.019125770777463913, 0.019201695919036865, 0.019141098484396935, 0.018988484516739845], "(2, 8, 2, 2)": [0.01785106211900711, 0.018423030152916908, 0.018053997308015823, 0.017568206414580345, 0.01796276494860649], "(2, 9, 2, 2)": [0.01387508399784565, 0.012161513790488243, 0.0033011455088853836, 0.0077175865881145, 0.010341687127947807], "(2, 10, 2, 2)": [-0.00673489086329937, -0.012093961238861084, -0.013115892186760902, -0.01373510342091322, -0.013014267198741436], "(3, 4, 1, 2)": [0.019273020327091217, 0.01947891339659691, 0.01829027384519577, 0.01960052363574505, 0.019672773778438568], "(2, 1, 1, 1)": [-0.01290830411016941, -0.01232835277915001, -0.012330598197877407, -0.01665286161005497, -0.013101917691528797], "(2, 1, 2, 2)": [0.012966137379407883, 0.013333560898900032, 0.013075711205601692, 0.01752498745918274, 0.013556359335780144], "(2, 2, 2, 2)": [0.015590181574225426, 0.017670847475528717, 0.017856013029813766, 0.017913227900862694, 0.018647586926817894], "(2, 3, 2, 2)": [0.019015440717339516, 0.01908349245786667, 0.01914753019809723, 0.018962401896715164, 0.019359609112143517], "(2, 3, 2, 1)": [0.018674533814191818, 0.01837487891316414, 0.018741779029369354, 0.01896112598478794, 0.018936531618237495], "(3, 3, 2, 1)": [0.018536334857344627, 0.0184688288718462, 0.01846815086901188, 0.018542179837822914, 0.01894589327275753], "(3, 3, 1, 1)": [0.017253194004297256, 0.01668848842382431, 0.016337908804416656, 0.017671458423137665, 0.019135477021336555], "(3, 2, 1, 1)": [0.003824644722044468, 0.0010655540972948074, 0.0017106679733842611, 0.00409146910533309, 0.01761796325445175], "(2, 2, 1, 1)": [0.001137278275564313, 0.005031016655266285, 1.4010816812515259e-05, 0.0005708695389330387, -0.00045882072299718857], "(3, 8, 1, 2)": [0.019042769446969032, 0.01854063756763935, 0.018750300630927086, 0.018503336235880852, 0.01864197477698326], "(3, 7, 1, 1)": [0.019696680828928947, 0.019733257591724396, 0.019787892699241638, 0.01964828185737133, 0.019707638770341873], "(3, 7, 2, 2)": [0.01951499655842781, 0.01906382106244564, 0.019168447703123093, 0.019046921283006668, 0.019072260707616806], "(3, 8, 2, 2)": [0.019009971991181374, 0.017616018652915955, 0.017776789143681526, 0.017517339438199997, 0.01776333898305893], "(3, 9, 2, 2)": [0.012603113427758217, 0.00036185234785079956, 0.005477875471115112, 0.0068499501794576645, 0.0012541250325739384], "(3, 10, 2, 2)": [-0.011806948110461235, -0.012295341119170189, -0.011800901964306831, -0.013107716105878353, -0.01380162499845028], "(2, 8, 2, 1)": [0.019042838364839554, 0.01661439798772335, 0.018799401819705963, 0.018489563837647438, 0.018573105335235596], "(3, 3, 1, 2)": [0.018589481711387634, 0.01845228485763073, 0.01748391054570675, 0.01906321384012699, 0.018435310572385788], "(3, 3, 2, 2)": [0.01875888556241989, 0.018801270052790642, 0.019025318324565887, 0.019073355942964554, 0.01939205639064312], "(2, 3, 1, 1)": [0.014749862253665924, 0.014957382343709469, 0.014894276857376099, 0.014748630113899708, 0.014263023622334003], "(3, 4, 2, 2)": [0.019568458199501038, 0.019708069041371346, 0.019699731841683388, 0.01983923651278019, 0.01969739980995655], "(3, 6, 1, 1)": [0.019953615963459015, 0.019985441118478775, 0.019949449226260185, 0.019930699840188026, 0.019944755360484123], "(3, 6, 1, 2)": [0.019973494112491608, 0.019918110221624374, 0.019934721291065216, 0.019941719248890877, 0.01990371383726597], "(3, 6, 2, 2)": [0.01999281346797943, 0.019916590303182602, 0.019908620044589043, 0.01994912698864937, 0.01983991079032421], "(3, 7, 1, 2)": [0.01957128569483757, 0.019696803763508797, 0.01959255337715149, 0.01948709413409233, 0.019136197865009308], "(3, 9, 1, 2)": [0.017941823229193687, 0.017605910077691078, 0.017539367079734802, 0.017564592882990837, 0.013361684046685696], "(3, 9, 1, 1)": [0.01838172785937786, 0.018030282109975815, 0.017938992008566856, 0.017980245873332024, 0.017966629937291145], "(3, 8, 1, 1)": [0.0192260779440403, 0.019129998981952667, 0.018957767635583878, 0.018937064334750175, 0.018945660442113876], "(2, 8, 1, 1)": [0.01932031475007534, 0.018978655338287354, 0.018893510103225708, 0.018965089693665504, 0.018963322043418884], "(2, 8, 1, 2)": [0.01924237422645092, 0.01841551437973976, 0.018301401287317276, 0.017944760620594025, 0.01845131441950798], "(2, 5, 2, 2)": [0.019968345761299133, 0.01996491849422455, 0.019955066964030266, 0.019966350868344307, 0.01995883695781231], "(2, 5, 1, 1)": [0.019742833450436592, 0.01971646398305893, 0.019690535962581635, 0.01975077949464321, 0.019810333847999573], "(2, 4, 1, 1)": [0.018432963639497757, 0.018682274967432022, 0.018773693591356277, 0.018657296895980835, 0.018710734322667122], "(3, 7, 2, 1)": [0.019705412909388542, 0.019770847633481026, 0.019629212096333504, 0.019609054550528526, 0.019567346200346947], "(3, 5, 1, 1)": [0.01985563151538372, 0.01989409141242504, 0.019863130524754524, 0.019989661872386932, 0.019882434979081154], "(3, 5, 2, 2)": [0.01996689848601818, 0.019971938803792, 0.01996690034866333, 0.019960647448897362, 0.019932227209210396], "(3, 4, 1, 1)": [0.019149232655763626, 0.019043657928705215, 0.019107012078166008, 0.019125714898109436, 0.01965205930173397], "(3, 5, 2, 1)": [0.019884701818227768, 0.01985033228993416, 0.019915569573640823, 0.01999046467244625, 0.019920164719223976], "(3, 4, 2, 1)": [0.019354259595274925, 0.01946224272251129, 0.01954222470521927, 0.01949954777956009, 0.01979316771030426], "(3, 5, 1, 2)": [0.019937749952077866, 0.01999012939631939, 0.019937675446271896, 0.01993919350206852, 0.01992923393845558], "(2, 7, 1, 1)": [0.019822942093014717, 0.019691910594701767, 0.019698774442076683, 0.019683007150888443, 0.01967541314661503], "(2, 7, 2, 1)": [0.0197893138974905, 0.019533421844244003, 0.019355472177267075, 0.01925281062722206, 0.01955273002386093], "(2, 7, 1, 2)": [0.019738584756851196, 0.019432460889220238, 0.01956610009074211, 0.01954762637615204, 0.019480852410197258], "(2, 6, 1, 2)": [0.019986895844340324, 0.019916681572794914, 0.019885066896677017, 0.019895950332283974, 0.019957253709435463], "(2, 9, 1, 2)": [0.0180237777531147, 0.017577918246388435, 0.016645528376102448, 0.016488485038280487, 0.013640412129461765], "(2, 5, 2, 1)": [0.01995845139026642, 0.01986481063067913, 0.019934503361582756, 0.019977111369371414, 0.019938122481107712], "(3, 2, 2, 2)": [0.0177950207144022, 0.017675291746854782, 0.017794976010918617, 0.017928291112184525, 0.01833639107644558], "(3, 2, 1, 2)": [0.011729464866220951, 0.012857045978307724, 0.0, 0.01274566724896431, 0.01796027272939682], "(3, 2, 2, 1)": [0.013899439945816994, 0.015393218956887722, 0.01692175306379795, 0.017932595685124397, 0.017015347257256508], "(3, 1, 1, 1)": [-0.01330026425421238, -0.014239472337067127, -0.013040195219218731, -0.008174192160367966, 0.008243219926953316], "(2, 9, 1, 1)": [0.018657203763723373, 0.017781086266040802, 0.017557747662067413, 0.017760448157787323, 0.017769405618309975], "(2, 5, 1, 2)": [0.019963860511779785, 0.019963018596172333, 0.01997661218047142, 0.01996508054435253, 0.019966119900345802], "(2, 2, 2, 1)": [0.01685558445751667, 0.015592489391565323, 0.017371216788887978, 0.01739998161792755, 0.01803988590836525], "(3, 9, 2, 1)": [0.01741022989153862, 0.018211418762803078, 0.010727948509156704, 0.016942717134952545, 0.017017628997564316], "(2, 4, 2, 2)": [0.01967480406165123, 0.019707007333636284, 0.019765693694353104, 0.019748585298657417, 0.01982569321990013], "(2, 4, 2, 1)": [0.019472777843475342, 0.01934783346951008, 0.019536862149834633, 0.019561462104320526, 0.019771719351410866], "(3, 6, 2, 1)": [0.01998552307486534, 0.019944030791521072, 0.019892064854502678, 0.019946541637182236, 0.019939394667744637],