{"q_values": {"(2, 6, 2, 2)": [0.019951926544308662, 0.019811920821666718, 0.019807282835245132, 0.019744951277971268, 0.01981520466506481], "(2, 6, 1, 1)": [0.019974688068032265, 0.019974427297711372, 0.01997586153447628, 0.019975189119577408, 0.019971303641796112], "(2, 7, 2, 2)": [0.019562896341085434, 0.019125770777463913, 0.01903931237757206, 0.01900489814579487, 0.01898251101374626], "(2, 8, 2, 2)": [0.01856675185263157, 0.018037129193544388, 0.018044041469693184, 0.017568206414580345, 0.01796276494860649], "(2, 9, 2, 2)": [0.013791907578706741, 0.012161513790488243, 0.0033011455088853836, 0.0077175865881145, 0.010341687127947807], "(2, 10, 2, 2)": [-0.004526576958596706, -0.012093961238861084, -0.013115892186760902, -0.01373510342091322, -0.013014267198741436], "(3, 4, 1, 2)": [0.019273020327091217, 0.01947891339659691, 0.01829027384519577, 0.01960052363574505, 0.019704759120941162], "(2, 1, 1, 1)": [-0.012077012099325657, -0.012279003858566284, -0.011725272051990032, -0.011578982695937157, -0.013101917691528797], "(2, 1, 2, 2)": [0.012966137379407883, 0.013333560898900032, 0.013075711205601692, 0.01752498745918274, 0.013556359335780144], "(2, 2, 2, 2)": [0.015590181574225426, 0.017670847475528717, 0.017856013029813766, 0.017913227900862694, 0.018302705138921738], "(2, 3, 2, 2)": [0.019061483442783356, 0.019043343141674995, 0.019084371626377106, 0.018962401896715164, 0.01940343528985977], "(2, 3, 2, 1)": [0.018674533814191818, 0.01837487891316414, 0.018741779029369354, 0.018938159570097923, 0.018936531618237495], "(3, 3, 2, 1)": [0.018599843606352806, 0.0184688288718462, 0.018638107925653458, 0.01885567232966423, 0.01858397200703621], "(3, 3, 1, 1)": [0.017253194004297256, 0.01592082343995571, 0.016337908804416656, 0.01722690463066101, 0.01835217885673046], "(3, 2, 1, 1)": [0.003824644722044468, 0.0010655540972948074, 0.0017106679733842611, 0.00409146910533309, 0.017282767221331596], "(2, 2, 1, 1)": [0.00497426837682724, 0.0024109468795359135, 0.0008210819214582443, 0.0005708695389330387, 0.00036379555240273476], "(3, 8, 1, 2)": [0.019107552245259285, 0.01854063756763935, 0.018697082996368408, 0.018503336235880852, 0.01864197477698326], "(3, 7, 1, 1)": [0.01963026635348797, 0.019822772592306137, 0.019633669406175613, 0.01969103328883648, 0.019623886793851852], "(3, 7, 2, 2)": [0.01925852708518505, 0.019196415320038795, 0.019190778955817223, 0.01914411224424839, 0.019067341461777687], "(3, 8, 2, 2)": [0.018402783200144768, 0.018411437049508095, 0.018189752474427223, 0.018138621002435684, 0.018000038340687752], "(3, 9, 2, 2)": [0.017944397404789925, 0.00036185234785079956, 0.00678136246278882, 0.0068499501794576645, 0.0012541250325739384], "(3, 10, 2, 2)": [-0.011690092273056507, -0.011686704121530056, -0.011800901964306831, -0.013107716105878353, -0.011655929498374462], "(2, 8, 2, 1)": [0.019042838364839554, 0.01661439798772335, 0.018799401819705963, 0.018489563837647438, 0.01866403967142105], "(3, 3, 1, 2)": [0.018589481711387634, 0.01845228485763073, 0.01748391054570675, 0.01908937469124794, 0.018435310572385788], "(3, 3, 2, 2)": [0.01875888556241989, 0.018801270052790642, 0.018978949636220932, 0.019294193014502525, 0.01888206973671913], "(2, 3, 1, 1)": [0.014566578902304173, 0.015232068486511707, 0.014551001600921154, 0.01431224774569273, 0.015353544615209103], "(3, 4, 2, 2)": [0.019568458199501038, 0.01958651840686798, 0.01964087039232254, 0.01983954757452011, 0.0195704847574234], "(3, 6, 1, 1)": [0.019925212487578392, 0.019934218376874924, 0.019927436485886574, 0.019973447546362877, 0.019928203895688057], "(3, 6, 1, 2)": [0.019939031451940536, 0.019969725981354713, 0.019924508407711983, 0.01992172747850418, 0.01990371383726597], "(3, 6, 2, 2)": [0.01993628963828087, 0.019839240238070488, 0.019905833527445793, 0.019835583865642548, 0.01984558068215847], "(3, 7, 1, 2)": [0.019594822078943253, 0.01973225735127926, 0.01960252970457077, 0.01948709413409233, 0.019136197865009308], "(3, 9, 1, 2)": [0.018122456967830658, 0.017605910077691078, 0.017539367079734802, 0.017564592882990837, 0.013361684046685696], "(3, 9, 1, 1)": [0.018496161326766014, 0.018030282109975815, 0.017938992008566856, 0.017921851947903633, 0.017966629937291145], "(3, 8, 1, 1)": [0.019356511533260345, 0.018983950838446617, 0.018992645666003227, 0.018966756761074066, 0.019117385149002075], "(2, 8, 1, 1)": [0.019349277019500732, 0.018978655338287354, 0.018893510103225708, 0.018965089693665504, 0.018963322043418884], "(2, 8, 1, 2)": [0.018469134345650673, 0.01841551437973976, 0.018515542149543762, 0.017944760620594025, 0.01850862428545952], "(2, 5, 2, 2)": [0.019977755844593048, 0.019976288080215454, 0.019976846873760223, 0.019971070811152458, 0.019973665475845337], "(2, 5, 1, 1)": [0.019891593605279922, 0.019761692732572556, 0.01988181471824646, 0.019930824637413025, 0.019691402092576027], "(2, 4, 1, 1)": [0.018473442643880844, 0.01824757270514965, 0.018348561599850655, 0.01840350031852722, 0.018282921984791756], "(3, 7, 2, 1)": [0.019681839272379875, 0.01968815177679062, 0.019629212096333504, 0.019609054550528526, 0.019567346200346947], "(3, 5, 1, 1)": [0.01981901004910469, 0.019803274422883987, 0.01975269988179207, 0.019935747608542442, 0.019757939502596855], "(3, 5, 2, 2)": [0.0199808981269598, 0.019907286390662193, 0.01998807117342949, 0.019949674606323242, 0.019963689148426056], "(3, 4, 1, 1)": [0.01894195005297661, 0.01925184763967991, 0.019090602174401283, 0.019468052312731743, 0.019275836646556854], "(3, 5, 2, 1)": [0.019928904250264168, 0.019944895058870316, 0.019938450306653976, 0.019997812807559967, 0.019928744062781334], "(3, 4, 2, 1)": [0.019337253645062447, 0.01946224272251129, 0.01954222470521927, 0.01949954777956009, 0.019751815125346184], "(3, 5, 1, 2)": [0.019950266927480698, 0.019922830164432526, 0.01995927467942238, 0.019966023042798042, 0.0199968833476305], "(2, 7, 1, 1)": [0.019878150895237923, 0.01966751180589199, 0.01966315507888794, 0.019645247608423233, 0.019643021747469902], "(2, 7, 2, 1)": [0.019747525453567505, 0.019533421844244003, 0.019355472177267075, 0.01925281062722206, 0.01955273002386093], "(2, 7, 1, 2)": [0.01969526708126068, 0.019432460889220238, 0.019511258229613304, 0.019480746239423752, 0.019419316202402115], "(2, 6, 1, 2)": [0.019966034218668938, 0.019971085712313652, 0.019921936094760895, 0.019945476204156876, 0.01996798813343048], "(2, 9, 1, 2)": [0.017815496772527695, 0.017577918246388435, 0.016645528376102448, 0.016488485038280487, 0.013640412129461765], "(2, 5, 2, 1)": [0.019945040345191956, 0.019942034035921097, 0.01993606798350811, 0.019946806132793427, 0.01998259127140045], "(3, 2, 2, 2)": [0.0177950207144022, 0.017675291746854782, 0.017794976010918617, 0.017928291112184525, 0.018030568957328796], "(3, 2, 1, 2)": [0.011729464866220951, 0.012857045978307724, 0.0, 0.01274566724896431, 0.01802121475338936], "(3, 2, 2, 1)": [0.013899439945816994, 0.015393218956887722, 0.016532057896256447, 0.01768900826573372, 0.017015347257256508], "(3, 1, 1, 1)": [-0.01330026425421238, -0.014239472337067127, -0.013040195219218731, -0.008174192160367966, 0.00443427637219429], "(2, 9, 1, 1)": [0.01784384250640869, 0.018280284479260445, 0.017557747662067413, 0.017760448157787323, 0.017883332446217537], "(2, 5, 1, 2)": [0.01997823640704155, 0.019971858710050583, 0.01996406354010105, 0.019976947456598282, 0.019962981343269348], "(2, 2, 2, 1)": [0.01685558445751667, 0.015592489391565323, 0.017371216788887978, 0.01739998161792755, 0.017985956743359566], "(3, 9, 2, 1)": [0.01741022989153862, 0.018168818205595016, 0.010727948509156704, 0.016942717134952545, 0.017017628997564316], "(2, 4, 2, 2)": [0.01968778297305107, 0.019680844619870186, 0.01975124143064022, 0.019799962639808655, 0.01986771449446678], "(2, 4, 2, 1)": [0.019472777843475342, 0.01934783346951008, 0.019536862149834633, 0.019561462104320526, 0.01976688764989376], "(3, 6, 2, 1)": [0.019983606413006783, 0.019988790154457092, 0.019969742745161057, 0.019974887371063232, 0.019948620349168777],