{"q_values": {"(2, 6, 2, 2)": [0.019877813756465912, 0.019914310425519943, 0.01983114331960678, 0.01983499340713024, 0.01979696750640869], "(2, 6, 1, 1)": [0.01994423381984234, 0.01993570104241371, 0.01994224265217781, 0.019938286393880844, 0.019925404340028763], "(2, 7, 2, 2)": [0.019619014114141464, 0.019317973405122757, 0.019294248893857002, 0.019156932830810547, 0.019322821870446205], "(2, 8, 2, 2)": [0.01798211596906185, 0.01800311729311943, 0.01726638339459896, 0.017635894939303398, 0.01797620579600334], "(2, 9, 2, 2)": [0.011604251340031624, 0.009972235187888145, 0.01049836166203022, 0.008934658952057362, 0.008521931245923042], "(2, 10, 2, 2)": [-0.012417602352797985, -0.012221737764775753, -0.0121525339782238, -0.0121874725446105, -0.01230611652135849], "(3, 4, 1, 2)": [0.017217714339494705, 0.01946042664349079, 0.015615307725965977, 0.01887769065797329, 0.019092461094260216], "(2, 1, 1, 1)": [-0.010864296928048134, -0.009830803610384464, -0.011509936302900314, -0.010084212757647038, -0.00897009763866663], "(2, 1, 2, 2)": [0.011621504090726376, 0.01217271201312542, 0.013075711205601692, 0.017461789771914482, 0.011822177097201347], "(2, 2, 2, 2)": [0.016997726634144783, 0.017961204051971436, 0.018063124269247055, 0.017905330285429955, 0.0183195061981678], "(2, 3, 2, 2)": [0.018791623413562775, 0.018880166113376617, 0.018915466964244843, 0.018930144608020782, 0.019257117062807083], "(2, 3, 2, 1)": [0.01845354586839676, 0.018526509404182434, 0.01853867433965206, 0.018680762499570847, 0.01896960847079754], "(3, 3, 2, 1)": [0.017239024862647057, 0.01839061826467514, 0.018505770713090897, 0.018818574026226997, 0.018354197964072227], "(3, 3, 1, 1)": [0.017623575404286385, 0.016075653955340385, 0.016607385128736496, 0.018028579652309418, 0.018742946907877922], "(3, 2, 1, 1)": [0.0035191169008612633, 0.0058243670500814915, 0.009499399922788143, 0.009778300300240517, 0.010279402136802673], "(2, 2, 1, 1)": [0.004698016215115786, 0.008274227380752563, 0.0015270370058715343, 0.0053103272803127766, 0.008369622752070427], "(3, 8, 1, 2)": [0.018961822614073753, 0.01877610571682453, 0.018683012574911118, 0.018100392073392868, 0.018468687310814857], "(3, 7, 1, 1)": [0.019890395924448967, 0.019730886444449425, 0.019774898886680603, 0.01971837691962719, 0.019706295803189278], "(3, 7, 2, 2)": [0.019590454176068306, 0.019091982394456863, 0.01923353038728237, 0.01926753856241703, 0.019232872873544693], "(3, 8, 2, 2)": [0.018257109448313713, 0.018121348693966866, 0.017792709171772003, 0.01816359907388687, 0.017570503056049347], "(3, 9, 2, 2)": [0.007724448572844267, 0.01291490439325571, 0.010502688586711884, 0.011994299478828907, 0.011102637276053429], "(3, 10, 2, 2)": [-0.0031245609279721975, -0.00908709317445755, -0.008265458978712559, -0.014896783046424389, -0.012668528594076633], "(2, 8, 2, 1)": [0.014445628970861435, 0.009626302868127823, 0.01766176149249077, 0.016313586384058, 0.018530424684286118], "(3, 3, 1, 2)": [0.018115727230906487, 0.018543006852269173, 0.01748391054570675, 0.018438169732689857, 0.01676531322300434], "(3, 3, 2, 2)": [0.01895103231072426, 0.018960019573569298, 0.019013870507478714, 0.019062619656324387, 0.019342875108122826], "(2, 3, 1, 1)": [0.015875445678830147, 0.01770159602165222, 0.01773820072412491, 0.018843654543161392, 0.015729118138551712], "(3, 4, 2, 2)": [0.019698429852724075, 0.019699329510331154, 0.019685441628098488, 0.019691070541739464, 0.019861504435539246], "(3, 6, 1, 1)": [0.01994486339390278, 0.019944073632359505, 0.019947703927755356, 0.019956180825829506, 0.019923510029911995], "(3, 6, 1, 2)": [0.019950387999415398, 0.019914831966161728, 0.01994773931801319, 0.019922537729144096, 0.019875692203640938], "(3, 6, 2, 2)": [0.01973472349345684, 0.019753731787204742, 0.019770711660385132, 0.019731897860765457, 0.01968233846127987], "(3, 7, 1, 2)": [0.01973634958267212, 0.01955629140138626, 0.01961405575275421, 0.01927315630018711, 0.01929587684571743], "(3, 9, 1, 2)": [0.018213162198662758, 0.017743414267897606, 0.017200743779540062, 0.015535308979451656, 0.014063771814107895], "(3, 9, 1, 1)": [0.018121279776096344, 0.018120383843779564, 0.017983118072152138, 0.018238313496112823, 0.017588702961802483], "(3, 8, 1, 1)": [0.019398460164666176, 0.018980300053954124, 0.019045919179916382, 0.018979273736476898, 0.018954960629343987], "(2, 8, 1, 1)": [0.019312644377350807, 0.01899206079542637, 0.019078079611063004, 0.018993359059095383, 0.019016921520233154], "(2, 8, 1, 2)": [0.018634581938385963, 0.018731199204921722, 0.018867475911974907, 0.01851075515151024, 0.018062790855765343], "(2, 5, 2, 2)": [0.019943268969655037, 0.019936852157115936, 0.01994580216705799, 0.01996341533958912, 0.019941236823797226], "(2, 5, 1, 1)": [0.019747136160731316, 0.01974443346261978, 0.0198048185557127, 0.019853683188557625, 0.019793611019849777], "(2, 4, 1, 1)": [0.01931246928870678, 0.019135721027851105, 0.019016893580555916, 0.019265396520495415, 0.01928435079753399], "(3, 7, 2, 1)": [0.019788380712270737, 0.019660089164972305, 0.01964946649968624, 0.019496669992804527, 0.019585788249969482], "(3, 5, 1, 1)": [0.019795384258031845, 0.019762009382247925, 0.01967013254761696, 0.019605623558163643, 0.019719356670975685], "(3, 5, 2, 2)": [0.019952256232500076, 0.01993098109960556, 0.01993418112397194, 0.019952891394495964, 0.019953032955527306], "(3, 4, 1, 1)": [0.019032374024391174, 0.019056467339396477, 0.01918214187026024, 0.019001463428139687, 0.019053922966122627], "(3, 5, 2, 1)": [0.019964786246418953, 0.019959647208452225, 0.019957758486270905, 0.0199515912681818, 0.019963635131716728], "(3, 4, 2, 1)": [0.019277924671769142, 0.019579023122787476, 0.019481848925352097, 0.01954919658601284, 0.01959712617099285], "(3, 5, 1, 2)": [0.019964750856161118, 0.019926484674215317, 0.01986216939985752, 0.019827989861369133, 0.019905535504221916], "(2, 7, 1, 1)": [0.019804473966360092, 0.019695691764354706, 0.019737504422664642, 0.01972389593720436, 0.019723685458302498], "(2, 7, 2, 1)": [0.018935125321149826, 0.017854366451501846, 0.016643019393086433, 0.01789691112935543, 0.019563404843211174], "(2, 7, 1, 2)": [0.019634796306490898, 0.019703779369592667, 0.019548088312149048, 0.019524501636624336, 0.019602477550506592], "(2, 6, 1, 2)": [0.019938737154006958, 0.019920293241739273, 0.019914140924811363, 0.019864022731781006, 0.019909074530005455], "(2, 9, 1, 2)": [0.017740635201334953, 0.01667001098394394, 0.016521666198968887, 0.01683768257498741, 0.01671292819082737], "(2, 5, 2, 1)": [0.019868459552526474, 0.019916338846087456, 0.0199366956949234, 0.01992863416671753, 0.019962141290307045], "(3, 2, 2, 2)": [0.016411207616329193, 0.017814019694924355, 0.018136272206902504, 0.01825147494673729, 0.01822853833436966], "(3, 2, 1, 2)": [0.008710764348506927, 0.012857045978307724, 0.0, 0.010586198419332504, 0.017674516886472702], "(3, 2, 2, 1)": [0.015320958569645882, 0.0157161932438612, 0.017764274030923843, 0.01612446829676628, 0.018039213493466377], "(3, 1, 1, 1)": [-0.013605120591819286, -0.012447761371731758, -0.01276099681854248, -0.014553839340806007, -0.012361095286905766], "(2, 9, 1, 1)": [0.018543800339102745, 0.017776375636458397, 0.017801282927393913, 0.017886580899357796, 0.017576325684785843], "(2, 5, 1, 2)": [0.019930623471736908, 0.01994701288640499, 0.0199763011187315, 0.019937599077820778, 0.01995074935257435], "(2, 2, 2, 1)": [0.015215156599879265, 0.013416157104074955, 0.017550028860569, 0.01769525744020939, 0.017976287752389908], "(3, 9, 2, 1)": [0.01547708548605442, 0.018395615741610527, 0.0032027217093855143, 0.015345219522714615, 0.014028520323336124], "(2, 4, 2, 2)": [0.019583702087402344, 0.01981152780354023, 0.019693678244948387, 0.019698578864336014, 0.01972135342657566], "(2, 4, 2, 1)": [0.01950729452073574, 0.01948953978717327, 0.019538039341568947, 0.019693808630108833, 0.019523220136761665], "(3, 6, 2, 1)": [0.019962532445788383, 0.019962742924690247, 0.01995955780148506, 0.019978391006588936, 0.019970491528511047],