{"q_values": {"(2, 6, 2, 2)": [0.01992960087954998, 0.019792746752500534, 0.019827598705887794, 0.01986883021891117, 0.019753169268369675], "(2, 6, 1, 1)": [0.019947420805692673, 0.01994253322482109, 0.019958602264523506, 0.01994461566209793, 0.01995142735540867], "(2, 7, 2, 2)": [0.019084831699728966, 0.019005555659532547, 0.01888500154018402, 0.0190951656550169, 0.019031541422009468], "(2, 8, 2, 2)": [0.017887303605675697, 0.017955947667360306, 0.01697978749871254, 0.015933994203805923, 0.01633022353053093], "(2, 9, 2, 2)": [0.014357957057654858, 0.0065896473824977875, 0.007227679248899221, 0.0032471208833158016, 0.0011150985956192017], "(2, 10, 2, 2)": [-0.004655405879020691, -0.012093961238861084, -0.01269256230443716, -0.014180894009768963, -0.013014267198741436], "(3, 4, 1, 2)": [0.018988994881510735, 0.01947891339659691, 0.01829027384519577, 0.019619736820459366, 0.01978437975049019], "(2, 1, 1, 1)": [-0.012156466022133827, -0.012625481002032757, -0.011668247170746326, 0.0008420832455158234, -0.013101917691528797], "(2, 1, 2, 2)": [0.01130120363086462, 0.013333560898900032, 0.013075711205601692, 0.01732824370265007, 0.013556359335780144], "(2, 2, 2, 2)": [0.01757895201444626, 0.017796313390135765, 0.01781943440437317, 0.018266193568706512, 0.01771657168865204], "(2, 3, 2, 2)": [0.018849894404411316, 0.018975377082824707, 0.019092461094260216, 0.019029300659894943, 0.019385403022170067], "(2, 3, 2, 1)": [0.018674533814191818, 0.018529511988162994, 0.018782803788781166, 0.018867963925004005, 0.01914815604686737], "(3, 3, 2, 1)": [0.018362974748015404, 0.018511701375246048, 0.018750173971056938, 0.018654154613614082, 0.018980631604790688], "(3, 3, 1, 1)": [0.017436278983950615, 0.01764061488211155, 0.01741863414645195, 0.01697113737463951, 0.01727779395878315], "(3, 2, 1, 1)": [0.008464919403195381, 0.006655825302004814, 0.008617786690592766, 0.010380640625953674, 0.006342942826449871], "(2, 2, 1, 1)": [0.007242867257446051, -0.0006272904574871063, 0.0036651897244155407, 0.0009670346044003963, 0.01751018315553665], "(3, 8, 1, 2)": [0.018999576568603516, 0.01854063756763935, 0.0185319185256958, 0.018503336235880852, 0.01864197477698326], "(3, 7, 1, 1)": [0.01967557519674301, 0.01966763287782669, 0.019820164889097214, 0.019526680931448936, 0.019673408940434456], "(3, 7, 2, 2)": [0.01926652528345585, 0.01969810016453266, 0.019072774797677994, 0.019161051139235497, 0.01916217990219593], "(3, 8, 2, 2)": [0.018698563799262047, 0.018379895016551018, 0.018149355426430702, 0.018269851803779602, 0.01806199923157692], "(3, 9, 2, 2)": [0.008677920326590538, 0.005854263436049223, 0.005968180485069752, 0.010798275470733643, 0.007391751743853092], "(3, 10, 2, 2)": [0.007402037736028433, -0.011379026807844639, -0.011800901964306831, -0.013590715825557709, -0.011015428230166435], "(2, 8, 2, 1)": [0.018908429890871048, 0.01661439798772335, 0.018651224672794342, 0.018564673140645027, 0.01866403967142105], "(3, 3, 1, 2)": [0.018532458692789078, 0.01845228485763073, 0.01748391054570675, 0.018997922539711, 0.018435310572385788], "(3, 3, 2, 2)": [0.018919873982667923, 0.018993237987160683, 0.01900693029165268, 0.019072916358709335, 0.019366292282938957], "(2, 3, 1, 1)": [0.015609996393322945, 0.016204053536057472, 0.01536287646740675, 0.017405658960342407, 0.0183627400547266], "(3, 4, 2, 2)": [0.01974046416580677, 0.019757961854338646, 0.019679170101881027, 0.019739605486392975, 0.019751038402318954], "(3, 6, 1, 1)": [0.019942309707403183, 0.019989920780062675, 0.019934268668293953, 0.019922245293855667, 0.019929232075810432], "(3, 6, 1, 2)": [0.01998884789645672, 0.01994522288441658, 0.019958019256591797, 0.019949423149228096, 0.01996084302663803], "(3, 6, 2, 2)": [0.019995711743831635, 0.019859055057168007, 0.019890768453478813, 0.019847221672534943, 0.019851574674248695], "(3, 7, 1, 2)": [0.019624607637524605, 0.01964499056339264, 0.019534701481461525, 0.019362937659025192, 0.019190127030014992], "(3, 9, 1, 2)": [0.0179192665964365, 0.017605910077691078, 0.017539367079734802, 0.017564592882990837, 0.013361684046685696], "(3, 9, 1, 1)": [0.018083658069372177, 0.018148301169276237, 0.018000934273004532, 0.018035121262073517, 0.017953675240278244], "(3, 8, 1, 1)": [0.01904597133398056, 0.019253773614764214, 0.0190223790705204, 0.019038649275898933, 0.0189286470413208], "(2, 8, 1, 1)": [0.019107390195131302, 0.019335661083459854, 0.018964456394314766, 0.019137060269713402, 0.018940523266792297], "(2, 8, 1, 2)": [0.018714603036642075, 0.01855652593076229, 0.018573656678199768, 0.0185086652636528, 0.01868751272559166], "(2, 5, 2, 2)": [0.019964678213000298, 0.019962994381785393, 0.019975006580352783, 0.019989117980003357, 0.019945582374930382], "(2, 5, 1, 1)": [0.019930895417928696, 0.019839845597743988, 0.019864963367581367, 0.01978553831577301, 0.01996828056871891], "(2, 4, 1, 1)": [0.018880659714341164, 0.01862914487719536, 0.0186753086745739, 0.01922016404569149, 0.01934048905968666], "(3, 7, 2, 1)": [0.019643090665340424, 0.019706184044480324, 0.01962321624159813, 0.019656971096992493, 0.019529474899172783], "(3, 5, 1, 1)": [0.019807271659374237, 0.019880840554833412, 0.019748397171497345, 0.019958363845944405, 0.01987648941576481], "(3, 5, 2, 2)": [0.01996498927474022, 0.01995280757546425, 0.0199638232588768, 0.019971191883087158, 0.01996488869190216], "(3, 4, 1, 1)": [0.01879984140396118, 0.01886652037501335, 0.018866131082177162, 0.018998676910996437, 0.019647305831313133], "(3, 5, 2, 1)": [0.01993977278470993, 0.0199330672621727, 0.01996270939707756, 0.01996523328125477, 0.019978076219558716], "(3, 4, 2, 1)": [0.019259918481111526, 0.019613679498434067, 0.019545644521713257, 0.019657179713249207, 0.019751999527215958], "(3, 5, 1, 2)": [0.019916187971830368, 0.019964266568422318, 0.019995220005512238, 0.019952747970819473, 0.019969992339611053], "(2, 7, 1, 1)": [0.019838163629174232, 0.0196823850274086, 0.019697090610861778, 0.019707471132278442, 0.01966317556798458], "(2, 7, 2, 1)": [0.01981361210346222, 0.019401516765356064, 0.018935302272439003, 0.01919768750667572, 0.019590171054005623], "(2, 7, 1, 2)": [0.019787142053246498, 0.019510580226778984, 0.01954340562224388, 0.019595229998230934, 0.0192363690584898], "(2, 6, 1, 2)": [0.01991146057844162, 0.01994682103395462, 0.01995312049984932, 0.01993531547486782, 0.019864588975906372], "(2, 9, 1, 2)": [0.018088126555085182, 0.01733417436480522, 0.01718207448720932, 0.015968939289450645, 0.011905609630048275], "(2, 5, 2, 1)": [0.019935274496674538, 0.019913826137781143, 0.019919583573937416, 0.01995525322854519, 0.019922133535146713], "(3, 2, 2, 2)": [0.01773962192237377, 0.017634261399507523, 0.0179427582770586, 0.01783737912774086, 0.018580416217446327], "(3, 2, 1, 2)": [0.011729464866220951, 0.012857045978307724, 0.0, 0.01274566724896431, 0.01808292791247368], "(3, 2, 2, 1)": [0.014539329335093498, 0.013352769427001476, 0.017537588253617287, 0.017746463418006897, 0.01791570894420147], "(3, 1, 1, 1)": [-0.01330026425421238, -0.014239472337067127, -0.013540021143853664, -0.006374239921569824, -0.00803045928478241], "(2, 9, 1, 1)": [0.018529504537582397, 0.018062517046928406, 0.017776887863874435, 0.01795262098312378, 0.01695770025253296], "(2, 5, 1, 2)": [0.019934512674808502, 0.019945252686738968, 0.019961534067988396, 0.019985942170023918, 0.019973892718553543], "(2, 2, 2, 1)": [0.01662231609225273, 0.0170502420514822, 0.01743469387292862, 0.017897840589284897, 0.017451727762818336], "(3, 9, 2, 1)": [0.01741022989153862, 0.01826898194849491, 0.0075438013300299644, 0.016942717134952545, 0.017017628997564316], "(2, 4, 2, 2)": [0.01968010887503624, 0.019696267321705818, 0.019675355404615402, 0.019719835370779037, 0.019894113764166832], "(2, 4, 2, 1)": [0.01947627030313015, 0.019464759156107903, 0.019521353766322136, 0.019465632736682892, 0.019552718847990036], "(3, 6, 2, 1)": [0.019950522109866142, 0.019962789490818977, 0.019988732412457466, 0.0199802964925766, 0.019963514059782028],