{"q_values": {"(2, 6, 2, 2)": [0.019998792558908463, 0.019770467653870583, 0.01990511640906334, 0.019948570057749748, 0.01986369676887989], "(2, 6, 1, 1)": [0.019992295652627945, 0.01999184675514698, 0.01999904215335846, 0.019992807880043983, 0.019987327978014946], "(2, 7, 2, 2)": [0.01913430355489254, 0.01923302747309208, 0.019196338951587677, 0.01911284029483795, 0.01897394470870495], "(2, 8, 2, 2)": [0.01861334592103958, 0.017243457958102226, 0.018044041469693184, 0.017575694248080254, 0.01780264638364315], "(2, 9, 2, 2)": [0.01786901243031025, 0.009945977479219437, 0.0033011455088853836, 0.0077175865881145, 0.0033944053575396538], "(2, 10, 2, 2)": [-0.0030717351473867893, -0.012093961238861084, -0.013115892186760902, -0.014180894009768963, -0.013014267198741436], "(3, 4, 1, 2)": [0.019194351509213448, 0.01947891339659691, 0.01829027384519577, 0.019619736820459366, 0.019757641479372978], "(2, 1, 1, 1)": [-0.012156466022133827, -0.010738715529441833, -0.011856057681143284, -0.0028357745613902807, -0.013101917691528797], "(2, 1, 2, 2)": [0.012966137379407883, 0.013333560898900032, 0.013075711205601692, 0.017302952706813812, 0.013556359335780144], "(2, 2, 2, 2)": [0.016538580879569054, 0.01762480102479458, 0.017856013029813766, 0.01847771741449833, 0.017868714407086372], "(2, 3, 2, 2)": [0.018986493349075317, 0.01901421695947647, 0.018974486738443375, 0.019027311354875565, 0.019327670335769653], "(2, 3, 2, 1)": [0.018674533814191818, 0.01837487891316414, 0.018782803788781166, 0.018809448927640915, 0.019075237214565277], "(3, 3, 2, 1)": [0.018591271713376045, 0.0184688288718462, 0.01836610957980156, 0.018635908141732216, 0.019109368324279785], "(3, 3, 1, 1)": [0.01715186797082424, 0.01805002987384796, 0.01785001903772354, 0.018128905445337296, 0.018904531374573708], "(3, 2, 1, 1)": [0.013088732957839966, 0.006655825302004814, -0.0019447780214250088, 0.008545385673642159, 0.014932832680642605], "(2, 2, 1, 1)": [0.007753083482384682, 0.0034617925994098186, 0.0036651897244155407, -0.004046445246785879, 0.014585286378860474], "(3, 8, 1, 2)": [0.01908555068075657, 0.01854063756763935, 0.018697082996368408, 0.018503336235880852, 0.01864197477698326], "(3, 7, 1, 1)": [0.01980881579220295, 0.019632432609796524, 0.019620783627033234, 0.01963065192103386, 0.019549021497368813], "(3, 7, 2, 2)": [0.018931210041046143, 0.01942780427634716, 0.018866321071982384, 0.018938543274998665, 0.018973108381032944], "(3, 8, 2, 2)": [0.018307186663150787, 0.017466716468334198, 0.017238937318325043, 0.016864214092493057, 0.017263229936361313], "(3, 9, 2, 2)": [0.0168401338160038, 0.00036185234785079956, 0.004301049280911684, 0.0022064009681344032, 0.006938369944691658], "(3, 10, 2, 2)": [-0.011690092273056507, -0.011686704121530056, -0.011800901964306831, -0.013107716105878353, -0.011655929498374462], "(2, 8, 2, 1)": [0.019137009978294373, 0.01661439798772335, 0.018651224672794342, 0.018489563837647438, 0.01866403967142105], "(3, 3, 1, 2)": [0.018532458692789078, 0.01845228485763073, 0.01748391054570675, 0.019057853147387505, 0.018435310572385788], "(3, 3, 2, 2)": [0.018733564764261246, 0.018897779285907745, 0.018935050815343857, 0.018840458244085312, 0.018823059275746346], "(2, 3, 1, 1)": [0.015592440962791443, 0.01647591032087803, 0.016274796798825264, 0.015936266630887985, 0.018645228818058968], "(3, 4, 2, 2)": [0.01972924917936325, 0.019676372408866882, 0.01968027651309967, 0.019845567643642426, 0.019661247730255127], "(3, 6, 1, 1)": [0.01995946653187275, 0.019967177882790565, 0.019987845793366432, 0.019956395030021667, 0.0199551023542881], "(3, 6, 1, 2)": [0.01986437477171421, 0.019984031096100807, 0.0199417881667614, 0.01987639255821705, 0.019954290241003036], "(3, 6, 2, 2)": [0.019737036898732185, 0.019854173064231873, 0.01975529082119465, 0.01975080743432045, 0.01973230019211769], "(3, 7, 1, 2)": [0.019607480615377426, 0.019612792879343033, 0.01960252970457077, 0.01948709413409233, 0.019190127030014992], "(3, 9, 1, 2)": [0.0180862694978714, 0.017605910077691078, 0.017539367079734802, 0.017564592882990837, 0.013361684046685696], "(3, 9, 1, 1)": [0.018073204904794693, 0.018343841657042503, 0.018018998205661774, 0.01797623746097088, 0.01773201674222946], "(3, 8, 1, 1)": [0.019430337473750114, 0.01903788559138775, 0.019131824374198914, 0.018962834030389786, 0.018852824345231056], "(2, 8, 1, 1)": [0.018758360296487808, 0.01914001815021038, 0.018768606707453728, 0.018782401457428932, 0.018931597471237183], "(2, 8, 1, 2)": [0.018842460587620735, 0.01855652593076229, 0.01863604597747326, 0.018663881346583366, 0.018703699111938477], "(2, 5, 2, 2)": [0.019981781020760536, 0.0199741143733263, 0.019979266449809074, 0.019997205585241318, 0.019981395453214645], "(2, 5, 1, 1)": [0.01990167237818241, 0.01983380690217018, 0.01994154043495655, 0.019901446998119354, 0.01999901607632637], "(2, 4, 1, 1)": [0.01902875304222107, 0.01917288266122341, 0.018742766231298447, 0.019210543483495712, 0.019179385155439377], "(3, 7, 2, 1)": [0.019801681861281395, 0.019690638408064842, 0.019629212096333504, 0.019597727805376053, 0.019566575065255165], "(3, 5, 1, 1)": [0.019908064976334572, 0.01981278508901596, 0.019927946850657463, 0.019812172278761864, 0.01980089396238327], "(3, 5, 2, 2)": [0.019947485998272896, 0.01996416412293911, 0.01995019055902958, 0.019962122663855553, 0.019951200112700462], "(3, 4, 1, 1)": [0.01901629939675331, 0.018866384401917458, 0.019162358716130257, 0.018995601683855057, 0.0189773328602314], "(3, 5, 2, 1)": [0.01980968751013279, 0.019864724949002266, 0.019945437088608742, 0.019950099289417267, 0.019944490864872932], "(3, 4, 2, 1)": [0.019337253645062447, 0.019535135477781296, 0.019481945782899857, 0.01939920149743557, 0.019803527742624283], "(3, 5, 1, 2)": [0.019947651773691177, 0.019950274378061295, 0.01993844285607338, 0.019957125186920166, 0.01995147578418255], "(2, 7, 1, 1)": [0.01959102600812912, 0.01975330151617527, 0.0195794515311718, 0.01954585500061512, 0.01961429975926876], "(2, 7, 2, 1)": [0.019719280302524567, 0.019401516765356064, 0.019355472177267075, 0.019222304224967957, 0.019590171054005623], "(2, 7, 1, 2)": [0.01971743255853653, 0.019432460889220238, 0.019498512148857117, 0.019432321190834045, 0.019419316202402115], "(2, 6, 1, 2)": [0.01997184567153454, 0.019981984049081802, 0.01989084482192993, 0.01995186321437359, 0.019920626655220985], "(2, 9, 1, 2)": [0.01825808919966221, 0.017577918246388435, 0.016645528376102448, 0.016488485038280487, 0.013640412129461765], "(2, 5, 2, 1)": [0.01988162472844124, 0.019925400614738464, 0.019939176738262177, 0.019925016909837723, 0.01998666115105152], "(3, 2, 2, 2)": [0.016911817714571953, 0.017634589225053787, 0.017814122140407562, 0.018043551594018936, 0.01853765919804573], "(3, 2, 1, 2)": [0.011729464866220951, 0.012857045978307724, 0.0, 0.01274566724896431, 0.018001213669776917], "(3, 2, 2, 1)": [0.012723062187433243, 0.015393218956887722, 0.016532057896256447, 0.016884151846170425, 0.01732918992638588], "(3, 1, 1, 1)": [-0.01330026425421238, -0.014239472337067127, -0.013040195219218731, -0.008174192160367966, -0.0031442008912563324], "(2, 9, 1, 1)": [0.01788186840713024, 0.017865648493170738, 0.018201058730483055, 0.01776611991226673, 0.01729830540716648], "(2, 5, 1, 2)": [0.019956447184085846, 0.019951481372117996, 0.01995660364627838, 0.019996263086795807, 0.0199457835406065], "(2, 2, 2, 1)": [0.01685558445751667, 0.017245737835764885, 0.017371216788887978, 0.01739998161792755, 0.01776064932346344], "(3, 9, 2, 1)": [0.01741022989153862, 0.01831722818315029, 0.010727948509156704, 0.016942717134952545, 0.017017628997564316], "(2, 4, 2, 2)": [0.01950661465525627, 0.01962369680404663, 0.019612090662121773, 0.01960778422653675, 0.01983228139579296], "(2, 4, 2, 1)": [0.019472777843475342, 0.019503358751535416, 0.019536862149834633, 0.019537894055247307, 0.01972898468375206], "(3, 6, 2, 1)": [0.01998216286301613, 0.019958503544330597, 0.019960997626185417, 0.019963432103395462, 0.019824201241135597],