{"q_values": {"(2, 6, 2, 2)": [0.019860753789544106, 0.019802818074822426, 0.019864587113261223, 0.01978275179862976, 0.01982242986559868], "(2, 6, 1, 1)": [0.01996660977602005, 0.019973760470747948, 0.019952161237597466, 0.019951360300183296, 0.019952531903982162], "(2, 7, 2, 2)": [0.019638236612081528, 0.019399799406528473, 0.019243746995925903, 0.019380761310458183, 0.019100718200206757], "(2, 8, 2, 2)": [0.018311889842152596, 0.01839277148246765, 0.01797221042215824, 0.01772957853972912, 0.018239136785268784], "(2, 9, 2, 2)": [0.008418490178883076, 0.010833372361958027, 0.014918425120413303, 0.0015226039104163647, 0.009964024648070335], "(2, 10, 2, 2)": [-0.01191129069775343, -0.0122970100492239, -0.011315167881548405, -0.0070643434301018715, -0.012212011031806469], "(3, 4, 1, 2)": [0.017217714339494705, 0.01949065923690796, 0.013938982039690018, 0.018529638648033142, 0.018843108788132668], "(2, 1, 1, 1)": [-0.012610366567969322, -0.010962734930217266, -0.010672771371901035, -0.010744825936853886, -0.010278020054101944], "(2, 1, 2, 2)": [0.009183951653540134, 0.011196160688996315, 0.00894729420542717, 0.017196428030729294, 0.011822177097201347], "(2, 2, 2, 2)": [0.01778355985879898, 0.017725445330142975, 0.01823313534259796, 0.01788216456770897, 0.017962319776415825], "(2, 3, 2, 2)": [0.018602954223752022, 0.01909004896879196, 0.019183337688446045, 0.019096512347459793, 0.019100012257695198], "(2, 3, 2, 1)": [0.018585089594125748, 0.018423456698656082, 0.018699659034609795, 0.01891506463289261, 0.019253453239798546], "(3, 3, 2, 1)": [0.018589230254292488, 0.018478579819202423, 0.018679149448871613, 0.018260488286614418, 0.018751351162791252], "(3, 3, 1, 1)": [0.017864100635051727, 0.01803053542971611, 0.017882157117128372, 0.01767048053443432, 0.016887743026018143], "(3, 2, 1, 1)": [0.006942461710423231, 0.008705435320734978, 0.01167185977101326, 0.010747966356575489, 0.007225740235298872], "(2, 2, 1, 1)": [0.006799668539315462, 0.008347062394022942, 0.0052767968736588955, 0.015562430024147034, 0.017536303028464317], "(3, 8, 1, 2)": [0.019053319469094276, 0.018933488056063652, 0.018623050302267075, 0.017787542194128036, 0.01831822469830513], "(3, 7, 1, 1)": [0.019728614017367363, 0.01972757652401924, 0.01976059377193451, 0.019592130556702614, 0.019647231325507164], "(3, 7, 2, 2)": [0.019305726513266563, 0.019314760342240334, 0.019260983914136887, 0.019256409257650375, 0.019300557672977448], "(3, 8, 2, 2)": [0.018082385882735252, 0.018387483432888985, 0.018462853506207466, 0.018351580947637558, 0.017566842958331108], "(3, 9, 2, 2)": [0.011692073196172714, 0.009850908070802689, 0.009951701387763023, 0.007052535191178322, 0.00911804474890232], "(3, 10, 2, 2)": [-0.011997183784842491, -0.012266071513295174, -0.012678105384111404, -0.012394081801176071, -0.01242084801197052], "(2, 8, 2, 1)": [0.005747215822339058, 0.009626302868127823, 0.014469889923930168, 0.01404291857033968, 0.01862066425383091], "(3, 3, 1, 2)": [0.018115727230906487, 0.01845843717455864, 0.016999762505292892, 0.017819315195083618, 0.012445956468582153], "(3, 3, 2, 2)": [0.018605129793286324, 0.018974021077156067, 0.018984807655215263, 0.018966713920235634, 0.019178297370672226], "(2, 3, 1, 1)": [0.017919447273015976, 0.016722459346055984, 0.017108753323554993, 0.018396126106381416, 0.018951058387756348], "(3, 4, 2, 2)": [0.01960369385778904, 0.019534388557076454, 0.019626392051577568, 0.019631246104836464, 0.01979735679924488], "(3, 6, 1, 1)": [0.01996518298983574, 0.019951142370700836, 0.01996108517050743, 0.019949080422520638, 0.019956795498728752], "(3, 6, 1, 2)": [0.01988416723906994, 0.019461991265416145, 0.019785599783062935, 0.019822148606181145, 0.01952979899942875], "(3, 6, 2, 2)": [0.01985270343720913, 0.01977655477821827, 0.019718144088983536, 0.019856754690408707, 0.019777242094278336], "(3, 7, 1, 2)": [0.019687596708536148, 0.01913887821137905, 0.019565828144550323, 0.01886892504990101, 0.019288523122668266], "(3, 9, 1, 2)": [0.018100555986166, 0.017828958109021187, 0.01768588088452816, 0.013060612604022026, 0.01617651991546154], "(3, 9, 1, 1)": [0.018234387040138245, 0.01846047304570675, 0.018248217180371284, 0.018113574013113976, 0.017960000783205032], "(3, 8, 1, 1)": [0.019274160265922546, 0.019144229590892792, 0.019153159111738205, 0.01907448284327984, 0.018932484090328217], "(2, 8, 1, 1)": [0.01907077617943287, 0.019099872559309006, 0.018918773159384727, 0.018992077559232712, 0.019083520397543907], "(2, 8, 1, 2)": [0.018943602219223976, 0.01892106793820858, 0.018684828653931618, 0.018638812005519867, 0.01861586794257164], "(2, 5, 2, 2)": [0.0199576485902071, 0.01996000111103058, 0.01995684765279293, 0.0199586134403944, 0.01995799131691456], "(2, 5, 1, 1)": [0.019803956151008606, 0.019846465438604355, 0.019862022250890732, 0.01990692876279354, 0.01993202418088913], "(2, 4, 1, 1)": [0.018336256965994835, 0.019332878291606903, 0.019087985157966614, 0.01940433867275715, 0.019403798505663872], "(3, 7, 2, 1)": [0.019728954881429672, 0.01965230517089367, 0.01962985284626484, 0.019448617473244667, 0.019522644579410553], "(3, 5, 1, 1)": [0.019910702481865883, 0.01986161433160305, 0.019713619723916054, 0.01988236792385578, 0.01983003318309784], "(3, 5, 2, 2)": [0.01995095983147621, 0.019966354593634605, 0.019962798804044724, 0.019966667518019676, 0.019953610375523567], "(3, 4, 1, 1)": [0.019108349457383156, 0.019398054108023643, 0.019438931718468666, 0.019335374236106873, 0.019352231174707413], "(3, 5, 2, 1)": [0.01982182264328003, 0.019901195541024208, 0.019901540130376816, 0.019922522827982903, 0.0198515597730875], "(3, 4, 2, 1)": [0.019388344138860703, 0.01943979039788246, 0.019384928047657013, 0.019648337736725807, 0.019413862377405167], "(3, 5, 1, 2)": [0.0182676762342453, 0.01993437297642231, 0.019099924713373184, 0.018271468579769135, 0.019143324345350266], "(2, 7, 1, 1)": [0.01977570541203022, 0.019685644656419754, 0.019699817523360252, 0.019610609859228134, 0.019690364599227905], "(2, 7, 2, 1)": [0.01739426515996456, 0.015791283920407295, 0.011089297011494637, 0.012778923846781254, 0.019439533352851868], "(2, 7, 1, 2)": [0.01962926983833313, 0.019492141902446747, 0.01956980489194393, 0.019566329196095467, 0.01946437358856201], "(2, 6, 1, 2)": [0.01922682859003544, 0.01993786171078682, 0.019939599558711052, 0.01992284320294857, 0.019830191507935524], "(2, 9, 1, 2)": [0.01694248430430889, 0.01720362715423107, 0.016820255666971207, 0.016014480963349342, 0.01654103770852089], "(2, 5, 2, 1)": [0.019785704091191292, 0.01991531066596508, 0.019792266190052032, 0.01981480047106743, 0.019926493987441063], "(3, 2, 2, 2)": [0.01741866208612919, 0.017855431884527206, 0.017858659848570824, 0.018069716170430183, 0.018352702260017395], "(3, 2, 1, 2)": [0.008710764348506927, 0.012857045978307724, 0.0, 0.010586198419332504, 0.017105204984545708], "(3, 2, 2, 1)": [0.01558587234467268, 0.01658708229660988, 0.017090406268835068, 0.015924405306577682, 0.014808925800025463], "(3, 1, 1, 1)": [-0.012806164100766182, -0.01224543247371912, -0.012797201052308083, -0.011445658281445503, -0.0047297547571361065], "(2, 9, 1, 1)": [0.018311792984604836, 0.0179168451577425, 0.01779312826693058, 0.015998726710677147, 0.017403624951839447], "(2, 5, 1, 2)": [0.019958313554525375, 0.019947078078985214, 0.01995561644434929, 0.01995076797902584, 0.019940657541155815], "(2, 2, 2, 1)": [0.016666600480675697, 0.017101885750889778, 0.017557978630065918, 0.017442898824810982, 0.017847036942839622], "(3, 9, 2, 1)": [0.013015314005315304, 0.018074847757816315, 0.0032027217093855143, 0.01418487448245287, 0.009385942481458187], "(2, 4, 2, 2)": [0.019636940211057663, 0.019552502781152725, 0.019663983955979347, 0.01964922994375229, 0.01979226991534233], "(2, 4, 2, 1)": [0.019439511001110077, 0.01935793086886406, 0.019628670066595078, 0.019627872854471207, 0.019558239728212357], "(3, 6, 2, 1)": [0.019954757764935493, 0.019967684522271156, 0.019923342391848564, 0.01994164101779461, 0.019591359421610832],