{"q_values": {"(2, 6, 2, 2)": [0.01999567449092865, 0.0197041854262352, 0.019833091646432877, 0.01979345828294754, 0.019907398149371147], "(2, 6, 1, 1)": [0.01999148726463318, 0.019956238567829132, 0.019956545904278755, 0.01997535116970539, 0.01993691548705101], "(2, 7, 2, 2)": [0.01963365450501442, 0.019165633246302605, 0.019104033708572388, 0.01909446343779564, 0.0191913191229105], "(2, 8, 2, 2)": [0.018658960238099098, 0.018149549141526222, 0.018208829686045647, 0.017921539023518562, 0.01796276494860649], "(2, 9, 2, 2)": [0.01774117723107338, 0.013251605443656445, 0.0033011455088853836, 0.0077175865881145, 0.010341687127947807], "(2, 10, 2, 2)": [0.005910567473620176, -0.012093961238861084, -0.013115892186760902, -0.01373510342091322, -0.013014267198741436], "(3, 4, 1, 2)": [0.019273020327091217, 0.01947891339659691, 0.01829027384519577, 0.01960052363574505, 0.01976136490702629], "(2, 1, 1, 1)": [-0.01290830411016941, -0.01345774158835411, -0.01301752869039774, -0.01529480516910553, -0.011655072681605816], "(2, 1, 2, 2)": [0.012966137379407883, 0.013333560898900032, 0.013075711205601692, 0.017505021765828133, 0.014753744937479496], "(2, 2, 2, 2)": [0.01632944867014885, 0.017670847475528717, 0.01794375292956829, 0.017914334312081337, 0.01826486364006996], "(2, 3, 2, 2)": [0.019083863124251366, 0.01905881054699421, 0.019048381596803665, 0.019068226218223572, 0.019473688676953316], "(2, 3, 2, 1)": [0.018638549372553825, 0.01837487891316414, 0.018741779029369354, 0.018962400034070015, 0.019175125285983086], "(3, 3, 2, 1)": [0.018109511584043503, 0.01845179684460163, 0.01864653080701828, 0.018542179837822914, 0.01907619647681713], "(3, 3, 1, 1)": [0.016830600798130035, 0.01697388105094433, 0.0183168426156044, 0.016779055818915367, 0.01663435436785221], "(3, 2, 1, 1)": [0.007961686700582504, 0.0010655540972948074, 0.006563297472894192, 0.007382411975413561, 0.018030837178230286], "(2, 2, 1, 1)": [-0.0001345560885965824, 0.007819687016308308, -0.0003079921007156372, -0.0015068163629621267, -0.00045882072299718857], "(3, 8, 1, 2)": [0.01917482726275921, 0.01854063756763935, 0.018810877576470375, 0.018503336235880852, 0.01864197477698326], "(3, 7, 1, 1)": [0.019801149144768715, 0.01967569813132286, 0.01968410797417164, 0.0196917075663805, 0.019670872017741203], "(3, 7, 2, 2)": [0.019230153411626816, 0.019125081598758698, 0.019235728308558464, 0.01915883831679821, 0.01917230151593685], "(3, 8, 2, 2)": [0.01879039593040943, 0.018399281427264214, 0.017999589443206787, 0.01786363311111927, 0.01789981871843338], "(3, 9, 2, 2)": [0.01820022240281105, 0.00036185234785079956, 0.005477875471115112, 0.0068499501794576645, 0.0012541250325739384], "(3, 10, 2, 2)": [-0.012146513909101486, -0.012295341119170189, -0.01228188443928957, -0.013107716105878353, -0.01380162499845028], "(2, 8, 2, 1)": [0.019172895699739456, 0.01661439798772335, 0.018799401819705963, 0.018489563837647438, 0.018573105335235596], "(3, 3, 1, 2)": [0.018589481711387634, 0.01845228485763073, 0.01748391054570675, 0.019178004935383797, 0.018435310572385788], "(3, 3, 2, 2)": [0.018941223621368408, 0.018902823328971863, 0.018966665491461754, 0.01927374303340912, 0.018922703340649605], "(2, 3, 1, 1)": [0.014391675591468811, 0.01468662265688181, 0.014519179239869118, 0.013305061496794224, 0.019092679023742676], "(3, 4, 2, 2)": [0.01958460360765457, 0.01958555355668068, 0.019575996324419975, 0.019798021763563156, 0.019691061228513718], "(3, 6, 1, 1)": [0.019961822777986526, 0.019964763894677162, 0.019999124109745026, 0.01996501535177231, 0.019964365288615227], "(3, 6, 1, 2)": [0.01993926614522934, 0.01998920366168022, 0.01994095928966999, 0.019937574863433838, 0.019857868552207947], "(3, 6, 2, 2)": [0.01991180330514908, 0.01999736949801445, 0.019901838153600693, 0.019839342683553696, 0.019853150472044945], "(3, 7, 1, 2)": [0.019539594650268555, 0.01978415437042713, 0.019551217555999756, 0.01948709413409233, 0.019136197865009308], "(3, 9, 1, 2)": [0.01789170317351818, 0.017605910077691078, 0.017539367079734802, 0.017564592882990837, 0.013361684046685696], "(3, 9, 1, 1)": [0.018625978380441666, 0.017974166199564934, 0.01789393275976181, 0.017980245873332024, 0.01800268143415451], "(3, 8, 1, 1)": [0.019411476328969002, 0.01902993954718113, 0.01893474906682968, 0.019007399678230286, 0.019025269895792007], "(2, 8, 1, 1)": [0.019268633797764778, 0.019005903974175453, 0.01889687031507492, 0.018992777913808823, 0.018942940980196], "(2, 8, 1, 2)": [0.018763504922389984, 0.01841551437973976, 0.018301401287317276, 0.017944760620594025, 0.01845131441950798], "(2, 5, 2, 2)": [0.01995692402124405, 0.019968142732977867, 0.019990086555480957, 0.019967135041952133, 0.019957588985562325], "(2, 5, 1, 1)": [0.01983090490102768, 0.019849784672260284, 0.019769325852394104, 0.019879378378391266, 0.019986743107438087], "(2, 4, 1, 1)": [0.018926553428173065, 0.018853915855288506, 0.01894530840218067, 0.01964319311082363, 0.018453218042850494], "(3, 7, 2, 1)": [0.01969265006482601, 0.01966860704123974, 0.019629212096333504, 0.01955307088792324, 0.019418109208345413], "(3, 5, 1, 1)": [0.019811002537608147, 0.019824158400297165, 0.0198697317391634, 0.019998760893940926, 0.01979946345090866], "(3, 5, 2, 2)": [0.019947782158851624, 0.01995908096432686, 0.019672460854053497, 0.019997933879494667, 0.019954873248934746], "(3, 4, 1, 1)": [0.018956756219267845, 0.01883654296398163, 0.019068559631705284, 0.01874481327831745, 0.01925651915371418], "(3, 5, 2, 1)": [0.019809210672974586, 0.019937580451369286, 0.019954759627580643, 0.019925957545638084, 0.01999776065349579], "(3, 4, 2, 1)": [0.019008269533514977, 0.01946224272251129, 0.01939721405506134, 0.019511988386511803, 0.019600827246904373], "(3, 5, 1, 2)": [0.01994430460035801, 0.019924648106098175, 0.019926907494664192, 0.019940728321671486, 0.019992541521787643], "(2, 7, 1, 1)": [0.01978904753923416, 0.019678866490721703, 0.019632915034890175, 0.019623447209596634, 0.019671441987156868], "(2, 7, 2, 1)": [0.019709959626197815, 0.019533421844244003, 0.019355472177267075, 0.01925281062722206, 0.01955273002386093], "(2, 7, 1, 2)": [0.01954900659620762, 0.019706804305315018, 0.019568495452404022, 0.019491633400321007, 0.019480852410197258], "(2, 6, 1, 2)": [0.019842660054564476, 0.01998238079249859, 0.019867699593305588, 0.019838670268654823, 0.019838493317365646], "(2, 9, 1, 2)": [0.017145363613963127, 0.016507353633642197, 0.016645528376102448, 0.01690712571144104, 0.013640412129461765], "(2, 5, 2, 1)": [0.019934799522161484, 0.019869664683938026, 0.01989786885678768, 0.019916540011763573, 0.019985727965831757], "(3, 2, 2, 2)": [0.017647363245487213, 0.017784858122467995, 0.017708757892251015, 0.0178238432854414, 0.01861451007425785], "(3, 2, 1, 2)": [0.011729464866220951, 0.012857045978307724, 0.0, 0.01274566724896431, 0.018279515206813812], "(3, 2, 2, 1)": [0.013899439945816994, 0.015393218956887722, 0.016775598749518394, 0.017172450199723244, 0.017977150157094002], "(3, 1, 1, 1)": [-0.01330026425421238, -0.014239472337067127, -0.013040195219218731, -0.008174192160367966, 0.011369007639586926], "(2, 9, 1, 1)": [0.018385261297225952, 0.017921458929777145, 0.017883410677313805, 0.017761070281267166, 0.01776113361120224], "(2, 5, 1, 2)": [0.019962947815656662, 0.019959133118391037, 0.019950374960899353, 0.019946787506341934, 0.01998998038470745], "(2, 2, 2, 1)": [0.01685558445751667, 0.015592489391565323, 0.017371216788887978, 0.01739998161792755, 0.01783456839621067], "(3, 9, 2, 1)": [0.01741022989153862, 0.018142228946089745, 0.010727948509156704, 0.016942717134952545, 0.01676950417459011], "(2, 4, 2, 2)": [0.019619552418589592, 0.019569747149944305, 0.019726090133190155, 0.019705845043063164, 0.019860589876770973], "(2, 4, 2, 1)": [0.019472777843475342, 0.01934783346951008, 0.01952926442027092, 0.019604088738560677, 0.01967681013047695], "(3, 6, 2, 1)": [0.019955188035964966, 0.01999540627002716, 0.019940845668315887, 0.019951090216636658, 0.01994982175529003],