{"q_values": {"(2, 6, 2, 2)": [0.019990820437669754, 0.019867204129695892, 0.019939500838518143, 0.019921384751796722, 0.019906379282474518], "(2, 6, 1, 1)": [0.019990423694252968, 0.019902609288692474, 0.019966518506407738, 0.01997390016913414, 0.01997770182788372], "(2, 7, 2, 2)": [0.019381722435355186, 0.01912742108106613, 0.01912318915128708, 0.01906193606555462, 0.019061660394072533], "(2, 8, 2, 2)": [0.016918644309043884, 0.01707317866384983, 0.018274178728461266, 0.017051445320248604, 0.017227936536073685], "(2, 9, 2, 2)": [0.0068062893114984035, 0.005657826084643602, 0.010028534568846226, -0.0007787542417645454, 0.0041590589098632336], "(2, 10, 2, 2)": [-0.012531176209449768, -0.012387854978442192, -0.012450273148715496, -0.01240608375519514, -0.012556205503642559], "(3, 4, 1, 2)": [0.017927391454577446, 0.01947891339659691, 0.015615307725965977, 0.019335243850946426, 0.019711177796125412], "(2, 1, 1, 1)": [-0.012296462431550026, -0.012577366083860397, -0.009007113985717297, -0.007728672120720148, -0.016315152868628502], "(2, 1, 2, 2)": [0.009775805287063122, 0.01217271201312542, 0.013075711205601692, 0.017512477934360504, 0.011822177097201347], "(2, 2, 2, 2)": [0.017871541902422905, 0.017755769193172455, 0.017901714891195297, 0.018084362149238586, 0.018020136281847954], "(2, 3, 2, 2)": [0.018885605037212372, 0.018961727619171143, 0.019019300118088722, 0.019004732370376587, 0.019371606409549713], "(2, 3, 2, 1)": [0.017810499295592308, 0.018481390550732613, 0.01853867433965206, 0.018680762499570847, 0.019033558666706085], "(3, 3, 2, 1)": [0.01856721192598343, 0.018761515617370605, 0.0187879279255867, 0.01882590912282467, 0.01898282952606678], "(3, 3, 1, 1)": [0.016563640907406807, 0.017338590696454048, 0.01707260124385357, 0.01833810657262802, 0.018149714916944504], "(3, 2, 1, 1)": [0.009807873517274857, 0.00978900771588087, 0.00879188533872366, 0.009424909949302673, 0.014960029162466526], "(2, 2, 1, 1)": [0.007927860133349895, 0.005217904690653086, 0.00863867998123169, 0.007624001707881689, 0.0072622401639819145], "(3, 8, 1, 2)": [0.01905079372227192, 0.01877814531326294, 0.018820807337760925, 0.018100392073392868, 0.018468687310814857], "(3, 7, 1, 1)": [0.019755445420742035, 0.0197739377617836, 0.019728969782590866, 0.019753463566303253, 0.019673477858304977], "(3, 7, 2, 2)": [0.01921840012073517, 0.01934540830552578, 0.019291888922452927, 0.01917501538991928, 0.019079452380537987], "(3, 8, 2, 2)": [0.018662866204977036, 0.017562134191393852, 0.016856754198670387, 0.015389200299978256, 0.016382800415158272], "(3, 9, 2, 2)": [0.007468785159289837, 0.007999517023563385, 0.003955081570893526, 0.005349200684577227, 0.005665732081979513], "(3, 10, 2, 2)": [-0.011601004749536514, -0.011670255102217197, -0.011800901964306831, -0.014896783046424389, -0.013852731324732304], "(2, 8, 2, 1)": [0.016783764585852623, 0.009626302868127823, 0.01827218569815159, 0.016313586384058, 0.018507683649659157], "(3, 3, 1, 2)": [0.018115727230906487, 0.0185508094727993, 0.01748391054570675, 0.019115861505270004, 0.018066901713609695], "(3, 3, 2, 2)": [0.018973935395479202, 0.01905883103609085, 0.01907196268439293, 0.019054269418120384, 0.019472172483801842], "(2, 3, 1, 1)": [0.017548929899930954, 0.017253702506422997, 0.01779451221227646, 0.01886463724076748, 0.01765349879860878], "(3, 4, 2, 2)": [0.019745800644159317, 0.01973104663193226, 0.019706791266798973, 0.01980159990489483, 0.01973986066877842], "(3, 6, 1, 1)": [0.019955363124608994, 0.019956624135375023, 0.019952449947595596, 0.019938869401812553, 0.019927015528082848], "(3, 6, 1, 2)": [0.019922073930501938, 0.019916092976927757, 0.01992214471101761, 0.019919943064451218, 0.019900377839803696], "(3, 6, 2, 2)": [0.01984613761305809, 0.01985647901892662, 0.01979709416627884, 0.019855715334415436, 0.019773701205849648], "(3, 7, 1, 2)": [0.019702846184372902, 0.019606120884418488, 0.019673386588692665, 0.019305875524878502, 0.019456351175904274], "(3, 9, 1, 2)": [0.01775633916258812, 0.0178497526794672, 0.016998915001749992, 0.016315056011080742, 0.016173798590898514], "(3, 9, 1, 1)": [0.01832425408065319, 0.017937537282705307, 0.01821807585656643, 0.017340578138828278, 0.01697886735200882], "(3, 8, 1, 1)": [0.019216150045394897, 0.019071640446782112, 0.01900523714721203, 0.019011883065104485, 0.01898881606757641], "(2, 8, 1, 1)": [0.01889803819358349, 0.019134510308504105, 0.01886424422264099, 0.018787723034620285, 0.018719714134931564], "(2, 8, 1, 2)": [0.01886230707168579, 0.018764730542898178, 0.01866009458899498, 0.018540168181061745, 0.018128272145986557], "(2, 5, 2, 2)": [0.01997130736708641, 0.019979435950517654, 0.019960911944508553, 0.019984424114227295, 0.01997247524559498], "(2, 5, 1, 1)": [0.019945234060287476, 0.01983267068862915, 0.01996186003088951, 0.019947564229369164, 0.01995784416794777], "(2, 4, 1, 1)": [0.019038772210478783, 0.019387582316994667, 0.01939052902162075, 0.01930384710431099, 0.01930036023259163], "(3, 7, 2, 1)": [0.019705403596162796, 0.019648095592856407, 0.019630685448646545, 0.01960335485637188, 0.019566748291254044], "(3, 5, 1, 1)": [0.01985304057598114, 0.019716018810868263, 0.019811704754829407, 0.019846955314278603, 0.019828645512461662], "(3, 5, 2, 2)": [0.01995145156979561, 0.01995856873691082, 0.019967233762145042, 0.01996728777885437, 0.019963884726166725], "(3, 4, 1, 1)": [0.01920182630419731, 0.019108667969703674, 0.019223468378186226, 0.019167670980095863, 0.019113611429929733], "(3, 5, 2, 1)": [0.019918618723750114, 0.019954713061451912, 0.019965708255767822, 0.01995767280459404, 0.019956348463892937], "(3, 4, 2, 1)": [0.01933601312339306, 0.01934647187590599, 0.019569717347621918, 0.01959162764251232, 0.01970996893942356], "(3, 5, 1, 2)": [0.01995386928319931, 0.019964557141065598, 0.019945837557315826, 0.01994430273771286, 0.01997515559196472], "(2, 7, 1, 1)": [0.019801365211606026, 0.019735587760806084, 0.019629869610071182, 0.019703950732946396, 0.019694006070494652], "(2, 7, 2, 1)": [0.018935125321149826, 0.018406394869089127, 0.016643019393086433, 0.018766144290566444, 0.01950884610414505], "(2, 7, 1, 2)": [0.01967218890786171, 0.019600894302129745, 0.019616421312093735, 0.0194639191031456, 0.019411318004131317], "(2, 6, 1, 2)": [0.019984330981969833, 0.01995083875954151, 0.019963711500167847, 0.01993602141737938, 0.019976118579506874], "(2, 9, 1, 2)": [0.017801878973841667, 0.016827169805765152, 0.015588323585689068, 0.012614704668521881, 0.011913228780031204], "(2, 5, 2, 1)": [0.01990722306072712, 0.019942691549658775, 0.019925350323319435, 0.019966689869761467, 0.019936539232730865], "(3, 2, 2, 2)": [0.017286021262407303, 0.016659799963235855, 0.018043585121631622, 0.01803836226463318, 0.018399503082036972], "(3, 2, 1, 2)": [0.008710764348506927, 0.012857045978307724, 0.0, 0.010586198419332504, 0.017904166132211685], "(3, 2, 2, 1)": [0.014537009410560131, 0.016434675082564354, 0.015758397057652473, 0.01742548681795597, 0.0173431858420372], "(3, 1, 1, 1)": [-0.01330026425421238, -0.013007234781980515, -0.014183567836880684, -0.013515268452465534, -0.01216065138578415], "(2, 9, 1, 1)": [0.017858972772955894, 0.01782822050154209, 0.018022283911705017, 0.017195262014865875, 0.015692686662077904], "(2, 5, 1, 2)": [0.01996566168963909, 0.019946923479437828, 0.019986141473054886, 0.019960565492510796, 0.019964730367064476], "(2, 2, 2, 1)": [0.01507701724767685, 0.01564960554242134, 0.017538657411932945, 0.017642591148614883, 0.017978830263018608], "(3, 9, 2, 1)": [0.01619749702513218, 0.01809949055314064, 0.0032027217093855143, 0.01617312617599964, 0.014028520323336124], "(2, 4, 2, 2)": [0.019731884822249413, 0.01975949853658676, 0.01977255567908287, 0.01982957310974598, 0.01978868432343006], "(2, 4, 2, 1)": [0.01950729452073574, 0.019525302574038506, 0.019571784883737564, 0.019584642723202705, 0.019679540768265724], "(3, 6, 2, 1)": [0.019964823499321938, 0.019957982003688812, 0.01995505578815937, 0.0199432373046875, 0.019945509731769562],