{"q_values": {"(2, 6, 2, 2)": [0.019971314817667007, 0.019857212901115417, 0.019814617931842804, 0.019658057019114494, 0.0197931956499815], "(2, 6, 1, 1)": [0.019937124103307724, 0.019974809139966965, 0.01994960382580757, 0.019949477165937424, 0.019949737936258316], "(2, 7, 2, 2)": [0.019663697108626366, 0.01920158788561821, 0.019134365022182465, 0.019267985597252846, 0.019172854721546173], "(2, 8, 2, 2)": [0.01879468373954296, 0.01787351258099079, 0.017010480165481567, 0.017925182357430458, 0.017668405547738075], "(2, 9, 2, 2)": [0.017555968835949898, 0.013295397162437439, 0.0040209535509347916, 0.011921897530555725, -0.0021209348924458027], "(2, 10, 2, 2)": [0.01103412639349699, -0.011673558503389359, -0.01262415200471878, -0.014645939692854881, -0.013288126327097416], "(3, 4, 1, 2)": [0.01876705512404442, 0.01947891339659691, 0.01829027384519577, 0.019533509388566017, 0.019762123003602028], "(2, 1, 1, 1)": [-0.012100286781787872, -0.012399540282785892, -0.00960171315819025, -0.011800630949437618, -0.007770045660436153], "(2, 1, 2, 2)": [0.01130120363086462, 0.013333560898900032, 0.013075711205601692, 0.017370447516441345, 0.011822177097201347], "(2, 2, 2, 2)": [0.016609108075499535, 0.017868798226118088, 0.018025696277618408, 0.01858305186033249, 0.018070193007588387], "(2, 3, 2, 2)": [0.01876351609826088, 0.01884157955646515, 0.019145924597978592, 0.018996916711330414, 0.019262760877609253], "(2, 3, 2, 1)": [0.018150925636291504, 0.018497327342629433, 0.0185384601354599, 0.019018016755580902, 0.018722252920269966], "(3, 3, 2, 1)": [0.01786770671606064, 0.018584389239549637, 0.01853051781654358, 0.01893855445086956, 0.018606167286634445], "(3, 3, 1, 1)": [0.017193011939525604, 0.017671536654233932, 0.01804627664387226, 0.01726064458489418, 0.018713004887104034], "(3, 2, 1, 1)": [0.006329554133117199, -0.002986918669193983, 0.008323143236339092, 0.003630909137427807, 0.017016703262925148], "(2, 2, 1, 1)": [0.004320329055190086, 0.00955367460846901, 0.005207853391766548, 0.012398642487823963, 0.0009937114082276821], "(3, 8, 1, 2)": [0.01897020824253559, 0.019075918942689896, 0.018820807337760925, 0.01832290180027485, 0.018513832241296768], "(3, 7, 1, 1)": [0.019687728956341743, 0.019701916724443436, 0.01981772668659687, 0.019747046753764153, 0.01964912749826908], "(3, 7, 2, 2)": [0.019342519342899323, 0.019237849861383438, 0.01907479204237461, 0.019179537892341614, 0.019282912835478783], "(3, 8, 2, 2)": [0.018205536529421806, 0.01820148527622223, 0.018094470724463463, 0.017243025824427605, 0.01815083995461464], "(3, 9, 2, 2)": [0.012831476517021656, 0.017302419990301132, 0.012463437393307686, 0.00021741073578596115, 0.014085089787840843], "(3, 10, 2, 2)": [0.010880899615585804, -0.010321839712560177, -0.011800901964306831, -0.013590715825557709, -0.009406699799001217], "(2, 8, 2, 1)": [0.0185343436896801, 0.01661439798772335, 0.019111251458525658, 0.01863054372370243, 0.018496111035346985], "(3, 3, 1, 2)": [0.018358442932367325, 0.0185508094727993, 0.01748391054570675, 0.019094889983534813, 0.018066901713609695], "(3, 3, 2, 2)": [0.018962809816002846, 0.019027678295969963, 0.018986115232110023, 0.01930365525186062, 0.01896408572793007], "(2, 3, 1, 1)": [0.015619546175003052, 0.01686234585940838, 0.016883065924048424, 0.017529603093862534, 0.018998965620994568], "(3, 4, 2, 2)": [0.01974060758948326, 0.01961652934551239, 0.01967623084783554, 0.019711794331669807, 0.019845791161060333], "(3, 6, 1, 1)": [0.01997554674744606, 0.019957266747951508, 0.01998458057641983, 0.0199788436293602, 0.01996372640132904], "(3, 6, 1, 2)": [0.019936565309762955, 0.019957564771175385, 0.01994747668504715, 0.019952116534113884, 0.019948778674006462], "(3, 6, 2, 2)": [0.019996371120214462, 0.019965760409832, 0.01985016278922558, 0.0199478417634964, 0.01985834166407585], "(3, 7, 1, 2)": [0.019742142409086227, 0.019667329266667366, 0.01957445964217186, 0.019292635843157768, 0.019584210589528084], "(3, 9, 1, 2)": [0.018071981146931648, 0.01731666550040245, 0.0174122154712677, 0.017441334202885628, 0.013361684046685696], "(3, 9, 1, 1)": [0.018638672307133675, 0.01799018494784832, 0.01790432073175907, 0.017972765490412712, 0.01779678463935852], "(3, 8, 1, 1)": [0.019200142472982407, 0.019258465617895126, 0.019033173099160194, 0.019205192103981972, 0.019023826345801353], "(2, 8, 1, 1)": [0.018969744443893433, 0.01919100433588028, 0.018924403935670853, 0.01899343729019165, 0.018474414944648743], "(2, 8, 1, 2)": [0.01892002299427986, 0.018878933042287827, 0.01878732442855835, 0.018339842557907104, 0.018205570057034492], "(2, 5, 2, 2)": [0.01992521435022354, 0.01996745727956295, 0.019931718707084656, 0.019982554018497467, 0.019932756200432777], "(2, 5, 1, 1)": [0.019811630249023438, 0.01972920447587967, 0.019846361130475998, 0.019964102655649185, 0.019753731787204742], "(2, 4, 1, 1)": [0.019032320007681847, 0.019174031913280487, 0.018967006355524063, 0.019578082486987114, 0.018980294466018677], "(3, 7, 2, 1)": [0.019739797338843346, 0.019661540165543556, 0.019606322050094604, 0.019584927707910538, 0.019606580957770348], "(3, 5, 1, 1)": [0.019846303388476372, 0.01980881206691265, 0.01989889144897461, 0.019893944263458252, 0.019981294870376587], "(3, 5, 2, 2)": [0.0199626125395298, 0.019966106861829758, 0.019977539777755737, 0.019975047558546066, 0.019980115815997124], "(3, 4, 1, 1)": [0.018989477306604385, 0.018992185592651367, 0.018956072628498077, 0.019033044576644897, 0.019496159628033638], "(3, 5, 2, 1)": [0.019967280328273773, 0.019951509311795235, 0.01994735561311245, 0.019951114431023598, 0.019990313798189163], "(3, 4, 2, 1)": [0.019524570554494858, 0.019585713744163513, 0.0196413304656744, 0.019614774733781815, 0.019783953204751015], "(3, 5, 1, 2)": [0.01996520720422268, 0.01997591368854046, 0.019982675090432167, 0.019964132457971573, 0.019974302500486374], "(2, 7, 1, 1)": [0.01985347829759121, 0.01971646584570408, 0.019679052755236626, 0.019643496721982956, 0.01967046782374382], "(2, 7, 2, 1)": [0.01974574849009514, 0.01924337074160576, 0.018935302272439003, 0.019037090241909027, 0.019590171054005623], "(2, 7, 1, 2)": [0.01973327063024044, 0.01958051323890686, 0.019515804946422577, 0.019346121698617935, 0.019525235518813133], "(2, 6, 1, 2)": [0.019961003214120865, 0.019968271255493164, 0.01990549825131893, 0.019948448985815048, 0.01993606984615326], "(2, 9, 1, 2)": [0.018097683787345886, 0.016720443964004517, 0.014891210943460464, 0.015968939289450645, 0.015391242690384388], "(2, 5, 2, 1)": [0.019917519763112068, 0.01988236792385578, 0.019878387451171875, 0.01989307813346386, 0.019970498979091644], "(3, 2, 2, 2)": [0.017594432458281517, 0.017878152430057526, 0.0180714912712574, 0.017964277416467667, 0.018000399693846703], "(3, 2, 1, 2)": [0.011308949440717697, 0.012857045978307724, 0.0, 0.01274566724896431, 0.018035363405942917], "(3, 2, 2, 1)": [0.013047019951045513, 0.01702631078660488, 0.017297256737947464, 0.01747640036046505, 0.018160399049520493], "(3, 1, 1, 1)": [-0.01330026425421238, -0.012661627493798733, -0.013540021143853664, -0.011987297795712948, 0.002452654065564275], "(2, 9, 1, 1)": [0.018534982576966286, 0.018041390925645828, 0.017776887863874435, 0.017796246334910393, 0.017776386812329292], "(2, 5, 1, 2)": [0.019961396232247353, 0.01996302790939808, 0.01997581496834755, 0.019969679415225983, 0.019969716668128967], "(2, 2, 2, 1)": [0.016632799059152603, 0.0170502420514822, 0.017587153241038322, 0.017529351636767387, 0.018203793093562126], "(3, 9, 2, 1)": [0.01698097586631775, 0.018132466822862625, 0.0075438013300299644, 0.016942717134952545, 0.015757037326693535], "(2, 4, 2, 2)": [0.01967550814151764, 0.019792351871728897, 0.019702397286891937, 0.019747478887438774, 0.019678719341754913], "(2, 4, 2, 1)": [0.019381720572710037, 0.019459718838334084, 0.01960011199116707, 0.019429344683885574, 0.019688056781888008], "(3, 6, 2, 1)": [0.019980721175670624, 0.01998410001397133, 0.01999685727059841, 0.019987331703305244, 0.01998218521475792],