{"q_values": {"(2, 6, 2, 2)": [0.018827224150300026, 0.018811997026205063, 0.01942111924290657, 0.019228210672736168, 0.019521266222000122], "(2, 6, 1, 1)": [0.017690300941467285, 0.017895717173814774, 0.0182889886200428, 0.01793721131980419, 0.01839657500386238], "(2, 7, 2, 2)": [0.01880498044192791, 0.01903548650443554, 0.01925286464393139, 0.01866818033158779, 0.018916133791208267], "(2, 8, 2, 2)": [0.017176903784275055, 0.017930656671524048, 0.017536785453557968, 0.01810218207538128, 0.017578449100255966], "(2, 9, 2, 2)": [0.01401409413665533, 0.009489505551755428, 0.014471533708274364, 0.007670929655432701, 0.0036117956042289734], "(2, 10, 2, 2)": [0.00042981887236237526, -0.0036855449434369802, -0.012785784900188446, -0.013177615590393543, -0.006590521894395351], "(3, 4, 1, 2)": [0.0, 0.008072653785347939, 0.0, 0.0, 0.004894080106168985], "(2, 1, 1, 1)": [-0.014288721606135368, -0.014378765597939491, -0.011847241781651974, 0.0006715911440551281, -0.005987703334540129], "(2, 1, 2, 2)": [-0.006111475173383951, 0.004654661752283573, 0.0, 0.00656089186668396, 0.003858785843476653], "(2, 2, 2, 2)": [0.010698688216507435, 0.015400472097098827, 0.011128604412078857, 0.013599621132016182, 0.014876163564622402], "(2, 3, 2, 2)": [0.01694822497665882, 0.018037235364317894, 0.017422188073396683, 0.01709223911166191, 0.017803071066737175], "(2, 3, 2, 1)": [0.007999134249985218, 0.011318527162075043, 0.016225432977080345, 0.01269159372895956, 0.010884358547627926], "(3, 3, 2, 1)": [0.016708754003047943, 0.014640817418694496, 0.01647486351430416, 0.014972781762480736, 0.01273391954600811], "(3, 3, 1, 1)": [0.01650536060333252, 0.016820576041936874, 0.016297128051519394, 0.017202680930495262, 0.017309466376900673], "(3, 2, 1, 1)": [0.011819997802376747, 0.007748599164187908, 0.01304363552480936, 0.016485070809721947, 0.014427629299461842], "(2, 2, 1, 1)": [0.011033941991627216, 0.016151249408721924, 0.010031385347247124, 0.012541143223643303, 0.007451791316270828], "(3, 8, 1, 2)": [0.014697324484586716, 0.01378081738948822, 0.012610250152647495, 0.012377269566059113, 0.0031856729183346033], "(3, 7, 1, 1)": [0.014755798503756523, 0.0167232733219862, 0.015984108671545982, 0.01469456497579813, 0.017148742452263832], "(3, 7, 2, 2)": [0.01806059293448925, 0.017153006047010422, 0.01900736428797245, 0.018450111150741577, 0.01861167699098587], "(3, 8, 2, 2)": [0.01709670200943947, 0.01650494895875454, 0.01818876899778843, 0.01787332072854042, 0.016692863777279854], "(3, 9, 2, 2)": [0.013827399350702763, 0.011872764676809311, 0.00480320118367672, 0.00045827776193618774, 0.011126147583127022], "(3, 10, 2, 2)": [-0.011409176513552666, -0.010106970556080341, -0.009731534868478775, -0.008185252547264099, -0.009428983554244041], "(2, 8, 2, 1)": [0.0, 0.005642582196742296, 0.004251031205058098, 0.0053071496076881886, 0.009348477236926556], "(3, 3, 1, 2)": [0.005422674119472504, 0.0, 0.0028436891734600067, 0.0028484570793807507, 0.0], "(3, 3, 2, 2)": [0.01756218820810318, 0.01748240366578102, 0.018158039078116417, 0.01711510308086872, 0.017788022756576538], "(2, 3, 1, 1)": [0.017526177689433098, 0.01781458780169487, 0.018146205693483353, 0.017866797745227814, 0.017949819564819336], "(3, 4, 2, 2)": [0.015701008960604668, 0.0172170028090477, 0.017474649474024773, 0.018820852041244507, 0.018740421161055565], "(3, 6, 1, 1)": [0.019502345472574234, 0.019133515655994415, 0.019169624894857407, 0.018296146765351295, 0.019124304875731468], "(3, 6, 1, 2)": [0.0, 0.011501133441925049, 0.00906111765652895, 0.014972824603319168, 0.007992874830961227], "(3, 6, 2, 2)": [0.01898985356092453, 0.018055517226457596, 0.01860855147242546, 0.01948375813663006, 0.019309338182210922], "(3, 7, 1, 2)": [0.011801252141594887, 0.004480800125747919, 0.014892812818288803, 0.0051086232997477055, 0.011111479252576828], "(3, 9, 1, 2)": [0.011440427042543888, 0.008067899383604527, 0.009899810887873173, 0.003102655988186598, 0.004289144650101662], "(3, 9, 1, 1)": [0.014880203641951084, 0.013615930452942848, 0.014245628379285336, 0.00830619316548109, 0.012138666585087776], "(3, 8, 1, 1)": [0.015946751460433006, 0.016950853168964386, 0.017772551625967026, 0.014667004346847534, 0.016722485423088074], "(2, 8, 1, 1)": [0.01841799169778824, 0.01825430989265442, 0.018353171646595, 0.017929300665855408, 0.01855223812162876], "(2, 8, 1, 2)": [0.017258966341614723, 0.018169034272432327, 0.016812827438116074, 0.017485933378338814, 0.016236120834946632], "(2, 5, 2, 2)": [0.016524769365787506, 0.018505824729800224, 0.01976126618683338, 0.019451212137937546, 0.019668035209178925], "(2, 5, 1, 1)": [0.019034327939152718, 0.01849484071135521, 0.019568778574466705, 0.019324373453855515, 0.017224576324224472], "(2, 4, 1, 1)": [0.01907963864505291, 0.018253641203045845, 0.019011367112398148, 0.01868172362446785, 0.01674986258149147], "(3, 7, 2, 1)": [0.0, 0.0, 0.0, 0.0, 0.0], "(3, 5, 1, 1)": [0.019225746393203735, 0.019149713218212128, 0.018799496814608574, 0.01859642006456852, 0.018936239182949066], "(3, 5, 2, 2)": [0.01752123236656189, 0.019426370039582253, 0.01970401592552662, 0.01967981830239296, 0.019698582589626312], "(3, 4, 1, 1)": [0.017681298777461052, 0.01751370169222355, 0.01808691769838333, 0.01775633729994297, 0.01660752482712269], "(3, 5, 2, 1)": [0.015928689390420914, 0.008569659665226936, 0.010897436179220676, 0.016533292829990387, 0.010061047971248627], "(3, 4, 2, 1)": [0.011337881907820702, 0.010289774276316166, 0.0, 0.0029217596165835857, 0.011327112093567848], "(3, 5, 1, 2)": [0.0, 0.01226675696671009, 0.003882298246026039, 0.005928377155214548, 0.0100711053237319], "(2, 7, 1, 1)": [0.018973462283611298, 0.018970631062984467, 0.01888998970389366, 0.018719378858804703, 0.017562249675393105], "(2, 7, 2, 1)": [0.0, 0.003441805485635996, 0.0037879813462495804, 0.0, 0.009866166859865189], "(2, 7, 1, 2)": [0.014835179783403873, 0.017372803762555122, 0.0094717126339674, 0.011860865168273449, 0.01626594550907612], "(2, 6, 1, 2)": [0.00971648283302784, 0.01454855129122734, 0.00997161865234375, 0.01445891335606575, 0.008426638320088387], "(2, 9, 1, 2)": [0.010014813393354416, 0.01193954236805439, 0.005860229022800922, 0.012708697468042374, 0.013125297613441944], "(2, 5, 2, 1)": [0.005882756318897009, 0.009551573544740677, 0.004424640443176031, 0.00941859558224678, 0.0], "(3, 2, 2, 2)": [0.015528292395174503, 0.01585168018937111, 0.014960156753659248, 0.017045672982931137, 0.01596447452902794], "(3, 2, 1, 2)": [0.0, 0.004954811185598373, 0.0, 0.0026985087897628546, 0.005205608904361725], "(3, 2, 2, 1)": [0.013152217492461205, 0.007520555518567562, 0.011862056329846382, 0.015457636676728725, 0.011701919138431549], "(3, 1, 1, 1)": [-0.005799117498099804, -0.010252515785396099, -0.010941823944449425, -0.006030169781297445, -0.008190209046006203], "(2, 9, 1, 1)": [0.012351424433290958, 0.008598783984780312, 0.0067632682621479034, 0.006752100773155689, 0.007694928906857967], "(2, 5, 1, 2)": [0.005432070232927799, 0.005720487795770168, 0.003803869243711233, 0.0, 0.004128378815948963], "(2, 2, 2, 1)": [0.012194018810987473, 0.0, 0.0038082574028521776, 0.005477648228406906, 0.007103743031620979], "(3, 9, 2, 1)": [0.0033079807180911303, 0.004750903230160475, 0.0032027217093855143, 0.0, 0.0], "(2, 4, 2, 2)": [0.017904959619045258, 0.01779826730489731, 0.018341651186347008, 0.018430368974804878, 0.019438225775957108], "(2, 4, 2, 1)": [0.01250357273966074, 0.011952769011259079, 0.015305353328585625, 0.009530497714877129, 0.012604624032974243], "(3, 6, 2, 1)": [0.012582718394696712, 0.012498684227466583, 0.013744428753852844, 0.0, 0.012685570865869522], "(2, 1, 2, 1)": [0.0, 0.0, 0.0, 0.0031951700802892447, 0.0], "(3, 8, 2, 1)": [0.0, 0.0, 0.0, 0.0, 0.0], "(3, 1, 2, 1)": [0.0, 0.0, 0.0, 0.0025148021522909403, 0.0031529224943369627], "(3, 1, 2, 2)": [-0.004472040105611086, 0.0, 0.0, 0.007448495831340551, 0.003171966876834631], "(2, 10, 1, 2)": [0.004223954398185015, 0.0, 0.0, 0.0, -0.009845346212387085],