{"q_values": {"(2, 6, 2, 2)": [0.019917676225304604, 0.019956771284341812, 0.019904693588614464, 0.01989595592021942, 0.019706396386027336], "(2, 6, 1, 1)": [0.01997341960668564, 0.01995602250099182, 0.019960125908255577, 0.019947992637753487, 0.01994972676038742], "(2, 7, 2, 2)": [0.01941007375717163, 0.01918535679578781, 0.019427742809057236, 0.019376736134290695, 0.01873715966939926], "(2, 8, 2, 2)": [0.018230199813842773, 0.017895285040140152, 0.01641731709241867, 0.017707981169223785, 0.018081851303577423], "(2, 9, 2, 2)": [0.005762145854532719, 0.011950084939599037, 0.013900278136134148, 0.011093959212303162, 0.010609298013150692], "(2, 10, 2, 2)": [0.007381707429885864, -0.012172705493867397, -0.007164808455854654, -0.00912934634834528, -0.01209875289350748], "(3, 4, 1, 2)": [0.01279731746762991, 0.018018947914242744, 0.011737915687263012, 0.012921925634145737, 0.01468116044998169], "(2, 1, 1, 1)": [-0.013604491949081421, -0.011617384850978851, -0.011461494490504265, -0.007109615486115217, -0.006427419371902943], "(2, 1, 2, 2)": [0.0031416474375873804, 0.010120991617441177, 0.0, 0.016456015408039093, 0.00618777796626091], "(2, 2, 2, 2)": [0.017212199047207832, 0.017728980630636215, 0.01798124611377716, 0.018164006993174553, 0.01819581352174282], "(2, 3, 2, 2)": [0.0189367663115263, 0.019053271040320396, 0.019057994708418846, 0.019239498302340508, 0.019047249108552933], "(2, 3, 2, 1)": [0.017838267609477043, 0.01846492663025856, 0.018469247967004776, 0.01839594542980194, 0.01905934140086174], "(3, 3, 2, 1)": [0.01849731057882309, 0.01847957819700241, 0.018589211627840996, 0.018832851201295853, 0.01892063021659851], "(3, 3, 1, 1)": [0.018064994364976883, 0.01797284372150898, 0.018094133585691452, 0.018312929198145866, 0.01785171404480934], "(3, 2, 1, 1)": [0.012614745646715164, 0.0057899802923202515, 0.011450412683188915, 0.012967257760465145, 0.011607764288783073], "(2, 2, 1, 1)": [0.01360883004963398, 0.013745829463005066, 0.012165782041847706, 0.015849696472287178, 0.015133121982216835], "(3, 8, 1, 2)": [0.019039977341890335, 0.01871177740395069, 0.018326833844184875, 0.017999809235334396, 0.018006402999162674], "(3, 7, 1, 1)": [0.019684096798300743, 0.019674204289913177, 0.01960061863064766, 0.01946285180747509, 0.01969958283007145], "(3, 7, 2, 2)": [0.019393905997276306, 0.019298072904348373, 0.019159698858857155, 0.01927885413169861, 0.019406748935580254], "(3, 8, 2, 2)": [0.018769796937704086, 0.018474433571100235, 0.018153980374336243, 0.0184416975826025, 0.017464838922023773], "(3, 9, 2, 2)": [0.014860783703625202, 0.012315364554524422, 0.012324778363108635, 0.011897589080035686, 0.012762636877596378], "(3, 10, 2, 2)": [-0.005583946593105793, -0.006019977852702141, -0.00674425158649683, -0.012176553718745708, -0.012804022058844566], "(2, 8, 2, 1)": [0.005747215822339058, 0.009626302868127823, 0.012619923800230026, 0.009252767078578472, 0.018125267699360847], "(3, 3, 1, 2)": [0.017158662900328636, 0.016413232311606407, 0.009608013555407524, 0.011071793735027313, 0.005588230676949024], "(3, 3, 2, 2)": [0.018938766792416573, 0.018775345757603645, 0.019138766452670097, 0.019036900252103806, 0.019295401871204376], "(2, 3, 1, 1)": [0.018446076661348343, 0.01748560555279255, 0.018351145088672638, 0.017793171107769012, 0.01828840933740139], "(3, 4, 2, 2)": [0.01961337774991989, 0.019618863239884377, 0.019747331738471985, 0.01976609230041504, 0.01871046982705593], "(3, 6, 1, 1)": [0.01995060220360756, 0.01996082440018654, 0.0199601873755455, 0.019949771463871002, 0.019966229796409607], "(3, 6, 1, 2)": [0.018282189965248108, 0.015783309936523438, 0.012254892848432064, 0.019710101187229156, 0.017009790986776352], "(3, 6, 2, 2)": [0.019655991345643997, 0.019818078726530075, 0.019583797082304955, 0.01976444385945797, 0.019828548654913902], "(3, 7, 1, 2)": [0.019482076168060303, 0.01828622631728649, 0.01937142014503479, 0.01768248714506626, 0.018986886367201805], "(3, 9, 1, 2)": [0.017833594232797623, 0.016616670414805412, 0.01723596267402172, 0.015143285505473614, 0.015573844313621521], "(3, 9, 1, 1)": [0.018245484679937363, 0.018176598474383354, 0.018426459282636642, 0.01771414838731289, 0.017470581457018852], "(3, 8, 1, 1)": [0.019176281988620758, 0.01918816566467285, 0.019110189750790596, 0.019043583422899246, 0.01884658820927143], "(2, 8, 1, 1)": [0.01907273195683956, 0.01922990009188652, 0.019156500697135925, 0.019097167998552322, 0.018873391672968864], "(2, 8, 1, 2)": [0.01623714342713356, 0.018888691440224648, 0.018917199224233627, 0.018715014681220055, 0.018603701144456863], "(2, 5, 2, 2)": [0.019949430599808693, 0.019960418343544006, 0.01994686760008335, 0.019958866760134697, 0.019968565553426743], "(2, 5, 1, 1)": [0.019871670752763748, 0.019727317616343498, 0.019851606339216232, 0.019904015585780144, 0.019846439361572266], "(2, 4, 1, 1)": [0.019097203388810158, 0.019252894446253777, 0.019440239295363426, 0.019510407000780106, 0.019470108672976494], "(3, 7, 2, 1)": [0.01802898570895195, 0.019779562950134277, 0.01771855726838112, 0.012766383588314056, 0.01954134926199913], "(3, 5, 1, 1)": [0.019789686426520348, 0.019794736057519913, 0.019840292632579803, 0.019852159544825554, 0.019834555685520172], "(3, 5, 2, 2)": [0.019939491525292397, 0.019956447184085846, 0.01995447836816311, 0.0199523214250803, 0.01994091272354126], "(3, 4, 1, 1)": [0.01914859563112259, 0.019397107884287834, 0.019147036597132683, 0.019353600218892097, 0.019290531054139137], "(3, 5, 2, 1)": [0.019829021766781807, 0.019725458696484566, 0.019139954820275307, 0.019841136410832405, 0.019348958507180214], "(3, 4, 2, 1)": [0.01952483505010605, 0.019383691251277924, 0.01946656033396721, 0.01949809119105339, 0.019617127254605293], "(3, 5, 1, 2)": [0.015105712227523327, 0.01940065063536167, 0.013123000971972942, 0.010134674608707428, 0.015102647244930267], "(2, 7, 1, 1)": [0.01968197524547577, 0.01975630782544613, 0.019679907709360123, 0.01961776427924633, 0.019404985010623932], "(2, 7, 2, 1)": [0.012932484969496727, 0.014083851128816605, 0.00777883967384696, 0.012778923846781254, 0.01787424273788929], "(2, 7, 1, 2)": [0.01932506263256073, 0.01942775771021843, 0.019078422337770462, 0.018986254930496216, 0.01939249224960804], "(2, 6, 1, 2)": [0.019936997443437576, 0.019949335604906082, 0.019923239946365356, 0.0198595579713583, 0.019787006080150604], "(2, 9, 1, 2)": [0.017136752605438232, 0.01729360781610012, 0.016530930995941162, 0.015385818667709827, 0.015143556520342827], "(2, 5, 2, 1)": [0.019089609384536743, 0.019942663609981537, 0.017179690301418304, 0.018058501183986664, 0.018799327313899994], "(3, 2, 2, 2)": [0.017637096345424652, 0.01763145811855793, 0.01824302040040493, 0.017972873523831367, 0.017762262374162674], "(3, 2, 1, 2)": [0.0051987129263579845, 0.012857045978307724, 0.0, 0.0026985087897628546, 0.013503136113286018], "(3, 2, 2, 1)": [0.016936052590608597, 0.01743372529745102, 0.016800660640001297, 0.016411801800131798, 0.015659790486097336], "(3, 1, 1, 1)": [-0.014104489237070084, -0.012128310278058052, -0.013660728931427002, -0.008576738648116589, -0.00936803687363863], "(2, 9, 1, 1)": [0.01798742264509201, 0.017839031293988228, 0.018107188865542412, 0.017622049897909164, 0.016990603879094124], "(2, 5, 1, 2)": [0.019891981035470963, 0.019937846809625626, 0.019755639135837555, 0.019930122420191765, 0.019963791593909264], "(2, 2, 2, 1)": [0.01618986763060093, 0.01630377024412155, 0.016246715560555458, 0.01761431246995926, 0.016556311398744583], "(3, 9, 2, 1)": [0.007886698469519615, 0.015466627664864063, 0.0032027217093855143, 0.0, 0.005707878153771162], "(2, 4, 2, 2)": [0.01958448998630047, 0.019681209698319435, 0.019744422286748886, 0.019762376323342323, 0.01973605528473854], "(2, 4, 2, 1)": [0.01908019930124283, 0.018875915557146072, 0.01951225847005844, 0.019476458430290222, 0.018540270626544952], "(3, 6, 2, 1)": [0.019885146990418434, 0.019799334928393364, 0.019879238680005074, 0.01991901732981205, 0.01988985203206539],