{"q_values": {"(2, 6, 2, 2)": [0.019660692662000656, 0.019619964063167572, 0.019808713346719742, 0.019789228215813637, 0.019611390307545662], "(2, 6, 1, 1)": [0.019904833287000656, 0.019895587116479874, 0.01993696764111519, 0.01989240013062954, 0.01990653946995735], "(2, 7, 2, 2)": [0.01938321441411972, 0.019109303131699562, 0.019104033708572388, 0.01908458210527897, 0.019122615456581116], "(2, 8, 2, 2)": [0.018899256363511086, 0.01827453449368477, 0.01822829246520996, 0.017921539023518562, 0.01796276494860649], "(2, 9, 2, 2)": [0.01806330494582653, 0.013251605443656445, 0.0033011455088853836, 0.0077175865881145, 0.010341687127947807], "(2, 10, 2, 2)": [0.002771873027086258, -0.012093961238861084, -0.013115892186760902, -0.01373510342091322, -0.013014267198741436], "(3, 4, 1, 2)": [0.019273020327091217, 0.01947891339659691, 0.01829027384519577, 0.019618656486272812, 0.01977020688354969], "(2, 1, 1, 1)": [-0.01290830411016941, -0.01345774158835411, -0.01301752869039774, -0.01529480516910553, -0.01035664789378643], "(2, 1, 2, 2)": [0.012966137379407883, 0.013333560898900032, 0.013075711205601692, 0.017463745549321175, 0.014753744937479496], "(2, 2, 2, 2)": [0.01632944867014885, 0.01783062145113945, 0.01788896694779396, 0.018467050045728683, 0.018013134598731995], "(2, 3, 2, 2)": [0.01893993467092514, 0.019041171297430992, 0.019019149243831635, 0.019000615924596786, 0.019251998513936996], "(2, 3, 2, 1)": [0.018664851784706116, 0.01837487891316414, 0.018741779029369354, 0.018962400034070015, 0.019120043143630028], "(3, 3, 2, 1)": [0.018109511584043503, 0.01845179684460163, 0.01864653080701828, 0.018542179837822914, 0.01908951997756958], "(3, 3, 1, 1)": [0.016313772648572922, 0.016594579443335533, 0.01572810485959053, 0.016703613102436066, 0.018464596942067146], "(3, 2, 1, 1)": [0.002015163190662861, 0.0010655540972948074, 0.006563297472894192, 0.017706694081425667, 0.0054220398887991905], "(2, 2, 1, 1)": [-0.0001345560885965824, 0.0018116976134479046, -0.0003079921007156372, -0.0015068163629621267, 0.018070494756102562], "(3, 8, 1, 2)": [0.019022099673748016, 0.01866111345589161, 0.018810877576470375, 0.018503336235880852, 0.01864197477698326], "(3, 7, 1, 1)": [0.01971494033932686, 0.01966303214430809, 0.01967533864080906, 0.019670141860842705, 0.019594784826040268], "(3, 7, 2, 2)": [0.019483188167214394, 0.018832704052329063, 0.019019516184926033, 0.018960338085889816, 0.018972188234329224], "(3, 8, 2, 2)": [0.01713615469634533, 0.018324173986911774, 0.01668831892311573, 0.017098193988204002, 0.017188774421811104], "(3, 9, 2, 2)": [0.017822399735450745, 0.00036185234785079956, 0.005477875471115112, 0.0068499501794576645, 0.006127136293798685], "(3, 10, 2, 2)": [-0.010327665135264397, -0.012295341119170189, -0.01228188443928957, -0.013107716105878353, -0.00965140014886856], "(2, 8, 2, 1)": [0.019092394039034843, 0.01661439798772335, 0.018799401819705963, 0.018489563837647438, 0.018573105335235596], "(3, 3, 1, 2)": [0.018589481711387634, 0.01845228485763073, 0.01748391054570675, 0.01913517154753208, 0.018435310572385788], "(3, 3, 2, 2)": [0.019062994047999382, 0.018902823328971863, 0.018966665491461754, 0.019067969173192978, 0.019360831007361412], "(2, 3, 1, 1)": [0.016658036038279533, 0.01468662265688181, 0.01677083410322666, 0.015766499564051628, 0.018722249194979668], "(3, 4, 2, 2)": [0.01967654749751091, 0.01967540569603443, 0.019575996324419975, 0.01979651488363743, 0.01968528889119625], "(3, 6, 1, 1)": [0.019896667450666428, 0.01989670842885971, 0.019878534600138664, 0.019984224811196327, 0.01989595778286457], "(3, 6, 1, 2)": [0.019903725013136864, 0.01993059553205967, 0.019898364320397377, 0.019900083541870117, 0.019838737323880196], "(3, 6, 2, 2)": [0.019684139639139175, 0.019700612872838974, 0.01999267190694809, 0.019701438024640083, 0.01966864801943302], "(3, 7, 1, 2)": [0.01943116821348667, 0.01970428042113781, 0.01950841024518013, 0.01951153576374054, 0.019136197865009308], "(3, 9, 1, 2)": [0.017996709793806076, 0.017605910077691078, 0.017539367079734802, 0.017564592882990837, 0.013361684046685696], "(3, 9, 1, 1)": [0.01838035322725773, 0.017997222021222115, 0.01781446672976017, 0.017810780555009842, 0.017807569354772568], "(3, 8, 1, 1)": [0.019307971000671387, 0.019080642610788345, 0.019139984622597694, 0.018964195623993874, 0.019005436450242996], "(2, 8, 1, 1)": [0.019398657605051994, 0.01898149400949478, 0.019052229821681976, 0.018939774483442307, 0.01913033425807953], "(2, 8, 1, 2)": [0.01920444518327713, 0.01841551437973976, 0.018301401287317276, 0.017944760620594025, 0.01845131441950798], "(2, 5, 2, 2)": [0.019854815676808357, 0.01987380161881447, 0.01985292136669159, 0.019893983379006386, 0.019874490797519684], "(2, 5, 1, 1)": [0.019653214141726494, 0.01967664621770382, 0.01966395415365696, 0.019696105271577835, 0.019688086584210396], "(2, 4, 1, 1)": [0.01891084760427475, 0.018712196499109268, 0.01896078512072563, 0.01907644234597683, 0.019480517134070396], "(3, 7, 2, 1)": [0.019806774333119392, 0.019653309136629105, 0.019629212096333504, 0.01955307088792324, 0.019418109208345413], "(3, 5, 1, 1)": [0.01968998648226261, 0.019712477922439575, 0.019710613414645195, 0.019973283633589745, 0.019707655534148216], "(3, 5, 2, 2)": [0.01990492269396782, 0.019891059026122093, 0.01996021717786789, 0.019906602799892426, 0.019904643297195435], "(3, 4, 1, 1)": [0.018781425431370735, 0.01883654296398163, 0.018671633675694466, 0.019148394465446472, 0.019194087013602257], "(3, 5, 2, 1)": [0.019846994429826736, 0.019851913675665855, 0.019898537546396255, 0.019883792847394943, 0.019989781081676483], "(3, 4, 2, 1)": [0.019008269533514977, 0.01946224272251129, 0.01939721405506134, 0.019511988386511803, 0.01969687081873417], "(3, 5, 1, 2)": [0.019852861762046814, 0.019929148256778717, 0.01992841064929962, 0.019971633329987526, 0.019906943663954735], "(2, 7, 1, 1)": [0.019614143297076225, 0.019789882004261017, 0.019575055688619614, 0.019623447209596634, 0.01961936429142952], "(2, 7, 2, 1)": [0.019707966595888138, 0.019533421844244003, 0.019355472177267075, 0.01925281062722206, 0.01955273002386093], "(2, 7, 1, 2)": [0.019355375319719315, 0.019454261288046837, 0.01935138925909996, 0.019357388839125633, 0.019344329833984375], "(2, 6, 1, 2)": [0.01993095502257347, 0.01987272873520851, 0.019893815740942955, 0.01986556500196457, 0.019891537725925446], "(2, 9, 1, 2)": [0.018110541626811028, 0.016507353633642197, 0.016645528376102448, 0.01690712571144104, 0.013640412129461765], "(2, 5, 2, 1)": [0.01977074146270752, 0.019860386848449707, 0.01995128020644188, 0.019901607185602188, 0.01993439346551895], "(3, 2, 2, 2)": [0.017468703910708427, 0.017784858122467995, 0.017708757892251015, 0.0178238432854414, 0.018531154841184616], "(3, 2, 1, 2)": [0.011729464866220951, 0.012857045978307724, 0.0, 0.01274566724896431, 0.018218059092760086], "(3, 2, 2, 1)": [0.013899439945816994, 0.015393218956887722, 0.016775598749518394, 0.017753468826413155, 0.016346067190170288], "(3, 1, 1, 1)": [-0.01330026425421238, -0.014239472337067127, -0.013040195219218731, -0.008174192160367966, -0.0009762006811797619], "(2, 9, 1, 1)": [0.01857827976346016, 0.017919031903147697, 0.017883410677313805, 0.01779191754758358, 0.01776113361120224], "(2, 5, 1, 2)": [0.019916914403438568, 0.019937759265303612, 0.01994963176548481, 0.019939158111810684, 0.019941110163927078], "(2, 2, 2, 1)": [0.01685558445751667, 0.015592489391565323, 0.017371216788887978, 0.01739998161792755, 0.017981331795454025], "(3, 9, 2, 1)": [0.01741022989153862, 0.018304428085684776, 0.010727948509156704, 0.016942717134952545, 0.01676950417459011], "(2, 4, 2, 2)": [0.01965753361582756, 0.019526587799191475, 0.019635651260614395, 0.019808189943432808, 0.019693538546562195], "(2, 4, 2, 1)": [0.019472777843475342, 0.01934783346951008, 0.019584670662879944, 0.019604088738560677, 0.01974807307124138], "(3, 6, 2, 1)": [0.019936731085181236, 0.019984180107712746, 0.019924523308873177, 0.01990095153450966, 0.019918227568268776],