{"q_values": {"(2, 6, 2, 2)": [0.01943102851510048, 0.019694354385137558, 0.019682815298438072, 0.019612642005085945, 0.019680697470903397], "(2, 6, 1, 1)": [0.019917195662856102, 0.01973796635866165, 0.019971143454313278, 0.01991969905793667, 0.019885670393705368], "(2, 7, 2, 2)": [0.019228627905249596, 0.019014185294508934, 0.018920795992016792, 0.01892290823161602, 0.018939368426799774], "(2, 8, 2, 2)": [0.018918508663773537, 0.01628906838595867, 0.016850601881742477, 0.016955379396677017, 0.017171338200569153], "(2, 9, 2, 2)": [0.003216288983821869, 0.013495770283043385, 0.0033011455088853836, 0.004316008649766445, 0.004348225891590118], "(2, 10, 2, 2)": [0.00802561454474926, -0.012093961238861084, -0.013115892186760902, -0.01373510342091322, -0.013014267198741436], "(3, 4, 1, 2)": [0.019273020327091217, 0.01947891339659691, 0.01829027384519577, 0.019618656486272812, 0.019764065742492676], "(2, 1, 1, 1)": [-0.01290830411016941, -0.01345774158835411, -0.01301752869039774, -0.01529480516910553, 0.01056155376136303], "(2, 1, 2, 2)": [0.012966137379407883, 0.013333560898900032, 0.013075711205601692, 0.01751507632434368, 0.014753744937479496], "(2, 2, 2, 2)": [0.01632944867014885, 0.01783062145113945, 0.01788896694779396, 0.017849009484052658, 0.0185408778488636], "(2, 3, 2, 2)": [0.018999096006155014, 0.019020237028598785, 0.019054215401411057, 0.019175462424755096, 0.01900535449385643], "(2, 3, 2, 1)": [0.018664851784706116, 0.01837487891316414, 0.018741779029369354, 0.018962400034070015, 0.01907062716782093], "(3, 3, 2, 1)": [0.01831887476146221, 0.01845179684460163, 0.01860615238547325, 0.018606306985020638, 0.019113020971417427], "(3, 3, 1, 1)": [0.016313772648572922, 0.016594579443335533, 0.01665501669049263, 0.017490578815340996, 0.017118848860263824], "(3, 2, 1, 1)": [0.006285312585532665, 0.005983504466712475, 0.004769222345203161, 0.015034007839858532, 0.0054220398887991905], "(2, 2, 1, 1)": [-0.0001345560885965824, 0.0018116976134479046, -0.0003079921007156372, -0.0015068163629621267, 0.01812220737338066], "(3, 8, 1, 2)": [0.019080016762018204, 0.01866111345589161, 0.018810877576470375, 0.01870446279644966, 0.01864197477698326], "(3, 7, 1, 1)": [0.019794868305325508, 0.019699422642588615, 0.019620511680841446, 0.01963263377547264, 0.019589312374591827], "(3, 7, 2, 2)": [0.019560612738132477, 0.018763549625873566, 0.01859026588499546, 0.0188378244638443, 0.018379472196102142], "(3, 8, 2, 2)": [0.018733350560069084, 0.016390087082982063, 0.01658599264919758, 0.015565741807222366, 0.015014652162790298], "(3, 9, 2, 2)": [0.017902813851833344, 0.00036185234785079956, 0.006834112573415041, 0.0013313661329448223, 0.006108568981289864], "(3, 10, 2, 2)": [0.003137755673378706, -0.012295341119170189, -0.01228188443928957, -0.013107716105878353, -0.010628719814121723], "(2, 8, 2, 1)": [0.019194087013602257, 0.01661439798772335, 0.018799401819705963, 0.018489563837647438, 0.018573105335235596], "(3, 3, 1, 2)": [0.018589481711387634, 0.01845228485763073, 0.01748391054570675, 0.01902737468481064, 0.018435310572385788], "(3, 3, 2, 2)": [0.018811959773302078, 0.01902673952281475, 0.019121209159493446, 0.018929217010736465, 0.019363315775990486], "(2, 3, 1, 1)": [0.016658036038279533, 0.01468662265688181, 0.017673036083579063, 0.017276670783758163, 0.018834728747606277], "(3, 4, 2, 2)": [0.019641753286123276, 0.01965566724538803, 0.01962357386946678, 0.01967347040772438, 0.01989668235182762], "(3, 6, 1, 1)": [0.01994624361395836, 0.019995996728539467, 0.01992005668580532, 0.019946789368987083, 0.01992913894355297], "(3, 6, 1, 2)": [0.01998133771121502, 0.019774053245782852, 0.019913766533136368, 0.019861945882439613, 0.019899046048521996], "(3, 6, 2, 2)": [0.01999576762318611, 0.019858531653881073, 0.019704395905137062, 0.019711554050445557, 0.019759299233555794], "(3, 7, 1, 2)": [0.019718652591109276, 0.019423142075538635, 0.01945599354803562, 0.019457411020994186, 0.019136197865009308], "(3, 9, 1, 2)": [0.017979474738240242, 0.017605910077691078, 0.017539367079734802, 0.017564592882990837, 0.013361684046685696], "(3, 9, 1, 1)": [0.01791740208864212, 0.01836945116519928, 0.017870919778943062, 0.017897482961416245, 0.017877371981739998], "(3, 8, 1, 1)": [0.01900915801525116, 0.019221901893615723, 0.019003309309482574, 0.018999774008989334, 0.018978137522935867], "(2, 8, 1, 1)": [0.018639538437128067, 0.018978068605065346, 0.019135354086756706, 0.018916800618171692, 0.01894182339310646], "(2, 8, 1, 2)": [0.01901504583656788, 0.018467077985405922, 0.018301401287317276, 0.017944760620594025, 0.01857607252895832], "(2, 5, 2, 2)": [0.01993262581527233, 0.019933680072426796, 0.019909899681806564, 0.019930444657802582, 0.019929731264710426], "(2, 5, 1, 1)": [0.019765524193644524, 0.019703269004821777, 0.01980775222182274, 0.019804757088422775, 0.019998598843812943], "(2, 4, 1, 1)": [0.019126828759908676, 0.019107257947325706, 0.019176702946424484, 0.019322309643030167, 0.019123733043670654], "(3, 7, 2, 1)": [0.019651897251605988, 0.019755519926548004, 0.019629212096333504, 0.01955307088792324, 0.019418109208345413], "(3, 5, 1, 1)": [0.01980246976017952, 0.019764134660363197, 0.019773242995142937, 0.019756371155381203, 0.019994158297777176], "(3, 5, 2, 2)": [0.01994890160858631, 0.019937971606850624, 0.019962869584560394, 0.01998942717909813, 0.0199634600430727], "(3, 4, 1, 1)": [0.018989795818924904, 0.01868877187371254, 0.019046779721975327, 0.019231297075748444, 0.019023284316062927], "(3, 5, 2, 1)": [0.01993623562157154, 0.019935017451643944, 0.019936176016926765, 0.01994924061000347, 0.019991762936115265], "(3, 4, 2, 1)": [0.01919928565621376, 0.01946224272251129, 0.01939721405506134, 0.0193930733948946, 0.01964941807091236], "(3, 5, 1, 2)": [0.019930139183998108, 0.01991901732981205, 0.019928036257624626, 0.01998940296471119, 0.01992347277700901], "(2, 7, 1, 1)": [0.019742455333471298, 0.019449636340141296, 0.019545888528227806, 0.019455917179584503, 0.019381655380129814], "(2, 7, 2, 1)": [0.019686415791511536, 0.019533421844244003, 0.019355472177267075, 0.01925281062722206, 0.01955273002386093], "(2, 7, 1, 2)": [0.019634071737527847, 0.019529780372977257, 0.01948225498199463, 0.019442999735474586, 0.01931917667388916], "(2, 6, 1, 2)": [0.019998470321297646, 0.019928744062781334, 0.0199334304779768, 0.019889865070581436, 0.019914081320166588], "(2, 9, 1, 2)": [0.01662290282547474, 0.016507353633642197, 0.016645528376102448, 0.01690712571144104, 0.013640412129461765], "(2, 5, 2, 1)": [0.01985359750688076, 0.019852889701724052, 0.019894221797585487, 0.019925877451896667, 0.01998715288937092], "(3, 2, 2, 2)": [0.017324041575193405, 0.017303958535194397, 0.017318442463874817, 0.016735877841711044, 0.01855795830488205], "(3, 2, 1, 2)": [0.011729464866220951, 0.012857045978307724, 0.0, 0.01274566724896431, 0.018201496452093124], "(3, 2, 2, 1)": [0.01604689471423626, 0.015393218956887722, 0.01571911759674549, 0.017495736479759216, 0.015188171528279781], "(3, 1, 1, 1)": [-0.01330026425421238, -0.014239472337067127, -0.013040195219218731, -0.008174192160367966, -0.0052506281062960625], "(2, 9, 1, 1)": [0.018251333385705948, 0.017865365371108055, 0.01787281222641468, 0.01779191754758358, 0.01776113361120224], "(2, 5, 1, 2)": [0.019934644922614098, 0.01993260160088539, 0.01999846287071705, 0.01993716135621071, 0.019927527755498886], "(2, 2, 2, 1)": [0.01685558445751667, 0.015592489391565323, 0.017371216788887978, 0.01739998161792755, 0.018030326813459396], "(3, 9, 2, 1)": [0.017483271658420563, 0.01801415905356407, 0.010727948509156704, 0.016942717134952545, 0.01676950417459011], "(2, 4, 2, 2)": [0.019663739949464798, 0.01967688649892807, 0.019672401249408722, 0.01967809349298477, 0.019831515848636627], "(2, 4, 2, 1)": [0.019472777843475342, 0.01934783346951008, 0.019602542743086815, 0.019604088738560677, 0.01973436027765274], "(3, 6, 2, 1)": [0.019994964823126793, 0.01994728483259678, 0.01993868686258793, 0.019932379946112633, 0.0198732390999794],