{"q_values": {"(2, 6, 2, 2)": [0.019996758550405502, 0.01969817653298378, 0.019688764587044716, 0.01990973949432373, 0.01978592947125435], "(2, 6, 1, 1)": [0.01994687132537365, 0.019908396527171135, 0.019998161122202873, 0.019952945411205292, 0.01996006816625595], "(2, 7, 2, 2)": [0.01955949142575264, 0.019176211208105087, 0.019263049587607384, 0.019198721274733543, 0.019173942506313324], "(2, 8, 2, 2)": [0.0188805740326643, 0.01827453449368477, 0.01822829246520996, 0.017921539023518562, 0.01796276494860649], "(2, 9, 2, 2)": [0.017943769693374634, 0.013251605443656445, 0.0033011455088853836, 0.0077175865881145, 0.010341687127947807], "(2, 10, 2, 2)": [0.007086360827088356, -0.012093961238861084, -0.013115892186760902, -0.01373510342091322, -0.013014267198741436], "(3, 4, 1, 2)": [0.019273020327091217, 0.01947891339659691, 0.01829027384519577, 0.019618656486272812, 0.019740071147680283], "(2, 1, 1, 1)": [-0.01290830411016941, -0.01345774158835411, -0.01301752869039774, -0.01529480516910553, -0.0021429015323519707], "(2, 1, 2, 2)": [0.012966137379407883, 0.013333560898900032, 0.013075711205601692, 0.01753307320177555, 0.014753744937479496], "(2, 2, 2, 2)": [0.01632944867014885, 0.01783062145113945, 0.01788896694779396, 0.0180059727281332, 0.01861070655286312], "(2, 3, 2, 2)": [0.018999096006155014, 0.01907365769147873, 0.019019149243831635, 0.019000615924596786, 0.019197586923837662], "(2, 3, 2, 1)": [0.018664851784706116, 0.01837487891316414, 0.018741779029369354, 0.018962400034070015, 0.01922912336885929], "(3, 3, 2, 1)": [0.018109511584043503, 0.01845179684460163, 0.01864653080701828, 0.01874525099992752, 0.018632756546139717], "(3, 3, 1, 1)": [0.016313772648572922, 0.016594579443335533, 0.01572810485959053, 0.016703613102436066, 0.018581736832857132], "(3, 2, 1, 1)": [0.006285312585532665, 0.005983504466712475, 0.004769222345203161, 0.017594821751117706, 0.0054220398887991905], "(2, 2, 1, 1)": [-0.0001345560885965824, 0.0018116976134479046, -0.0003079921007156372, -0.0015068163629621267, 0.018040208145976067], "(3, 8, 1, 2)": [0.019126616418361664, 0.01866111345589161, 0.018810877576470375, 0.01870446279644966, 0.01864197477698326], "(3, 7, 1, 1)": [0.019888997077941895, 0.019628403708338737, 0.019542271271348, 0.019649438560009003, 0.019544024020433426], "(3, 7, 2, 2)": [0.019549380987882614, 0.01863640919327736, 0.018871553242206573, 0.018987925723195076, 0.01909450814127922], "(3, 8, 2, 2)": [0.016763539984822273, 0.016433516517281532, 0.01668831892311573, 0.016826799139380455, 0.01602448709309101], "(3, 9, 2, 2)": [0.002475576475262642, 0.00036185234785079956, 0.011969108134508133, 0.0057183001190423965, 0.003743343520909548], "(3, 10, 2, 2)": [-0.003880643518641591, -0.012295341119170189, -0.01228188443928957, -0.013107716105878353, -0.010628719814121723], "(2, 8, 2, 1)": [0.019127508625388145, 0.01661439798772335, 0.018799401819705963, 0.018489563837647438, 0.018573105335235596], "(3, 3, 1, 2)": [0.018589481711387634, 0.01845228485763073, 0.01748391054570675, 0.019257262349128723, 0.018435310572385788], "(3, 3, 2, 2)": [0.018811959773302078, 0.0189850814640522, 0.018911857157945633, 0.018929217010736465, 0.01938609965145588], "(2, 3, 1, 1)": [0.016658036038279533, 0.01468662265688181, 0.017330661416053772, 0.01668752357363701, 0.01909208483994007], "(3, 4, 2, 2)": [0.019641753286123276, 0.019612252712249756, 0.019609754905104637, 0.01961357146501541, 0.019856084138154984], "(3, 6, 1, 1)": [0.01994653232395649, 0.01996045559644699, 0.019999461248517036, 0.019949117675423622, 0.01992962323129177], "(3, 6, 1, 2)": [0.019994372501969337, 0.019774053245782852, 0.01983538642525673, 0.01986239105463028, 0.019758980721235275], "(3, 6, 2, 2)": [0.01999298483133316, 0.019756486639380455, 0.019847210496664047, 0.019908364862203598, 0.019919080659747124], "(3, 7, 1, 2)": [0.019739706069231033, 0.019423142075538635, 0.01945599354803562, 0.019457411020994186, 0.019136197865009308], "(3, 9, 1, 2)": [0.017844747751951218, 0.017605910077691078, 0.017539367079734802, 0.017564592882990837, 0.013361684046685696], "(3, 9, 1, 1)": [0.018264537677168846, 0.01796901598572731, 0.017870919778943062, 0.017810780555009842, 0.017807569354772568], "(3, 8, 1, 1)": [0.019389217719435692, 0.01909962110221386, 0.019003309309482574, 0.019088957458734512, 0.019005436450242996], "(2, 8, 1, 1)": [0.019443998113274574, 0.019123762845993042, 0.019052229821681976, 0.018939774483442307, 0.01905469037592411], "(2, 8, 1, 2)": [0.018769726157188416, 0.018467077985405922, 0.018301401287317276, 0.017944760620594025, 0.01845131441950798], "(2, 5, 2, 2)": [0.01988767459988594, 0.019948916509747505, 0.019940707832574844, 0.019997097551822662, 0.019917704164981842], "(2, 5, 1, 1)": [0.01988120563328266, 0.01988915540277958, 0.019819118082523346, 0.019785210490226746, 0.01999627985060215], "(2, 4, 1, 1)": [0.019126828759908676, 0.019138019531965256, 0.019108526408672333, 0.01923004910349846, 0.01964009925723076], "(3, 7, 2, 1)": [0.019651897251605988, 0.019793856889009476, 0.019629212096333504, 0.01955307088792324, 0.019418109208345413], "(3, 5, 1, 1)": [0.019848287105560303, 0.01973588950932026, 0.019908204674720764, 0.019825726747512817, 0.01997164450585842], "(3, 5, 2, 2)": [0.01994960568845272, 0.019982336089015007, 0.019933290779590607, 0.019988765940070152, 0.019963731989264488], "(3, 4, 1, 1)": [0.01881139911711216, 0.01868877187371254, 0.018992649391293526, 0.019611820578575134, 0.019023284316062927], "(3, 5, 2, 1)": [0.01983274333178997, 0.019909698516130447, 0.019906537607312202, 0.01998678594827652, 0.019929060712456703], "(3, 4, 2, 1)": [0.01919928565621376, 0.01946224272251129, 0.01939721405506134, 0.019511988386511803, 0.019732022657990456], "(3, 5, 1, 2)": [0.01994284987449646, 0.01991901732981205, 0.019933637231588364, 0.019930928945541382, 0.019991261884570122], "(2, 7, 1, 1)": [0.01983177848160267, 0.01967528462409973, 0.019660145044326782, 0.01958574540913105, 0.019594766199588776], "(2, 7, 2, 1)": [0.019692428410053253, 0.019533421844244003, 0.019355472177267075, 0.01925281062722206, 0.01955273002386093], "(2, 7, 1, 2)": [0.019657662138342857, 0.019423460587859154, 0.01935138925909996, 0.019401125609874725, 0.019344329833984375], "(2, 6, 1, 2)": [0.019999269396066666, 0.01992601715028286, 0.019957778975367546, 0.019845416769385338, 0.019866149872541428], "(2, 9, 1, 2)": [0.017795486375689507, 0.016507353633642197, 0.016645528376102448, 0.01690712571144104, 0.013640412129461765], "(2, 5, 2, 1)": [0.01988857239484787, 0.019926734268665314, 0.019918551668524742, 0.01998656615614891, 0.01991621032357216], "(3, 2, 2, 2)": [0.017324041575193405, 0.017303958535194397, 0.017318442463874817, 0.016735877841711044, 0.018405646085739136], "(3, 2, 1, 2)": [0.011729464866220951, 0.012857045978307724, 0.0, 0.01274566724896431, 0.018040934577584267], "(3, 2, 2, 1)": [0.015740839764475822, 0.015393218956887722, 0.016083551570773125, 0.016401151195168495, 0.017533663660287857], "(3, 1, 1, 1)": [-0.01330026425421238, -0.014239472337067127, -0.013040195219218731, -0.008174192160367966, 0.002130147535353899], "(2, 9, 1, 1)": [0.018469175323843956, 0.017865365371108055, 0.01787281222641468, 0.01779191754758358, 0.01776113361120224], "(2, 5, 1, 2)": [0.01995493657886982, 0.01996634341776371, 0.01999945379793644, 0.019953325390815735, 0.0199398435652256], "(2, 2, 2, 1)": [0.01685558445751667, 0.015592489391565323, 0.017371216788887978, 0.01739998161792755, 0.018328342586755753], "(3, 9, 2, 1)": [0.01741022989153862, 0.018290458247065544, 0.010727948509156704, 0.016942717134952545, 0.01676950417459011], "(2, 4, 2, 2)": [0.019635461270809174, 0.019653040915727615, 0.019651276990771294, 0.01963942125439644, 0.01987351104617119], "(2, 4, 2, 1)": [0.019472777843475342, 0.01934783346951008, 0.019584670662879944, 0.019604088738560677, 0.01979122869670391], "(3, 6, 2, 1)": [0.019951755180954933, 0.01999891735613346, 0.019932273775339127, 0.019946152344346046, 0.0199587382376194],