{"q_values": {"(2, 6, 2, 2)": [0.014581297524273396, 0.012125048786401749, 0.011966227553784847, 0.01008126512169838, 0.012238670140504837, 0.013301623985171318, 0.013567360118031502, 0.01122394111007452, 0.013363991864025593, 0.012899127788841724, 0.014192935079336166], "(2, 6, 1, 1)": [0.01724519208073616, 0.015026496723294258, 0.016713449731469154, 0.013783219270408154, 0.015067103318870068, 0.01660548336803913, 0.015508804470300674, 0.017434967681765556, 0.015380248427391052, 0.012650927528738976, 0.014615834690630436], "(2, 5, 1, 1)": [0.0164504237473011, 0.017617063596844673, 0.015008877031505108, 0.01609402522444725, 0.016924938187003136, 0.01451865117996931, 0.017175039276480675, 0.016653794795274734, 0.011758885346353054, 0.01586258038878441, 0.014936446212232113], "(2, 4, 1, 1)": [0.017313068732619286, 0.01700783148407936, 0.017257725819945335, 0.016781743615865707, 0.01741909049451351, 0.017627637833356857, 0.01514270156621933, 0.01662306673824787, 0.015487296506762505, 0.015238026157021523, 0.015675032511353493], "(2, 3, 1, 1)": [0.014535311609506607, 0.016608700156211853, 0.015889285132288933, 0.016011083498597145, 0.015347321517765522, 0.01527947373688221, 0.014904599636793137, 0.014456281438469887, 0.015355334617197514, 0.01451469399034977, 0.015277507714927197], "(2, 3, 2, 2)": [0.011818205006420612, 0.012940516695380211, 0.011607689782977104, 0.01412976160645485, 0.013423201628029346, 0.014038880355656147, 0.012145702727138996, 0.014545369893312454, 0.008367139846086502, 0.012100478634238243, 0.015606207773089409], "(2, 4, 2, 2)": [0.015019448474049568, 0.010292312130331993, 0.012600176967680454, 0.008909037336707115, 0.011627143248915672, 0.011856144294142723, 0.015947652980685234, 0.015507956966757774, 0.013871701434254646, 0.014044609852135181, 0.010555961169302464], "(2, 5, 2, 2)": [0.011873221024870872, 0.010726356878876686, 0.014610134065151215, 0.011484680697321892, 0.015287614427506924, 0.015339868143200874, 0.012481733225286007, 0.011291350238025188, 0.015201764181256294, 0.013411703519523144, 0.012518092058598995], "(2, 7, 2, 2)": [0.009396746754646301, 0.012583759613335133, 0.014247623272240162, 0.013468880206346512, 0.01200079545378685, 0.013390745036303997, 0.013753728941082954, 0.013498318381607533, 0.011990915983915329, 0.014561975374817848, 0.00890701450407505], "(2, 8, 2, 2)": [0.011652171611785889, 0.013324322178959846, 0.013304068706929684, 0.012903031893074512, 0.01212249230593443, 0.009819450788199902, 0.01503608375787735, 0.014280655421316624, 0.01302751898765564, 0.010594935156404972, 0.010112280957400799], "(3, 8, 2, 2)": [0.013418106362223625, 0.012087034992873669, 0.014607212506234646, 0.014835406094789505, 0.013196301646530628, 0.013804834336042404, 0.014621105045080185, 0.012315024621784687, 0.013817839324474335, 0.014466983266174793, 0.011041645891964436], "(3, 9, 2, 2)": [0.010919079184532166, 0.009108968079090118, 0.00818557571619749, 0.01082397997379303, 0.010018044151365757, 0.005423931870609522, 0.008712204173207283, 0.01041548140347004, 0.0024545257911086082, 0.008939503692090511, 0.0019001718610525131], "(3, 10, 2, 2)": [0.0, -0.005507306661456823, -0.01430037897080183, -0.006555401720106602, -0.006665242835879326, -0.008221877738833427, 0.0, -0.0143594304099679, -0.00661383755505085, -0.0053931670263409615, 0.0], "(3, 4, 1, 2)": [0.0034596140030771494, 0.008108977228403091, 0.0, 0.0, 0.003474367083981633, 0.0, 0.0, 0.0, 0.0, 0.004448484629392624, 0.0], "(2, 1, 2, 2)": [0.0, 0.004247488919645548, 0.0, 0.002483019372448325, 0.0025212999898940325, 0.0024988448712974787, 0.0, 0.0, 0.002511983271688223, 0.0, 0.0], "(2, 1, 1, 1)": [-0.012058778665959835, -0.006217641290277243, -0.004736012313514948, -0.004916644189506769, -0.004767678212374449, -0.009856737218797207, -0.010331735014915466, -0.012401219457387924, -0.0156870037317276, -0.00405088858678937, -0.008770620450377464], "(2, 2, 2, 1)": [0.008722694590687752, 0.011531629599630833, 0.009897460229694843, 0.006417017430067062, 0.01126609742641449, 0.010909991338849068, 0.008641817606985569, 0.006085154600441456, 0.010820945724844933, 0.0029156876262277365, 0.012429756112396717], "(2, 2, 2, 2)": [0.012404599227011204, 0.0068658520467579365, 0.011326278559863567, 0.010358246974647045, 0.0053826309740543365, 0.011754550971090794, 0.011092806234955788, 0.008380414918065071, 0.005839827470481396, 0.0037785677704960108, 0.012010641396045685], "(2, 2, 1, 1)": [0.01060895062983036, 0.008569816127419472, 0.013395165093243122, 0.010056739673018456, 0.0028262436389923096, 0.010004449635744095, 0.011019493453204632, 0.011682012118399143, 0.011408858001232147, 0.009674294851720333, 0.012329735793173313], "(3, 8, 1, 2)": [0.0, 0.0028278320096433163, 0.006192343775182962, 0.006539503112435341, 0.006273319479078054, 0.007310390472412109, 0.005630286410450935, 0.002771266270428896, 0.006432057358324528, 0.01540665328502655, 0.004923621658235788], "(3, 8, 1, 1)": [0.01330308523029089, 0.012799147516489029, 0.011262649670243263, 0.011432962492108345, 0.00982838124036789, 0.011588916182518005, 0.005957785062491894, 0.011611377820372581, 0.012658180668950081, 0.00957998726516962, 0.010161626152694225], "(3, 7, 1, 1)": [0.012210006825625896, 0.013603992760181427, 0.012277882546186447, 0.01261885929852724, 0.014117442071437836, 0.009975691325962543, 0.012385077774524689, 0.01217836607247591, 0.012459107674658298, 0.011049117892980576, 0.013076543807983398], "(3, 6, 1, 1)": [0.015566062182188034, 0.011548081412911415, 0.013216974213719368, 0.009672919288277626, 0.01341677363961935, 0.013665882870554924, 0.011172733269631863, 0.013888606801629066, 0.01084533054381609, 0.01194939948618412, 0.013756190426647663], "(3, 5, 1, 1)": [0.014122587628662586, 0.011993059888482094, 0.014922729693353176, 0.013768939301371574, 0.014877013862133026, 0.014518697746098042, 0.012431102804839611, 0.015609383583068848, 0.01406683586537838, 0.014925459399819374, 0.014968913048505783], "(3, 5, 1, 2)": [0.006779306102544069, 0.0049215699546039104, 0.0, 0.005091659724712372, 0.0, 0.007885243743658066, 0.006820743903517723, 0.012140629813075066, 0.007175716571509838, 0.0, 0.004867479670792818], "(3, 4, 1, 1)": [0.01368462573736906, 0.011233977042138577, 0.012667739763855934, 0.01305957417935133, 0.012975101359188557, 0.011582991108298302, 0.012884016148746014, 0.012641724199056625, 0.013230632990598679, 0.009785322472453117, 0.011931129731237888], "(2, 8, 2, 1)": [0.0, 0.0, 0.0, 0.0028523746877908707, 0.0043409704230725765, 0.0, 0.0, 0.0, 0.0, 0.004058683756738901, 0.0], "(3, 3, 2, 2)": [0.012048016302287579, 0.012863094918429852, 0.008206769824028015, 0.008713657036423683, 0.011286416091024876, 0.010918241925537586, 0.012547718361020088, 0.011914090253412724, 0.01257586944848299, 0.01197844184935093, 0.008189537562429905], "(3, 3, 1, 2)": [0.0, 0.0, 0.0, 0.0, 0.0, 0.0, 0.0028457357548177242, 0.0, 0.0, 0.0, 0.0046767001040279865], "(3, 3, 1, 1)": [0.012329503893852234, 0.01046774908900261, 0.011286714114248753, 0.01003594882786274, 0.011981615796685219, 0.012902057729661465, 0.010270226746797562, 0.013002574443817139, 0.010206978768110275, 0.008830821141600609, 0.012335720472037792], "(2, 3, 2, 1)": [0.008592596277594566, 0.015434477478265762, 0.0032779336906969547, 0.011497827246785164, 0.004866674542427063, 0.0, 0.008362950757145882, 0.0101372841745615, 0.012294388376176357, 0.013650592416524887, 0.010708816349506378], "(3, 4, 2, 2)": [0.013219709508121014, 0.006749040447175503, 0.007570270448923111, 0.011786501854658127, 0.008937835693359375, 0.009929204359650612, 0.009262138977646828, 0.0075688110664486885, 0.00885506346821785, 0.0116475410759449, 0.010971006006002426], "(3, 3, 2, 1)": [0.004197601228952408, 0.011109616607427597, 0.005773432552814484, 0.0035623512230813503, 0.00683389138430357, 0.00753351766616106, 0.004811592400074005, 0.0035826456733047962, 0.008299943059682846, 0.006663501262664795, 0.005530457943677902],