{"q_values": {"(2, 6, 2, 2)": [0.017002323642373085, 0.01848558709025383, 0.017272189259529114, 0.01761047914624214, 0.016544219106435776, 0.016620159149169922, 0.017386969178915024, 0.016149364411830902, 0.01713232323527336, 0.017547911033034325, 0.01828315295279026], "(2, 6, 1, 1)": [0.019009796902537346, 0.018906906247138977, 0.01943143457174301, 0.01901307888329029, 0.01910378783941269, 0.019383978098630905, 0.01904994063079357, 0.01797417737543583, 0.017917653545737267, 0.017279870808124542, 0.01879151724278927], "(2, 5, 1, 1)": [0.018746109679341316, 0.01897810772061348, 0.018977874889969826, 0.019283859059214592, 0.018454086035490036, 0.018807562068104744, 0.01843118667602539, 0.016899339854717255, 0.01774802803993225, 0.018258247524499893, 0.01730932481586933], "(2, 4, 1, 1)": [0.018270151689648628, 0.018295658752322197, 0.018640056252479553, 0.018240483477711678, 0.018764333799481392, 0.018108658492565155, 0.01756490208208561, 0.01791035197675228, 0.018233098089694977, 0.016344623640179634, 0.018254127353429794], "(2, 3, 1, 1)": [0.016348814591765404, 0.01563572883605957, 0.01677427440881729, 0.015562298707664013, 0.016550803557038307, 0.016574252396821976, 0.01685917377471924, 0.01679304987192154, 0.015366165898740292, 0.015726953744888306, 0.015783101320266724], "(2, 3, 2, 2)": [0.01616029441356659, 0.015543276444077492, 0.015874600037932396, 0.01559203676879406, 0.01534613873809576, 0.016496479511260986, 0.013836277648806572, 0.016385063529014587, 0.015035213902592659, 0.012100478634238243, 0.017415227368474007], "(2, 4, 2, 2)": [0.01619003899395466, 0.017003240063786507, 0.017730621621012688, 0.015980703756213188, 0.017534222453832626, 0.017235828563570976, 0.018176840618252754, 0.01774466596543789, 0.017796430736780167, 0.016698654741048813, 0.014764349907636642], "(2, 5, 2, 2)": [0.018791891634464264, 0.01822814904153347, 0.016856547445058823, 0.018587738275527954, 0.01816582679748535, 0.01889277622103691, 0.018040208145976067, 0.018123257905244827, 0.01863659918308258, 0.01853819750249386, 0.01777535304427147], "(2, 7, 2, 2)": [0.017324432730674744, 0.014201465994119644, 0.014247623272240162, 0.01470040064305067, 0.015190412290394306, 0.015984343364834785, 0.016396529972553253, 0.01452779583632946, 0.01567932777106762, 0.016432132571935654, 0.013405430130660534], "(2, 8, 2, 2)": [0.014526722952723503, 0.014246948063373566, 0.013304068706929684, 0.014922743663191795, 0.013881615363061428, 0.015567665919661522, 0.015383261255919933, 0.014060234650969505, 0.01623343862593174, 0.015447700396180153, 0.010112280957400799], "(3, 8, 2, 2)": [0.013274413533508778, 0.016059570014476776, 0.01570727676153183, 0.015706133097410202, 0.015052691102027893, 0.01576014794409275, 0.01609710603952408, 0.012406984344124794, 0.014633368700742722, 0.016672777011990547, 0.015832383185625076], "(3, 9, 2, 2)": [0.008982021361589432, 0.012020048685371876, 0.0027587497606873512, 0.01390344649553299, 0.010330612771213055, 0.004088551737368107, 0.00944589450955391, 0.013363192789256573, 0.0004520481452345848, -0.0005409661680459976, 0.012214193120598793], "(3, 10, 2, 2)": [-0.0014576506800949574, -0.0013795243576169014, -0.001927743200212717, -0.010698140598833561, -0.006665242835879326, -0.006732778623700142, -0.005934234242886305, -0.0143594304099679, -0.011879051104187965, -0.01065335888415575, -0.00659220339730382], "(3, 4, 1, 2)": [0.0034596140030771494, 0.011078356765210629, 0.005399560090154409, 0.005402307026088238, 0.007724751718342304, 0.004184802528470755, 0.0, 0.0, 0.0, 0.004448484629392624, 0.0], "(2, 1, 2, 2)": [0.0015267684357240796, 0.004247488919645548, 0.00017034808115568012, 0.002483019372448325, 0.0025212999898940325, 0.0024988448712974787, 0.0, 0.0, 0.0046384865418076515, 0.0043832468800246716, 0.004342118743807077], "(2, 1, 1, 1)": [-0.011204072274267673, -0.01405800599604845, -0.012647707015275955, -0.012987143360078335, -0.014070708304643631, -0.012183704413473606, -0.01687394641339779, -0.015402012504637241, -0.015639765188097954, -0.01168481819331646, -0.010037307627499104], "(2, 2, 2, 1)": [0.013039232231676579, 0.01342897117137909, 0.01197660993784666, 0.013715715147554874, 0.012727644294500351, 0.014212796464562416, 0.011022165417671204, 0.011098034679889679, 0.014096081256866455, 0.010726584121584892, 0.013524340465664864], "(2, 2, 2, 2)": [0.012788956984877586, 0.012366129085421562, 0.01435004360973835, 0.013441343791782856, 0.014165176078677177, 0.015686020255088806, 0.015079611912369728, 0.013292956165969372, 0.012385685928165913, 0.014539865776896477, 0.01522296667098999], "(2, 2, 1, 1)": [0.011777066625654697, 0.00396372377872467, 0.010409379377961159, 0.008883378468453884, 0.010533446446061134, 0.007522157393395901, 0.00838758796453476, 0.010258916765451431, 0.01037527434527874, 0.010447332635521889, 0.008245624601840973], "(3, 8, 1, 2)": [0.008511330001056194, 0.011788717471063137, 0.011468397453427315, 0.012564145028591156, 0.008256175555288792, 0.009687479585409164, 0.007946031168103218, 0.007145110983401537, 0.01262836717069149, 0.015517720021307468, 0.008653389289975166], "(3, 8, 1, 1)": [0.016035422682762146, 0.0170594509691, 0.014037197455763817, 0.015724753960967064, 0.013509044423699379, 0.014023073017597198, 0.011795053258538246, 0.015972979366779327, 0.013470557518303394, 0.013041133061051369, 0.01526434812694788], "(3, 7, 1, 1)": [0.017795104533433914, 0.01697046123445034, 0.01731301285326481, 0.01711275801062584, 0.01601495034992695, 0.012169145978987217, 0.017048336565494537, 0.01695806160569191, 0.015355993993580341, 0.015885399654507637, 0.017004577443003654], "(3, 6, 1, 1)": [0.01729278638958931, 0.01740149036049843, 0.017088472843170166, 0.014991618692874908, 0.015268951654434204, 0.01706330105662346, 0.014168885536491871, 0.015258699655532837, 0.016019893810153008, 0.01757463812828064, 0.016532599925994873], "(3, 5, 1, 1)": [0.017020316794514656, 0.01647486537694931, 0.017144132405519485, 0.017502691596746445, 0.01664626970887184, 0.018228804692626, 0.015230401419103146, 0.01625930704176426, 0.018251117318868637, 0.01689007692039013, 0.016861332580447197], "(3, 5, 1, 2)": [0.006779306102544069, 0.0049215699546039104, 0.0, 0.005091659724712372, 0.0, 0.007885243743658066, 0.006820743903517723, 0.013982359319925308, 0.007175716571509838, 0.0, 0.004867479670792818], "(3, 4, 1, 1)": [0.017958691343665123, 0.016794411465525627, 0.01642298884689808, 0.01689063385128975, 0.016539426520466805, 0.016043640673160553, 0.016693128272891045, 0.014268153347074986, 0.014376714825630188, 0.014770064502954483, 0.013738336972892284], "(2, 8, 2, 1)": [0.0053086350671947, 0.00412415899336338, 0.0, 0.0028523746877908707, 0.0043409704230725765, 0.003460594220086932, 0.008439809083938599, 0.0, 0.004825433250516653, 0.007764812558889389, 0.0], "(3, 3, 2, 2)": [0.015231642872095108, 0.014552554115653038, 0.01506116520613432, 0.015339131467044353, 0.014725277200341225, 0.014666292816400528, 0.016442272812128067, 0.01505130622535944, 0.015643887221813202, 0.015838423743844032, 0.013066533952951431], "(3, 3, 1, 2)": [0.0, 0.0, 0.0049166250973939896, 0.0, 0.004395803902298212, 0.0, 0.0028457357548177242, 0.004926059860736132, 0.0, 0.0, 0.0046767001040279865], "(3, 3, 1, 1)": [0.015170729719102383, 0.01534243393689394, 0.015461225993931293, 0.01516742818057537, 0.01658395305275917, 0.014339221641421318, 0.012585691176354885, 0.015307344496250153, 0.013567319139838219, 0.013744499534368515, 0.014734871685504913], "(2, 3, 2, 1)": [0.012430930510163307, 0.017049700021743774, 0.014239219948649406, 0.011497827246785164, 0.012397625483572483, 0.00990680418908596, 0.0116494819521904, 0.012270032428205013, 0.015464413911104202, 0.014347587712109089, 0.013890314847230911], "(3, 4, 2, 2)": [0.015566417947411537, 0.014306911267340183, 0.013170098885893822, 0.01416504941880703, 0.014430107548832893, 0.015141565352678299, 0.015183541923761368, 0.010501562617719173, 0.015501871705055237, 0.01618439517915249, 0.01750101149082184],