{"q_values": {"(2, 6, 2, 2)": [0.05612833425402641, 0.04831020534038544, 0.051434293389320374, 0.05197225883603096, 0.0553741380572319, 0.057276807725429535, 0.06055838614702225, 0.06517211347818375, 0.05908152088522911, 0.052468523383140564, 0.06960160285234451], "(2, 6, 1, 1)": [0.08358249813318253, 0.07733479887247086, 0.07239200919866562, 0.07837966829538345, 0.07641647011041641, 0.07885749638080597, 0.06284719705581665, 0.06395933777093887, 0.06676710397005081, 0.07194694131612778, 0.07383154332637787], "(2, 6, 1, 2)": [0.0301407128572464, 0.023346837610006332, 0.04767375439405441, 0.04585406929254532, 0.010364294983446598, 0.0, 0.024144824594259262, 0.038406386971473694, 0.02514861337840557, 0.03650612756609917, 0.05561189353466034], "(2, 7, 2, 2)": [0.06804542988538742, 0.06184107065200806, 0.06440581381320953, 0.06256859004497528, 0.0650499165058136, 0.05915587767958641, 0.06471309810876846, 0.06441627442836761, 0.06341803073883057, 0.06635677814483643, 0.06223314255475998], "(2, 7, 1, 1)": [0.0680987536907196, 0.06501808762550354, 0.0795772522687912, 0.06637036055326462, 0.07898706942796707, 0.07137055695056915, 0.06435082852840424, 0.07075345516204834, 0.07218591123819351, 0.06499678641557693, 0.07064976543188095], "(2, 7, 1, 2)": [0.04485052078962326, 0.04441377520561218, 0.010854639112949371, 0.032726772129535675, 0.030486488714814186, 0.02260114625096321, 0.023916784673929214, 0.012001517228782177, 0.06432449817657471, 0.034086644649505615, 0.038892894983291626], "(2, 8, 1, 2)": [0.04283817857503891, 0.022755129262804985, 0.018986163660883904, 0.03242408484220505, 0.029274769127368927, 0.03426186367869377, 0.007529261521995068, 0.03690800070762634, 0.0504743754863739, 0.039031244814395905, 0.024120334535837173], "(2, 8, 2, 2)": [0.058113183826208115, 0.056872833520174026, 0.04833023622632027, 0.05695264786481857, 0.05248083919286728, 0.0531020425260067, 0.05202498286962509, 0.05838075652718544, 0.04958825185894966, 0.05290217697620392, 0.04781708866357803], "(2, 8, 1, 1)": [0.06757389008998871, 0.04597567394375801, 0.06776969879865646, 0.05737878009676933, 0.0617961622774601, 0.055956169962882996, 0.03657287359237671, 0.032517217099666595, 0.04447630047798157, 0.046103592962026596, 0.04218616336584091], "(2, 9, 2, 2)": [0.03428437560796738, 0.03866332769393921, 0.029902588576078415, 0.035202138125896454, 0.02350183203816414, 0.031246263533830643, 0.038945481181144714, 0.03171282261610031, 0.03586117923259735, 0.04064526781439781, 0.02463165484368801], "(2, 10, 2, 2)": [0.006546361371874809, -0.005833029747009277, 0.0033972281962633133, 0.025132136419415474, 0.019506294280290604, 0.0, 0.0022714692167937756, 0.004316790960729122, -0.002722505945712328, 0.01169678196310997, 0.004235885106027126], "(3, 4, 1, 2)": [0.021839046850800514, 0.022682206705212593, 0.021854236721992493, 0.0, 0.016191627830266953, 0.019699987024068832, 0.021647805348038673, 0.0, 0.014312885701656342, 0.07697378098964691, 0.0], "(2, 1, 2, 1)": [0.0, 0.0162645410746336, 0.0024834973737597466, 0.0, -0.011111883446574211, 0.0, 0.011330588720738888, 0.0, 0.003434042911976576, 0.0, 0.007065709680318832], "(2, 1, 2, 2)": [0.0069256071001291275, 0.0, 0.003412026446312666, 0.0031817599665373564, 0.0024955684784799814, 0.004254844971001148, 0.02282201685011387, 0.0, 0.004246924072504044, 0.003346953308209777, 0.0], "(2, 1, 1, 1)": [0.01758056879043579, 0.025682251900434494, 0.00932422187179327, 0.020134927704930305, 0.022971469908952713, 0.008254850283265114, 0.014176277443766594, 0.015222744084894657, 0.008512049913406372, 0.03599410131573677, -0.003301336895674467], "(2, 2, 2, 2)": [0.04177608713507652, 0.04985930398106575, 0.04170268028974533, 0.04638285934925079, 0.039165884256362915, 0.025528546422719955, 0.05315396189689636, 0.04247843474149704, 0.04713644087314606, 0.05325424671173096, 0.05835622921586037], "(2, 3, 2, 2)": [0.06236914545297623, 0.05330382287502289, 0.05793479457497597, 0.041305091232061386, 0.05503719672560692, 0.061183180660009384, 0.053324442356824875, 0.05229354277253151, 0.05401243269443512, 0.05842860788106918, 0.06594298779964447], "(3, 3, 2, 2)": [0.07055708765983582, 0.07080785185098648, 0.06997432559728622, 0.07867580652236938, 0.08302875608205795, 0.08673711121082306, 0.08355046808719635, 0.0801318883895874, 0.08298639953136444, 0.08448513597249985, 0.07338685542345047], "(3, 4, 2, 2)": [0.0857386589050293, 0.08705171942710876, 0.08748649805784225, 0.0857650488615036, 0.08897439390420914, 0.08873316645622253, 0.08373045176267624, 0.08913090080022812, 0.08755791187286377, 0.08957749605178833, 0.08360897749662399], "(3, 4, 2, 1)": [0.06594932824373245, 0.05926426127552986, 0.02580605447292328, 0.03304693475365639, 0.05045001953840256, 0.06384550780057907, 0.05602901428937912, 0.03873119503259659, 0.06394216418266296, 0.06853125244379044, 0.08570289611816406], "(3, 3, 1, 1)": [0.06736672669649124, 0.06199300289154053, 0.06893885880708694, 0.06884750723838806, 0.06975474953651428, 0.06003689765930176, 0.07343290001153946, 0.0652795359492302, 0.0764031782746315, 0.06801392138004303, 0.06669770181179047], "(3, 2, 1, 1)": [0.05453572794795036, 0.03896874561905861, 0.05544029548764229, 0.051877640187740326, 0.05268123000860214, 0.04177471250295639, 0.040104757994413376, 0.050691764801740646, 0.048540327697992325, 0.02802736684679985, 0.04189721867442131], "(3, 2, 2, 1)": [0.04465669021010399, 0.04268862307071686, 0.017915138974785805, 0.03874625638127327, 0.04399087280035019, 0.029899533838033676, 0.03709377720952034, 0.04647837579250336, 0.06090325862169266, 0.036790695041418076, 0.04162308946251869], "(3, 1, 1, 1)": [0.011756828986108303, 0.00866396352648735, 0.013684301637113094, 0.007632302585989237, 0.003293287940323353, 0.007495243567973375, 0.01926671713590622, 0.006394895724952221, 0.025523250922560692, 0.0, -0.011070266366004944], "(3, 8, 1, 2)": [0.014235167764127254, 0.03436506167054176, 0.03763172775506973, 0.00903392769396305, 0.04275383800268173, 0.0, 0.006448941305279732, 0.00566171295940876, 0.05869113653898239, 0.05011691153049469, 0.04567934572696686], "(3, 7, 1, 1)": [0.0483994297683239, 0.04503894969820976, 0.05762854218482971, 0.0506349578499794, 0.018444277346134186, 0.071769580245018, 0.04468853399157524, 0.057464756071567535, 0.04435962811112404, 0.04096628352999687, 0.05503096804022789], "(3, 7, 2, 2)": [0.06596194952726364, 0.06599607318639755, 0.06868264824151993, 0.0702572837471962, 0.07220768183469772, 0.07415691018104553, 0.07321232557296753, 0.07456744462251663, 0.0717078149318695, 0.07061411440372467, 0.07076150923967361], "(3, 8, 2, 2)": [0.05967877060174942, 0.060257796198129654, 0.05699672922492027, 0.060143861919641495, 0.06184304505586624, 0.058265555649995804, 0.06123680621385574, 0.05903003364801407, 0.060427263379096985, 0.057809486985206604, 0.05761204659938812], "(3, 8, 1, 1)": [0.03875042125582695, 0.05599205195903778, 0.05138963460922241, 0.05575702339410782, 0.05274941027164459, 0.03984224796295166, 0.04657982289791107, 0.0351497158408165, 0.06287043541669846, 0.05610477551817894, 0.04328320175409317], "(3, 9, 2, 2)": [0.03282138705253601, 0.031799785792827606, 0.04579158127307892, 0.02341071516275406, 0.04515836760401726, 0.027264315634965897, 0.0462024062871933, 0.04621214419603348, 0.042199842631816864, 0.049263570457696915, 0.02752942219376564], "(3, 10, 2, 2)": [0.0039038159884512424, 0.018255606293678284, -0.0008434494957327843, 0.012460174039006233, 0.01563418284058571, 0.006341052707284689, 0.0183518435806036, 0.005566383711993694, 0.02477343939244747, 0.0035586170852184296, 0.028576400130987167], "(2, 8, 2, 1)": [0.014792184345424175, 0.0, 0.02034858986735344, 0.010222400538623333, 0.02266763336956501, 0.010760562494397163, 0.0, 0.008558165282011032, 0.0, 0.04304035007953644, 0.0],