{"q_values": {"(2, 6, 2, 2)": [0.02264752797782421, 0.0315270870923996, 0.03548338636755943, 0.023426603525877, 0.03653058782219887, 0.03754334896802902, 0.04111579433083534, 0.03146975114941597, 0.043610505759716034, 0.035836804658174515, 0.026476124301552773], "(2, 6, 1, 1)": [0.03188693895936012, 0.028446920216083527, 0.018577974289655685, 0.030047759413719177, 0.017163416370749474, 0.026467692106962204, 0.014379162341356277, 0.02840481698513031, 0.03277364373207092, 0.03022323176264763, 0.039240654557943344], "(2, 6, 1, 2)": [0.0, 0.012609598226845264, 0.010641214437782764, 0.0, 0.0, 0.0, 0.009416284039616585, 0.009683394804596901, 0.00777357816696167, 0.008318351581692696, 0.027308445423841476], "(2, 7, 2, 2)": [0.03553585335612297, 0.036084678024053574, 0.03818998113274574, 0.02236405946314335, 0.04009553790092468, 0.03262567147612572, 0.02379816770553589, 0.03328607976436615, 0.03892993554472923, 0.03835955262184143, 0.039404720067977905], "(2, 7, 1, 1)": [0.032433025538921356, 0.03632098436355591, 0.028943272307515144, 0.0351409949362278, 0.028149902820587158, 0.038543518632650375, 0.03317774459719658, 0.03462577611207962, 0.01804080791771412, 0.03793259710073471, 0.026688605546951294], "(2, 7, 1, 2)": [0.021448038518428802, 0.008171729743480682, 0.010854639112949371, 0.008139552548527718, 0.01086782943457365, 0.019890841096639633, 0.01984248496592045, 0.012001517228782177, 0.016856353729963303, 0.005094987340271473, 0.0051490189507603645], "(2, 8, 1, 2)": [0.02648909017443657, 0.002855827333405614, 0.008448991924524307, 0.02340794913470745, 0.009608476422727108, 0.013560043647885323, 0.007529261521995068, 0.019488872960209846, 0.016658660024404526, 0.01668955758213997, 0.013331882655620575], "(2, 8, 2, 2)": [0.01784229464828968, 0.03576471656560898, 0.026805279776453972, 0.033827826380729675, 0.019879953935742378, 0.03479340299963951, 0.041437216103076935, 0.022954167798161507, 0.034714799374341965, 0.027224108576774597, 0.02335388772189617], "(2, 8, 1, 1)": [0.010284783318638802, 0.02909105271100998, 0.0164521224796772, 0.0187782421708107, 0.02723168022930622, 0.025470107793807983, 0.01567763462662697, 0.022106697782874107, 0.021400628611445427, 0.008556995540857315, 0.020949173718690872], "(2, 9, 2, 2)": [0.018235808238387108, 0.020147934556007385, 0.010771235451102257, 0.02040921524167061, 0.01333003118634224, 0.01956605538725853, 0.00632276339456439, 0.018162894994020462, 0.014605868607759476, 0.015144391916692257, 0.015299155376851559], "(2, 10, 2, 2)": [0.0024813220370560884, -0.005833029747009277, -0.006574949715286493, 0.0, -0.002528435317799449, 0.0, -0.004837876185774803, 0.003104851581156254, -0.002722505945712328, -0.003709184704348445, 0.0], "(3, 4, 1, 2)": [0.0, 0.0, 0.0, 0.0, 0.004149474669247866, 0.0, 0.0, 0.0, 0.00462361890822649, 0.0, 0.0], "(2, 1, 2, 1)": [0.0, 0.00439293310046196, 0.0024834973737597466, 0.0, -0.006526729557663202, 0.0, -0.0012751042377203703, 0.0, 0.003434042911976576, 0.0, 0.007065709680318832], "(2, 1, 2, 2)": [0.0044060321524739265, 0.0, 0.003412026446312666, 0.0031817599665373564, 0.0024955684784799814, 0.004254844971001148, 0.00648504076525569, 0.0, 0.0, 0.003346953308209777, 0.0], "(2, 1, 1, 1)": [-0.006583789363503456, -0.003044379409402609, -0.005354961380362511, 0.0, -0.0015165935037657619, -0.005860253237187862, -0.011839894577860832, 0.0, 0.0, -0.007614021189510822, -0.003301336895674467], "(2, 2, 2, 2)": [0.02996293269097805, 0.009820603765547276, 0.014070244506001472, 0.02046215534210205, 0.018717683851718903, 0.025528546422719955, 0.014697202481329441, 0.0053273155353963375, 0.014995601028203964, 0.027469946071505547, 0.023189082741737366], "(2, 3, 2, 2)": [0.036470554769039154, 0.027992215007543564, 0.02158370614051819, 0.022268008440732956, 0.034105949103832245, 0.03892076760530472, 0.014723118394613266, 0.023754365742206573, 0.03878645598888397, 0.036588702350854874, 0.03328023478388786], "(3, 3, 2, 2)": [0.01655709370970726, 0.0296100452542305, 0.026271091774106026, 0.016499260440468788, 0.012934974394738674, 0.02545413002371788, 0.02795843966305256, 0.01959593966603279, 0.028939111158251762, 0.010597042739391327, 0.020820649340748787], "(3, 4, 2, 2)": [0.02627219259738922, 0.016336210072040558, 0.024492880329489708, 0.021003736183047295, 0.015977725386619568, 0.031851157546043396, 0.02525603584945202, 0.01046646200120449, 0.022773586213588715, 0.026607822626829147, 0.02232065424323082], "(3, 4, 2, 1)": [0.0028762442525476217, 0.010378099977970123, 0.010470306500792503, 0.009800111874938011, 0.005532452836632729, 0.016110630705952644, 0.012328745797276497, 0.013982242904603481, 0.01642599329352379, 0.011310902424156666, 0.009515675716102123], "(3, 3, 1, 1)": [0.027970246970653534, 0.02101692371070385, 0.022122571244835854, 0.02820673957467079, 0.026196220889687538, 0.026069967076182365, 0.01182679645717144, 0.013833936303853989, 0.018998246639966965, 0.026770105585455894, 0.017841646447777748], "(3, 2, 1, 1)": [0.0077213626354932785, 0.02295883186161518, 0.020156729966402054, 0.016998404636979103, 0.016406653448939323, 0.022173825651407242, 0.020943062379956245, 0.019489753991365433, 0.0198762696236372, 0.014042606577277184, 0.025496549904346466], "(3, 2, 2, 1)": [0.0024970490485429764, 0.0, 0.021444709971547127, 0.004960398655384779, 0.0025191432796418667, 0.010064001195132732, 0.00740375742316246, 0.0057310727424919605, 0.008527632802724838, 0.007726075127720833, 0.0], "(3, 1, 1, 1)": [-0.004296326078474522, -0.0012702634558081627, 0.0015364984283223748, -0.001103962305933237, -0.0025724833831191063, 0.0, 0.0, -0.00122857466340065, 0.00044774170964956284, 0.0, -0.010099613107740879], "(3, 8, 1, 2)": [0.0, 0.0028843902982771397, 0.013121347874403, 0.00903392769396305, 0.0072931284084916115, 0.0, 0.006448941305279732, 0.00566171295940876, 0.005471059586852789, 0.010002022609114647, 0.016456838697195053], "(3, 7, 1, 1)": [0.026842573657631874, 0.013814808800816536, 0.005423994734883308, 0.012945977970957756, 0.018444277346134186, 0.013248820789158344, 0.014384891837835312, 0.017534689977765083, 0.033795472234487534, 0.025132272392511368, 0.03264204040169716], "(3, 7, 2, 2)": [0.0266060009598732, 0.011270351707935333, 0.02187521383166313, 0.02914288640022278, 0.034222427755594254, 0.04171305522322655, 0.029545584693551064, 0.024416740983724594, 0.03816463425755501, 0.042110055685043335, 0.03234752267599106], "(3, 8, 2, 2)": [0.01933961547911167, 0.02948004938662052, 0.027023518458008766, 0.03069225139915943, 0.028822116553783417, 0.029046636074781418, 0.028667010366916656, 0.028797190636396408, 0.025484489277005196, 0.029796060174703598, 0.02763792872428894], "(3, 8, 1, 1)": [0.0, 0.014278006739914417, 0.011869283393025398, 0.016946198418736458, 0.005479445680975914, 0.020481770858168602, 0.006055716425180435, 0.013893713243305683, 0.013719910755753517, 0.012650124728679657, 0.008587392047047615], "(3, 9, 2, 2)": [0.02228117175400257, 0.027707276865839958, 0.018914971500635147, 0.024062620475888252, 0.022569969296455383, 0.03338122367858887, 0.02488766610622406, 0.025549551472067833, 0.027950435876846313, 0.022182008251547813, 0.02088831551373005], "(3, 10, 2, 2)": [-0.00540365744382143, -0.005566253326833248, -0.0065898955799639225, 0.003097444074228406, 0.0003179260529577732, -0.00448269210755825, -0.000596420606598258, 0.0, 0.0, 0.0, 0.0025386856868863106], "(2, 8, 2, 1)": [0.0, 0.0, 0.008475106209516525, 0.010222400538623333, 0.0, 0.0, 0.0, 0.008558165282011032, 0.0, 0.0, 0.0], "(3, 3, 1, 2)": [0.0, 0.0, 0.0, 0.0, 0.0, 0.0028436891734600067, 0.003906736616045237, 0.003830276196822524, 0.010373152792453766, 0.0, 0.0], "(2, 3, 1, 1)": [0.03511232137680054, 0.040505994111299515, 0.04164718836545944, 0.044558316469192505, 0.030837401747703552, 0.03565704822540283, 0.04208946228027344, 0.04090648517012596, 0.04268299788236618, 0.033872246742248535, 0.041243456304073334],