{"q_values": {"(2, 6, 2, 2)": [0.0, 0.0, 0.0029752168338745832, 0.0029638020787388086, 0.0029773632995784283, 0.0, 0.0, 0.0, 0.0, 0.0, 0.0037681276444345713], "(2, 6, 1, 1)": [0.0, 0.0, 0.0, 0.0, 0.0037835726980119944, 0.0, 0.0, 0.0, 0.0, 0.00399972777813673, 0.00298250000923872], "(2, 6, 1, 2)": [0.0, 0.0, 0.0, 0.0, 0.0, 0.0, 0.0, 0.0, 0.0037818255368620157, 0.0, 0.0037744035944342613], "(2, 7, 2, 2)": [0.0058681536465883255, 0.004311665892601013, 0.00804901123046875, 0.00825160276144743, 0.0, 0.0, 0.005129678174853325, 0.00870397686958313, 0.005109412129968405, 0.0, 0.0], "(2, 7, 1, 1)": [0.0, 0.006078576669096947, 0.0, 0.0, 0.003989835735410452, 0.003777633421123028, 0.0029476128984242678, 0.007324019446969032, 0.009289061650633812, 0.0, 0.0], "(2, 7, 1, 2)": [0.004913699347525835, 0.0, 0.0, 0.0, 0.0, 0.0, 0.0051177735440433025, 0.004317018203437328, 0.0, 0.005094987340271473, 0.0051490189507603645], "(2, 8, 1, 2)": [0.0, 0.002855827333405614, 0.0, 0.0, 0.0, 0.0, 0.0, 0.0028702765703201294, 0.0, 0.0, 0.0], "(2, 8, 2, 2)": [0.0, 0.0027035274542868137, 0.0, 0.0036276911851018667, 0.0, 0.0028598590288311243, 0.0, 0.0, 0.006490353960543871, 0.0038309707306325436, 0.0], "(2, 8, 1, 1)": [0.0, 0.0028709869366139174, 0.0, 0.003911998122930527, 0.0, 0.0, 0.0, 0.0, 0.0, 0.0, 0.0], "(2, 9, 2, 2)": [0.0, 0.0, 0.0, 0.0, 0.0, 0.0, 0.002650800161063671, 0.004816787783056498, 0.0, 0.0, 0.0], "(2, 10, 2, 2)": [0.0, 0.0, -0.006574949715286493, 0.0, 0.0, 0.0, 0.0, 0.0, 0.0, 0.0, 0.0], "(3, 4, 1, 2)": [0.0, 0.0, 0.0, 0.0, 0.0, 0.0, 0.0, 0.0, 0.0, 0.0, 0.0]}}