{"q_values": {"(2, 6, 2, 2)": [0.07566366344690323, 0.06570252776145935, 0.06169850379228592, 0.07159982621669769, 0.06734055280685425, 0.06469829380512238, 0.06522632390260696, 0.06807522475719452, 0.07002367824316025, 0.06817339360713959, 0.08048366755247116], "(2, 6, 1, 1)": [0.08511440455913544, 0.08250392228364944, 0.07645909488201141, 0.08371561020612717, 0.07641647011041641, 0.08425748348236084, 0.06967084109783173, 0.06333965063095093, 0.07145413011312485, 0.07903219014406204, 0.07966998964548111], "(2, 6, 1, 2)": [0.0301407128572464, 0.04191000387072563, 0.04767375439405441, 0.06632883101701736, 0.010364294983446598, 0.0, 0.024144824594259262, 0.038406386971473694, 0.03951551765203476, 0.03650612756609917, 0.05561189353466034], "(2, 7, 2, 2)": [0.0699792206287384, 0.06434889882802963, 0.07058268785476685, 0.06256859004497528, 0.0650499165058136, 0.06762533634901047, 0.06748657673597336, 0.0671076625585556, 0.06339661031961441, 0.07567191869020462, 0.06479643285274506], "(2, 7, 1, 1)": [0.07687756419181824, 0.0747118592262268, 0.08593045920133591, 0.0722922757267952, 0.08216320723295212, 0.07600852102041245, 0.06996318697929382, 0.07534895837306976, 0.07084876298904419, 0.07140962034463882, 0.07549892365932465], "(2, 7, 1, 2)": [0.05743785202503204, 0.04441377520561218, 0.010854639112949371, 0.032726772129535675, 0.030486488714814186, 0.04560910165309906, 0.023916784673929214, 0.012001517228782177, 0.06432449817657471, 0.034086644649505615, 0.038892894983291626], "(2, 8, 1, 2)": [0.04283817857503891, 0.022755129262804985, 0.018986163660883904, 0.05042780935764313, 0.029274769127368927, 0.03426186367869377, 0.052711121737957, 0.03690800070762634, 0.06692162901163101, 0.039031244814395905, 0.024120334535837173], "(2, 8, 2, 2)": [0.06307608634233475, 0.06737160682678223, 0.06385760009288788, 0.06333393603563309, 0.06249472126364708, 0.062107525765895844, 0.061270635575056076, 0.06808765977621078, 0.06596650928258896, 0.05415353551506996, 0.0624791644513607], "(2, 8, 1, 1)": [0.07596714049577713, 0.06701164692640305, 0.08126160502433777, 0.07371792197227478, 0.06914695352315903, 0.06393919885158539, 0.047111332416534424, 0.062162164598703384, 0.05129970982670784, 0.06036156043410301, 0.0517786480486393], "(2, 9, 2, 2)": [0.02265024185180664, 0.044444791972637177, 0.03027339279651642, 0.052762679755687714, 0.03780842944979668, 0.05000275373458862, 0.04834049940109253, 0.039483048021793365, 0.04934991896152496, 0.05794292688369751, 0.033214956521987915], "(2, 10, 2, 2)": [0.028228485956788063, 0.01092895120382309, 0.0033972281962633133, 0.02664054185152054, 0.0233367457985878, 0.009263536892831326, 0.01221900898963213, 0.004316790960729122, -0.002722505945712328, 0.013744805008172989, 0.017872456461191177], "(3, 4, 1, 2)": [0.021839046850800514, 0.022682206705212593, 0.021854236721992493, 0.0, 0.016191627830266953, 0.037513360381126404, 0.021647805348038673, 0.0, 0.038229383528232574, 0.07697378098964691, 0.0], "(2, 1, 2, 1)": [0.01166441012173891, 0.0316128209233284, 0.0024834973737597466, 0.0, -0.011111883446574211, 0.00996033288538456, 0.011330588720738888, 0.0, 0.003434042911976576, 0.0, 0.007065709680318832], "(2, 1, 2, 2)": [0.016210194677114487, 0.0, 0.003412026446312666, 0.0031817599665373564, 0.0024955684784799814, 0.004254844971001148, 0.023535188287496567, 0.0, 0.004246924072504044, 0.003346953308209777, 0.0], "(2, 1, 1, 1)": [0.01758056879043579, 0.025682251900434494, 0.02556917816400528, 0.027134370058774948, 0.022971469908952713, 0.013430326245725155, 0.03228108584880829, 0.015222744084894657, 0.008512049913406372, 0.029741138219833374, 0.017780650407075882], "(2, 2, 2, 2)": [0.062103476375341415, 0.054909344762563705, 0.05433158949017525, 0.05001453310251236, 0.04956686496734619, 0.06043584644794464, 0.06767740845680237, 0.062379591166973114, 0.06872807443141937, 0.05325424671173096, 0.0719592496752739], "(2, 3, 2, 2)": [0.07394830137491226, 0.07635679841041565, 0.0728534460067749, 0.07643688470125198, 0.08038391172885895, 0.07956694811582565, 0.07391097396612167, 0.07982560992240906, 0.07086244970560074, 0.08395872265100479, 0.08031436055898666], "(3, 3, 2, 2)": [0.08577702939510345, 0.08936908096075058, 0.08877728134393692, 0.0894235372543335, 0.08786343783140182, 0.0936947911977768, 0.08891255408525467, 0.09008104354143143, 0.08742950111627579, 0.09263937920331955, 0.08791259676218033], "(3, 4, 2, 2)": [0.09309525787830353, 0.09273682534694672, 0.09167952835559845, 0.09340227395296097, 0.0936732068657875, 0.09267622977495193, 0.09270994365215302, 0.09319623559713364, 0.09419985115528107, 0.0931839570403099, 0.09274648874998093], "(3, 4, 2, 1)": [0.07150605320930481, 0.06895723193883896, 0.044441044330596924, 0.04917767643928528, 0.062167298048734665, 0.07214757800102234, 0.07476015388965607, 0.05430012196302414, 0.06394216418266296, 0.07623270153999329, 0.09331776946783066], "(3, 3, 1, 1)": [0.07087502628564835, 0.06707904487848282, 0.06950858980417252, 0.07197807729244232, 0.07535205781459808, 0.07334353029727936, 0.0812305212020874, 0.07597413659095764, 0.07597294449806213, 0.08598016202449799, 0.07287201285362244], "(3, 2, 1, 1)": [0.05862691253423691, 0.04432880878448486, 0.052830979228019714, 0.0569978803396225, 0.05915891379117966, 0.04798645153641701, 0.0535086989402771, 0.05248891934752464, 0.07083415985107422, 0.06566172093153, 0.05839426815509796], "(3, 2, 2, 1)": [0.05367279425263405, 0.058082737028598785, 0.03739340230822563, 0.036859143525362015, 0.039535365998744965, 0.04961612820625305, 0.04808121547102928, 0.04621637985110283, 0.06820355355739594, 0.036790695041418076, 0.05627308040857315], "(3, 1, 1, 1)": [0.011756828986108303, 0.016861872747540474, 0.013684301637113094, 0.007632302585989237, 0.003293287940323353, 0.007495243567973375, 0.01926671713590622, 0.006394895724952221, 0.03621300682425499, 0.006908599752932787, -0.011070266366004944], "(3, 8, 1, 2)": [0.014235167764127254, 0.03436506167054176, 0.04679739847779274, 0.00903392769396305, 0.04852074384689331, 0.04496343433856964, 0.025181911885738373, 0.025578739121556282, 0.06432231515645981, 0.05638306587934494, 0.05355805903673172], "(3, 7, 1, 1)": [0.0483994297683239, 0.06089111417531967, 0.05762854218482971, 0.06182839348912239, 0.062189143151044846, 0.07397743314504623, 0.05226961150765419, 0.06442523747682571, 0.06666006147861481, 0.06406295299530029, 0.06189832463860512], "(3, 7, 2, 2)": [0.07561741024255753, 0.07491438090801239, 0.07632264494895935, 0.07560614496469498, 0.0798531025648117, 0.07926579564809799, 0.07883889973163605, 0.07652770727872849, 0.0792492926120758, 0.0792665183544159, 0.07914327830076218], "(3, 8, 2, 2)": [0.05967877060174942, 0.06552354246377945, 0.06854294240474701, 0.06640252470970154, 0.06866928935050964, 0.06668328493833542, 0.06827224791049957, 0.07094687223434448, 0.06840036809444427, 0.0677468329668045, 0.06754076480865479], "(3, 8, 1, 1)": [0.05381208658218384, 0.06744713336229324, 0.05716624855995178, 0.06022027134895325, 0.06465771049261093, 0.04908758029341698, 0.05832216143608093, 0.04746606573462486, 0.07001262158155441, 0.06210367754101753, 0.05700628459453583], "(3, 9, 2, 2)": [0.05280226096510887, 0.04742562770843506, 0.05107271671295166, 0.05184135586023331, 0.05350485444068909, 0.05416262522339821, 0.051464468240737915, 0.04713182523846626, 0.04985246807336807, 0.05294287949800491, 0.046436261385679245], "(3, 10, 2, 2)": [0.008049560710787773, 0.018255606293678284, 0.007255001924932003, 0.012460174039006233, 0.02360967919230461, 0.010380005463957787, 0.020261593163013458, 0.02386186644434929, 0.02477343939244747, 0.02031603828072548, 0.03568889573216438], "(2, 8, 2, 1)": [0.014792184345424175, 0.0, 0.0384334996342659, 0.010222400538623333, 0.02266763336956501, 0.010760562494397163, 0.0, 0.026948662474751472, 0.0, 0.06088435277342796, 0.0215151309967041],