{"q_values": {"(2, 6, 2, 2)": [0.019992468878626823, 0.019614772871136665, 0.019615523517131805, 0.019610371440649033, 0.019620195031166077], "(2, 6, 1, 1)": [0.019988201558589935, 0.019896987825632095, 0.019761214032769203, 0.01986556686460972, 0.01989400014281273], "(2, 7, 2, 2)": [0.018492966890335083, 0.01956203579902649, 0.018775727599859238, 0.018800590187311172, 0.01873781345784664], "(2, 8, 2, 2)": [0.016247957944869995, 0.018833685666322708, 0.016966354101896286, 0.016222644597291946, 0.016332097351551056], "(2, 9, 2, 2)": [0.017309168353676796, 0.0021654879674315453, 0.002973784226924181, 0.006347680930048227, 0.005220414604991674], "(2, 10, 2, 2)": [-0.013626007363200188, -0.012973273172974586, 9.133899584412575e-05, -0.014312555082142353, -0.013360641896724701], "(2, 10, 1, 2)": [-0.0019731284119188786, 0.011201858520507812, -0.003181809326633811, -0.004260209389030933, -0.01234491541981697], "(3, 4, 1, 2)": [0.01926327496767044, 0.01944158971309662, 0.018713561818003654, 0.01965528167784214, 0.019685298204421997], "(2, 1, 2, 2)": [0.008186537772417068, 0.008730643428862095, 0.015455360524356365, 0.01754746027290821, 0.01564585603773594], "(2, 1, 1, 1)": [-0.013069047592580318, -0.01275841984897852, -0.014708105474710464, -0.013618274591863155, 0.006111806258559227], "(2, 1, 2, 1)": [-0.009050507098436356, -0.0019417456351220608, 0.0013796044513583183, 0.016445185989141464, 0.006673716939985752], "(3, 8, 1, 2)": [0.018876146525144577, 0.019139790907502174, 0.018545133993029594, 0.018171364441514015, 0.017546653747558594], "(3, 7, 1, 1)": [0.019642341881990433, 0.019857369363307953, 0.019625939428806305, 0.019600261002779007, 0.0196083914488554], "(3, 7, 2, 2)": [0.01968524046242237, 0.019166991114616394, 0.018956216052174568, 0.019174233078956604, 0.01874050311744213], "(3, 8, 2, 2)": [0.01842545159161091, 0.01521556917577982, 0.015434173867106438, 0.015120980329811573, 0.01463824138045311], "(3, 8, 1, 1)": [0.018910542130470276, 0.019338740035891533, 0.018916787579655647, 0.018955674022436142, 0.01890896074473858], "(3, 9, 2, 2)": [0.004439990036189556, 0.0052629504352808, 0.0036891112104058266, 0.004184511955827475, 0.0006316676735877991], "(2, 8, 2, 1)": [0.016684504225850105, 0.01909901760518551, 0.01598045788705349, 0.017661137506365776, 0.005503958091139793], "(3, 3, 2, 2)": [0.018862776458263397, 0.018789811059832573, 0.019051073119044304, 0.018754195421934128, 0.019438011571764946], "(3, 3, 1, 2)": [0.01730729080736637, 0.01738825812935829, 0.017974402755498886, 0.019076306372880936, 0.01501469686627388], "(3, 4, 2, 2)": [0.01938650757074356, 0.01940392516553402, 0.019173432141542435, 0.019806964322924614, 0.019580375403165817], "(3, 5, 2, 2)": [0.01991964690387249, 0.019914548844099045, 0.019928541034460068, 0.019933626055717468, 0.019940771162509918], "(3, 5, 1, 1)": [0.0194542296230793, 0.01908581331372261, 0.019687097519636154, 0.019623642787337303, 0.01750023290514946], "(3, 4, 1, 1)": [0.018674537539482117, 0.019096791744232178, 0.01892337203025818, 0.018782731145620346, 0.01866040751338005], "(3, 6, 2, 2)": [0.01988905668258667, 0.019775521010160446, 0.01979340985417366, 0.019766898825764656, 0.019730208441615105], "(3, 6, 1, 1)": [0.019875630736351013, 0.019850734621286392, 0.019598426297307014, 0.019969772547483444, 0.019841624423861504], "(3, 3, 1, 1)": [0.015383739024400711, 0.016163893043994904, 0.01616733707487583, 0.015709729865193367, 0.018676990643143654], "(3, 2, 1, 1)": [0.0015734597109258175, 0.0062480829656124115, 0.0012324163690209389, 0.0021168901585042477, 0.017488963901996613], "(2, 2, 1, 1)": [0.0005060518160462379, 0.001999223604798317, 0.0021218997426331043, 0.017841123044490814, 0.007905511185526848], "(3, 6, 1, 2)": [0.019911816343665123, 0.019806021824479103, 0.019857466220855713, 0.019829943776130676, 0.019851597025990486], "(3, 10, 2, 2)": [-0.013020830228924751, -0.004910062998533249, -0.012661624699831009, -0.013345129787921906, -0.012819134630262852], "(2, 3, 2, 2)": [0.018835047259926796, 0.018962176516652107, 0.019023790955543518, 0.019147979095578194, 0.019356736913323402], "(2, 5, 2, 2)": [0.01994652859866619, 0.019907670095562935, 0.0199955552816391, 0.01993866078555584, 0.01992201805114746], "(2, 5, 1, 1)": [0.019769208505749702, 0.019775431603193283, 0.01978151686489582, 0.01998831145465374, 0.01972574181854725], "(2, 4, 1, 1)": [0.01900380477309227, 0.019196446985006332, 0.0190435778349638, 0.01905030943453312, 0.01969733275473118], "(2, 4, 2, 2)": [0.01965595968067646, 0.01955307647585869, 0.019573045894503593, 0.019600331783294678, 0.01986200176179409], "(2, 4, 2, 1)": [0.019494332373142242, 0.01916041225194931, 0.019510764628648758, 0.019588258117437363, 0.019726397469639778], "(2, 5, 2, 1)": [0.01985492929816246, 0.01992013119161129, 0.019843025133013725, 0.019985243678092957, 0.01992928609251976], "(2, 3, 1, 1)": [0.01687370426952839, 0.015171569772064686, 0.017089908942580223, 0.016363823786377907, 0.018774526193737984], "(2, 2, 2, 1)": [0.01621125265955925, 0.01496892236173153, 0.01703520119190216, 0.017830943688750267, 0.014995848760008812], "(3, 7, 2, 1)": [0.01978733204305172, 0.019633930176496506, 0.019624333828687668, 0.019597753882408142, 0.019634654745459557], "(3, 5, 2, 1)": [0.01986987702548504, 0.019838610664010048, 0.01996314898133278, 0.01997949369251728, 0.01992221176624298], "(3, 4, 2, 1)": [0.01942983828485012, 0.019044071435928345, 0.01896609365940094, 0.018552137538790703, 0.019021745771169662], "(3, 3, 2, 1)": [0.018226779997348785, 0.0183376707136631, 0.01768200658261776, 0.01793208159506321, 0.01927223987877369], "(3, 2, 2, 1)": [0.014042790047824383, 0.012012368999421597, 0.011674445122480392, 0.017746761441230774, 0.01472689863294363], "(3, 1, 1, 1)": [-0.014611567370593548, -0.012904910370707512, -0.00958186760544777, -0.014085394330322742, -0.013460424728691578], "(3, 7, 1, 2)": [0.01976291462779045, 0.019521845504641533, 0.019603431224822998, 0.019586896523833275, 0.019486600533127785], "(3, 9, 1, 2)": [0.017938533797860146, 0.01774211786687374, 0.017333494499325752, 0.01711813546717167, 0.01580476202070713], "(3, 10, 1, 2)": [0.017324045300483704, 0.009827857837080956, -0.005328604485839605, -0.00033363839611411095, -0.011957772076129913], "(2, 8, 1, 1)": [0.01846013031899929, 0.01928870938718319, 0.01813584379851818, 0.018362978473305702, 0.01870938576757908], "(2, 7, 1, 1)": [0.019468288868665695, 0.01973264291882515, 0.019497733563184738, 0.01949824020266533, 0.01949833706021309], "(2, 3, 2, 1)": [0.01821279712021351, 0.01853036880493164, 0.01863393746316433, 0.01874409429728985, 0.019014857709407806], "(3, 2, 1, 2)": [0.010734335519373417, 0.013705657795071602, 0.014358832500874996, 0.014417102560400963, 0.018014036118984222], "(3, 2, 2, 2)": [0.012742241844534874, 0.01689930260181427, 0.01695471629500389, 0.016477005556225777, 0.018525203689932823], "(2, 6, 1, 2)": [0.01998003199696541, 0.019831722602248192, 0.019897421821951866, 0.01984434947371483, 0.019844356924295425], "(2, 6, 2, 1)": [0.019940560683608055, 0.019926920533180237, 0.019938142970204353, 0.01991160213947296, 0.01993778720498085], "(2, 7, 2, 1)": [0.018860401585698128, 0.0196561049669981, 0.019375838339328766, 0.01864541880786419, 0.019254660233855247], "(2, 2, 2, 2)": [0.017099380493164062, 0.01788131333887577, 0.017749665305018425, 0.017854662612080574, 0.018353324383497238], "(3, 1, 2, 1)": [-0.008181722834706306, -0.00835566408932209, -0.010317027568817139, -0.0021517560817301273, 0.0082088066264987], "(2, 8, 1, 2)": [0.01910586655139923, 0.018157552927732468, 0.017921848222613335, 0.01756228879094124, 0.017852820456027985], "(2, 7, 1, 2)": [0.018980002030730247, 0.01950032263994217, 0.019083870574831963, 0.018859349191188812, 0.019311448559165], "(3, 5, 1, 2)": [0.019930144771933556, 0.019933607429265976, 0.018972937017679214, 0.019842304289340973, 0.019986100494861603],