{"q_values": {"(2, 6, 2, 2)": [0.019640009850263596, 0.019893651828169823, 0.019719664007425308, 0.019617794081568718, 0.01948925107717514], "(2, 6, 1, 1)": [0.01992129720747471, 0.01996718905866146, 0.01992027461528778, 0.01991334557533264, 0.019918372854590416], "(2, 7, 2, 2)": [0.018492966890335083, 0.019537106156349182, 0.018626976758241653, 0.018667148426175117, 0.018474185839295387], "(2, 8, 2, 2)": [0.015085543505847454, 0.01547364704310894, 0.017376992851495743, 0.016114618629217148, 0.015439562499523163], "(2, 9, 2, 2)": [0.016702303662896156, 0.0021654879674315453, 0.002973784226924181, 0.0017127539031207561, 0.004420533310621977], "(2, 10, 2, 2)": [-0.013626007363200188, -0.012973273172974586, -0.011859743855893612, -0.014312555082142353, -0.013360641896724701], "(2, 10, 1, 2)": [-0.0019731284119188786, 0.0028434935957193375, -0.003181809326633811, -0.004260209389030933, -0.01234491541981697], "(3, 4, 1, 2)": [0.01926327496767044, 0.01944158971309662, 0.018713561818003654, 0.01965528167784214, 0.019663004204630852], "(2, 1, 2, 2)": [0.008186537772417068, 0.008730643428862095, 0.015455360524356365, 0.01739390939474106, 0.01564585603773594], "(2, 1, 1, 1)": [-0.013069047592580318, -0.01275841984897852, -0.014708105474710464, -0.013618274591863155, -0.005626506172120571], "(2, 1, 2, 1)": [-0.009050507098436356, -0.0019417456351220608, 0.0013796044513583183, 0.015703128650784492, 0.006673716939985752], "(3, 8, 1, 2)": [0.018876146525144577, 0.0189626757055521, 0.018545133993029594, 0.018171364441514015, 0.017546653747558594], "(3, 7, 1, 1)": [0.019837839528918266, 0.019686609506607056, 0.01968621276319027, 0.019651953130960464, 0.01968119479715824], "(3, 7, 2, 2)": [0.019722510129213333, 0.018919313326478004, 0.018956216052174568, 0.01887384243309498, 0.01834581233561039], "(3, 8, 2, 2)": [0.018253453075885773, 0.01521556917577982, 0.015434173867106438, 0.015120980329811573, 0.01463824138045311], "(3, 8, 1, 1)": [0.018910542130470276, 0.01920866221189499, 0.018916787579655647, 0.01893009804189205, 0.01890896074473858], "(3, 9, 2, 2)": [0.004439990036189556, 0.016305962577462196, 0.0036891112104058266, 0.004184511955827475, 0.0012587984092533588], "(2, 8, 2, 1)": [0.016684504225850105, 0.01897697150707245, 0.01598045788705349, 0.017186924815177917, 0.005503958091139793], "(3, 3, 2, 2)": [0.01887153461575508, 0.018753038719296455, 0.01876821368932724, 0.018982848152518272, 0.01938008703291416], "(3, 3, 1, 2)": [0.01730729080736637, 0.01738825812935829, 0.017974402755498886, 0.01897343434393406, 0.01501469686627388], "(3, 4, 2, 2)": [0.01934165507555008, 0.019432732835412025, 0.01977127604186535, 0.018808791413903236, 0.018909869715571404], "(3, 5, 2, 2)": [0.01982295699417591, 0.019865568727254868, 0.019028976559638977, 0.019507363438606262, 0.019973399117588997], "(3, 5, 1, 1)": [0.01963256299495697, 0.019866134971380234, 0.019695255905389786, 0.019986150786280632, 0.019265420734882355], "(3, 4, 1, 1)": [0.019108552485704422, 0.0182553268969059, 0.01845434680581093, 0.019512172788381577, 0.01890106126666069], "(3, 6, 2, 2)": [0.019871331751346588, 0.01996537297964096, 0.019864521920681, 0.01985245756804943, 0.01980721391737461], "(3, 6, 1, 1)": [0.01995556801557541, 0.019171033054590225, 0.019818389788269997, 0.019980931654572487, 0.019834144040942192], "(3, 3, 1, 1)": [0.015383739024400711, 0.015016228891909122, 0.015506676398217678, 0.014576137065887451, 0.019102608785033226], "(3, 2, 1, 1)": [0.0015734597109258175, 0.001316093374043703, 0.0012324163690209389, 0.0021168901585042477, 0.01770799793303013], "(2, 2, 1, 1)": [0.0005060518160462379, 0.001999223604798317, 0.0021218997426331043, 0.016816649585962296, 0.0038085528649389744], "(3, 6, 1, 2)": [0.019969400018453598, 0.019950633868575096, 0.019934039562940598, 0.01986812800168991, 0.019851597025990486], "(3, 10, 2, 2)": [-0.013020830228924751, -0.0017235716804862022, -0.012661624699831009, -0.013345129787921906, -0.012819134630262852], "(2, 3, 2, 2)": [0.018835047259926796, 0.019075945019721985, 0.018924836069345474, 0.01906772144138813, 0.019442638382315636], "(2, 5, 2, 2)": [0.019884705543518066, 0.019891515374183655, 0.019897015765309334, 0.019977863878011703, 0.019902359694242477], "(2, 5, 1, 1)": [0.019779380410909653, 0.019733382388949394, 0.019813505932688713, 0.019736656919121742, 0.019976619631052017], "(2, 4, 1, 1)": [0.018789708614349365, 0.018905263394117355, 0.0190435778349638, 0.018987327814102173, 0.019401775673031807], "(2, 4, 2, 2)": [0.019617516547441483, 0.01962275803089142, 0.01969115622341633, 0.019610494375228882, 0.019836384803056717], "(2, 4, 2, 1)": [0.0195145346224308, 0.01916041225194931, 0.019510764628648758, 0.01959492452442646, 0.019757619127631187], "(2, 5, 2, 1)": [0.019795602187514305, 0.019846437498927116, 0.019917013123631477, 0.019929010421037674, 0.019887609407305717], "(2, 3, 1, 1)": [0.01687370426952839, 0.015171569772064686, 0.017089908942580223, 0.016363823786377907, 0.01839629001915455], "(2, 2, 2, 1)": [0.01621125265955925, 0.01496892236173153, 0.01703520119190216, 0.018036773428320885, 0.014995848760008812], "(3, 7, 2, 1)": [0.019833648577332497, 0.019632838666439056, 0.019624333828687668, 0.019597753882408142, 0.019634654745459557], "(3, 5, 2, 1)": [0.01982029154896736, 0.019814573228359222, 0.01984950341284275, 0.019515782594680786, 0.019993456080555916], "(3, 4, 2, 1)": [0.01916392520070076, 0.019238170236349106, 0.019398916512727737, 0.019211558625102043, 0.018657108768820763], "(3, 3, 2, 1)": [0.017849164083600044, 0.017662085592746735, 0.01768200658261776, 0.01739989034831524, 0.019177481532096863], "(3, 2, 2, 1)": [0.014042790047824383, 0.015332113951444626, 0.014347593300044537, 0.015126721933484077, 0.018247537314891815], "(3, 1, 1, 1)": [-0.014611567370593548, -0.012904910370707512, -0.012268614023923874, -0.014085394330322742, -0.013460424728691578], "(3, 7, 1, 2)": [0.01969454623758793, 0.019521845504641533, 0.019603431224822998, 0.019586896523833275, 0.019486600533127785], "(3, 9, 1, 2)": [0.01787957176566124, 0.01774211786687374, 0.017333494499325752, 0.01711813546717167, 0.01580476202070713], "(3, 10, 1, 2)": [0.017376961186528206, 0.009827857837080956, -0.005328604485839605, -0.00033363839611411095, -0.011957772076129913], "(2, 8, 1, 1)": [0.01854497194290161, 0.01879512518644333, 0.019094835966825485, 0.0186760313808918, 0.01832500658929348], "(2, 7, 1, 1)": [0.019742293283343315, 0.019531944766640663, 0.019581133499741554, 0.019592728465795517, 0.019462499767541885], "(2, 3, 2, 1)": [0.01821279712021351, 0.01853036880493164, 0.01863393746316433, 0.01874409429728985, 0.01913400925695896], "(3, 2, 1, 2)": [0.010734335519373417, 0.013705657795071602, 0.014358832500874996, 0.014417102560400963, 0.017900904640555382], "(3, 2, 2, 2)": [0.01745808869600296, 0.018018024042248726, 0.017123956233263016, 0.01692594587802887, 0.017458250746130943], "(2, 6, 1, 2)": [0.019991694018244743, 0.019848758354783058, 0.019845712929964066, 0.0197572261095047, 0.019719772040843964], "(2, 6, 2, 1)": [0.019983602687716484, 0.019946958869695663, 0.019938142970204353, 0.019945675507187843, 0.019932501018047333], "(2, 7, 2, 1)": [0.018860401585698128, 0.01969810575246811, 0.019375838339328766, 0.01864541880786419, 0.019254660233855247], "(2, 2, 2, 2)": [0.016733819618821144, 0.01788131333887577, 0.017749665305018425, 0.017854662612080574, 0.018562618643045425], "(3, 1, 2, 1)": [-0.008181722834706306, -0.00835566408932209, -0.010317027568817139, -0.0021517560817301273, 0.015465286560356617], "(2, 8, 1, 2)": [0.01779812015593052, 0.019175762310624123, 0.018300455063581467, 0.017785919830203056, 0.017852820456027985], "(2, 7, 1, 2)": [0.018980002030730247, 0.019664106890559196, 0.019083870574831963, 0.018859349191188812, 0.019311448559165], "(3, 5, 1, 2)": [0.01993909850716591, 0.019933607429265976, 0.018972937017679214, 0.019842304289340973, 0.019990211352705956],