{"q_values": {"(2, 6, 2, 2)": [0.019875921308994293, 0.01990565098822117, 0.019702047109603882, 0.019851716235280037, 0.019909197464585304], "(2, 6, 1, 1)": [0.019936082884669304, 0.019932832568883896, 0.019981669262051582, 0.01994233764708042, 0.019931502640247345], "(2, 7, 2, 2)": [0.019238077104091644, 0.018778083845973015, 0.01912683993577957, 0.019146332517266273, 0.018632106482982635], "(2, 8, 2, 2)": [0.016224851831793785, 0.018480759114027023, 0.01629510521888733, 0.016783639788627625, 0.01647106558084488], "(2, 9, 2, 2)": [0.016364410519599915, 0.0030712243169546127, 0.00355075066909194, 0.0040343585424125195, -0.00021100323647260666], "(2, 10, 2, 2)": [-0.011317669413983822, -0.013776160776615143, -0.012575793080031872, -0.014848376624286175, -0.014612872153520584], "(2, 10, 1, 2)": [0.015185412019491196, -0.0035511599853634834, 0.003982365131378174, -0.0009995675645768642, -0.01234491541981697], "(3, 4, 1, 2)": [0.019220368936657906, 0.019263943657279015, 0.017767399549484253, 0.019389227032661438, 0.019793495535850525], "(2, 1, 2, 2)": [0.001900549978017807, 0.008730643428862095, 0.015455360524356365, 0.017181675881147385, 0.01564585603773594], "(2, 1, 1, 1)": [-0.013152653351426125, -0.012829739600419998, -0.015464367344975471, -0.014383640140295029, -0.012823805212974548], "(2, 1, 2, 1)": [-0.009050507098436356, -0.0019417456351220608, 0.005567851476371288, 0.004664183594286442, 0.015646925196051598], "(3, 8, 1, 2)": [0.0190217737108469, 0.018787261098623276, 0.018831904977560043, 0.018171364441514015, 0.018031161278486252], "(3, 7, 1, 1)": [0.019643502309918404, 0.019774414598941803, 0.019621124491095543, 0.0195824783295393, 0.019668152555823326], "(3, 7, 2, 2)": [0.019043151289224625, 0.018650973215699196, 0.018985630944371223, 0.018966831266880035, 0.0191242266446352], "(3, 8, 2, 2)": [0.016531066969037056, 0.01776302233338356, 0.01775262877345085, 0.016727188602089882, 0.01730016991496086], "(3, 8, 1, 1)": [0.019022183492779732, 0.01913563907146454, 0.019123045727610588, 0.01900719664990902, 0.018929503858089447], "(3, 9, 2, 2)": [0.017216676846146584, 0.013563975691795349, 0.010609695687890053, 0.009757468476891518, 0.0062180026434361935], "(2, 8, 2, 1)": [0.01561135333031416, 0.019103024154901505, 0.01598045788705349, 0.016641436144709587, 0.005503958091139793], "(3, 3, 2, 2)": [0.018831059336662292, 0.018709640949964523, 0.019122209399938583, 0.019275479018688202, 0.018832901492714882], "(3, 3, 1, 2)": [0.016636855900287628, 0.016707029193639755, 0.015923913568258286, 0.018990227952599525, 0.01501469686627388], "(3, 4, 2, 2)": [0.019538424909114838, 0.01971210353076458, 0.01967982016503811, 0.01971602998673916, 0.01980431005358696], "(3, 5, 2, 2)": [0.01992141082882881, 0.019924357533454895, 0.019909637048840523, 0.019889717921614647, 0.01989644020795822], "(3, 5, 1, 1)": [0.019669072702527046, 0.019740136340260506, 0.019611816853284836, 0.01969151198863983, 0.019580606371164322], "(3, 4, 1, 1)": [0.018484828993678093, 0.01875206083059311, 0.018720708787441254, 0.018941476941108704, 0.01845402829349041], "(3, 6, 2, 2)": [0.01965661160647869, 0.019605979323387146, 0.019640257582068443, 0.019633062183856964, 0.019643545150756836], "(3, 6, 1, 1)": [0.019925126805901527, 0.019920745864510536, 0.019915878772735596, 0.01992037147283554, 0.01991342008113861], "(3, 3, 1, 1)": [0.01661372184753418, 0.015701772645115852, 0.015435069799423218, 0.016311783343553543, 0.015810076147317886], "(3, 2, 1, 1)": [0.008053051307797432, 0.005750981159508228, 0.005675631109625101, 0.0034884708002209663, 0.009363715536892414], "(2, 2, 1, 1)": [0.0020822798833251, 0.004462659824639559, 0.00682205380871892, 0.0023920005187392235, 0.013917370699346066], "(3, 6, 1, 2)": [0.019911430776119232, 0.019881803542375565, 0.019897859543561935, 0.019894378259778023, 0.019792160019278526], "(3, 10, 2, 2)": [-0.007467838004231453, -0.006305219605565071, -0.013211127370595932, -0.007056485395878553, -0.012022019363939762], "(2, 3, 2, 2)": [0.018862556666135788, 0.01907128281891346, 0.019036781042814255, 0.019088933244347572, 0.019330907613039017], "(2, 5, 2, 2)": [0.019961340352892876, 0.01996018923819065, 0.019951220601797104, 0.019960865378379822, 0.01996234804391861], "(2, 5, 1, 1)": [0.01977805234491825, 0.019814148545265198, 0.0198482945561409, 0.01978413201868534, 0.019767165184020996], "(2, 4, 1, 1)": [0.01882222294807434, 0.019103609025478363, 0.01911194995045662, 0.01901411823928356, 0.019416894763708115], "(2, 4, 2, 2)": [0.019698869436979294, 0.019548263400793076, 0.019676469266414642, 0.0197013970464468, 0.019814833998680115], "(2, 4, 2, 1)": [0.01947295106947422, 0.01942950300872326, 0.019400741904973984, 0.01963256672024727, 0.01968001201748848], "(2, 5, 2, 1)": [0.019953861832618713, 0.019949838519096375, 0.019935548305511475, 0.019947480410337448, 0.019974416121840477], "(2, 3, 1, 1)": [0.016608580946922302, 0.016846559941768646, 0.015755822882056236, 0.01750301755964756, 0.016339223831892014], "(2, 2, 2, 1)": [0.014327791519463062, 0.01496892236173153, 0.01598321460187435, 0.016192754730582237, 0.017127785831689835], "(3, 7, 2, 1)": [0.019685257226228714, 0.019673164933919907, 0.019589509814977646, 0.019445771351456642, 0.019589701667428017], "(3, 5, 2, 1)": [0.01987762562930584, 0.019872620701789856, 0.019938962534070015, 0.019945960491895676, 0.019967643544077873], "(3, 4, 2, 1)": [0.019184034317731857, 0.01945209689438343, 0.019457604736089706, 0.01956598460674286, 0.019691649824380875], "(3, 3, 2, 1)": [0.01873161643743515, 0.018533805385231972, 0.018766334280371666, 0.018499167636036873, 0.018871597945690155], "(3, 2, 2, 1)": [0.015103708021342754, 0.012435738928616047, 0.01574600674211979, 0.015467210672795773, 0.015755262225866318], "(3, 1, 1, 1)": [-0.013175137341022491, -0.01285054162144661, -0.012817034497857094, -0.013995508663356304, -0.01003335416316986], "(3, 7, 1, 2)": [0.01974085532128811, 0.01959899440407753, 0.019556522369384766, 0.019479596987366676, 0.019456302747130394], "(3, 9, 1, 2)": [0.017855972051620483, 0.01762993261218071, 0.017119545489549637, 0.015758635476231575, 0.014860507100820541], "(3, 10, 1, 2)": [0.01662319153547287, 0.009373308159410954, -0.005328604485839605, -0.00033363839611411095, -0.011957772076129913], "(2, 8, 1, 1)": [0.018884679302573204, 0.0190858356654644, 0.018856482580304146, 0.01859128102660179, 0.018468379974365234], "(2, 7, 1, 1)": [0.019691744819283485, 0.01969035528600216, 0.018674543127417564, 0.019750047475099564, 0.019676098600029945], "(2, 3, 2, 1)": [0.01851445622742176, 0.01856517232954502, 0.018542276695370674, 0.01848035678267479, 0.01869007758796215], "(3, 2, 1, 2)": [0.010266619734466076, 0.012108074501156807, 0.014358832500874996, 0.014417102560400963, 0.017607582733035088], "(3, 2, 2, 2)": [0.017515970394015312, 0.017321370542049408, 0.01780499890446663, 0.01680910587310791, 0.018362032249569893], "(2, 6, 1, 2)": [0.019951770082116127, 0.019954944029450417, 0.019909758120775223, 0.019901659339666367, 0.019952455535531044], "(2, 6, 2, 1)": [0.019932549446821213, 0.019986582919955254, 0.019943756982684135, 0.019770395010709763, 0.019936470314860344], "(2, 7, 2, 1)": [0.018860401585698128, 0.019704515114426613, 0.018904946744441986, 0.01864541880786419, 0.018924852833151817], "(2, 2, 2, 2)": [0.015903359279036522, 0.01705133356153965, 0.017629031091928482, 0.017746033146977425, 0.01835007034242153], "(3, 1, 2, 1)": [-0.012409646064043045, -0.00835566408932209, -0.0074167316779494286, 0.002782840747386217, -0.0018726661801338196], "(2, 8, 1, 2)": [0.018694475293159485, 0.018792374059557915, 0.01875803805887699, 0.018353447318077087, 0.01848902739584446], "(2, 7, 1, 2)": [0.019787011668086052, 0.01960483193397522, 0.019595708698034286, 0.01948370411992073, 0.01948285847902298], "(3, 5, 1, 2)": [0.019924432039260864, 0.019946470856666565, 0.019949952140450478, 0.019933804869651794, 0.01994643174111843],