{"q_values": {"(2, 6, 2, 2)": [0.019781755283474922, 0.01995955966413021, 0.019756797701120377, 0.01968899741768837, 0.019811702892184258], "(2, 6, 1, 1)": [0.019915994256734848, 0.019986288622021675, 0.019938208162784576, 0.019935349002480507, 0.019915858283638954], "(2, 7, 2, 2)": [0.018936941400170326, 0.018288766965270042, 0.019035756587982178, 0.01899005100131035, 0.01864956133067608], "(2, 8, 2, 2)": [0.015978362411260605, 0.01842406950891018, 0.017077064141631126, 0.016567913815379143, 0.016433589160442352], "(2, 9, 2, 2)": [0.007697168737649918, -0.0030944615136832, 0.0025133714079856873, 0.0009497362188994884, -0.001749400980770588], "(2, 10, 2, 2)": [-0.013581281527876854, -0.008702181279659271, -0.008945652283728123, -0.014312555082142353, -0.013360641896724701], "(2, 10, 1, 2)": [0.016221482306718826, -0.0035511599853634834, 0.003982365131378174, -0.0009995675645768642, -0.01234491541981697], "(3, 4, 1, 2)": [0.01926327496767044, 0.019355380907654762, 0.018713561818003654, 0.01962483674287796, 0.019796812906861305], "(2, 1, 2, 2)": [0.00467318668961525, 0.008730643428862095, 0.015455360524356365, 0.01731904223561287, 0.01564585603773594], "(2, 1, 1, 1)": [-0.013069047592580318, -0.012153983116149902, -0.015464367344975471, -0.013618274591863155, -0.006045076064765453], "(2, 1, 2, 1)": [-0.009050507098436356, -0.0019417456351220608, 0.005567851476371288, 0.004664183594286442, 0.0022197160869836807], "(3, 8, 1, 2)": [0.019040880724787712, 0.01869099773466587, 0.01878640241920948, 0.018171364441514015, 0.017157716676592827], "(3, 7, 1, 1)": [0.019729454070329666, 0.01982937380671501, 0.019714517518877983, 0.019649064168334007, 0.019575070589780807], "(3, 7, 2, 2)": [0.01964842714369297, 0.019170477986335754, 0.019006144255399704, 0.018954018130898476, 0.01911856420338154], "(3, 8, 2, 2)": [0.015632741153240204, 0.016963137313723564, 0.017135323956608772, 0.01712704636156559, 0.01667402870953083], "(3, 8, 1, 1)": [0.019012290984392166, 0.018950220197439194, 0.018954794853925705, 0.01899174228310585, 0.018797464668750763], "(3, 9, 2, 2)": [0.01660514436662197, 0.002890998497605324, 0.010557513684034348, 0.009899605996906757, 0.0009711389429867268], "(2, 8, 2, 1)": [0.016684504225850105, 0.019168570637702942, 0.01598045788705349, 0.017186924815177917, 0.005503958091139793], "(3, 3, 2, 2)": [0.018812378868460655, 0.01892268657684326, 0.018964124843478203, 0.018962958827614784, 0.019152982160449028], "(3, 3, 1, 2)": [0.01730729080736637, 0.01738825812935829, 0.017532868310809135, 0.01911565288901329, 0.01501469686627388], "(3, 4, 2, 2)": [0.019694145768880844, 0.01971941627562046, 0.019717691466212273, 0.019632799550890923, 0.019814176484942436], "(3, 5, 2, 2)": [0.019953878596425056, 0.01993163488805294, 0.019958974793553352, 0.019813062623143196, 0.019952213391661644], "(3, 5, 1, 1)": [0.01983359269797802, 0.01972254179418087, 0.01982143521308899, 0.019759193062782288, 0.019891204312443733], "(3, 4, 1, 1)": [0.018866799771785736, 0.019077489152550697, 0.018745578825473785, 0.019140055403113365, 0.01900087296962738], "(3, 6, 2, 2)": [0.01982150785624981, 0.019799644127488136, 0.01978963613510132, 0.019784286618232727, 0.019798602908849716], "(3, 6, 1, 1)": [0.019945058971643448, 0.019941261038184166, 0.019947772845625877, 0.019948305562138557, 0.019923575222492218], "(3, 3, 1, 1)": [0.01622024178504944, 0.01616579480469227, 0.017379211261868477, 0.017278552055358887, 0.01867225207388401], "(3, 2, 1, 1)": [0.004347895737737417, 0.006944839842617512, 0.0033370540477335453, -0.0009045475162565708, 0.017529629170894623], "(2, 2, 1, 1)": [0.0042360564693808556, 0.007658026181161404, 0.004451119340956211, 0.008258447051048279, 0.01659439131617546], "(3, 6, 1, 2)": [0.01995663531124592, 0.019989369437098503, 0.019853707402944565, 0.019915452226996422, 0.019924109801650047], "(3, 10, 2, 2)": [-0.013020830228924751, 0.00013798056170344353, -0.012986053712666035, -0.012114513665437698, -0.012021639384329319], "(2, 3, 2, 2)": [0.01884731836616993, 0.019003942608833313, 0.01904197968542576, 0.01910395547747612, 0.019337981939315796], "(2, 5, 2, 2)": [0.019944997504353523, 0.019952038303017616, 0.01993943564593792, 0.01996777206659317, 0.01992187835276127], "(2, 5, 1, 1)": [0.019798900932073593, 0.019708875566720963, 0.01969055086374283, 0.019825443625450134, 0.019926194101572037], "(2, 4, 1, 1)": [0.019053759053349495, 0.018817923963069916, 0.018920335918664932, 0.019542930647730827, 0.01907585747539997], "(2, 4, 2, 2)": [0.019589751958847046, 0.019655121490359306, 0.019658032804727554, 0.019652731716632843, 0.019845658913254738], "(2, 4, 2, 1)": [0.019333617761731148, 0.019272003322839737, 0.019510764628648758, 0.019590571522712708, 0.01963197998702526], "(2, 5, 2, 1)": [0.01991669274866581, 0.01985175348818302, 0.019920121878385544, 0.01992785558104515, 0.01996036246418953], "(2, 3, 1, 1)": [0.01573844440281391, 0.016537023708224297, 0.015731891617178917, 0.016623586416244507, 0.0188449639827013], "(2, 2, 2, 1)": [0.015763789415359497, 0.01496892236173153, 0.01703520119190216, 0.017062382772564888, 0.018253473564982414], "(3, 7, 2, 1)": [0.019652225077152252, 0.019627537578344345, 0.019611073657870293, 0.019518589600920677, 0.019562263041734695], "(3, 5, 2, 1)": [0.019921813160181046, 0.019944097846746445, 0.01995200850069523, 0.019962128251791, 0.019942905753850937], "(3, 4, 2, 1)": [0.019466176629066467, 0.019501904025673866, 0.019529420882463455, 0.01957998424768448, 0.01969142258167267], "(3, 3, 2, 1)": [0.01848355121910572, 0.018358023837208748, 0.018859446048736572, 0.018503013998270035, 0.018873099237680435], "(3, 2, 2, 1)": [0.016611970961093903, 0.01464903075248003, 0.01678459346294403, 0.017904549837112427, 0.016719814389944077], "(3, 1, 1, 1)": [-0.012211396358907223, -0.01257248129695654, -0.012817034497857094, -0.011191630735993385, -0.013460424728691578], "(3, 7, 1, 2)": [0.01954489015042782, 0.019714148715138435, 0.019490862265229225, 0.019383464008569717, 0.019466418772935867], "(3, 9, 1, 2)": [0.018016526475548744, 0.017739297822117805, 0.01717127300798893, 0.01711813546717167, 0.014313245192170143], "(3, 10, 1, 2)": [0.016769755631685257, 0.009827857837080956, -0.005328604485839605, -0.00033363839611411095, -0.011957772076129913], "(2, 8, 1, 1)": [0.01895906589925289, 0.018949806690216064, 0.019024841487407684, 0.018899936228990555, 0.01895057037472725], "(2, 7, 1, 1)": [0.019682927057147026, 0.019816910848021507, 0.01963658072054386, 0.01965617947280407, 0.019691841676831245], "(2, 3, 2, 1)": [0.017946982756257057, 0.01853036880493164, 0.01863536424934864, 0.018681738525629044, 0.019132228568196297], "(3, 2, 1, 2)": [0.010266619734466076, 0.012108074501156807, 0.014358832500874996, 0.014417102560400963, 0.018251674249768257], "(3, 2, 2, 2)": [0.017452985048294067, 0.017861315980553627, 0.01786564104259014, 0.01796521432697773, 0.018535258248448372], "(2, 6, 1, 2)": [0.019965678453445435, 0.019848693162202835, 0.019920436665415764, 0.019866900518536568, 0.01987036131322384], "(2, 6, 2, 1)": [0.01995156519114971, 0.01996704190969467, 0.0199402067810297, 0.01993556320667267, 0.019924862310290337], "(2, 7, 2, 1)": [0.018860401585698128, 0.019710443913936615, 0.01933237724006176, 0.01864541880786419, 0.019239632412791252], "(2, 2, 2, 2)": [0.01792214624583721, 0.018143625929951668, 0.017650609835982323, 0.018078435212373734, 0.01845361664891243], "(3, 1, 2, 1)": [-0.008181722834706306, -0.00835566408932209, -0.010317027568817139, -0.0021517560817301273, 0.016641482710838318], "(2, 8, 1, 2)": [0.01879213936626911, 0.01836613565683365, 0.01871807500720024, 0.0183735229074955, 0.018510853871703148], "(2, 7, 1, 2)": [0.019720813259482384, 0.019541990011930466, 0.019228201359510422, 0.019416095688939095, 0.019478576257824898], "(3, 5, 1, 2)": [0.019965868443250656, 0.019964659586548805, 0.01999150775372982, 0.019957976415753365, 0.019975509494543076],