{"q_values": {"(2, 6, 2, 2)": [0.019581221044063568, 0.019586876034736633, 0.019588977098464966, 0.019589481875300407, 0.01960282027721405], "(2, 6, 1, 1)": [0.019915040582418442, 0.01987673155963421, 0.019814714789390564, 0.019909782335162163, 0.019903514534235], "(2, 7, 2, 2)": [0.01851411536335945, 0.01930072344839573, 0.01850949414074421, 0.01851009950041771, 0.01851084642112255], "(2, 8, 2, 2)": [0.016464920714497566, 0.015751658007502556, 0.01583215221762657, 0.015850791707634926, 0.015354770235717297], "(2, 9, 2, 2)": [0.004910266492515802, 0.005033085122704506, 0.005094585474580526, 0.0017127539031207561, 0.008718736469745636], "(2, 10, 2, 2)": [-0.011198297142982483, -0.012973273172974586, -0.01145611796528101, -0.014312555082142353, -0.013360641896724701], "(2, 10, 1, 2)": [-0.0019731284119188786, 0.011851792223751545, -0.003181809326633811, -0.004260209389030933, -0.01234491541981697], "(3, 4, 1, 2)": [0.01926327496767044, 0.01944158971309662, 0.018713561818003654, 0.01962483674287796, 0.019793201237916946], "(2, 1, 2, 2)": [0.008186537772417068, 0.008730643428862095, 0.015455360524356365, 0.017349906265735626, 0.01564585603773594], "(2, 1, 1, 1)": [-0.013069047592580318, -0.01275841984897852, -0.014708105474710464, -0.013618274591863155, 0.012281101197004318], "(2, 1, 2, 1)": [-0.009050507098436356, -0.0019417456351220608, 0.0013796044513583183, 0.013935417868196964, 0.006673716939985752], "(3, 8, 1, 2)": [0.018876146525144577, 0.018928512930870056, 0.018545133993029594, 0.018171364441514015, 0.017546653747558594], "(3, 7, 1, 1)": [0.019680334255099297, 0.019700707867741585, 0.019831251353025436, 0.01967708393931389, 0.019639180973172188], "(3, 7, 2, 2)": [0.01865895837545395, 0.019257348030805588, 0.018824273720383644, 0.018469221889972687, 0.018656235188245773], "(3, 8, 2, 2)": [0.015577530488371849, 0.015589517541229725, 0.017154354602098465, 0.01566535234451294, 0.01463824138045311], "(3, 8, 1, 1)": [0.01935746893286705, 0.018970755860209465, 0.018970584496855736, 0.01898564025759697, 0.018977366387844086], "(3, 9, 2, 2)": [0.004439990036189556, 0.01646755076944828, -0.0017505371943116188, 0.0061881765723228455, 0.0012587984092533588], "(2, 8, 2, 1)": [0.016684504225850105, 0.019116651266813278, 0.01598045788705349, 0.017186924815177917, 0.005503958091139793], "(3, 3, 2, 2)": [0.018733743578195572, 0.018753038719296455, 0.018784748390316963, 0.018843481317162514, 0.019398925825953484], "(3, 3, 1, 2)": [0.01730729080736637, 0.01738825812935829, 0.017974402755498886, 0.019195962697267532, 0.01501469686627388], "(3, 4, 2, 2)": [0.019555529579520226, 0.019627686589956284, 0.019612694159150124, 0.019600223749876022, 0.019854091107845306], "(3, 5, 2, 2)": [0.019954830408096313, 0.019998351112008095, 0.01995125412940979, 0.019934365525841713, 0.019938655197620392], "(3, 5, 1, 1)": [0.019861016422510147, 0.019765643402934074, 0.019943522289395332, 0.01985725574195385, 0.01999736577272415], "(3, 4, 1, 1)": [0.019049979746341705, 0.018925964832305908, 0.018888797610998154, 0.0192731823772192, 0.018903832882642746], "(3, 6, 2, 2)": [0.019998032599687576, 0.019688865169882774, 0.019916798919439316, 0.01970832049846649, 0.019714651629328728], "(3, 6, 1, 1)": [0.019939983263611794, 0.019996387884020805, 0.019913237541913986, 0.019925370812416077, 0.01990531012415886], "(3, 3, 1, 1)": [0.01590597815811634, 0.01753476820886135, 0.016335416585206985, 0.0164569690823555, 0.017444521188735962], "(3, 2, 1, 1)": [0.0064748371951282024, 0.0016779908910393715, 0.004318218678236008, 0.008249962702393532, 0.016068367287516594], "(2, 2, 1, 1)": [0.0005060518160462379, 0.00628693075850606, 0.007327156141400337, 0.004809366539120674, 0.017917810007929802], "(3, 6, 1, 2)": [0.01998649723827839, 0.019871659576892853, 0.01992850936949253, 0.01992759108543396, 0.019840382039546967], "(3, 10, 2, 2)": [-0.013020830228924751, -0.012605817057192326, -0.012661624699831009, -0.013345129787921906, -0.012535981833934784], "(2, 3, 2, 2)": [0.01895950362086296, 0.0188494510948658, 0.018974265083670616, 0.0188427921384573, 0.019345853477716446], "(2, 5, 2, 2)": [0.019795717671513557, 0.01983804441988468, 0.019851312041282654, 0.01986095681786537, 0.019854001700878143], "(2, 5, 1, 1)": [0.01971597597002983, 0.019754014909267426, 0.019746556878089905, 0.01883108727633953, 0.019768910482525826], "(2, 4, 1, 1)": [0.019256148487329483, 0.018950950354337692, 0.01933230832219124, 0.019131997600197792, 0.01923922635614872], "(2, 4, 2, 2)": [0.019665265455842018, 0.0196082703769207, 0.01962151750922203, 0.019622577354311943, 0.019846653565764427], "(2, 4, 2, 1)": [0.019333617761731148, 0.01916041225194931, 0.019510764628648758, 0.01959492452442646, 0.01976805552840233], "(2, 5, 2, 1)": [0.01989891566336155, 0.019902028143405914, 0.019919229671359062, 0.019915662705898285, 0.019964775070548058], "(2, 3, 1, 1)": [0.017486486583948135, 0.018072454258799553, 0.017124487087130547, 0.01727871224284172, 0.018641119822859764], "(2, 2, 2, 1)": [0.015763789415359497, 0.01496892236173153, 0.01703520119190216, 0.01758827455341816, 0.014995848760008812], "(3, 7, 2, 1)": [0.019824674353003502, 0.019632838666439056, 0.019624333828687668, 0.019597753882408142, 0.019607219845056534], "(3, 5, 2, 1)": [0.0199331846088171, 0.01992821879684925, 0.01991373486816883, 0.019940145313739777, 0.019987069070339203], "(3, 4, 2, 1)": [0.019199397414922714, 0.019528444856405258, 0.019496487453579903, 0.019514326006174088, 0.019734764471650124], "(3, 3, 2, 1)": [0.017849164083600044, 0.017662085592746735, 0.01768200658261776, 0.01739989034831524, 0.01902894675731659], "(3, 2, 2, 1)": [0.014042790047824383, 0.015332113951444626, 0.014347593300044537, 0.013987967744469643, 0.01781754195690155], "(3, 1, 1, 1)": [-0.014611567370593548, -0.01187172532081604, -0.012817034497857094, -0.014085394330322742, -0.013460424728691578], "(3, 7, 1, 2)": [0.019716445356607437, 0.019521845504641533, 0.019577927887439728, 0.019586896523833275, 0.019486600533127785], "(3, 9, 1, 2)": [0.017937147989869118, 0.01774211786687374, 0.01717127300798893, 0.01711813546717167, 0.01580476202070713], "(3, 10, 1, 2)": [0.01727611944079399, 0.009827857837080956, -0.005328604485839605, -0.00033363839611411095, -0.011957772076129913], "(2, 8, 1, 1)": [0.01874084398150444, 0.0192843247205019, 0.019009601324796677, 0.0190091785043478, 0.01892881467938423], "(2, 7, 1, 1)": [0.019787991419434547, 0.01956362836062908, 0.019652068614959717, 0.019535379484295845, 0.019477149471640587], "(2, 3, 2, 1)": [0.01821279712021351, 0.01853036880493164, 0.01863393746316433, 0.01874409429728985, 0.019056091085076332], "(3, 2, 1, 2)": [0.010734335519373417, 0.013705657795071602, 0.014358832500874996, 0.014417102560400963, 0.018318934366106987], "(3, 2, 2, 2)": [0.017415376380085945, 0.017114289104938507, 0.01751108653843403, 0.01741025410592556, 0.018345186486840248], "(2, 6, 1, 2)": [0.019905146211385727, 0.019825661554932594, 0.019894810393452644, 0.019890939816832542, 0.019766243174672127], "(2, 6, 2, 1)": [0.019951269030570984, 0.01985018141567707, 0.01999170146882534, 0.019942618906497955, 0.019945068284869194], "(2, 7, 2, 1)": [0.018860401585698128, 0.019675618037581444, 0.019375838339328766, 0.01864541880786419, 0.019254660233855247], "(2, 2, 2, 2)": [0.016512587666511536, 0.017711220309138298, 0.017782175913453102, 0.018455378711223602, 0.01775725930929184], "(3, 1, 2, 1)": [-0.008181722834706306, -0.00835566408932209, -0.010317027568817139, -0.0021517560817301273, 0.0039014345966279507], "(2, 8, 1, 2)": [0.01779812015593052, 0.019098278135061264, 0.018020767718553543, 0.017785919830203056, 0.01746928133070469], "(2, 7, 1, 2)": [0.018980002030730247, 0.019594691693782806, 0.019083870574831963, 0.018859349191188812, 0.019142718985676765], "(3, 5, 1, 2)": [0.01990990899503231, 0.01993415504693985, 0.018972937017679214, 0.019948555156588554, 0.019996147602796555],