{"q_values": {"(2, 6, 2, 2)": [0.019995760172605515, 0.019781935960054398, 0.019807901233434677, 0.01982678472995758, 0.01986139826476574], "(2, 6, 1, 1)": [0.019957948476076126, 0.019951442256569862, 0.019967421889305115, 0.019973790273070335, 0.019953452050685883], "(2, 7, 2, 2)": [0.01940975897014141, 0.018942134454846382, 0.018969977274537086, 0.01906227320432663, 0.01900140568614006], "(2, 8, 2, 2)": [0.015978362411260605, 0.018294857814908028, 0.01658528484404087, 0.016526253893971443, 0.016583018004894257], "(2, 9, 2, 2)": [0.015482086688280106, -0.0030944615136832, 0.0025133714079856873, 0.0009497362188994884, 0.003978748340159655], "(2, 10, 2, 2)": [-0.013581281527876854, -0.010124911554157734, -0.008945652283728123, -0.014312555082142353, -0.013360641896724701], "(2, 10, 1, 2)": [0.01664123125374317, -0.0035511599853634834, 0.003982365131378174, -0.0009995675645768642, -0.01234491541981697], "(3, 4, 1, 2)": [0.01926327496767044, 0.019355380907654762, 0.018713561818003654, 0.01962483674287796, 0.019791051745414734], "(2, 1, 2, 2)": [0.00467318668961525, 0.008730643428862095, 0.015455360524356365, 0.017373988404870033, 0.01564585603773594], "(2, 1, 1, 1)": [-0.013069047592580318, -0.012153983116149902, -0.015464367344975471, -0.013618274591863155, -0.007146221119910479], "(2, 1, 2, 1)": [-0.009050507098436356, -0.0019417456351220608, 0.0013796044513583183, 0.004664183594286442, 0.0022197160869836807], "(3, 8, 1, 2)": [0.01909670978784561, 0.01869099773466587, 0.01878640241920948, 0.018171364441514015, 0.017157716676592827], "(3, 7, 1, 1)": [0.01965336874127388, 0.019830722361803055, 0.019611600786447525, 0.019676469266414642, 0.01960918679833412], "(3, 7, 2, 2)": [0.019037563353776932, 0.018696792423725128, 0.018830476328730583, 0.018507782369852066, 0.01884061098098755], "(3, 8, 2, 2)": [0.018843747675418854, 0.017114635556936264, 0.017184371128678322, 0.015803566202521324, 0.01667402870953083], "(3, 8, 1, 1)": [0.019349288195371628, 0.018888620659708977, 0.01889115571975708, 0.01883581466972828, 0.01882675662636757], "(3, 9, 2, 2)": [0.013535658828914165, 0.002890998497605324, 0.0055496785789728165, 0.00883282907307148, 0.008907165378332138], "(2, 8, 2, 1)": [0.016684504225850105, 0.019063210114836693, 0.01598045788705349, 0.017186924815177917, 0.005503958091139793], "(3, 3, 2, 2)": [0.01881687343120575, 0.01887035183608532, 0.018885521218180656, 0.019044211134314537, 0.019402768462896347], "(3, 3, 1, 2)": [0.01730729080736637, 0.01738825812935829, 0.017532868310809135, 0.018999507650732994, 0.01501469686627388], "(3, 4, 2, 2)": [0.01966608129441738, 0.019570395350456238, 0.019581476226449013, 0.019799966365098953, 0.01971188187599182], "(3, 5, 2, 2)": [0.019887026399374008, 0.01993880607187748, 0.019945962354540825, 0.019894279539585114, 0.01986861787736416], "(3, 5, 1, 1)": [0.019740354269742966, 0.019773803651332855, 0.019741114228963852, 0.019916797056794167, 0.01969408616423607], "(3, 4, 1, 1)": [0.018949734047055244, 0.018764657899737358, 0.018839573487639427, 0.01878178119659424, 0.019541943445801735], "(3, 6, 2, 2)": [0.019988439977169037, 0.019682539626955986, 0.019802367314696312, 0.019604353234171867, 0.019641900435090065], "(3, 6, 1, 1)": [0.019926654174923897, 0.01991986855864525, 0.019925223663449287, 0.019968152046203613, 0.019871868193149567], "(3, 3, 1, 1)": [0.016541771590709686, 0.01667681708931923, 0.01654287800192833, 0.016380012035369873, 0.01672336272895336], "(3, 2, 1, 1)": [0.007990583777427673, 0.008023781701922417, 0.0033370540477335453, -0.0009045475162565708, 0.009434266947209835], "(2, 2, 1, 1)": [0.0042360564693808556, 0.007658026181161404, 0.008438477292656898, 0.009878994897007942, 0.00761774368584156], "(3, 6, 1, 2)": [0.0199674591422081, 0.019827287644147873, 0.01991908811032772, 0.019923653453588486, 0.019924109801650047], "(3, 10, 2, 2)": [-0.013020830228924751, -0.003268294967710972, -0.012986053712666035, -0.012114513665437698, -0.012021639384329319], "(2, 3, 2, 2)": [0.018873076885938644, 0.019154032692313194, 0.018938729539513588, 0.01915949583053589, 0.019373033195734024], "(2, 5, 2, 2)": [0.019937384873628616, 0.019940420985221863, 0.019936824217438698, 0.01997789554297924, 0.019945526495575905], "(2, 5, 1, 1)": [0.019776910543441772, 0.01977253332734108, 0.019810514524579048, 0.019722387194633484, 0.019852416589856148], "(2, 4, 1, 1)": [0.019060589373111725, 0.018967129290103912, 0.019080253317952156, 0.018883943557739258, 0.019527874886989594], "(2, 4, 2, 2)": [0.01954924874007702, 0.019609225913882256, 0.01975703425705433, 0.019655434414744377, 0.01968170329928398], "(2, 4, 2, 1)": [0.019333617761731148, 0.019272003322839737, 0.019510764628648758, 0.019590571522712708, 0.019761720672249794], "(2, 5, 2, 1)": [0.019923178479075432, 0.019944095984101295, 0.019915452226996422, 0.019966408610343933, 0.0199142973870039], "(2, 3, 1, 1)": [0.015406758524477482, 0.016627203673124313, 0.016348497942090034, 0.0173114575445652, 0.01887541264295578], "(2, 2, 2, 1)": [0.015763789415359497, 0.01496892236173153, 0.01703520119190216, 0.017062382772564888, 0.018164178356528282], "(3, 7, 2, 1)": [0.019724836573004723, 0.019627537578344345, 0.019611073657870293, 0.019518589600920677, 0.019562263041734695], "(3, 5, 2, 1)": [0.01992015540599823, 0.01991289295256138, 0.019940797239542007, 0.019918953999876976, 0.01997152902185917], "(3, 4, 2, 1)": [0.019466176629066467, 0.019471488893032074, 0.019529420882463455, 0.01957998424768448, 0.019747162237763405], "(3, 3, 2, 1)": [0.01845284178853035, 0.018358023837208748, 0.018859446048736572, 0.018682997673749924, 0.01895897462964058], "(3, 2, 2, 1)": [0.016611970961093903, 0.01464903075248003, 0.01678459346294403, 0.017961082980036736, 0.017090512439608574], "(3, 1, 1, 1)": [-0.01217961497604847, -0.01257248129695654, -0.012817034497857094, -0.014085394330322742, -0.013460424728691578], "(3, 7, 1, 2)": [0.01954489015042782, 0.019693180918693542, 0.019490862265229225, 0.019383464008569717, 0.019466418772935867], "(3, 9, 1, 2)": [0.018089815974235535, 0.017739297822117805, 0.01717127300798893, 0.01711813546717167, 0.014313245192170143], "(3, 10, 1, 2)": [0.017036058008670807, 0.009827857837080956, -0.005328604485839605, -0.00033363839611411095, -0.011957772076129913], "(2, 8, 1, 1)": [0.019220534712076187, 0.01889348402619362, 0.01905372366309166, 0.01900082640349865, 0.018738534301519394], "(2, 7, 1, 1)": [0.019246680662035942, 0.0198324304074049, 0.01966465823352337, 0.019636763259768486, 0.019665049389004707], "(2, 3, 2, 1)": [0.01821279712021351, 0.01853036880493164, 0.01863536424934864, 0.018681738525629044, 0.019053883850574493], "(3, 2, 1, 2)": [0.010266619734466076, 0.012108074501156807, 0.014358832500874996, 0.014417102560400963, 0.01813606172800064], "(3, 2, 2, 2)": [0.01759934611618519, 0.01782677136361599, 0.01779875159263611, 0.017640521749854088, 0.018620694056153297], "(2, 6, 1, 2)": [0.01999661885201931, 0.019933607429265976, 0.019914884120225906, 0.019929131492972374, 0.019916141405701637], "(2, 6, 2, 1)": [0.01995805837213993, 0.019951146095991135, 0.019986487925052643, 0.019943274557590485, 0.019948644563555717], "(2, 7, 2, 1)": [0.018860401585698128, 0.019696086645126343, 0.01933237724006176, 0.01864541880786419, 0.019254660233855247], "(2, 2, 2, 2)": [0.017916444689035416, 0.017736898735165596, 0.017650609835982323, 0.018301423639059067, 0.018008990213274956], "(3, 1, 2, 1)": [-0.008181722834706306, -0.00835566408932209, -0.010317027568817139, -0.0021517560817301273, 0.01694614626467228], "(2, 8, 1, 2)": [0.019333146512508392, 0.01836613565683365, 0.01871807500720024, 0.0183735229074955, 0.018220461905002594], "(2, 7, 1, 2)": [0.019664881750941277, 0.01953743025660515, 0.019228201359510422, 0.019488869234919548, 0.01949671469628811], "(3, 5, 1, 2)": [0.019947931170463562, 0.019923385232686996, 0.019945772364735603, 0.019922377541661263, 0.019948842003941536],