{"q_values": {"(2, 6, 2, 2)": [0.019877159968018532, 0.019834689795970917, 0.019786549732089043, 0.019789205864071846, 0.01972907781600952], "(2, 6, 1, 1)": [0.019954310730099678, 0.019964946433901787, 0.019949238747358322, 0.01990928128361702, 0.01993553526699543], "(2, 7, 2, 2)": [0.018750621005892754, 0.01888352259993553, 0.018457133322954178, 0.01883063279092312, 0.018906429409980774], "(2, 8, 2, 2)": [0.018358148634433746, 0.016294578090310097, 0.01644325628876686, 0.016660524532198906, 0.01678188517689705], "(2, 9, 2, 2)": [0.012238333001732826, 0.006281253416091204, 0.003097723238170147, 0.005218766164034605, 0.00490934494882822], "(2, 10, 2, 2)": [-0.007717951666563749, -0.013776160776615143, -0.012131709605455399, -0.007241211365908384, -0.014612872153520584], "(2, 10, 1, 2)": [0.0012788688763976097, -0.0035511599853634834, -0.0009630538988858461, -0.0009995675645768642, -0.01234491541981697], "(3, 4, 1, 2)": [0.01897379942238331, 0.01955750398337841, 0.015937747433781624, 0.018819862976670265, 0.019261181354522705], "(2, 1, 2, 2)": [0.001900549978017807, 0.008730643428862095, 0.013480390422046185, 0.017283592373132706, 0.01564585603773594], "(2, 1, 1, 1)": [-0.015051371417939663, -0.012829739600419998, -0.012102426029741764, -0.012715067714452744, -0.012785051017999649], "(2, 1, 2, 1)": [-0.009050507098436356, -0.0019417456351220608, 0.001551440916955471, 0.004664183594286442, 0.005189758259803057], "(3, 8, 1, 2)": [0.018868429586291313, 0.018784720450639725, 0.018675263971090317, 0.017456285655498505, 0.018126938492059708], "(3, 7, 1, 1)": [0.019732285290956497, 0.01983621157705784, 0.019726429134607315, 0.019728627055883408, 0.01966821402311325], "(3, 7, 2, 2)": [0.019557282328605652, 0.019226156175136566, 0.019228480756282806, 0.018942436203360558, 0.019026217982172966], "(3, 8, 2, 2)": [0.01686854287981987, 0.018448369577527046, 0.015918079763650894, 0.01623096875846386, 0.016867857426404953], "(3, 8, 1, 1)": [0.01922876015305519, 0.01904483698308468, 0.019046755507588387, 0.018883343786001205, 0.01874336041510105], "(3, 9, 2, 2)": [0.008480443619191647, 0.0036217467859387398, 0.010530401021242142, 0.0019206730648875237, 0.003405556548386812], "(2, 8, 2, 1)": [0.013928179629147053, 0.016558704897761345, 0.012772129848599434, 0.018099471926689148, 0.005503958091139793], "(3, 3, 2, 2)": [0.018830085173249245, 0.019170565530657768, 0.018983306363224983, 0.018994731828570366, 0.019002432003617287], "(3, 3, 1, 2)": [0.015723101794719696, 0.016209231689572334, 0.015923913568258286, 0.01908048987388611, 0.01501469686627388], "(3, 4, 2, 2)": [0.01947634667158127, 0.019531473517417908, 0.01960306614637375, 0.019640596583485603, 0.019754374399781227], "(3, 5, 2, 2)": [0.01986708492040634, 0.019918721169233322, 0.01989040896296501, 0.019917719066143036, 0.019915537908673286], "(3, 5, 1, 1)": [0.019630664959549904, 0.019717754796147346, 0.019612127915024757, 0.01967170648276806, 0.01962200738489628], "(3, 4, 1, 1)": [0.01860709860920906, 0.01880066841840744, 0.01871936023235321, 0.01874721422791481, 0.018873021006584167], "(3, 6, 2, 2)": [0.019595950841903687, 0.01975667104125023, 0.019805626943707466, 0.019750094041228294, 0.019749866798520088], "(3, 6, 1, 1)": [0.019897840917110443, 0.0199042446911335, 0.01989961788058281, 0.019890010356903076, 0.01988123171031475], "(3, 3, 1, 1)": [0.01575404964387417, 0.01468561589717865, 0.015792161226272583, 0.015791362151503563, 0.017135988920927048], "(3, 2, 1, 1)": [0.008309539407491684, 0.003846464678645134, -0.0003978284075856209, 0.006070846691727638, 0.009796555154025555], "(2, 2, 1, 1)": [0.010446351021528244, 0.010230825282633305, 0.00039682723581790924, 0.009598830714821815, 0.010420725680887699], "(3, 6, 1, 2)": [0.019838087260723114, 0.019933462142944336, 0.019834769889712334, 0.01991318166255951, 0.019822735339403152], "(3, 10, 2, 2)": [-0.010743299499154091, -0.009379932656884193, -0.013546902686357498, -0.01287267729640007, -0.012291832827031612], "(2, 3, 2, 2)": [0.018930908292531967, 0.01903594471514225, 0.018960585817694664, 0.019047239795327187, 0.019280357286334038], "(2, 5, 2, 2)": [0.019934797659516335, 0.0199416633695364, 0.019940782338380814, 0.019946962594985962, 0.019942453131079674], "(2, 5, 1, 1)": [0.019810669124126434, 0.01981990598142147, 0.019755609333515167, 0.019794413819909096, 0.019907210022211075], "(2, 4, 1, 1)": [0.018873918801546097, 0.018762119114398956, 0.019078601151704788, 0.018492165952920914, 0.018819984048604965], "(2, 4, 2, 2)": [0.019617298617959023, 0.019686615094542503, 0.01977773942053318, 0.019719844684004784, 0.01973368227481842], "(2, 4, 2, 1)": [0.019299661740660667, 0.019457746297121048, 0.019117439165711403, 0.019537296146154404, 0.019665895029902458], "(2, 5, 2, 1)": [0.01989980973303318, 0.019920749589800835, 0.019917070865631104, 0.019908718764781952, 0.019940493628382683], "(2, 3, 1, 1)": [0.01715852878987789, 0.015951327979564667, 0.017404058948159218, 0.017636418342590332, 0.017015552148222923], "(2, 2, 2, 1)": [0.013891711831092834, 0.01473289355635643, 0.015426595695316792, 0.01774548925459385, 0.016293931752443314], "(3, 7, 2, 1)": [0.019730526953935623, 0.019662227481603622, 0.019702620804309845, 0.019543930888175964, 0.01948762871325016], "(3, 5, 2, 1)": [0.019712576642632484, 0.01988868974149227, 0.019895104691386223, 0.019872574135661125, 0.019947603344917297], "(3, 4, 2, 1)": [0.019512075930833817, 0.019537903368473053, 0.01952962949872017, 0.01950204372406006, 0.019527312368154526], "(3, 3, 2, 1)": [0.01849694922566414, 0.018148280680179596, 0.018391046673059464, 0.01874503307044506, 0.0190268661826849], "(3, 2, 2, 1)": [0.012792001478374004, 0.011205256916582584, 0.016759999096393585, 0.0139409638941288, 0.018002603203058243], "(3, 1, 1, 1)": [-0.013175137341022491, -0.013178370893001556, -0.01312170922756195, -0.012207063846290112, -0.011005553416907787], "(3, 7, 1, 2)": [0.019668087363243103, 0.019483907148241997, 0.019566737115383148, 0.0194547139108181, 0.01937727816402912], "(3, 9, 1, 2)": [0.01792837306857109, 0.017459522932767868, 0.016139008104801178, 0.01653415337204933, 0.015832791104912758], "(3, 10, 1, 2)": [0.016020487993955612, 0.006139842793345451, -0.005328604485839605, -0.00033363839611411095, -0.011853072792291641], "(2, 8, 1, 1)": [0.019279172644019127, 0.018928740173578262, 0.019006896764039993, 0.01877385377883911, 0.01882350631058216], "(2, 7, 1, 1)": [0.019702978432178497, 0.01960829086601734, 0.019795386120676994, 0.01965343952178955, 0.019655343145132065], "(2, 3, 2, 1)": [0.01800728775560856, 0.018469905480742455, 0.018076373264193535, 0.018910259008407593, 0.01905379444360733], "(3, 2, 1, 2)": [0.010266619734466076, 0.008819361217319965, 0.014358832500874996, 0.014417102560400963, 0.017564410343766212], "(3, 2, 2, 2)": [0.01581701636314392, 0.01778269372880459, 0.01780097186565399, 0.018355879932641983, 0.016884218901395798], "(2, 6, 1, 2)": [0.01994374953210354, 0.019908197224140167, 0.019925113767385483, 0.019914820790290833, 0.019877828657627106], "(2, 6, 2, 1)": [0.019873470067977905, 0.019957277923822403, 0.01945967599749565, 0.01982499100267887, 0.019881058484315872], "(2, 7, 2, 1)": [0.018514860421419144, 0.019700881093740463, 0.018838265910744667, 0.017718341201543808, 0.01848033256828785], "(2, 2, 2, 2)": [0.014728306792676449, 0.01700332947075367, 0.017573023214936256, 0.01764288917183876, 0.018269354477524757], "(3, 1, 2, 1)": [-0.011956299655139446, -0.006804469972848892, -0.005196357611566782, 0.005343439988791943, -0.009830547496676445], "(2, 8, 1, 2)": [0.01899717189371586, 0.018832160159945488, 0.018726438283920288, 0.018547266721725464, 0.018550662323832512], "(2, 7, 1, 2)": [0.019625267013907433, 0.019444596022367477, 0.01936907321214676, 0.019364530220627785, 0.019443051889538765], "(3, 5, 1, 2)": [0.01980648562312126, 0.01981038600206375, 0.019922306761145592, 0.019919684156775475, 0.0199102945625782],