{"q_values": {"(2, 6, 2, 2)": [0.019883131608366966, 0.01988590694963932, 0.01983664184808731, 0.019804419949650764, 0.019847894087433815], "(2, 6, 1, 1)": [0.01996338926255703, 0.01996207796037197, 0.019964370876550674, 0.019994283095002174, 0.019974511116743088], "(2, 7, 2, 2)": [0.01926792412996292, 0.01919023133814335, 0.018963875249028206, 0.019022760912775993, 0.01906268298625946], "(2, 8, 2, 2)": [0.017772629857063293, 0.015685370191931725, 0.018224084749817848, 0.01630304381251335, 0.016837820410728455], "(2, 9, 2, 2)": [0.017846452072262764, 0.0013372632674872875, 0.006635910831391811, 0.0017127539031207561, 0.006306975614279509], "(2, 10, 2, 2)": [0.004506741184741259, -0.012973273172974586, -0.01145611796528101, -0.014312555082142353, -0.013360641896724701], "(2, 10, 1, 2)": [-0.0019731284119188786, 0.00424712710082531, -0.003181809326633811, -0.004260209389030933, -0.01234491541981697], "(3, 4, 1, 2)": [0.01926327496767044, 0.01944158971309662, 0.018713561818003654, 0.01962483674287796, 0.019714685156941414], "(2, 1, 2, 2)": [0.008186537772417068, 0.008730643428862095, 0.015455360524356365, 0.017286010086536407, 0.01564585603773594], "(2, 1, 1, 1)": [-0.013069047592580318, -0.01275841984897852, -0.014708105474710464, -0.013618274591863155, 0.007366280071437359], "(2, 1, 2, 1)": [-0.009050507098436356, -0.0019417456351220608, 0.0013796044513583183, 0.010746663436293602, 0.006673716939985752], "(3, 8, 1, 2)": [0.019107775762677193, 0.01888130232691765, 0.018545133993029594, 0.018171364441514015, 0.017546653747558594], "(3, 7, 1, 1)": [0.01987401582300663, 0.01972886174917221, 0.019725384190678596, 0.01969342678785324, 0.019695423543453217], "(3, 7, 2, 2)": [0.019650209695100784, 0.018932707607746124, 0.019103867933154106, 0.01876772940158844, 0.018852204084396362], "(3, 8, 2, 2)": [0.0164859127253294, 0.01855691894888878, 0.0145344827324152, 0.015871908515691757, 0.01463824138045311], "(3, 8, 1, 1)": [0.019347982481122017, 0.019076284021139145, 0.019019141793251038, 0.018948249518871307, 0.019037684425711632], "(3, 9, 2, 2)": [0.004439990036189556, 0.0160451028496027, -0.0017505371943116188, 0.0061881765723228455, 0.0012587984092533588], "(2, 8, 2, 1)": [0.016684504225850105, 0.019082700833678246, 0.01598045788705349, 0.017186924815177917, 0.005503958091139793], "(3, 3, 2, 2)": [0.01885487325489521, 0.018865808844566345, 0.019062694162130356, 0.01879333145916462, 0.019234834238886833], "(3, 3, 1, 2)": [0.01730729080736637, 0.01738825812935829, 0.017974402755498886, 0.019116900861263275, 0.01501469686627388], "(3, 4, 2, 2)": [0.019692804664373398, 0.019652564078569412, 0.019665472209453583, 0.019672084599733353, 0.019859084859490395], "(3, 5, 2, 2)": [0.01995418220758438, 0.019975973293185234, 0.019820725545287132, 0.01995999924838543, 0.019978594034910202], "(3, 5, 1, 1)": [0.019822143018245697, 0.019927147775888443, 0.019947992637753487, 0.019885018467903137, 0.01996639370918274], "(3, 4, 1, 1)": [0.0185038261115551, 0.01876634731888771, 0.01890920102596283, 0.018911482766270638, 0.019603382796049118], "(3, 6, 2, 2)": [0.01986887864768505, 0.019930100068449974, 0.019886668771505356, 0.01983780786395073, 0.019861724227666855], "(3, 6, 1, 1)": [0.019948530942201614, 0.019955048337578773, 0.019983435049653053, 0.01993267983198166, 0.01993197575211525], "(3, 3, 1, 1)": [0.01590597815811634, 0.016915680840611458, 0.016715524718165398, 0.016111379489302635, 0.018716244027018547], "(3, 2, 1, 1)": [0.0064748371951282024, 0.0016779908910393715, 0.004318218678236008, -0.0009045475162565708, 0.017636002972722054], "(2, 2, 1, 1)": [0.0005060518160462379, 0.00628693075850606, 0.007327156141400337, 0.004809366539120674, 0.01780211552977562], "(3, 6, 1, 2)": [0.01991397701203823, 0.019985202699899673, 0.019904162734746933, 0.019905848428606987, 0.019917862489819527], "(3, 10, 2, 2)": [-0.013020830228924751, -0.012415306642651558, -0.012661624699831009, -0.011654508300125599, -0.012284704484045506], "(2, 3, 2, 2)": [0.01895950362086296, 0.01890801265835762, 0.019073132425546646, 0.0188427921384573, 0.019307171925902367], "(2, 5, 2, 2)": [0.019960561767220497, 0.019962778314948082, 0.01998673565685749, 0.019961796700954437, 0.01996554248034954], "(2, 5, 1, 1)": [0.019886191934347153, 0.019841991364955902, 0.01988443173468113, 0.01987563818693161, 0.019997715950012207], "(2, 4, 1, 1)": [0.01894860528409481, 0.019278910011053085, 0.019035382196307182, 0.019239379093050957, 0.01971196010708809], "(2, 4, 2, 2)": [0.01962796039879322, 0.0196490790694952, 0.01964596100151539, 0.019660834223031998, 0.019877325743436813], "(2, 4, 2, 1)": [0.019333617761731148, 0.01916041225194931, 0.019510764628648758, 0.019601166248321533, 0.01970210112631321], "(2, 5, 2, 1)": [0.01993708498775959, 0.019902028143405914, 0.019902311265468597, 0.019997525960206985, 0.01993606425821781], "(2, 3, 1, 1)": [0.01695270463824272, 0.017371859401464462, 0.017124487087130547, 0.016619015485048294, 0.018848469480872154], "(2, 2, 2, 1)": [0.015763789415359497, 0.01496892236173153, 0.01703520119190216, 0.018010683357715607, 0.014995848760008812], "(3, 7, 2, 1)": [0.01977766864001751, 0.019638942554593086, 0.01964341290295124, 0.019536316394805908, 0.019607219845056534], "(3, 5, 2, 1)": [0.019888462498784065, 0.019916579127311707, 0.019906332716345787, 0.019932547584176064, 0.01999824307858944], "(3, 4, 2, 1)": [0.019199397414922714, 0.019528444856405258, 0.019390903413295746, 0.019514326006174088, 0.019709991291165352], "(3, 3, 2, 1)": [0.017849164083600044, 0.017130006104707718, 0.01768200658261776, 0.01739989034831524, 0.018810592591762543], "(3, 2, 2, 1)": [0.014042790047824383, 0.01464903075248003, 0.014347593300044537, 0.013987967744469643, 0.017682144418358803], "(3, 1, 1, 1)": [-0.014611567370593548, -0.01271809358149767, -0.012817034497857094, -0.014085394330322742, -0.013460424728691578], "(3, 7, 1, 2)": [0.019768821075558662, 0.019521845504641533, 0.019577927887439728, 0.019586896523833275, 0.019486600533127785], "(3, 9, 1, 2)": [0.017859801650047302, 0.01774211786687374, 0.01717127300798893, 0.01711813546717167, 0.01580476202070713], "(3, 10, 1, 2)": [0.01732599176466465, 0.009827857837080956, -0.005328604485839605, -0.00033363839611411095, -0.011957772076129913], "(2, 8, 1, 1)": [0.01874084398150444, 0.019211674109101295, 0.0187230221927166, 0.018740536645054817, 0.018683888018131256], "(2, 7, 1, 1)": [0.019617464393377304, 0.019778117537498474, 0.019613143056631088, 0.01960522122681141, 0.019539201632142067], "(2, 3, 2, 1)": [0.01821279712021351, 0.01853036880493164, 0.01863393746316433, 0.01874409429728985, 0.018963897600769997], "(3, 2, 1, 2)": [0.010734335519373417, 0.013705657795071602, 0.014358832500874996, 0.014417102560400963, 0.018182918429374695], "(3, 2, 2, 2)": [0.017415376380085945, 0.017114289104938507, 0.01818234473466873, 0.01741025410592556, 0.01766161248087883], "(2, 6, 1, 2)": [0.019998664036393166, 0.019945450127124786, 0.01997203566133976, 0.01992099918425083, 0.019878361374139786], "(2, 6, 2, 1)": [0.019997211173176765, 0.01970222033560276, 0.019949547946453094, 0.019929993897676468, 0.019939279183745384], "(2, 7, 2, 1)": [0.018860401585698128, 0.0197317972779274, 0.019375838339328766, 0.01864541880786419, 0.019254660233855247], "(2, 2, 2, 2)": [0.016512587666511536, 0.017711220309138298, 0.01777365617454052, 0.018390605226159096, 0.01775725930929184], "(3, 1, 2, 1)": [-0.008181722834706306, -0.00835566408932209, -0.010317027568817139, -0.0021517560817301273, 0.010854003950953484], "(2, 8, 1, 2)": [0.017278535291552544, 0.018461981788277626, 0.018396025523543358, 0.018351547420024872, 0.018521582707762718], "(2, 7, 1, 2)": [0.018640439957380295, 0.019532620906829834, 0.018994208425283432, 0.01935499534010887, 0.01900186948478222], "(3, 5, 1, 2)": [0.019940152764320374, 0.01992662437260151, 0.019956151023507118, 0.019971605390310287, 0.01995576173067093],