{"q_values": {"(2, 6, 2, 2)": [0.019911272451281548, 0.019711093977093697, 0.019740529358386993, 0.019732363522052765, 0.01972299814224243], "(2, 6, 1, 1)": [0.01990271732211113, 0.01986938714981079, 0.019908364862203598, 0.019753847271203995, 0.019854633137583733], "(2, 7, 2, 2)": [0.019002249464392662, 0.01933257095515728, 0.01887916401028633, 0.019147954881191254, 0.019122740253806114], "(2, 8, 2, 2)": [0.01886082999408245, 0.016940010711550713, 0.017715616151690483, 0.01590564474463463, 0.017134012654423714], "(2, 9, 2, 2)": [0.007459492888301611, 0.0063232979737222195, 0.011638733558356762, 0.002812459599226713, 0.007312062196433544], "(2, 10, 2, 2)": [-0.005167028866708279, -0.01033768244087696, -0.012500454671680927, -0.012124236673116684, -0.015955261886119843], "(2, 10, 1, 2)": [0.003942284733057022, -0.0035511599853634834, -0.007014716509729624, -0.006295354571193457, -0.012625046074390411], "(3, 4, 1, 2)": [0.014815229922533035, 0.019257262349128723, 0.014703481458127499, 0.017262669280171394, 0.015788646414875984], "(2, 1, 2, 2)": [0.001523141167126596, 0.003086792305111885, 0.013480390422046185, 0.017110314220190048, 0.01564585603773594], "(2, 1, 1, 1)": [-0.014129853807389736, -0.013054599054157734, -0.008356986567378044, -0.0014543002471327782, -0.008522188290953636], "(2, 1, 2, 1)": [-0.007829680107533932, -0.005345555022358894, 0.005066493060439825, 0.010209856554865837, 0.01222000177949667], "(3, 8, 1, 2)": [0.01896544173359871, 0.018656564876437187, 0.018500125035643578, 0.016162803396582603, 0.017837250605225563], "(3, 7, 1, 1)": [0.01978859305381775, 0.019631415605545044, 0.01966814137995243, 0.01957729458808899, 0.01951291784644127], "(3, 7, 2, 2)": [0.018679164350032806, 0.01848924346268177, 0.018840378150343895, 0.018747515976428986, 0.018726801499724388], "(3, 8, 2, 2)": [0.016881786286830902, 0.017142483964562416, 0.01606033369898796, 0.017584381625056267, 0.01614025980234146], "(3, 8, 1, 1)": [0.01905624195933342, 0.019190967082977295, 0.01901271380484104, 0.018991345539689064, 0.01865909993648529], "(3, 9, 2, 2)": [0.008680829778313637, 0.011212726123631, 0.00690438924357295, 0.004573938436806202, 0.004481561481952667], "(2, 8, 2, 1)": [0.013928179629147053, 0.015505674295127392, 0.010398250073194504, 0.018136320635676384, 0.0], "(3, 3, 2, 2)": [0.018680045381188393, 0.018893864005804062, 0.019008517265319824, 0.019193017855286598, 0.018925262615084648], "(3, 3, 1, 2)": [0.015723101794719696, 0.013777701184153557, 0.015340512618422508, 0.018656745553016663, 0.01501469686627388], "(3, 4, 2, 2)": [0.01956568844616413, 0.019173352047801018, 0.019567053765058517, 0.0196484737098217, 0.01980656571686268], "(3, 5, 2, 2)": [0.01988617144525051, 0.019919905811548233, 0.019881602376699448, 0.019890137016773224, 0.01990923099219799], "(3, 5, 1, 1)": [0.019802259281277657, 0.019743038341403008, 0.01972241885960102, 0.01973765529692173, 0.01955448091030121], "(3, 4, 1, 1)": [0.018637914210557938, 0.019338885322213173, 0.019200697541236877, 0.01912841573357582, 0.019460320472717285], "(3, 6, 2, 2)": [0.019719770178198814, 0.01969689317047596, 0.019574329257011414, 0.01956132799386978, 0.019571278244256973], "(3, 6, 1, 1)": [0.019926508888602257, 0.01992344669997692, 0.019917232915759087, 0.019921373575925827, 0.01989520899951458], "(3, 3, 1, 1)": [0.016864841803908348, 0.017297236248850822, 0.016861872747540474, 0.01599116437137127, 0.016168173402547836], "(3, 2, 1, 1)": [0.00800954271107912, 0.010049358010292053, 0.00790746882557869, 0.006177205126732588, 0.017376143485307693], "(2, 2, 1, 1)": [0.0031679226085543633, 0.002125474624335766, 0.010599056258797646, 0.009808863513171673, 0.007676952984184027], "(3, 6, 1, 2)": [0.01780778355896473, 0.01963435485959053, 0.018689755350351334, 0.01973901130259037, 0.019824543967843056], "(3, 10, 2, 2)": [-0.011048893444240093, -0.012518733739852905, -0.010840876959264278, -0.013421802781522274, -0.01493364293128252], "(2, 3, 2, 2)": [0.019081387668848038, 0.018954478204250336, 0.019035788252949715, 0.018973980098962784, 0.019062494859099388], "(2, 5, 2, 2)": [0.019907759502530098, 0.019902091473340988, 0.019919203594326973, 0.019897453486919403, 0.019934065639972687], "(2, 5, 1, 1)": [0.019683901220560074, 0.019665129482746124, 0.01970255747437477, 0.019698115065693855, 0.019702589139342308], "(2, 4, 1, 1)": [0.018997183069586754, 0.01908554881811142, 0.01934872567653656, 0.019157882779836655, 0.01927018351852894], "(2, 4, 2, 2)": [0.019634965807199478, 0.019595686346292496, 0.019627518951892853, 0.019704822450876236, 0.019770173355937004], "(2, 4, 2, 1)": [0.019140902906656265, 0.019259098917245865, 0.01877337321639061, 0.019465439021587372, 0.019565802067518234], "(2, 5, 2, 1)": [0.019669493660330772, 0.01962965354323387, 0.018742268905043602, 0.019746476784348488, 0.019915107637643814], "(2, 3, 1, 1)": [0.017739636823534966, 0.016177134588360786, 0.01633748970925808, 0.015661265701055527, 0.01676255464553833], "(2, 2, 2, 1)": [0.013265643268823624, 0.013672792352735996, 0.015696557238698006, 0.0163562148809433, 0.017327671870589256], "(3, 7, 2, 1)": [0.019715724512934685, 0.01956353895366192, 0.01961653307080269, 0.01950778439640999, 0.019335944205522537], "(3, 5, 2, 1)": [0.01985037513077259, 0.01986859366297722, 0.019897596910595894, 0.01983579806983471, 0.019894644618034363], "(3, 4, 2, 1)": [0.019177954643964767, 0.019345911219716072, 0.01931356079876423, 0.01940765790641308, 0.019621314480900764], "(3, 3, 2, 1)": [0.018098434433341026, 0.018339088186621666, 0.018865171819925308, 0.018874743953347206, 0.01914958283305168], "(3, 2, 2, 1)": [0.014838011004030704, 0.016493096947669983, 0.015275531448423862, 0.017454152926802635, 0.016626939177513123], "(3, 1, 1, 1)": [-0.014239632524549961, -0.014231002889573574, -0.014439654536545277, -0.013161176815629005, -0.003647790290415287], "(3, 7, 1, 2)": [0.019606975838541985, 0.019307058304548264, 0.019305093213915825, 0.019318128004670143, 0.01924937404692173], "(3, 9, 1, 2)": [0.017473869025707245, 0.017049625515937805, 0.016139008104801178, 0.016506532207131386, 0.014627876691520214], "(3, 10, 1, 2)": [0.011690229177474976, 0.006139842793345451, -0.005328604485839605, 0.0060308645479381084, -0.010082777589559555], "(2, 8, 1, 1)": [0.01936298795044422, 0.018943022936582565, 0.019003652036190033, 0.018873751163482666, 0.01863141544163227], "(2, 7, 1, 1)": [0.019707515835762024, 0.019684648141264915, 0.01971588283777237, 0.019594674929976463, 0.01967575028538704], "(2, 3, 2, 1)": [0.017116514965891838, 0.01809467375278473, 0.01770569384098053, 0.018412001430988312, 0.018941624090075493], "(3, 2, 1, 2)": [0.00669525470584631, 0.006392451003193855, 0.011582281440496445, 0.013086626306176186, 0.01758718118071556], "(3, 2, 2, 2)": [0.01698259450495243, 0.01738782413303852, 0.01786249689757824, 0.017450572922825813, 0.018192023038864136], "(2, 6, 1, 2)": [0.019935641437768936, 0.019909868016839027, 0.01989842765033245, 0.019887903705239296, 0.01980052888393402], "(2, 6, 2, 1)": [0.019449222832918167, 0.0189641322940588, 0.01863517239689827, 0.01894867792725563, 0.01988297700881958], "(2, 7, 2, 1)": [0.014934077858924866, 0.019506404176354408, 0.013465355150401592, 0.014339250512421131, 0.013836258091032505], "(2, 2, 2, 2)": [0.016070477664470673, 0.01737728901207447, 0.018167322501540184, 0.017695313319563866, 0.018109947443008423], "(3, 1, 2, 1)": [-0.011997719295322895, -0.0011415771441534162, -0.0066045173443853855, 4.280358552932739e-06, -0.0047001587226986885], "(2, 8, 1, 2)": [0.018814101815223694, 0.018595438450574875, 0.018389752134680748, 0.018213508650660515, 0.018564442172646523], "(2, 7, 1, 2)": [0.019660545513033867, 0.01942332088947296, 0.019571911543607712, 0.019495144486427307, 0.019378527998924255], "(3, 5, 1, 2)": [0.019905900582671165, 0.019175024703145027, 0.016668805852532387, 0.019054805859923363, 0.018718378618359566],