{"q_values": {"(2, 6, 2, 2)": [0.019980555400252342, 0.019865358248353004, 0.019773408770561218, 0.01973811164498329, 0.019629955291748047], "(2, 6, 1, 1)": [0.01994769275188446, 0.019923977553844452, 0.019975941628217697, 0.019934335723519325, 0.019938960671424866], "(2, 7, 2, 2)": [0.01921713352203369, 0.018742242828011513, 0.01880054734647274, 0.018883738666772842, 0.019011549651622772], "(2, 8, 2, 2)": [0.017536474391818047, 0.017515365034341812, 0.017541909590363503, 0.017214128747582436, 0.01679171808063984], "(2, 9, 2, 2)": [0.012327682226896286, 0.0030712243169546127, 0.0038075719494372606, 0.008729731664061546, 0.00490934494882822], "(2, 10, 2, 2)": [-0.007717951666563749, -0.013776160776615143, -0.012131709605455399, -0.008090161718428135, -0.014612872153520584], "(2, 10, 1, 2)": [0.01439880020916462, -0.0035511599853634834, -0.0009630538988858461, -0.0009995675645768642, -0.01234491541981697], "(3, 4, 1, 2)": [0.019220368936657906, 0.019287828356027603, 0.015937747433781624, 0.018819862976670265, 0.019412638619542122], "(2, 1, 2, 2)": [0.001900549978017807, 0.008730643428862095, 0.014537486247718334, 0.017031904309988022, 0.01564585603773594], "(2, 1, 1, 1)": [-0.015051371417939663, -0.012829739600419998, -0.007790490984916687, -0.012715067714452744, -0.012785051017999649], "(2, 1, 2, 1)": [-0.009050507098436356, -0.0019417456351220608, 0.001551440916955471, 0.004664183594286442, 0.011263342574238777], "(3, 8, 1, 2)": [0.01915544830262661, 0.018787261098623276, 0.01874927245080471, 0.017456285655498505, 0.018126938492059708], "(3, 7, 1, 1)": [0.01987849548459053, 0.019632143899798393, 0.019567422568798065, 0.019635170698165894, 0.01952841691672802], "(3, 7, 2, 2)": [0.019656764343380928, 0.018989738076925278, 0.018996121361851692, 0.018735749647021294, 0.018593067303299904], "(3, 8, 2, 2)": [0.018407395109534264, 0.015207657590508461, 0.01675628311932087, 0.016722483560442924, 0.016911327838897705], "(3, 8, 1, 1)": [0.018923770636320114, 0.01904846914112568, 0.01896655187010765, 0.018890919163823128, 0.01859186962246895], "(3, 9, 2, 2)": [0.004439705051481724, 0.007206348702311516, 0.004718415904790163, 0.007224253378808498, 0.006497004069387913], "(2, 8, 2, 1)": [0.013928179629147053, 0.01827668957412243, 0.01451851800084114, 0.01646602153778076, 0.005503958091139793], "(3, 3, 2, 2)": [0.018695218488574028, 0.018981965258717537, 0.019117003306746483, 0.01931978017091751, 0.019221710041165352], "(3, 3, 1, 2)": [0.016636855900287628, 0.016209231689572334, 0.015923913568258286, 0.019209451973438263, 0.01501469686627388], "(3, 4, 2, 2)": [0.019540708512067795, 0.019648436456918716, 0.01964898593723774, 0.019729342311620712, 0.019766997545957565], "(3, 5, 2, 2)": [0.019971659407019615, 0.01994609832763672, 0.019977658987045288, 0.01997457444667816, 0.019963646307587624], "(3, 5, 1, 1)": [0.01986587792634964, 0.019927076995372772, 0.019782502204179764, 0.019949929788708687, 0.01993739977478981], "(3, 4, 1, 1)": [0.01885470189154148, 0.018682710826396942, 0.01889714039862156, 0.018786076456308365, 0.018743984401226044], "(3, 6, 2, 2)": [0.01995537430047989, 0.019836707040667534, 0.019820116460323334, 0.01986991986632347, 0.019823094829916954], "(3, 6, 1, 1)": [0.019976407289505005, 0.01996920071542263, 0.019981613382697105, 0.019984448328614235, 0.019971976056694984], "(3, 3, 1, 1)": [0.01683727279305458, 0.016741111874580383, 0.01619759015738964, 0.01772182062268257, 0.017025021836161613], "(3, 2, 1, 1)": [0.00523865781724453, 0.01134190522134304, 0.004805237986147404, 0.01464507170021534, 0.010859469883143902], "(2, 2, 1, 1)": [-8.75154510140419e-05, 0.004406563472002745, 0.005378408823162317, 0.015849577262997627, 0.0059219952672719955], "(3, 6, 1, 2)": [0.01991160772740841, 0.01994907110929489, 0.019916068762540817, 0.01993284560739994, 0.019888799637556076], "(3, 10, 2, 2)": [-0.008206211030483246, -0.009207792580127716, -0.013546902686357498, -0.012583295814692974, -0.01215412374585867], "(2, 3, 2, 2)": [0.018793925642967224, 0.018894756212830544, 0.018937960267066956, 0.01890667900443077, 0.01910863257944584], "(2, 5, 2, 2)": [0.019902298226952553, 0.01989646442234516, 0.019914552569389343, 0.01997479237616062, 0.019904373213648796], "(2, 5, 1, 1)": [0.019856812432408333, 0.019882334396243095, 0.01984357461333275, 0.01982380449771881, 0.019957955926656723], "(2, 4, 1, 1)": [0.01924494467675686, 0.01908932998776436, 0.018812499940395355, 0.019114507362246513, 0.01954769343137741], "(2, 4, 2, 2)": [0.019681958481669426, 0.01969698630273342, 0.019667716696858406, 0.01968172751367092, 0.019804758951067924], "(2, 4, 2, 1)": [0.019356166943907738, 0.019369259476661682, 0.019117439165711403, 0.01963360421359539, 0.019486429169774055], "(2, 5, 2, 1)": [0.019909733906388283, 0.019856533035635948, 0.019927768036723137, 0.019937269389629364, 0.019954100251197815], "(2, 3, 1, 1)": [0.016871631145477295, 0.017360487952828407, 0.016229327768087387, 0.01798672415316105, 0.01783251389861107], "(2, 2, 2, 1)": [0.014327791519463062, 0.01473289355635643, 0.01598321460187435, 0.016719788312911987, 0.01742190308868885], "(3, 7, 2, 1)": [0.019694438204169273, 0.01963435299694538, 0.019650869071483612, 0.019543930888175964, 0.01948762871325016], "(3, 5, 2, 1)": [0.019936615601181984, 0.019914744421839714, 0.01996399462223053, 0.019970443099737167, 0.01998008042573929], "(3, 4, 2, 1)": [0.019475430250167847, 0.019437389448285103, 0.01925804652273655, 0.01950204372406006, 0.019734330475330353], "(3, 3, 2, 1)": [0.01830337382853031, 0.018313011154532433, 0.018709078431129456, 0.018783364444971085, 0.019021200016140938], "(3, 2, 2, 1)": [0.012469700537621975, 0.015268395654857159, 0.013392477296292782, 0.015164017677307129, 0.017399238422513008], "(3, 1, 1, 1)": [-0.013175137341022491, -0.013178370893001556, -0.012817034497857094, -0.012207063846290112, -0.009612740948796272], "(3, 7, 1, 2)": [0.01963900588452816, 0.019483907148241997, 0.01943451166152954, 0.019531119614839554, 0.019432896748185158], "(3, 9, 1, 2)": [0.017867349088191986, 0.017524583265185356, 0.016139008104801178, 0.015235772356390953, 0.015832791104912758], "(3, 10, 1, 2)": [0.016020487993955612, 0.006139842793345451, -0.005328604485839605, -0.00033363839611411095, -0.011853072792291641], "(2, 8, 1, 1)": [0.01896730810403824, 0.019262172281742096, 0.019096270203590393, 0.018727269023656845, 0.018517974764108658], "(2, 7, 1, 1)": [0.0196929182857275, 0.0197906531393528, 0.01969897374510765, 0.019623184576630592, 0.01956818625330925], "(2, 3, 2, 1)": [0.018041007220745087, 0.018469905480742455, 0.018285980448126793, 0.018842950463294983, 0.01896427571773529], "(3, 2, 1, 2)": [0.010266619734466076, 0.012108074501156807, 0.014358832500874996, 0.014417102560400963, 0.017621327191591263], "(3, 2, 2, 2)": [0.015118413604795933, 0.01761888712644577, 0.017722181975841522, 0.0178573839366436, 0.018431399017572403], "(2, 6, 1, 2)": [0.01998332515358925, 0.01994798704981804, 0.019800344482064247, 0.019864562898874283, 0.01990317739546299], "(2, 6, 2, 1)": [0.01993241161108017, 0.019949505105614662, 0.019615191966295242, 0.01986880972981453, 0.01991591788828373], "(2, 7, 2, 1)": [0.018514860421419144, 0.019671620801091194, 0.018838265910744667, 0.017718341201543808, 0.01848033256828785], "(2, 2, 2, 2)": [0.015600353479385376, 0.016490668058395386, 0.01778891496360302, 0.018582012504339218, 0.017676353454589844], "(3, 1, 2, 1)": [-0.012413766235113144, -0.006804469972848892, -0.005196357611566782, 0.0015417304821312428, -0.009830547496676445], "(2, 8, 1, 2)": [0.018789812922477722, 0.018862128257751465, 0.018696147948503494, 0.018556149676442146, 0.018550662323832512], "(2, 7, 1, 2)": [0.019692497327923775, 0.019458571448922157, 0.01947754994034767, 0.01941949687898159, 0.019406504929065704], "(3, 5, 1, 2)": [0.0199112631380558, 0.01989562064409256, 0.01998903602361679, 0.0199492946267128, 0.019943905994296074],