{"q_values": {"(2, 6, 2, 2)": [0.018172502517700195, 0.018085796386003494, 0.01918017864227295, 0.01916661486029625, 0.019283436238765717], "(2, 6, 1, 1)": [0.019629959017038345, 0.019524460658431053, 0.019451050087809563, 0.019174233078956604, 0.019251195713877678], "(2, 7, 2, 2)": [0.018602021038532257, 0.01791546866297722, 0.01874995045363903, 0.01862221397459507, 0.018331555649638176], "(2, 8, 2, 2)": [0.01715029962360859, 0.01701652631163597, 0.016390977427363396, 0.015296419151127338, 0.017042366787791252], "(2, 9, 2, 2)": [0.01489324402064085, 0.00045169610530138016, 0.010014479979872704, 0.010474310256540775, 0.014152953401207924], "(2, 10, 2, 2)": [-0.0025943187065422535, -0.01102363783866167, -0.004791241139173508, -0.012335143983364105, -0.016297705471515656], "(2, 10, 1, 2)": [0.0025034549180418253, 0.0, -0.011179333552718163, -0.0036465837620198727, -0.008371632546186447], "(3, 4, 1, 2)": [0.0, 0.009173274040222168, 0.006433372851461172, 0.009580789133906364, 0.00834030844271183], "(2, 1, 2, 2)": [-0.0021735031623393297, 0.005576486233621836, 0.008722003549337387, 0.012470915913581848, 0.005361440125852823], "(2, 1, 1, 1)": [-0.01678030751645565, -0.01348890271037817, -0.00854338239878416, 0.00409456854686141, -0.0028638984076678753], "(2, 1, 2, 1)": [-0.005806606728583574, -0.002583821304142475, 0.005066493060439825, 0.006568295881152153, -0.0005727554671466351], "(3, 8, 1, 2)": [0.0160530973225832, 0.015300820581614971, 0.015327483415603638, 0.015250731259584427, 0.01711096800863743], "(3, 7, 1, 1)": [0.019266609102487564, 0.01922762580215931, 0.019339803606271744, 0.018451493233442307, 0.019021829590201378], "(3, 7, 2, 2)": [0.016892697662115097, 0.01806718111038208, 0.018287204205989838, 0.018584448844194412, 0.018600834533572197], "(3, 8, 2, 2)": [0.015374905429780483, 0.015921462327241898, 0.014656566083431244, 0.01667661964893341, 0.015479466877877712], "(3, 8, 1, 1)": [0.018432237207889557, 0.018198413774371147, 0.017973992973566055, 0.01708509586751461, 0.017788071185350418], "(3, 9, 2, 2)": [0.010247433558106422, 0.010813098400831223, 0.009444175288081169, 0.009015334770083427, 0.0005745606613345444], "(2, 8, 2, 1)": [0.008623390458524227, 0.01398406270891428, 0.010398250073194504, 0.014222491532564163, 0.0], "(3, 3, 2, 2)": [0.01638134941458702, 0.016819728538393974, 0.01874345913529396, 0.018695106729865074, 0.01830795593559742], "(3, 3, 1, 2)": [0.0052520036697387695, 0.005491113290190697, 0.0, 0.011464553885161877, 0.002853791695088148], "(3, 4, 2, 2)": [0.018936825916171074, 0.0194292850792408, 0.019353676587343216, 0.019471220672130585, 0.01943924091756344], "(3, 5, 2, 2)": [0.01857127621769905, 0.019701246172189713, 0.019694071263074875, 0.019336776807904243, 0.019776271656155586], "(3, 5, 1, 1)": [0.019467726349830627, 0.019416535273194313, 0.019119277596473694, 0.016852736473083496, 0.018852008506655693], "(3, 4, 1, 1)": [0.018502777442336082, 0.01857301965355873, 0.01854405738413334, 0.01725063845515251, 0.01894700899720192], "(3, 6, 2, 2)": [0.017290253192186356, 0.016687972471117973, 0.019028179347515106, 0.019447972998023033, 0.019100472331047058], "(3, 6, 1, 1)": [0.019427770748734474, 0.01948271505534649, 0.019721619784832, 0.018517926335334778, 0.019153226166963577], "(3, 3, 1, 1)": [0.016910169273614883, 0.017705213278532028, 0.015548384748399258, 0.016696905717253685, 0.015359743498265743], "(3, 2, 1, 1)": [0.012990797869861126, 0.012972058728337288, 0.008822230622172356, 0.005160998553037643, 0.0049585020169615746], "(2, 2, 1, 1)": [0.011475757695734501, 0.0034204386174678802, 0.01065891981124878, 0.00984232872724533, 0.015656013041734695], "(3, 6, 1, 2)": [0.013748468831181526, 0.016449900344014168, 0.014419812709093094, 0.015815120190382004, 0.017617955803871155], "(3, 10, 2, 2)": [-0.01647782512009144, -0.010889722034335136, -0.0155336894094944, -0.014986042864620686, -0.015588125213980675], "(2, 3, 2, 2)": [0.018070518970489502, 0.01819821447134018, 0.018402764573693275, 0.018764549866318703, 0.018542541190981865], "(2, 5, 2, 2)": [0.01849743165075779, 0.018728990107774734, 0.01940147764980793, 0.019612638279795647, 0.01975056901574135], "(2, 5, 1, 1)": [0.019300762563943863, 0.019308684393763542, 0.019576141610741615, 0.018622156232595444, 0.01950620301067829], "(2, 4, 1, 1)": [0.01874452270567417, 0.018448393791913986, 0.01899658516049385, 0.018409661948680878, 0.018956640735268593], "(2, 4, 2, 2)": [0.019045377150177956, 0.01899358443915844, 0.019267266616225243, 0.019342290237545967, 0.019241778180003166], "(2, 4, 2, 1)": [0.01769709400832653, 0.015927230939269066, 0.013216947205364704, 0.01341236662119627, 0.019147850573062897], "(2, 5, 2, 1)": [0.011124474927783012, 0.017339080572128296, 0.01401593443006277, 0.014819038100540638, 0.018561458215117455], "(2, 3, 1, 1)": [0.016768552362918854, 0.01631295308470726, 0.01787041872739792, 0.01699746772646904, 0.01802762784063816], "(2, 2, 2, 1)": [0.010807950049638748, 0.01354588009417057, 0.014550740830600262, 0.016553647816181183, 0.01374773122370243], "(3, 7, 2, 1)": [0.0, 0.005077298264950514, 0.0, 0.005425211042165756, 0.00929008424282074], "(3, 5, 2, 1)": [0.0146021768450737, 0.01837014965713024, 0.014609532430768013, 0.012394987046718597, 0.016754966229200363], "(3, 4, 2, 1)": [0.011719522066414356, 0.014580072835087776, 0.009536243975162506, 0.016729526221752167, 0.0188138484954834], "(3, 3, 2, 1)": [0.008786704391241074, 0.014534768648445606, 0.00997983943670988, 0.006728463806211948, 0.00556236132979393], "(3, 2, 2, 1)": [0.014062543399631977, 0.013502676039934158, 0.015309078618884087, 0.010257672518491745, 0.0167456716299057], "(3, 1, 1, 1)": [-0.015460185706615448, -0.013499480672180653, 0.0, -0.011269951239228249, -0.008490966632962227], "(3, 7, 1, 2)": [0.01835954748094082, 0.00585165387019515, 0.012376219965517521, 0.010527538135647774, 0.014742117375135422], "(3, 9, 1, 2)": [0.008593205362558365, 0.005902700126171112, 0.003420555731281638, 0.009606367908418179, 0.01017572358250618], "(3, 10, 1, 2)": [0.007616331800818443, 0.0042730229906737804, 0.0, 0.0, -0.009313484653830528], "(2, 8, 1, 1)": [0.01649628020823002, 0.018050827085971832, 0.01732419803738594, 0.016782894730567932, 0.017517611384391785], "(2, 7, 1, 1)": [0.019103357568383217, 0.01867401972413063, 0.017804544419050217, 0.01883953996002674, 0.01744113303720951], "(2, 3, 2, 1)": [0.016167033463716507, 0.017272407189011574, 0.01597975566983223, 0.018068576231598854, 0.016160082072019577], "(3, 2, 1, 2)": [0.0, 0.006392451003193855, 0.006527854595333338, 0.008191710337996483, 0.01149398647248745], "(3, 2, 2, 2)": [0.015154541470110416, 0.016698196530342102, 0.016510505229234695, 0.016817616298794746, 0.017683550715446472], "(2, 6, 1, 2)": [0.0160551518201828, 0.012850150465965271, 0.013484451919794083, 0.017947671934962273, 0.0160011388361454], "(2, 6, 2, 1)": [0.014258978888392448, 0.01256512850522995, 0.014233684167265892, 0.013876987621188164, 0.00978744775056839], "(2, 7, 2, 1)": [0.0, 0.015621940605342388, 0.008518898859620094, 0.012127024121582508, 0.008108671754598618], "(2, 2, 2, 2)": [0.01500976923853159, 0.016879837960004807, 0.016434404999017715, 0.016598692163825035, 0.017049415037035942], "(3, 1, 2, 1)": [-0.008239826187491417, -0.0017897376092150807, 0.0002323028165847063, -0.0017639277502894402, -0.0016754204407334328], "(2, 8, 1, 2)": [0.01475672610104084, 0.01604568585753441, 0.006211165804415941, 0.014521712437272072, 0.016031382605433464], "(2, 7, 1, 2)": [0.016377661377191544, 0.01097935438156128, 0.006632995791733265, 0.013238471001386642, 0.013115879148244858], "(3, 5, 1, 2)": [0.015353665687143803, 0.0, 0.0029820690397173166, 0.005276314914226532, 0.005522686056792736], "(3, 9, 2, 1)": [0.0, 0.0031084271613508463, 0.0, 0.0032463357783854008, 0.004370660055428743], "(2, 9, 1, 1)": [0.015865545719861984, 0.014507489278912544, 0.01613709330558777, 0.014505209401249886, 0.007641525939106941],