{"q_values": {"(2, 6, 2, 2)": [0.019652817398309708, 0.019820261746644974, 0.019780967384576797, 0.01977088674902916, 0.019730625674128532], "(2, 6, 1, 1)": [0.019963344559073448, 0.019970249384641647, 0.01995580643415451, 0.01995818503201008, 0.019963013008236885], "(2, 7, 2, 2)": [0.019272025674581528, 0.018851790577173233, 0.01920122280716896, 0.01905767433345318, 0.019001429900527], "(2, 8, 2, 2)": [0.018810033798217773, 0.015685370191931725, 0.016459118574857712, 0.015288040973246098, 0.014851956628262997], "(2, 9, 2, 2)": [0.01296192966401577, 0.0013372632674872875, 0.0025133714079856873, 0.0017127539031207561, 0.0016734334640204906], "(2, 10, 2, 2)": [0.004506741184741259, -0.012973273172974586, -0.01145611796528101, -0.014312555082142353, -0.013360641896724701], "(2, 10, 1, 2)": [-0.0019731284119188786, 0.007814963348209858, -0.003181809326633811, -0.004260209389030933, -0.01234491541981697], "(3, 4, 1, 2)": [0.01926327496767044, 0.01944158971309662, 0.018713561818003654, 0.01962483674287796, 0.01975213550031185], "(2, 1, 2, 2)": [0.008186537772417068, 0.008730643428862095, 0.015455360524356365, 0.017274804413318634, 0.01564585603773594], "(2, 1, 1, 1)": [-0.013069047592580318, -0.01275841984897852, -0.014708105474710464, -0.013618274591863155, 0.003239183221012354], "(2, 1, 2, 1)": [-0.009050507098436356, -0.0019417456351220608, 0.0013796044513583183, 0.010746663436293602, 0.006673716939985752], "(3, 8, 1, 2)": [0.01914048008620739, 0.01888130232691765, 0.018545133993029594, 0.018171364441514015, 0.017546653747558594], "(3, 7, 1, 1)": [0.01980692334473133, 0.019709793850779533, 0.019670478999614716, 0.019661445170640945, 0.019673550501465797], "(3, 7, 2, 2)": [0.01897263154387474, 0.0190177820622921, 0.01898062601685524, 0.018922453746199608, 0.018926316872239113], "(3, 8, 2, 2)": [0.0164859127253294, 0.01743505336344242, 0.0145344827324152, 0.015871908515691757, 0.01463824138045311], "(3, 8, 1, 1)": [0.019316550344228745, 0.018990695476531982, 0.018955044448375702, 0.01897003874182701, 0.018942678347229958], "(3, 9, 2, 2)": [0.004439990036189556, 0.01059677917510271, -0.0017505371943116188, 0.0012819371186196804, 0.0012587984092533588], "(2, 8, 2, 1)": [0.016684504225850105, 0.019129663705825806, 0.01598045788705349, 0.017186924815177917, 0.005503958091139793], "(3, 3, 2, 2)": [0.018822792917490005, 0.018865808844566345, 0.01898452825844288, 0.01869947649538517, 0.019314700737595558], "(3, 3, 1, 2)": [0.01730729080736637, 0.01738825812935829, 0.017974402755498886, 0.019344530999660492, 0.01501469686627388], "(3, 4, 2, 2)": [0.019687537103891373, 0.01964801736176014, 0.01969381980597973, 0.01965179108083248, 0.01989119127392769], "(3, 5, 2, 2)": [0.01996995322406292, 0.01995750144124031, 0.019956961274147034, 0.019959842786192894, 0.019954726099967957], "(3, 5, 1, 1)": [0.019722430035471916, 0.019810695201158524, 0.01973067969083786, 0.01979464292526245, 0.01997598446905613], "(3, 4, 1, 1)": [0.0185038261115551, 0.01876634731888771, 0.01890920102596283, 0.018911482766270638, 0.019077118486166], "(3, 6, 2, 2)": [0.019981255754828453, 0.01978444866836071, 0.019740857183933258, 0.01973559707403183, 0.019785288721323013], "(3, 6, 1, 1)": [0.01993871107697487, 0.019945785403251648, 0.01999051123857498, 0.019943702965974808, 0.01994193345308304], "(3, 3, 1, 1)": [0.01590597815811634, 0.016915680840611458, 0.016715524718165398, 0.016111379489302635, 0.018537117168307304], "(3, 2, 1, 1)": [0.0018046745099127293, 0.0016779908910393715, 0.004318218678236008, -0.0009045475162565708, 0.016144489869475365], "(2, 2, 1, 1)": [0.0005060518160462379, 0.00628693075850606, 0.007327156141400337, 0.004809366539120674, 0.017199469730257988], "(3, 6, 1, 2)": [0.01989736780524254, 0.019978871569037437, 0.019904162734746933, 0.019904710352420807, 0.019901011139154434], "(3, 10, 2, 2)": [-0.013020830228924751, -0.012415306642651558, -0.012661624699831009, -0.011341609060764313, -0.012284704484045506], "(2, 3, 2, 2)": [0.01895950362086296, 0.018828898668289185, 0.01884087547659874, 0.0188427921384573, 0.019183970987796783], "(2, 5, 2, 2)": [0.019958456978201866, 0.019963454455137253, 0.0199560709297657, 0.019963715225458145, 0.019962361082434654], "(2, 5, 1, 1)": [0.019846614450216293, 0.01982394978404045, 0.0198610108345747, 0.01987464353442192, 0.019869565963745117], "(2, 4, 1, 1)": [0.01915755495429039, 0.019150499254465103, 0.018814120441675186, 0.01904965564608574, 0.019581303000450134], "(2, 4, 2, 2)": [0.01962796039879322, 0.0196490790694952, 0.019606638699769974, 0.01967715099453926, 0.01987849362194538], "(2, 4, 2, 1)": [0.019333617761731148, 0.01916041225194931, 0.019510764628648758, 0.019601166248321533, 0.019691819325089455], "(2, 5, 2, 1)": [0.019926389679312706, 0.01995103992521763, 0.019949723035097122, 0.019938331097364426, 0.019996723160147667], "(2, 3, 1, 1)": [0.01695270463824272, 0.017371859401464462, 0.017124487087130547, 0.016619015485048294, 0.018783584237098694], "(2, 2, 2, 1)": [0.015763789415359497, 0.01496892236173153, 0.01703520119190216, 0.018144970759749413, 0.014995848760008812], "(3, 7, 2, 1)": [0.019810793921351433, 0.019638942554593086, 0.01964341290295124, 0.019536316394805908, 0.019607219845056534], "(3, 5, 2, 1)": [0.019953541457653046, 0.01989394798874855, 0.01989181712269783, 0.019935395568609238, 0.019971800968050957], "(3, 4, 2, 1)": [0.019199397414922714, 0.019528444856405258, 0.019390903413295746, 0.019514326006174088, 0.01962617039680481], "(3, 3, 2, 1)": [0.017849164083600044, 0.017130006104707718, 0.01768200658261776, 0.01739989034831524, 0.0190944392234087], "(3, 2, 2, 1)": [0.014042790047824383, 0.01464903075248003, 0.014347593300044537, 0.013987967744469643, 0.018312128260731697], "(3, 1, 1, 1)": [-0.014611567370593548, -0.01271809358149767, -0.012817034497857094, -0.014085394330322742, -0.013460424728691578], "(3, 7, 1, 2)": [0.019775543361902237, 0.019521845504641533, 0.019530892372131348, 0.019586896523833275, 0.01945503056049347], "(3, 9, 1, 2)": [0.01763910986483097, 0.01797998510301113, 0.01717127300798893, 0.01711813546717167, 0.01580476202070713], "(3, 10, 1, 2)": [0.017437968403100967, 0.009827857837080956, -0.005328604485839605, -0.00033363839611411095, -0.011957772076129913], "(2, 8, 1, 1)": [0.01875215582549572, 0.019084375351667404, 0.018845072016119957, 0.018699347972869873, 0.018826065585017204], "(2, 7, 1, 1)": [0.019581161439418793, 0.019547224044799805, 0.01959848962724209, 0.019594702869653702, 0.019556021317839622], "(2, 3, 2, 1)": [0.01821279712021351, 0.01853036880493164, 0.01863393746316433, 0.01874409429728985, 0.019133908674120903], "(3, 2, 1, 2)": [0.010734335519373417, 0.013705657795071602, 0.014358832500874996, 0.014417102560400963, 0.01818527840077877], "(3, 2, 2, 2)": [0.017415376380085945, 0.017114289104938507, 0.01792614907026291, 0.017220931127667427, 0.018558142706751823], "(2, 6, 1, 2)": [0.01999257504940033, 0.01992884650826454, 0.019930755719542503, 0.019910631701350212, 0.019824272021651268], "(2, 6, 2, 1)": [0.019968552514910698, 0.01970222033560276, 0.019998326897621155, 0.019966330379247665, 0.01993444189429283], "(2, 7, 2, 1)": [0.018860401585698128, 0.019735511392354965, 0.019375838339328766, 0.01864541880786419, 0.019254660233855247], "(2, 2, 2, 2)": [0.016512587666511536, 0.017711220309138298, 0.01777365617454052, 0.018203305080533028, 0.01775725930929184], "(3, 1, 2, 1)": [-0.008181722834706306, -0.00835566408932209, -0.010317027568817139, -0.0021517560817301273, 0.010854003950953484], "(2, 8, 1, 2)": [0.018770668655633926, 0.018692059442400932, 0.018499840050935745, 0.018351547420024872, 0.018442217260599136], "(2, 7, 1, 2)": [0.018640439957380295, 0.019296716898679733, 0.01881946437060833, 0.0193804744631052, 0.01900186948478222], "(3, 5, 1, 2)": [0.019788222387433052, 0.01992233283817768, 0.01997847482562065, 0.019943179562687874, 0.019960500299930573],