{"q_values": {"(2, 6, 2, 2)": [0.01997239887714386, 0.01985619030892849, 0.01980595663189888, 0.019798025488853455, 0.019855814054608345], "(2, 6, 1, 1)": [0.019934475421905518, 0.019915850833058357, 0.019957497715950012, 0.019939010962843895, 0.019917123019695282], "(2, 7, 2, 2)": [0.018722711130976677, 0.01964600943028927, 0.018844157457351685, 0.018543656915426254, 0.018836554139852524], "(2, 8, 2, 2)": [0.016784805804491043, 0.01639637164771557, 0.01677393540740013, 0.015032277442514896, 0.0162283256649971], "(2, 9, 2, 2)": [0.016729207709431648, 0.007095046807080507, 0.0025133714079856873, 0.005015587899833918, 0.003978748340159655], "(2, 10, 2, 2)": [-0.013581281527876854, -0.008507651276886463, -0.010904875583946705, -0.014312555082142353, -0.013360641896724701], "(2, 10, 1, 2)": [0.0082375667989254, -0.0035511599853634834, 0.003982365131378174, -0.0009995675645768642, -0.01234491541981697], "(3, 4, 1, 2)": [0.01926327496767044, 0.019355380907654762, 0.018713561818003654, 0.01962483674287796, 0.0197011549025774], "(2, 1, 2, 2)": [0.00467318668961525, 0.008730643428862095, 0.015455360524356365, 0.01749498024582863, 0.01564585603773594], "(2, 1, 1, 1)": [-0.013069047592580318, -0.012153983116149902, -0.015464367344975471, -0.013618274591863155, -0.0010160957463085651], "(2, 1, 2, 1)": [-0.009050507098436356, -0.0019417456351220608, 0.0013796044513583183, 0.009637698531150818, 0.0022197160869836807], "(3, 8, 1, 2)": [0.019121535122394562, 0.01869099773466587, 0.01878640241920948, 0.018171364441514015, 0.017157716676592827], "(3, 7, 1, 1)": [0.01972995698451996, 0.019734874367713928, 0.019846493378281593, 0.019634414464235306, 0.01950627565383911], "(3, 7, 2, 2)": [0.01940172351896763, 0.018900111317634583, 0.018890196457505226, 0.019090786576271057, 0.018676068633794785], "(3, 8, 2, 2)": [0.018939264118671417, 0.017114635556936264, 0.017226068302989006, 0.016461707651615143, 0.01667402870953083], "(3, 8, 1, 1)": [0.019477028399705887, 0.019083473831415176, 0.018934646621346474, 0.018980570137500763, 0.01908113993704319], "(3, 9, 2, 2)": [0.00696704164147377, 0.002890998497605324, 0.009075012058019638, 0.007399066351354122, 0.011314033530652523], "(2, 8, 2, 1)": [0.016684504225850105, 0.019129768013954163, 0.01598045788705349, 0.017186924815177917, 0.005503958091139793], "(3, 3, 2, 2)": [0.018892927095294, 0.018978113308548927, 0.019038988277316093, 0.019007952883839607, 0.01939818263053894], "(3, 3, 1, 2)": [0.01730729080736637, 0.01738825812935829, 0.017532868310809135, 0.0191016998142004, 0.01501469686627388], "(3, 4, 2, 2)": [0.019601646810770035, 0.01960597187280655, 0.019618051126599312, 0.019734736531972885, 0.019645117223262787], "(3, 5, 2, 2)": [0.01991361379623413, 0.019923802465200424, 0.019861973822116852, 0.019952787086367607, 0.01987120881676674], "(3, 5, 1, 1)": [0.01982569694519043, 0.01983184553682804, 0.019907167181372643, 0.01977062225341797, 0.01996171474456787], "(3, 4, 1, 1)": [0.019029155373573303, 0.019226999953389168, 0.019081296399235725, 0.01906767673790455, 0.019511183723807335], "(3, 6, 2, 2)": [0.019889773800969124, 0.01986524648964405, 0.01992189511656761, 0.019939139485359192, 0.01974954456090927], "(3, 6, 1, 1)": [0.01992633566260338, 0.019970042631030083, 0.01991967484354973, 0.019899116829037666, 0.019940154626965523], "(3, 3, 1, 1)": [0.01722528412938118, 0.01667681708931923, 0.017228536307811737, 0.017032572999596596, 0.01855509541928768], "(3, 2, 1, 1)": [0.007700604386627674, 0.009119507856667042, 0.0033370540477335453, -0.0009045475162565708, 0.009626349434256554], "(2, 2, 1, 1)": [0.0042360564693808556, 0.010104816406965256, 0.008438477292656898, 0.01576787792146206, 0.006219458766281605], "(3, 6, 1, 2)": [0.01988016441464424, 0.019966894760727882, 0.019872266799211502, 0.019892532378435135, 0.019812490791082382], "(3, 10, 2, 2)": [-0.013020830228924751, -0.011103962548077106, -0.012986053712666035, -0.012114513665437698, -0.012021639384329319], "(2, 3, 2, 2)": [0.018943890929222107, 0.018911151215434074, 0.018978869542479515, 0.019034020602703094, 0.019333485513925552], "(2, 5, 2, 2)": [0.01996416226029396, 0.019935930147767067, 0.019987989217042923, 0.019959576427936554, 0.019968584179878235], "(2, 5, 1, 1)": [0.019863244146108627, 0.019749442115426064, 0.01988052949309349, 0.019913222640752792, 0.019987886771559715], "(2, 4, 1, 1)": [0.01890239305794239, 0.01921267807483673, 0.01919802464544773, 0.019146641716361046, 0.019761495292186737], "(2, 4, 2, 2)": [0.019567269831895828, 0.0196408461779356, 0.01968134008347988, 0.019621027633547783, 0.01987510547041893], "(2, 4, 2, 1)": [0.019333617761731148, 0.019272003322839737, 0.019510764628648758, 0.019590571522712708, 0.019738424569368362], "(2, 5, 2, 1)": [0.019928257912397385, 0.019870487973093987, 0.01993517391383648, 0.01995399035513401, 0.019995491951704025], "(2, 3, 1, 1)": [0.016663387417793274, 0.017315898090600967, 0.01742226630449295, 0.017811834812164307, 0.017795145511627197], "(2, 2, 2, 1)": [0.015763789415359497, 0.01496892236173153, 0.01703520119190216, 0.017062382772564888, 0.018124299123883247], "(3, 7, 2, 1)": [0.01982172206044197, 0.019615337252616882, 0.019611073657870293, 0.019518589600920677, 0.019562263041734695], "(3, 5, 2, 1)": [0.019879376515746117, 0.019814463332295418, 0.019873730838298798, 0.0199937354773283, 0.019645435735583305], "(3, 4, 2, 1)": [0.019477130845189095, 0.01951180398464203, 0.019505545496940613, 0.0196053646504879, 0.019505850970745087], "(3, 3, 2, 1)": [0.01845284178853035, 0.018358023837208748, 0.01863166131079197, 0.01885698176920414, 0.01874411478638649], "(3, 2, 2, 1)": [0.016611970961093903, 0.01464903075248003, 0.01678459346294403, 0.01793774962425232, 0.017328688874840736], "(3, 1, 1, 1)": [-0.012487685307860374, -0.01257248129695654, -0.012817034497857094, -0.014085394330322742, -0.013460424728691578], "(3, 7, 1, 2)": [0.01954489015042782, 0.019790882244706154, 0.019528694450855255, 0.019383464008569717, 0.019466418772935867], "(3, 9, 1, 2)": [0.01801622100174427, 0.017739297822117805, 0.01717127300798893, 0.01711813546717167, 0.014313245192170143], "(3, 10, 1, 2)": [0.017072267830371857, 0.009827857837080956, -0.005328604485839605, -0.00033363839611411095, -0.011957772076129913], "(2, 8, 1, 1)": [0.019319817423820496, 0.018939658999443054, 0.01901661604642868, 0.019156986847519875, 0.018808670341968536], "(2, 7, 1, 1)": [0.019655726850032806, 0.019680235534906387, 0.019670307636260986, 0.019545333459973335, 0.019686056300997734], "(2, 3, 2, 1)": [0.01821279712021351, 0.01853036880493164, 0.01863536424934864, 0.018681738525629044, 0.019169265404343605], "(3, 2, 1, 2)": [0.010266619734466076, 0.012108074501156807, 0.014358832500874996, 0.014417102560400963, 0.017965056002140045], "(3, 2, 2, 2)": [0.017909232527017593, 0.017834946513175964, 0.01779875159263611, 0.017640521749854088, 0.018553724512457848], "(2, 6, 1, 2)": [0.019880546256899834, 0.0198736023157835, 0.019859857857227325, 0.019916197285056114, 0.01985468715429306], "(2, 6, 2, 1)": [0.019937310367822647, 0.019941220059990883, 0.01994241029024124, 0.01996689662337303, 0.019928818568587303], "(2, 7, 2, 1)": [0.018860401585698128, 0.019700264558196068, 0.01933237724006176, 0.01864541880786419, 0.019254660233855247], "(2, 2, 2, 2)": [0.01787843368947506, 0.017939699813723564, 0.01783929578959942, 0.01794963702559471, 0.018262719735503197], "(3, 1, 2, 1)": [-0.008181722834706306, -0.00835566408932209, -0.010317027568817139, -0.0021517560817301273, 0.01694614626467228], "(2, 8, 1, 2)": [0.01911434717476368, 0.01836613565683365, 0.01871807500720024, 0.018563231453299522, 0.018220461905002594], "(2, 7, 1, 2)": [0.019701067358255386, 0.019494881853461266, 0.01926792971789837, 0.019549909979104996, 0.019492780789732933], "(3, 5, 1, 2)": [0.01995277963578701, 0.019951164722442627, 0.019976438954472542, 0.019962649792432785, 0.019962884485721588],