{"q_values": {"(2, 6, 2, 2)": [0.019912613555788994, 0.0197155624628067, 0.019677266478538513, 0.019808663055300713, 0.019787847995758057], "(2, 6, 1, 1)": [0.019934317097067833, 0.019974440336227417, 0.0199331883341074, 0.019936179742217064, 0.019925439730286598], "(2, 7, 2, 2)": [0.019627558067440987, 0.019159235060214996, 0.019200854003429413, 0.018878435716032982, 0.01906616985797882], "(2, 8, 2, 2)": [0.018760358914732933, 0.017428003251552582, 0.01708790473639965, 0.01738567091524601, 0.016937565058469772], "(2, 9, 2, 2)": [0.017221925780177116, 0.007095046807080507, 0.0025133714079856873, 0.007187790237367153, 0.003978748340159655], "(2, 10, 2, 2)": [-0.004750133492052555, -0.0017581016290932894, -0.010904875583946705, -0.014312555082142353, -0.013360641896724701], "(2, 10, 1, 2)": [0.0082375667989254, 0.0025338283739984035, 0.003982365131378174, -0.0009995675645768642, -0.01234491541981697], "(3, 4, 1, 2)": [0.01926327496767044, 0.019355380907654762, 0.018713561818003654, 0.01962483674287796, 0.019737130030989647], "(2, 1, 2, 2)": [0.00467318668961525, 0.008730643428862095, 0.015455360524356365, 0.01746325008571148, 0.01564585603773594], "(2, 1, 1, 1)": [-0.013069047592580318, -0.01275841984897852, -0.014708105474710464, -0.013618274591863155, 0.0008983178995549679], "(2, 1, 2, 1)": [-0.009050507098436356, -0.0019417456351220608, 0.0013796044513583183, 0.014987110160291195, 0.0022197160869836807], "(3, 8, 1, 2)": [0.019141050055623055, 0.01869099773466587, 0.018545133993029594, 0.018171364441514015, 0.017157716676592827], "(3, 7, 1, 1)": [0.019873328506946564, 0.019642524421215057, 0.01964712142944336, 0.019642990082502365, 0.019618835300207138], "(3, 7, 2, 2)": [0.018845895305275917, 0.01965930126607418, 0.01885313354432583, 0.018824923783540726, 0.018723774701356888], "(3, 8, 2, 2)": [0.017592892050743103, 0.018386509269475937, 0.017636243253946304, 0.01752353459596634, 0.01661374792456627], "(3, 8, 1, 1)": [0.019107099622488022, 0.019353732466697693, 0.019076207652688026, 0.019022414460778236, 0.019077837467193604], "(3, 9, 2, 2)": [0.016328519210219383, 0.006951844319701195, 0.0035889572463929653, 0.003519604913890362, 0.005023211240768433], "(2, 8, 2, 1)": [0.016684504225850105, 0.01915753446519375, 0.01598045788705349, 0.017186924815177917, 0.005503958091139793], "(3, 3, 2, 2)": [0.019011227414011955, 0.01899481937289238, 0.018922893330454826, 0.01932157762348652, 0.01892494037747383], "(3, 3, 1, 2)": [0.01730729080736637, 0.01738825812935829, 0.017974402755498886, 0.019218316301703453, 0.01501469686627388], "(3, 4, 2, 2)": [0.019446339458227158, 0.01960853859782219, 0.01958119310438633, 0.019428210332989693, 0.019863935187458992], "(3, 5, 2, 2)": [0.019909409806132317, 0.01992568001151085, 0.019912706688046455, 0.019964920356869698, 0.01989811472594738], "(3, 5, 1, 1)": [0.01977795921266079, 0.019789578393101692, 0.019796175882220268, 0.019931476563215256, 0.01976587623357773], "(3, 4, 1, 1)": [0.01923598162829876, 0.01912471279501915, 0.01911906898021698, 0.01890639029443264, 0.0196829941123724], "(3, 6, 2, 2)": [0.019969124346971512, 0.019704468548297882, 0.019780335947871208, 0.019651247188448906, 0.019724449142813683], "(3, 6, 1, 1)": [0.019927360117435455, 0.01993507519364357, 0.019935868680477142, 0.019955219700932503, 0.01992693915963173], "(3, 3, 1, 1)": [0.017309239134192467, 0.01701202802360058, 0.017144594341516495, 0.017377585172653198, 0.018631482496857643], "(3, 2, 1, 1)": [0.007700604386627674, 0.009119507856667042, 0.00754550052806735, -0.0009045475162565708, 0.01731804944574833], "(2, 2, 1, 1)": [0.0005060518160462379, 0.0019173258915543556, 0.0060241129249334335, 0.008933508768677711, 0.00686433631926775], "(3, 6, 1, 2)": [0.01999102160334587, 0.019931847229599953, 0.019923895597457886, 0.019920414313673973, 0.019923217594623566], "(3, 10, 2, 2)": [-0.013020830228924751, -0.0036315019242465496, -0.012661624699831009, -0.012114513665437698, -0.012021639384329319], "(2, 3, 2, 2)": [0.018994195386767387, 0.019065875560045242, 0.01922435872256756, 0.018999245017766953, 0.019330693408846855], "(2, 5, 2, 2)": [0.01990666799247265, 0.019917121157050133, 0.019928505644202232, 0.01990579627454281, 0.019965438172221184], "(2, 5, 1, 1)": [0.019819313660264015, 0.019765624776482582, 0.019704896956682205, 0.019851619377732277, 0.019949916750192642], "(2, 4, 1, 1)": [0.018620943650603294, 0.018793195486068726, 0.01865951158106327, 0.019290337339043617, 0.019570469856262207], "(2, 4, 2, 2)": [0.019673146307468414, 0.019750608131289482, 0.01971849612891674, 0.01972067542374134, 0.01983468420803547], "(2, 4, 2, 1)": [0.019333617761731148, 0.019272003322839737, 0.019510764628648758, 0.019601166248321533, 0.01972872018814087], "(2, 5, 2, 1)": [0.019914444535970688, 0.01991833560168743, 0.019874995574355125, 0.01998032070696354, 0.0199198629707098], "(2, 3, 1, 1)": [0.01678648591041565, 0.016875987872481346, 0.018104316666722298, 0.01635093055665493, 0.01749766245484352], "(2, 2, 2, 1)": [0.015763789415359497, 0.01496892236173153, 0.01703520119190216, 0.01729787327349186, 0.018018942326307297], "(3, 7, 2, 1)": [0.01967361569404602, 0.01972110942006111, 0.019605902954936028, 0.019536316394805908, 0.019551729783415794], "(3, 5, 2, 1)": [0.019887803122401237, 0.01984637975692749, 0.01985677145421505, 0.019975105300545692, 0.01989305391907692], "(3, 4, 2, 1)": [0.019233152270317078, 0.01933526247739792, 0.01952403225004673, 0.019367000088095665, 0.01976180449128151], "(3, 3, 2, 1)": [0.018444059416651726, 0.018358023837208748, 0.01876053959131241, 0.01860545203089714, 0.018995648249983788], "(3, 2, 2, 1)": [0.016611970961093903, 0.01464903075248003, 0.01678459346294403, 0.013987967744469643, 0.01776643469929695], "(3, 1, 1, 1)": [-0.01259216945618391, -0.012546390295028687, -0.012817034497857094, -0.014085394330322742, -0.013460424728691578], "(3, 7, 1, 2)": [0.01960776560008526, 0.019434191286563873, 0.019530892372131348, 0.01946553960442543, 0.01945503056049347], "(3, 9, 1, 2)": [0.017994100227952003, 0.017860528081655502, 0.01717127300798893, 0.01711813546717167, 0.015124422498047352], "(3, 10, 1, 2)": [0.01711813174188137, 0.009827857837080956, -0.005328604485839605, -0.00033363839611411095, -0.011957772076129913], "(2, 8, 1, 1)": [0.019381284713745117, 0.019065437838435173, 0.019131291657686234, 0.018859555944800377, 0.018956340849399567], "(2, 7, 1, 1)": [0.01987382024526596, 0.019625039771199226, 0.019649378955364227, 0.019575433805584908, 0.01964263990521431], "(2, 3, 2, 1)": [0.01821279712021351, 0.01853036880493164, 0.01863536424934864, 0.018681738525629044, 0.01911243051290512], "(3, 2, 1, 2)": [0.010266619734466076, 0.012108074501156807, 0.014358832500874996, 0.014417102560400963, 0.018230939283967018], "(3, 2, 2, 2)": [0.017962869256734848, 0.018047530204057693, 0.018031707033514977, 0.017673669382929802, 0.018312489613890648], "(2, 6, 1, 2)": [0.019875958561897278, 0.01993914507329464, 0.0199299156665802, 0.0198910403996706, 0.019863104447722435], "(2, 6, 2, 1)": [0.019912399351596832, 0.01995040290057659, 0.019920602440834045, 0.01992443948984146, 0.01987762749195099], "(2, 7, 2, 1)": [0.018860401585698128, 0.01973743364214897, 0.019375838339328766, 0.01864541880786419, 0.019254660233855247], "(2, 2, 2, 2)": [0.01784885860979557, 0.0179884135723114, 0.01789574883878231, 0.017987772822380066, 0.018308958038687706], "(3, 1, 2, 1)": [-0.008181722834706306, -0.00835566408932209, -0.010317027568817139, -0.0021517560817301273, 0.017037227749824524], "(2, 8, 1, 2)": [0.019166160374879837, 0.01846277341246605, 0.01867545209825039, 0.01851486787199974, 0.018220461905002594], "(2, 7, 1, 2)": [0.019124500453472137, 0.01965789683163166, 0.019276505336165428, 0.019182002171874046, 0.019162366166710854], "(3, 5, 1, 2)": [0.019927827641367912, 0.019926300272345543, 0.01999383606016636, 0.019958889111876488, 0.019940637052059174],