{"q_values": {"(2, 6, 2, 2)": [0.01976526714861393, 0.019758373498916626, 0.019687967374920845, 0.01967361569404602, 0.01971973292529583], "(2, 6, 1, 1)": [0.019928231835365295, 0.01993575505912304, 0.019943375140428543, 0.01993844285607338, 0.019941657781600952], "(2, 7, 2, 2)": [0.018959183245897293, 0.01866820640861988, 0.01900416798889637, 0.018720390275120735, 0.01886836439371109], "(2, 8, 2, 2)": [0.016729554161429405, 0.016560111194849014, 0.01660369522869587, 0.016846178099513054, 0.017426876351237297], "(2, 9, 2, 2)": [0.005089095328003168, 0.0030712243169546127, 0.004131474997848272, 0.0038370839320123196, -0.003775925375521183], "(2, 10, 2, 2)": [-0.008293685503304005, -0.013776160776615143, -0.012498686090111732, -0.014848376624286175, -0.013818726874887943], "(2, 10, 1, 2)": [0.014900214038789272, -0.0035511599853634834, 0.003982365131378174, -0.0009995675645768642, -0.01234491541981697], "(3, 4, 1, 2)": [0.019220368936657906, 0.019263943657279015, 0.017767399549484253, 0.019389227032661438, 0.019734852015972137], "(2, 1, 2, 2)": [0.001900549978017807, 0.008730643428862095, 0.015455360524356365, 0.0171915665268898, 0.01564585603773594], "(2, 1, 1, 1)": [-0.013152653351426125, -0.012829739600419998, -0.015464367344975471, -0.014383640140295029, 0.0006872033700346947], "(2, 1, 2, 1)": [-0.009050507098436356, -0.0019417456351220608, 0.005567851476371288, 0.004664183594286442, 0.016633393242955208], "(3, 8, 1, 2)": [0.01887405477464199, 0.019000599160790443, 0.018773874267935753, 0.018171364441514015, 0.018031161278486252], "(3, 7, 1, 1)": [0.01976832002401352, 0.019680388271808624, 0.019697515293955803, 0.019654756411910057, 0.01948409527540207], "(3, 7, 2, 2)": [0.018753577023744583, 0.01871584728360176, 0.018705394119024277, 0.01862712763249874, 0.018824201077222824], "(3, 8, 2, 2)": [0.014770707115530968, 0.0186795424669981, 0.016334816813468933, 0.015132294967770576, 0.015716392546892166], "(3, 8, 1, 1)": [0.019032832235097885, 0.019340746104717255, 0.019033096730709076, 0.018956974148750305, 0.018728114664554596], "(3, 9, 2, 2)": [0.003786507062613964, 0.0025059329345822334, 0.0025751630309969187, 0.004789538681507111, 0.0036309738643467426], "(2, 8, 2, 1)": [0.01561135333031416, 0.019094375893473625, 0.01598045788705349, 0.016641436144709587, 0.005503958091139793], "(3, 3, 2, 2)": [0.01870877854526043, 0.018869124352931976, 0.018768806010484695, 0.01889730803668499, 0.01891309581696987], "(3, 3, 1, 2)": [0.016636855900287628, 0.016707029193639755, 0.015923913568258286, 0.018990227952599525, 0.01501469686627388], "(3, 4, 2, 2)": [0.019626332446932793, 0.019695349037647247, 0.01970001682639122, 0.019730303436517715, 0.01982646808028221], "(3, 5, 2, 2)": [0.01994885317981243, 0.019954275339841843, 0.019957955926656723, 0.019953979179263115, 0.01992914453148842], "(3, 5, 1, 1)": [0.01992129534482956, 0.019768569618463516, 0.019924940541386604, 0.01972896233201027, 0.01976640895009041], "(3, 4, 1, 1)": [0.019001713022589684, 0.019077623263001442, 0.018997985869646072, 0.01900431141257286, 0.019031688570976257], "(3, 6, 2, 2)": [0.019657865166664124, 0.01971752755343914, 0.01976226270198822, 0.019572610035538673, 0.01971445605158806], "(3, 6, 1, 1)": [0.019970906898379326, 0.019929027184844017, 0.019936122000217438, 0.01995795965194702, 0.019869597628712654], "(3, 3, 1, 1)": [0.015479221940040588, 0.016290627419948578, 0.015435069799423218, 0.017751527950167656, 0.015810076147317886], "(3, 2, 1, 1)": [0.012660886161029339, 0.009642418473958969, 0.008257536217570305, 0.006606603041291237, 0.015773728489875793], "(2, 2, 1, 1)": [0.00419155927374959, 0.010943016968667507, 0.004499373491853476, -0.0020164670422673225, 0.014128911308944225], "(3, 6, 1, 2)": [0.019944608211517334, 0.019918004050850868, 0.019916506484150887, 0.019884195178747177, 0.019852500408887863], "(3, 10, 2, 2)": [-0.011464700102806091, -0.010740507394075394, -0.013211127370595932, -0.010753299109637737, -0.012022019363939762], "(2, 3, 2, 2)": [0.01880817487835884, 0.01895172894001007, 0.019090447574853897, 0.01901758275926113, 0.019343320280313492], "(2, 5, 2, 2)": [0.019932879135012627, 0.01993522047996521, 0.019932162016630173, 0.019933370873332024, 0.01991693489253521], "(2, 5, 1, 1)": [0.01976657286286354, 0.019695939496159554, 0.019764920696616173, 0.019790207967162132, 0.019898490980267525], "(2, 4, 1, 1)": [0.01863720826804638, 0.019217517226934433, 0.019060043618083, 0.019175885245203972, 0.019280707463622093], "(2, 4, 2, 2)": [0.019664010033011436, 0.019641578197479248, 0.019680166617035866, 0.019724689424037933, 0.019852224737405777], "(2, 4, 2, 1)": [0.01941659487783909, 0.019514957442879677, 0.019465051591396332, 0.019736824557185173, 0.019428791478276253], "(2, 5, 2, 1)": [0.019877327606081963, 0.019910190254449844, 0.01994360238313675, 0.019917599856853485, 0.019970068708062172], "(2, 3, 1, 1)": [0.01684454083442688, 0.016598882153630257, 0.015714211389422417, 0.018592681735754013, 0.017382996156811714], "(2, 2, 2, 1)": [0.015028391033411026, 0.01496892236173153, 0.01598321460187435, 0.016192754730582237, 0.01781894639134407], "(3, 7, 2, 1)": [0.01970631442964077, 0.019677579402923584, 0.019668875262141228, 0.019445771351456642, 0.01955975405871868], "(3, 5, 2, 1)": [0.01992136240005493, 0.01994742825627327, 0.019921567291021347, 0.019957583397626877, 0.019945450127124786], "(3, 4, 2, 1)": [0.019159438088536263, 0.019353849813342094, 0.019485658034682274, 0.01941646635532379, 0.01972806826233864], "(3, 3, 2, 1)": [0.018753448501229286, 0.018533805385231972, 0.018519911915063858, 0.018778307363390923, 0.018682606518268585], "(3, 2, 2, 1)": [0.015775829553604126, 0.014113051816821098, 0.01618696190416813, 0.015467210672795773, 0.01805855520069599], "(3, 1, 1, 1)": [-0.013175137341022491, -0.012849527411162853, -0.012817034497857094, -0.013361925259232521, -0.010619662702083588], "(3, 7, 1, 2)": [0.019723866134881973, 0.019598660990595818, 0.019556522369384766, 0.019479596987366676, 0.019456302747130394], "(3, 9, 1, 2)": [0.017720278352499008, 0.01762993261218071, 0.017119545489549637, 0.015758635476231575, 0.014025531709194183], "(3, 10, 1, 2)": [0.01662813313305378, 0.009373308159410954, -0.005328604485839605, -0.00033363839611411095, -0.011957772076129913], "(2, 8, 1, 1)": [0.019300220534205437, 0.019074564799666405, 0.018856937065720558, 0.01864553801715374, 0.018689816817641258], "(2, 7, 1, 1)": [0.019733354449272156, 0.019804198294878006, 0.019734565168619156, 0.019710058346390724, 0.0190796609967947], "(2, 3, 2, 1)": [0.01851445622742176, 0.01856517232954502, 0.018542276695370674, 0.018598491325974464, 0.018908357247710228], "(3, 2, 1, 2)": [0.010266619734466076, 0.012108074501156807, 0.014358832500874996, 0.014417102560400963, 0.01774793118238449], "(3, 2, 2, 2)": [0.01751767098903656, 0.017559660598635674, 0.01787053421139717, 0.017654968425631523, 0.017875896766781807], "(2, 6, 1, 2)": [0.019948685541749, 0.019945839419960976, 0.019975049421191216, 0.01996290311217308, 0.01990380883216858], "(2, 6, 2, 1)": [0.019926905632019043, 0.01997513696551323, 0.019939865916967392, 0.019827961921691895, 0.019944563508033752], "(2, 7, 2, 1)": [0.018860401585698128, 0.019736146554350853, 0.018904946744441986, 0.01864541880786419, 0.018924852833151817], "(2, 2, 2, 2)": [0.01676328480243683, 0.017880424857139587, 0.0179046168923378, 0.018162449821829796, 0.017877133563160896], "(3, 1, 2, 1)": [-0.008181722834706306, -0.00835566408932209, -0.0074167316779494286, 0.0019794204272329807, -0.0018726661801338196], "(2, 8, 1, 2)": [0.018694475293159485, 0.01892227865755558, 0.018671629950404167, 0.018509818241000175, 0.01848902739584446], "(2, 7, 1, 2)": [0.019584976136684418, 0.019652139395475388, 0.019583500921726227, 0.01948370411992073, 0.019430601969361305], "(3, 5, 1, 2)": [0.019936371594667435, 0.01992904581129551, 0.019923469051718712, 0.01992255635559559, 0.01990722492337227],