{"q_values": {"(2, 6, 2, 2)": [0.0199940986931324, 0.0194836612790823, 0.01951562613248825, 0.019405528903007507, 0.019449152052402496], "(2, 6, 1, 1)": [0.019890137016773224, 0.019888997077941895, 0.019984982907772064, 0.019806137308478355, 0.019909370690584183], "(2, 7, 2, 2)": [0.018322113901376724, 0.018461143597960472, 0.018451467156410217, 0.018436409533023834, 0.0184495709836483], "(2, 8, 2, 2)": [0.015230625867843628, 0.014642796479165554, 0.017079666256904602, 0.015380526892840862, 0.015206719748675823], "(2, 9, 2, 2)": [0.016312753781676292, 0.0021654879674315453, 0.00270557077601552, 0.000713045708835125, 0.002072916366159916], "(2, 10, 2, 2)": [-0.013626007363200188, -0.012973273172974586, -0.01194901391863823, -0.014312555082142353, -0.013360641896724701], "(2, 10, 1, 2)": [-0.0019731284119188786, 0.010450395755469799, -0.003181809326633811, -0.004260209389030933, -0.01234491541981697], "(3, 4, 1, 2)": [0.01926327496767044, 0.01944158971309662, 0.018713561818003654, 0.01965528167784214, 0.019639892503619194], "(2, 1, 2, 2)": [0.008186537772417068, 0.008730643428862095, 0.015455360524356365, 0.017474211752414703, 0.01564585603773594], "(2, 1, 1, 1)": [-0.013069047592580318, -0.01275841984897852, -0.014708105474710464, -0.013618274591863155, 0.006111806258559227], "(2, 1, 2, 1)": [-0.009050507098436356, -0.0019417456351220608, 0.0013796044513583183, 0.016664057970046997, 0.006673716939985752], "(3, 8, 1, 2)": [0.018879054114222527, 0.018779631704092026, 0.018545133993029594, 0.018171364441514015, 0.017546653747558594], "(3, 7, 1, 1)": [0.019642341881990433, 0.019728777930140495, 0.019647439941763878, 0.019600261002779007, 0.0196083914488554], "(3, 7, 2, 2)": [0.019380370154976845, 0.01881512627005577, 0.018863234668970108, 0.01883757673203945, 0.01874050311744213], "(3, 8, 2, 2)": [0.018828941509127617, 0.016268929466605186, 0.015434173867106438, 0.015120980329811573, 0.01463824138045311], "(3, 8, 1, 1)": [0.018932746723294258, 0.019217532128095627, 0.01888565719127655, 0.01886521838605404, 0.01890896074473858], "(3, 9, 2, 2)": [0.004439990036189556, 0.01781039871275425, 0.0036891112104058266, 0.004184511955827475, 0.0006316676735877991], "(2, 8, 2, 1)": [0.016684504225850105, 0.01915839873254299, 0.01598045788705349, 0.017661137506365776, 0.005503958091139793], "(3, 3, 2, 2)": [0.018709518015384674, 0.018741566687822342, 0.018736671656370163, 0.019303180277347565, 0.018299918621778488], "(3, 3, 1, 2)": [0.01730729080736637, 0.01738825812935829, 0.017974402755498886, 0.019063318148255348, 0.01501469686627388], "(3, 4, 2, 2)": [0.01938650757074356, 0.019565707072615623, 0.019173432141542435, 0.019811265170574188, 0.019569799304008484], "(3, 5, 2, 2)": [0.01984778419137001, 0.01995268650352955, 0.019771220162510872, 0.01902231015264988, 0.01961965672671795], "(3, 5, 1, 1)": [0.01985698938369751, 0.019678769633173943, 0.01950594037771225, 0.019694851711392403, 0.019743816927075386], "(3, 4, 1, 1)": [0.018869128078222275, 0.018989233300089836, 0.01897815428674221, 0.01886039227247238, 0.01866040751338005], "(3, 6, 2, 2)": [0.0197053961455822, 0.019782448187470436, 0.019612636417150497, 0.019698886200785637, 0.01974366419017315], "(3, 6, 1, 1)": [0.019911108538508415, 0.01994716376066208, 0.01979367807507515, 0.019912149757146835, 0.01987895369529724], "(3, 3, 1, 1)": [0.015383739024400711, 0.016898995265364647, 0.01616733707487583, 0.015709729865193367, 0.018392181023955345], "(3, 2, 1, 1)": [0.0015734597109258175, 0.0062480829656124115, 0.0012324163690209389, 0.0021168901585042477, 0.017565935850143433], "(2, 2, 1, 1)": [0.0005060518160462379, 0.001999223604798317, 0.0021218997426331043, 0.01778152771294117, 0.007905511185526848], "(3, 6, 1, 2)": [0.019933121278882027, 0.019806021824479103, 0.019857466220855713, 0.01983846351504326, 0.019851597025990486], "(3, 10, 2, 2)": [-0.013020830228924751, -0.007312893867492676, -0.012521735392510891, -0.013345129787921906, -0.012819134630262852], "(2, 3, 2, 2)": [0.018835047259926796, 0.018962176516652107, 0.019023790955543518, 0.019052306190133095, 0.019454194232821465], "(2, 5, 2, 2)": [0.019830791279673576, 0.019808582961559296, 0.01984260231256485, 0.01997978426516056, 0.019843265414237976], "(2, 5, 1, 1)": [0.019678810611367226, 0.019678546115756035, 0.019783107563853264, 0.019997045397758484, 0.019665135070681572], "(2, 4, 1, 1)": [0.019142502918839455, 0.019144557416439056, 0.019154919311404228, 0.019290005788207054, 0.01910933293402195], "(2, 4, 2, 2)": [0.019658833742141724, 0.01968933641910553, 0.019573045894503593, 0.019694006070494652, 0.019806377589702606], "(2, 4, 2, 1)": [0.019494332373142242, 0.01916041225194931, 0.019510764628648758, 0.019588258117437363, 0.019697725772857666], "(2, 5, 2, 1)": [0.01985492929816246, 0.019866131246089935, 0.01988968253135681, 0.01997242495417595, 0.019912132993340492], "(2, 3, 1, 1)": [0.01687370426952839, 0.01617346704006195, 0.017089908942580223, 0.016363823786377907, 0.019083283841609955], "(2, 2, 2, 1)": [0.01621125265955925, 0.01496892236173153, 0.01703520119190216, 0.017809107899665833, 0.014995848760008812], "(3, 7, 2, 1)": [0.019763853400945663, 0.019633930176496506, 0.019624333828687668, 0.019597753882408142, 0.019634654745459557], "(3, 5, 2, 1)": [0.019733648747205734, 0.019756700843572617, 0.019803179427981377, 0.01974194124341011, 0.01931983232498169], "(3, 4, 2, 1)": [0.0194057859480381, 0.019044071435928345, 0.01896609365940094, 0.018552137538790703, 0.019021745771169662], "(3, 3, 2, 1)": [0.018226779997348785, 0.01847807504236698, 0.01768200658261776, 0.018200833350419998, 0.01844848319888115], "(3, 2, 2, 1)": [0.014042790047824383, 0.012012368999421597, 0.011674445122480392, 0.017619412392377853, 0.01472689863294363], "(3, 1, 1, 1)": [-0.014611567370593548, -0.012904910370707512, -0.00958186760544777, -0.014085394330322742, -0.013460424728691578], "(3, 7, 1, 2)": [0.019713232293725014, 0.019602950662374496, 0.019603431224822998, 0.019586896523833275, 0.019486600533127785], "(3, 9, 1, 2)": [0.018147554248571396, 0.01774211786687374, 0.017333494499325752, 0.01711813546717167, 0.01580476202070713], "(3, 10, 1, 2)": [0.017324045300483704, 0.009827857837080956, -0.005328604485839605, -0.00033363839611411095, -0.011957772076129913], "(2, 8, 1, 1)": [0.01846013031899929, 0.01926490291953087, 0.01813584379851818, 0.018362978473305702, 0.01868334412574768], "(2, 7, 1, 1)": [0.019626351073384285, 0.019836559891700745, 0.019497733563184738, 0.01954651065170765, 0.01949833706021309], "(2, 3, 2, 1)": [0.01821279712021351, 0.01853036880493164, 0.01863393746316433, 0.01874409429728985, 0.01919322833418846], "(3, 2, 1, 2)": [0.010734335519373417, 0.013705657795071602, 0.014358832500874996, 0.014417102560400963, 0.018014036118984222], "(3, 2, 2, 2)": [0.014266913756728172, 0.01689930260181427, 0.01695471629500389, 0.016477005556225777, 0.018344515934586525], "(2, 6, 1, 2)": [0.01993015594780445, 0.019997062161564827, 0.019833318889141083, 0.01984434947371483, 0.01989017054438591], "(2, 6, 2, 1)": [0.019924072548747063, 0.01992442086338997, 0.01992221362888813, 0.0199870765209198, 0.01991974376142025], "(2, 7, 2, 1)": [0.018860401585698128, 0.019723596051335335, 0.019375838339328766, 0.01864541880786419, 0.019254660233855247], "(2, 2, 2, 2)": [0.017099380493164062, 0.017747929319739342, 0.017749665305018425, 0.01775875873863697, 0.018175050616264343], "(3, 1, 2, 1)": [-0.008181722834706306, -0.00835566408932209, -0.010317027568817139, -0.0021517560817301273, 0.01176457479596138], "(2, 8, 1, 2)": [0.01893266662955284, 0.018157552927732468, 0.017921848222613335, 0.01756228879094124, 0.017852820456027985], "(2, 7, 1, 2)": [0.018980002030730247, 0.01969880424439907, 0.019083870574831963, 0.018859349191188812, 0.019311448559165], "(3, 5, 1, 2)": [0.019930144771933556, 0.019933607429265976, 0.018972937017679214, 0.019842304289340973, 0.019962046295404434],