{"q_values": {"(2, 6, 2, 2)": [0.019953545182943344, 0.019815456122159958, 0.019780708476901054, 0.019780581817030907, 0.019856635481119156], "(2, 6, 1, 1)": [0.01995120942592621, 0.019962340593338013, 0.019957710057497025, 0.01995267905294895, 0.019953468814492226], "(2, 7, 2, 2)": [0.019586961716413498, 0.018726002424955368, 0.018912088125944138, 0.018837807700037956, 0.018782995641231537], "(2, 8, 2, 2)": [0.01859360747039318, 0.015685370191931725, 0.016459118574857712, 0.015288040973246098, 0.013137527741491795], "(2, 9, 2, 2)": [0.0033295108005404472, 0.0013372632674872875, 0.0025133714079856873, 0.0017127539031207561, 0.0016734334640204906], "(2, 10, 2, 2)": [-0.0008869338780641556, -0.012973273172974586, -0.01145611796528101, -0.014312555082142353, -0.013360641896724701], "(2, 10, 1, 2)": [-0.0019731284119188786, 0.0038414192385971546, -0.003181809326633811, -0.004260209389030933, -0.01234491541981697], "(3, 4, 1, 2)": [0.01926327496767044, 0.01944158971309662, 0.018713561818003654, 0.01962483674287796, 0.019671058282256126], "(2, 1, 2, 2)": [0.008186537772417068, 0.008730643428862095, 0.015455360524356365, 0.01730981282889843, 0.01564585603773594], "(2, 1, 1, 1)": [-0.013069047592580318, -0.01275841984897852, -0.014708105474710464, -0.013618274591863155, 0.003239183221012354], "(2, 1, 2, 1)": [-0.009050507098436356, -0.0019417456351220608, 0.0013796044513583183, 0.008077909238636494, 0.006673716939985752], "(3, 8, 1, 2)": [0.019047386944293976, 0.01888130232691765, 0.018545133993029594, 0.018171364441514015, 0.017546653747558594], "(3, 7, 1, 1)": [0.019871965050697327, 0.019651347771286964, 0.01971038430929184, 0.01964842714369297, 0.019694486632943153], "(3, 7, 2, 2)": [0.019450603052973747, 0.018661385402083397, 0.018959015607833862, 0.01838185079395771, 0.018927816301584244], "(3, 8, 2, 2)": [0.01414540410041809, 0.018101727589964867, 0.0145344827324152, 0.015871908515691757, 0.01463824138045311], "(3, 8, 1, 1)": [0.019414283335208893, 0.018951397389173508, 0.018955044448375702, 0.018709732219576836, 0.018859032541513443], "(3, 9, 2, 2)": [0.004439990036189556, 0.017415879294276237, -0.0017505371943116188, 0.0012819371186196804, 0.0012587984092533588], "(2, 8, 2, 1)": [0.016684504225850105, 0.019052542746067047, 0.01598045788705349, 0.017186924815177917, 0.005503958091139793], "(3, 3, 2, 2)": [0.01869911700487137, 0.018865808844566345, 0.018892336636781693, 0.0182880200445652, 0.01940690167248249], "(3, 3, 1, 2)": [0.01730729080736637, 0.01738825812935829, 0.017974402755498886, 0.019344530999660492, 0.01501469686627388], "(3, 4, 2, 2)": [0.019540490582585335, 0.019556645303964615, 0.019556397572159767, 0.019750509411096573, 0.019623611122369766], "(3, 5, 2, 2)": [0.019866030663251877, 0.01987414062023163, 0.019877875223755836, 0.019875451922416687, 0.01991543360054493], "(3, 5, 1, 1)": [0.019734753295779228, 0.019646819680929184, 0.019736532121896744, 0.019655292853713036, 0.019649988040328026], "(3, 4, 1, 1)": [0.0185038261115551, 0.018792834132909775, 0.018808554857969284, 0.01954207569360733, 0.018801288679242134], "(3, 6, 2, 2)": [0.019638514146208763, 0.019756637513637543, 0.019624190405011177, 0.019594842568039894, 0.01963789388537407], "(3, 6, 1, 1)": [0.019915791228413582, 0.019925294443964958, 0.019915614277124405, 0.019916964694857597, 0.019914351403713226], "(3, 3, 1, 1)": [0.01590597815811634, 0.016915680840611458, 0.015808353200554848, 0.016111379489302635, 0.018427498638629913], "(3, 2, 1, 1)": [0.0018046745099127293, 0.0016779908910393715, 0.004318218678236008, -0.0009045475162565708, 0.017333008348941803], "(2, 2, 1, 1)": [0.0005060518160462379, 0.00628693075850606, 0.007327156141400337, 0.004809366539120674, 0.014177911914885044], "(3, 6, 1, 2)": [0.019897304475307465, 0.019915252923965454, 0.019904162734746933, 0.019903741776943207, 0.019864195957779884], "(3, 10, 2, 2)": [-0.013020830228924751, -0.012415306642651558, -0.012661624699831009, -0.010135700926184654, -0.012313074432313442], "(2, 3, 2, 2)": [0.018937628716230392, 0.0189039446413517, 0.018935132771730423, 0.018912361934781075, 0.019256526604294777], "(2, 5, 2, 2)": [0.019933950155973434, 0.019867945462465286, 0.019954310730099678, 0.019916070625185966, 0.019937090575695038], "(2, 5, 1, 1)": [0.01982237957417965, 0.019713731482625008, 0.019797619432210922, 0.01978697068989277, 0.019832590594887733], "(2, 4, 1, 1)": [0.018839286640286446, 0.018805986270308495, 0.018814120441675186, 0.01893197000026703, 0.018967151641845703], "(2, 4, 2, 2)": [0.019602548331022263, 0.019653581082820892, 0.019652795046567917, 0.019713319838047028, 0.01986941695213318], "(2, 4, 2, 1)": [0.019333617761731148, 0.01916041225194931, 0.019510764628648758, 0.019601166248321533, 0.0196849312633276], "(2, 5, 2, 1)": [0.019913043826818466, 0.01992383413016796, 0.01993878372013569, 0.019938331097364426, 0.01997433789074421], "(2, 3, 1, 1)": [0.01695270463824272, 0.016984716057777405, 0.017124487087130547, 0.015607302077114582, 0.01792992651462555], "(2, 2, 2, 1)": [0.015763789415359497, 0.01496892236173153, 0.01703520119190216, 0.017873331904411316, 0.014995848760008812], "(3, 7, 2, 1)": [0.01973532885313034, 0.019633565098047256, 0.01964341290295124, 0.019536316394805908, 0.019607219845056534], "(3, 5, 2, 1)": [0.019825544208288193, 0.019840696826577187, 0.019874483346939087, 0.019876927137374878, 0.01985872909426689], "(3, 4, 2, 1)": [0.019199397414922714, 0.019553599879145622, 0.019390903413295746, 0.01954839937388897, 0.019537027925252914], "(3, 3, 2, 1)": [0.017849164083600044, 0.016402415931224823, 0.018390845507383347, 0.01903579570353031, 0.017958566546440125], "(3, 2, 2, 1)": [0.014042790047824383, 0.01464903075248003, 0.014347593300044537, 0.013987967744469643, 0.01617848500609398], "(3, 1, 1, 1)": [-0.014611567370593548, -0.01271809358149767, -0.012817034497857094, -0.014085394330322742, -0.013460424728691578], "(3, 7, 1, 2)": [0.01970021426677704, 0.019521845504641533, 0.019530892372131348, 0.019586896523833275, 0.01945503056049347], "(3, 9, 1, 2)": [0.01763910986483097, 0.017727268859744072, 0.01717127300798893, 0.01711813546717167, 0.01580476202070713], "(3, 10, 1, 2)": [0.017437968403100967, 0.009827857837080956, -0.005328604485839605, -0.00033363839611411095, -0.011957772076129913], "(2, 8, 1, 1)": [0.01875215582549572, 0.019277291372418404, 0.019035033881664276, 0.018699347972869873, 0.01892860047519207], "(2, 7, 1, 1)": [0.01958811841905117, 0.01984594203531742, 0.01958134025335312, 0.019576778635382652, 0.019523853436112404], "(2, 3, 2, 1)": [0.01821279712021351, 0.01853036880493164, 0.01863393746316433, 0.01874409429728985, 0.019078712910413742], "(3, 2, 1, 2)": [0.010734335519373417, 0.013705657795071602, 0.014358832500874996, 0.014417102560400963, 0.01806785725057125], "(3, 2, 2, 2)": [0.017189597710967064, 0.016676265746355057, 0.017623066902160645, 0.017220931127667427, 0.018493792042136192], "(2, 6, 1, 2)": [0.01997610367834568, 0.01996830478310585, 0.01996394246816635, 0.019938988611102104, 0.01993347331881523], "(2, 6, 2, 1)": [0.01998620480298996, 0.019945604726672173, 0.019957786425948143, 0.01994418352842331, 0.01987762749195099], "(2, 7, 2, 1)": [0.018860401585698128, 0.019761351868510246, 0.019375838339328766, 0.01864541880786419, 0.019254660233855247], "(2, 2, 2, 2)": [0.016512587666511536, 0.017711220309138298, 0.017796378582715988, 0.01814955286681652, 0.017811346799135208], "(3, 1, 2, 1)": [-0.008181722834706306, -0.00835566408932209, -0.010317027568817139, -0.0021517560817301273, 0.010854003950953484], "(2, 8, 1, 2)": [0.01850000210106373, 0.01846277341246605, 0.018499840050935745, 0.018351547420024872, 0.018442217260599136], "(2, 7, 1, 2)": [0.018640439957380295, 0.018874075263738632, 0.01933549903333187, 0.01917480304837227, 0.01900186948478222], "(3, 5, 1, 2)": [0.019925432279706, 0.01992233283817768, 0.019942110404372215, 0.01991104707121849, 0.019873205572366714],