{"q_values": {"(2, 6, 2, 2)": [0.01985088549554348, 0.019960733130574226, 0.01986345462501049, 0.019879477098584175, 0.01991865038871765], "(2, 6, 1, 1)": [0.019951097667217255, 0.019961917772889137, 0.01995554193854332, 0.019952110946178436, 0.019940972328186035], "(2, 7, 2, 2)": [0.019554361701011658, 0.019111014902591705, 0.019032496958971024, 0.01893729530274868, 0.018837671726942062], "(2, 8, 2, 2)": [0.018434787169098854, 0.01579611375927925, 0.01571221835911274, 0.01609089970588684, 0.014088282361626625], "(2, 9, 2, 2)": [0.0033295108005404472, 0.006650859490036964, 0.0025133714079856873, 0.006476401351392269, 0.00665696058422327], "(2, 10, 2, 2)": [-0.004844450391829014, -0.012973273172974586, -0.01145611796528101, -0.014312555082142353, -0.013360641896724701], "(2, 10, 1, 2)": [-0.0019731284119188786, -0.0017978539690375328, 0.0005341190844774246, -0.0009995675645768642, -0.01234491541981697], "(3, 4, 1, 2)": [0.01926327496767044, 0.019355343654751778, 0.018713561818003654, 0.01962483674287796, 0.01977854035794735], "(2, 1, 2, 2)": [0.008186537772417068, 0.008730643428862095, 0.015455360524356365, 0.0171784870326519, 0.01564585603773594], "(2, 1, 1, 1)": [-0.013069047592580318, -0.01275841984897852, -0.014708105474710464, -0.013618274591863155, -0.0004383544437587261], "(2, 1, 2, 1)": [-0.009050507098436356, -0.0019417456351220608, 0.0013796044513583183, 0.008077909238636494, 0.006673716939985752], "(3, 8, 1, 2)": [0.019100073724985123, 0.0188156645745039, 0.018545133993029594, 0.018171364441514015, 0.017157716676592827], "(3, 7, 1, 1)": [0.019720207899808884, 0.019775807857513428, 0.01969991996884346, 0.01968076080083847, 0.019653065130114555], "(3, 7, 2, 2)": [0.01926790550351143, 0.018270252272486687, 0.01862206496298313, 0.018259219825267792, 0.018505897372961044], "(3, 8, 2, 2)": [0.01414540410041809, 0.018628621473908424, 0.0145344827324152, 0.014586834236979485, 0.01463824138045311], "(3, 8, 1, 1)": [0.019092045724391937, 0.01928815245628357, 0.019077368080615997, 0.018981488421559334, 0.018982412293553352], "(3, 9, 2, 2)": [-0.00017969030886888504, 0.012784834019839764, -0.0017505371943116188, 0.0012819371186196804, 0.0012587984092533588], "(2, 8, 2, 1)": [0.016684504225850105, 0.019070332869887352, 0.01598045788705349, 0.017186924815177917, 0.005503958091139793], "(3, 3, 2, 2)": [0.018806759268045425, 0.018732521682977676, 0.01884300634264946, 0.018730180338025093, 0.01945035718381405], "(3, 3, 1, 2)": [0.01730729080736637, 0.01738825812935829, 0.017974402755498886, 0.019214121624827385, 0.01501469686627388], "(3, 4, 2, 2)": [0.01962534338235855, 0.0196860171854496, 0.01965397410094738, 0.019577013328671455, 0.019877731800079346], "(3, 5, 2, 2)": [0.01992328092455864, 0.01992752030491829, 0.01999412477016449, 0.019921820610761642, 0.01992274820804596], "(3, 5, 1, 1)": [0.019692229107022285, 0.01970609650015831, 0.019812216982245445, 0.01966630294919014, 0.01973254606127739], "(3, 4, 1, 1)": [0.019015679135918617, 0.018820183351635933, 0.018339795991778374, 0.018880141898989677, 0.019726993516087532], "(3, 6, 2, 2)": [0.01972912810742855, 0.019942887127399445, 0.019733231514692307, 0.019749704748392105, 0.019809484481811523], "(3, 6, 1, 1)": [0.019870668649673462, 0.019953113049268723, 0.01982327364385128, 0.01987159624695778, 0.019895046949386597], "(3, 3, 1, 1)": [0.016078006476163864, 0.016255732625722885, 0.016511280089616776, 0.016474638134241104, 0.017324581742286682], "(3, 2, 1, 1)": [0.0018046745099127293, 0.0060967979952692986, 0.005295545794069767, -0.0009045475162565708, 0.011432628147304058], "(2, 2, 1, 1)": [0.0005060518160462379, 0.00628693075850606, 0.007327156141400337, 0.004809366539120674, 0.015008430927991867], "(3, 6, 1, 2)": [0.019892055541276932, 0.019888700917363167, 0.019857943058013916, 0.019722167402505875, 0.01989259384572506], "(3, 10, 2, 2)": [-0.013020830228924751, -0.01227287482470274, -0.012661624699831009, -0.012302473187446594, -0.012313074432313442], "(2, 3, 2, 2)": [0.018896661698818207, 0.0189039446413517, 0.0188971608877182, 0.018912361934781075, 0.019237427040934563], "(2, 5, 2, 2)": [0.019945668056607246, 0.019960269331932068, 0.01999136619269848, 0.019953208044171333, 0.019960643723607063], "(2, 5, 1, 1)": [0.019787630066275597, 0.019850287586450577, 0.019912883639335632, 0.01980908401310444, 0.01984763704240322], "(2, 4, 1, 1)": [0.018935490399599075, 0.018878787755966187, 0.018814120441675186, 0.01876014843583107, 0.019492516294121742], "(2, 4, 2, 2)": [0.01961309090256691, 0.019653581082820892, 0.019675008952617645, 0.01967289298772812, 0.019828684628009796], "(2, 4, 2, 1)": [0.019333617761731148, 0.019272003322839737, 0.019510764628648758, 0.019601166248321533, 0.019765062257647514], "(2, 5, 2, 1)": [0.01985487900674343, 0.019875572994351387, 0.019886218011379242, 0.01998617872595787, 0.01988218165934086], "(2, 3, 1, 1)": [0.01695270463824272, 0.016756340861320496, 0.016996856778860092, 0.015607302077114582, 0.018601730465888977], "(2, 2, 2, 1)": [0.015763789415359497, 0.01496892236173153, 0.01703520119190216, 0.017911795526742935, 0.014995848760008812], "(3, 7, 2, 1)": [0.01977517455816269, 0.019701916724443436, 0.019605902954936028, 0.019536316394805908, 0.019574938341975212], "(3, 5, 2, 1)": [0.0198528952896595, 0.019902285188436508, 0.019897691905498505, 0.019923968240618706, 0.01999599114060402], "(3, 4, 2, 1)": [0.019199397414922714, 0.01939493417739868, 0.01935577392578125, 0.01940993219614029, 0.01967529207468033], "(3, 3, 2, 1)": [0.01847076788544655, 0.01833455078303814, 0.01825050264596939, 0.01915762759745121, 0.017958566546440125], "(3, 2, 2, 1)": [0.012513925321400166, 0.01464903075248003, 0.014347593300044537, 0.013987967744469643, 0.01807880587875843], "(3, 1, 1, 1)": [-0.012397401966154575, -0.012572938576340675, -0.012817034497857094, -0.014085394330322742, -0.013460424728691578], "(3, 7, 1, 2)": [0.01972009427845478, 0.019434191286563873, 0.019530892372131348, 0.019586896523833275, 0.01945503056049347], "(3, 9, 1, 2)": [0.017814358696341515, 0.017727268859744072, 0.01717127300798893, 0.01711813546717167, 0.01580476202070713], "(3, 10, 1, 2)": [0.017323395237326622, 0.009827857837080956, -0.005328604485839605, -0.00033363839611411095, -0.011957772076129913], "(2, 8, 1, 1)": [0.019422361627221107, 0.01913951337337494, 0.018818534910678864, 0.018699347972869873, 0.01892860047519207], "(2, 7, 1, 1)": [0.019849147647619247, 0.019672000780701637, 0.01968797855079174, 0.019667016342282295, 0.019699260592460632], "(2, 3, 2, 1)": [0.01821279712021351, 0.01853036880493164, 0.01863393746316433, 0.018681738525629044, 0.018975161015987396], "(3, 2, 1, 2)": [0.010266619734466076, 0.013705657795071602, 0.014358832500874996, 0.014417102560400963, 0.01775778830051422], "(3, 2, 2, 2)": [0.01761244796216488, 0.017592864111065865, 0.01660868339240551, 0.0164579339325428, 0.017322206869721413], "(2, 6, 1, 2)": [0.019988585263490677, 0.019918575882911682, 0.01989375613629818, 0.019911106675863266, 0.01992426998913288], "(2, 6, 2, 1)": [0.019950103014707565, 0.019967148080468178, 0.01996438018977642, 0.019933944568037987, 0.01987762749195099], "(2, 7, 2, 1)": [0.018860401585698128, 0.019665831699967384, 0.019375838339328766, 0.01864541880786419, 0.019254660233855247], "(2, 2, 2, 2)": [0.016512587666511536, 0.01758461818099022, 0.017796378582715988, 0.01848023198544979, 0.017774030566215515], "(3, 1, 2, 1)": [-0.008181722834706306, -0.00835566408932209, -0.010317027568817139, -0.0021517560817301273, 0.016926003620028496], "(2, 8, 1, 2)": [0.019004004076123238, 0.01846277341246605, 0.018507657572627068, 0.01832888461649418, 0.018442217260599136], "(2, 7, 1, 2)": [0.018640439957380295, 0.01938898116350174, 0.019454343244433403, 0.01924947462975979, 0.019375957548618317], "(3, 5, 1, 2)": [0.019946353510022163, 0.019935911521315575, 0.019947435706853867, 0.01994767040014267, 0.01995130069553852],