{"q_values": {"(2, 6, 2, 2)": [0.019946223124861717, 0.019666867330670357, 0.01966453716158867, 0.019616423174738884, 0.019511139020323753], "(2, 6, 1, 1)": [0.01991276815533638, 0.01996181160211563, 0.0199124813079834, 0.0198885016143322, 0.01991238072514534], "(2, 7, 2, 2)": [0.018492966890335083, 0.019090615212917328, 0.018615026026964188, 0.01851009950041771, 0.018738217651844025], "(2, 8, 2, 2)": [0.015085543505847454, 0.015751658007502556, 0.017289871349930763, 0.016231514513492584, 0.016221176832914352], "(2, 9, 2, 2)": [0.004910266492515802, 0.01638484001159668, 0.006413748953491449, 0.0017127539031207561, 0.004420533310621977], "(2, 10, 2, 2)": [-0.01149953342974186, -0.012973273172974586, -0.00849970057606697, -0.014312555082142353, -0.013360641896724701], "(2, 10, 1, 2)": [-0.0019731284119188786, 0.01617581769824028, -0.003181809326633811, -0.004260209389030933, -0.01234491541981697], "(3, 4, 1, 2)": [0.01926327496767044, 0.01944158971309662, 0.018713561818003654, 0.01965528167784214, 0.019776958972215652], "(2, 1, 2, 2)": [0.008186537772417068, 0.008730643428862095, 0.015455360524356365, 0.017355740070343018, 0.01564585603773594], "(2, 1, 1, 1)": [-0.013069047592580318, -0.01275841984897852, -0.014708105474710464, -0.013618274591863155, -0.009939108043909073], "(2, 1, 2, 1)": [-0.009050507098436356, -0.0019417456351220608, 0.0013796044513583183, 0.015136447735130787, 0.006673716939985752], "(3, 8, 1, 2)": [0.018876146525144577, 0.019138412550091743, 0.018545133993029594, 0.018171364441514015, 0.017546653747558594], "(3, 7, 1, 1)": [0.019774436950683594, 0.019686687737703323, 0.019676631316542625, 0.01967708393931389, 0.019639180973172188], "(3, 7, 2, 2)": [0.019595937803387642, 0.01861918717622757, 0.018755292519927025, 0.01887384243309498, 0.01834581233561039], "(3, 8, 2, 2)": [0.01881415583193302, 0.01521556917577982, 0.015434173867106438, 0.015120980329811573, 0.01463824138045311], "(3, 8, 1, 1)": [0.019483935087919235, 0.018970755860209465, 0.01915036141872406, 0.018930545076727867, 0.019035477191209793], "(3, 9, 2, 2)": [0.004439990036189556, 0.017471307888627052, 0.0036891112104058266, 0.004184511955827475, 0.0012587984092533588], "(2, 8, 2, 1)": [0.016684504225850105, 0.019094914197921753, 0.01598045788705349, 0.017186924815177917, 0.005503958091139793], "(3, 3, 2, 2)": [0.018882794305682182, 0.018753038719296455, 0.01888425648212433, 0.01890886202454567, 0.019364533945918083], "(3, 3, 1, 2)": [0.01730729080736637, 0.01738825812935829, 0.017974402755498886, 0.019175760447978973, 0.01501469686627388], "(3, 4, 2, 2)": [0.019474804401397705, 0.01953154057264328, 0.019590962678194046, 0.019861888140439987, 0.018909869715571404], "(3, 5, 2, 2)": [0.01992650516331196, 0.019985828548669815, 0.01995042711496353, 0.019932115450501442, 0.019942058250308037], "(3, 5, 1, 1)": [0.01950238086283207, 0.019458666443824768, 0.01950567029416561, 0.01951599307358265, 0.019676612690091133], "(3, 4, 1, 1)": [0.018158169463276863, 0.0182553268969059, 0.018462765961885452, 0.018310589715838432, 0.018229445442557335], "(3, 6, 2, 2)": [0.019976723939180374, 0.01970737986266613, 0.019748033955693245, 0.019789554178714752, 0.019845668226480484], "(3, 6, 1, 1)": [0.01988360844552517, 0.01987963356077671, 0.019876999780535698, 0.019918369129300117, 0.01990782842040062], "(3, 3, 1, 1)": [0.013979277573525906, 0.015016228891909122, 0.01445518247783184, 0.014576137065887451, 0.017839578911662102], "(3, 2, 1, 1)": [0.0015734597109258175, 0.001316093374043703, 0.0012324163690209389, 0.0021168901585042477, 0.014378135092556477], "(2, 2, 1, 1)": [0.0005060518160462379, 0.001999223604798317, 0.0021218997426331043, 0.011320198886096478, 0.0038085528649389744], "(3, 6, 1, 2)": [0.019853660836815834, 0.019914086908102036, 0.019830135628581047, 0.019864553585648537, 0.019840560853481293], "(3, 10, 2, 2)": [-0.013020830228924751, -0.012605817057192326, -0.012661624699831009, -0.013345129787921906, -0.012819134630262852], "(2, 3, 2, 2)": [0.018835047259926796, 0.01881505735218525, 0.018870892003178596, 0.0188427921384573, 0.01926792785525322], "(2, 5, 2, 2)": [0.019855251535773277, 0.019905293360352516, 0.019711878150701523, 0.019428465515375137, 0.01997046172618866], "(2, 5, 1, 1)": [0.01973189413547516, 0.01962854340672493, 0.01967487670481205, 0.019579051062464714, 0.019980760291218758], "(2, 4, 1, 1)": [0.01883862353861332, 0.018967056646943092, 0.01901421882212162, 0.019331734627485275, 0.018837597221136093], "(2, 4, 2, 2)": [0.019618043676018715, 0.01962275803089142, 0.019745908677577972, 0.019646504893898964, 0.019625501707196236], "(2, 4, 2, 1)": [0.019448094069957733, 0.01916041225194931, 0.019510764628648758, 0.01959492452442646, 0.019752463325858116], "(2, 5, 2, 1)": [0.019795602187514305, 0.019788667559623718, 0.019795721396803856, 0.01990819349884987, 0.01971352845430374], "(2, 3, 1, 1)": [0.016110282391309738, 0.015171569772064686, 0.016340961679816246, 0.015494138933718204, 0.018045879900455475], "(2, 2, 2, 1)": [0.01621125265955925, 0.01496892236173153, 0.01703520119190216, 0.017663026228547096, 0.014995848760008812], "(3, 7, 2, 1)": [0.01972821354866028, 0.019632838666439056, 0.019624333828687668, 0.019597753882408142, 0.019634654745459557], "(3, 5, 2, 1)": [0.01990625262260437, 0.019924018532037735, 0.01994142308831215, 0.019967833533883095, 0.019984638318419456], "(3, 4, 2, 1)": [0.019199397414922714, 0.019528444856405258, 0.019496487453579903, 0.019514326006174088, 0.01974501460790634], "(3, 3, 2, 1)": [0.017849164083600044, 0.017662085592746735, 0.01768200658261776, 0.01739989034831524, 0.018875304609537125], "(3, 2, 2, 1)": [0.014042790047824383, 0.015332113951444626, 0.014347593300044537, 0.013987967744469643, 0.01736675202846527], "(3, 1, 1, 1)": [-0.014611567370593548, -0.012904910370707512, -0.012268614023923874, -0.014085394330322742, -0.013460424728691578], "(3, 7, 1, 2)": [0.01980181224644184, 0.019521845504641533, 0.019577927887439728, 0.019586896523833275, 0.019486600533127785], "(3, 9, 1, 2)": [0.01801971346139908, 0.01774211786687374, 0.017333494499325752, 0.01711813546717167, 0.01580476202070713], "(3, 10, 1, 2)": [0.017376961186528206, 0.009827857837080956, -0.005328604485839605, -0.00033363839611411095, -0.011957772076129913], "(2, 8, 1, 1)": [0.01874084398150444, 0.019033614546060562, 0.01894121803343296, 0.018872078508138657, 0.018854796886444092], "(2, 7, 1, 1)": [0.019696300849318504, 0.019531944766640663, 0.019587386399507523, 0.019535379484295845, 0.019540531560778618], "(2, 3, 2, 1)": [0.01821279712021351, 0.01853036880493164, 0.01863393746316433, 0.01874409429728985, 0.019055427983403206], "(3, 2, 1, 2)": [0.010734335519373417, 0.013705657795071602, 0.014358832500874996, 0.014417102560400963, 0.018404388800263405], "(3, 2, 2, 2)": [0.017415376380085945, 0.017114289104938507, 0.01768171787261963, 0.01741025410592556, 0.018204983323812485], "(2, 6, 1, 2)": [0.019952313974499702, 0.01990647427737713, 0.019907254725694656, 0.019828015938401222, 0.01990283466875553], "(2, 6, 2, 1)": [0.019940420985221863, 0.019894437864422798, 0.019979439675807953, 0.019942618906497955, 0.01994263008236885], "(2, 7, 2, 1)": [0.018860401585698128, 0.01965015009045601, 0.019375838339328766, 0.01864541880786419, 0.019254660233855247], "(2, 2, 2, 2)": [0.016512587666511536, 0.01767301745712757, 0.017680715769529343, 0.01768532581627369, 0.01819007843732834], "(3, 1, 2, 1)": [-0.008181722834706306, -0.00835566408932209, -0.010317027568817139, -0.0021517560817301273, 0.014894865453243256], "(2, 8, 1, 2)": [0.01779812015593052, 0.018861547112464905, 0.018020767718553543, 0.017785919830203056, 0.01746928133070469], "(2, 7, 1, 2)": [0.018980002030730247, 0.019453072920441628, 0.019083870574831963, 0.018859349191188812, 0.019358862191438675], "(3, 5, 1, 2)": [0.019914235919713974, 0.019933607429265976, 0.018972937017679214, 0.019988734275102615, 0.019958065822720528],