{"q_values": {"(2, 6, 2, 2)": [0.019950304180383682, 0.019793691113591194, 0.019792011007666588, 0.019866041839122772, 0.019747842103242874], "(2, 6, 1, 1)": [0.01989845559000969, 0.019975189119577408, 0.019924072548747063, 0.019943132996559143, 0.019952921196818352], "(2, 7, 2, 2)": [0.019556142389774323, 0.019052373245358467, 0.018887881189584732, 0.019190160557627678, 0.01834474503993988], "(2, 8, 2, 2)": [0.0181572325527668, 0.01721207983791828, 0.016575805842876434, 0.017618246376514435, 0.017185715958476067], "(2, 9, 2, 2)": [0.00980324111878872, 0.016431007534265518, 0.010048916563391685, 0.010806199163198471, 0.008803725242614746], "(2, 10, 2, 2)": [-0.0130441440269351, -0.013776160776615143, -0.011569978669285774, -0.012867382727563381, -0.015561499632894993], "(2, 10, 1, 2)": [0.0012788688763976097, -0.0035511599853634834, 0.0014606739860028028, -0.0009995675645768642, -0.01234491541981697], "(3, 4, 1, 2)": [0.01880769431591034, 0.01938076689839363, 0.015937747433781624, 0.018819862976670265, 0.019261181354522705], "(2, 1, 2, 2)": [0.001900549978017807, 0.007384298834949732, 0.013480390422046185, 0.017250167205929756, 0.01564585603773594], "(2, 1, 1, 1)": [-0.015051371417939663, -0.012829739600419998, -0.01213928870856762, -0.01200649794191122, -0.011750652454793453], "(2, 1, 2, 1)": [-0.009050507098436356, -0.0019417456351220608, 0.00709151616320014, 0.012246524915099144, 0.005189758259803057], "(3, 8, 1, 2)": [0.01889156736433506, 0.01868429034948349, 0.01856480911374092, 0.01725013740360737, 0.018291685730218887], "(3, 7, 1, 1)": [0.01979866251349449, 0.01967020146548748, 0.019675081595778465, 0.019671671092510223, 0.019419722259044647], "(3, 7, 2, 2)": [0.019457921385765076, 0.01850143074989319, 0.018093083053827286, 0.018396953120827675, 0.01887855865061283], "(3, 8, 2, 2)": [0.014721943065524101, 0.016377359628677368, 0.014731227420270443, 0.016018595546483994, 0.015273398719727993], "(3, 8, 1, 1)": [0.01910628378391266, 0.01899656280875206, 0.01901339739561081, 0.018636709079146385, 0.019094182178378105], "(3, 9, 2, 2)": [0.009023765102028847, 0.0065022800117731094, 0.005952684208750725, 0.003884857054799795, 0.007046658545732498], "(2, 8, 2, 1)": [0.013928179629147053, 0.016558704897761345, 0.012772129848599434, 0.017896993085741997, 0.005503958091139793], "(3, 3, 2, 2)": [0.018745210021734238, 0.019007546827197075, 0.01893436163663864, 0.019018037244677544, 0.01923799328505993], "(3, 3, 1, 2)": [0.015723101794719696, 0.015226207673549652, 0.015923913568258286, 0.01901319995522499, 0.01501469686627388], "(3, 4, 2, 2)": [0.019595591351389885, 0.019618606194853783, 0.019695164635777473, 0.01970916986465454, 0.019825104624032974], "(3, 5, 2, 2)": [0.019876444712281227, 0.019916491582989693, 0.019906703382730484, 0.019931280985474586, 0.019867930561304092], "(3, 5, 1, 1)": [0.01965673267841339, 0.019656501710414886, 0.01974400132894516, 0.01975039765238762, 0.01979002356529236], "(3, 4, 1, 1)": [0.01911066845059395, 0.018350373953580856, 0.019339926540851593, 0.01899401843547821, 0.01955830305814743], "(3, 6, 2, 2)": [0.0196219589561224, 0.019680611789226532, 0.019706713035702705, 0.019740521907806396, 0.01959507167339325], "(3, 6, 1, 1)": [0.019925467669963837, 0.019911905750632286, 0.019898133352398872, 0.01989958994090557, 0.019907500594854355], "(3, 3, 1, 1)": [0.015935832634568214, 0.016512583941221237, 0.014884637668728828, 0.0167500302195549, 0.01691402681171894], "(3, 2, 1, 1)": [0.0047367713414132595, -0.00043794186785817146, 0.009355687536299229, 0.009435975924134254, 0.016463832929730415], "(2, 2, 1, 1)": [0.004510902334004641, 0.003106215735897422, 0.008704696781933308, 0.014532329514622688, 0.009302742779254913], "(3, 6, 1, 2)": [0.0196591317653656, 0.01995069719851017, 0.019713152199983597, 0.01988987624645233, 0.019822735339403152], "(3, 10, 2, 2)": [-0.0009855106472969055, -0.01204411219805479, -0.013546902686357498, -0.01287267729640007, -0.012291832827031612], "(2, 3, 2, 2)": [0.01883566752076149, 0.018987607210874557, 0.01898835599422455, 0.019238682463765144, 0.018956953659653664], "(2, 5, 2, 2)": [0.01991906389594078, 0.019932180643081665, 0.019931789487600327, 0.019943200051784515, 0.01993442140519619], "(2, 5, 1, 1)": [0.019900986924767494, 0.019904710352420807, 0.019825825467705727, 0.01991179957985878, 0.019896436482667923], "(2, 4, 1, 1)": [0.01902594044804573, 0.01939770206809044, 0.018847763538360596, 0.019667334854602814, 0.019388936460018158], "(2, 4, 2, 2)": [0.019647298380732536, 0.019717613235116005, 0.019723014906048775, 0.019764650613069534, 0.019846150651574135], "(2, 4, 2, 1)": [0.019386745989322662, 0.019457746297121048, 0.019117439165711403, 0.01946958340704441, 0.01971784047782421], "(2, 5, 2, 1)": [0.01985851675271988, 0.019919350743293762, 0.01993362046778202, 0.019920090213418007, 0.019972335547208786], "(2, 3, 1, 1)": [0.014596842229366302, 0.016382424160838127, 0.017022866755723953, 0.017919842153787613, 0.016662757843732834], "(2, 2, 2, 1)": [0.011221247725188732, 0.015635846182703972, 0.013349785469472408, 0.01747371442615986, 0.015012219548225403], "(3, 7, 2, 1)": [0.019725004211068153, 0.01958116516470909, 0.019597504287958145, 0.019543930888175964, 0.019529322162270546], "(3, 5, 2, 1)": [0.019708333536982536, 0.0198566522449255, 0.01988723874092102, 0.019888777285814285, 0.019918080419301987], "(3, 4, 2, 1)": [0.019315963611006737, 0.019457796588540077, 0.019397079944610596, 0.019585222005844116, 0.019713055342435837], "(3, 3, 2, 1)": [0.01833784021437168, 0.018417131155729294, 0.018391046673059464, 0.01891682669520378, 0.018707819283008575], "(3, 2, 2, 1)": [0.012792001478374004, 0.013501474633812904, 0.016530083492398262, 0.0139409638941288, 0.017589040100574493], "(3, 1, 1, 1)": [-0.013175137341022491, -0.013178370893001556, -0.01361691951751709, -0.012357865460216999, -0.006710722576826811], "(3, 7, 1, 2)": [0.019615251570940018, 0.01962350122630596, 0.019527163356542587, 0.01940060220658779, 0.01928357034921646], "(3, 9, 1, 2)": [0.01783529669046402, 0.017459522932767868, 0.016139008104801178, 0.015300358645617962, 0.014939029701054096], "(3, 10, 1, 2)": [0.01511469203978777, 0.006139842793345451, -0.005328604485839605, -0.00033363839611411095, -0.011853072792291641], "(2, 8, 1, 1)": [0.0192651879042387, 0.018953019753098488, 0.01906895823776722, 0.018767205998301506, 0.018829071894288063], "(2, 7, 1, 1)": [0.019522156566381454, 0.019016092643141747, 0.019822608679533005, 0.019620079547166824, 0.019667021930217743], "(2, 3, 2, 1)": [0.01800728775560856, 0.01870192401111126, 0.017713971436023712, 0.018669646233320236, 0.01904916577041149], "(3, 2, 1, 2)": [0.010266619734466076, 0.006392451003193855, 0.012861769646406174, 0.014417102560400963, 0.017605744302272797], "(3, 2, 2, 2)": [0.016063930466771126, 0.017629237845540047, 0.017610250040888786, 0.018187129870057106, 0.017893066629767418], "(2, 6, 1, 2)": [0.019973689690232277, 0.01989390328526497, 0.019857211038470268, 0.019928909838199615, 0.019901392981410027], "(2, 6, 2, 1)": [0.019854307174682617, 0.019969262182712555, 0.019237156957387924, 0.01964055746793747, 0.019881058484315872], "(2, 7, 2, 1)": [0.018514860421419144, 0.019719228148460388, 0.018838265910744667, 0.017718341201543808, 0.01848033256828785], "(2, 2, 2, 2)": [0.017034567892551422, 0.017422188073396683, 0.017841584980487823, 0.01774883083999157, 0.017801301553845406], "(3, 1, 2, 1)": [-0.011956299655139446, -0.006804469972848892, -0.005196357611566782, 0.007858331315219402, -0.009830547496676445], "(2, 8, 1, 2)": [0.01891309767961502, 0.018648356199264526, 0.018726438283920288, 0.01839163526892662, 0.01858367770910263], "(2, 7, 1, 2)": [0.01968376338481903, 0.019567977637052536, 0.019528985023498535, 0.019404666498303413, 0.019354864954948425], "(3, 5, 1, 2)": [0.01974436827003956, 0.019792569801211357, 0.019950568675994873, 0.019873932003974915, 0.01984046772122383],