{"q_values": {"(2, 6, 2, 2)": [0.019864965230226517, 0.019706381484866142, 0.01976742222905159, 0.01974315568804741, 0.019680319353938103], "(2, 6, 1, 1)": [0.01984255015850067, 0.01988072693347931, 0.01973756216466427, 0.019857391715049744, 0.01983899436891079], "(2, 7, 2, 2)": [0.019329501315951347, 0.018972545862197876, 0.01929086446762085, 0.01935453712940216, 0.019245292991399765], "(2, 8, 2, 2)": [0.017816048115491867, 0.018266979604959488, 0.01654794067144394, 0.01736864633858204, 0.017424261197447777], "(2, 9, 2, 2)": [0.014872850850224495, 0.004680375102907419, 0.01368932705372572, 0.011730571277439594, 0.007998164743185043], "(2, 10, 2, 2)": [-0.005960304290056229, -0.009618389420211315, -0.012500454671680927, -0.009892378933727741, -0.015955261886119843], "(2, 10, 1, 2)": [0.011091331019997597, -0.0035511599853634834, -0.007014716509729624, -0.006295354571193457, -0.012625046074390411], "(3, 4, 1, 2)": [0.014815229922533035, 0.01917310431599617, 0.011559081263840199, 0.017262669280171394, 0.015788646414875984], "(2, 1, 2, 2)": [0.0015188667457550764, 0.01141226477921009, 0.013480390422046185, 0.01637830212712288, 0.01564585603773594], "(2, 1, 1, 1)": [-0.015008775517344475, -0.012032967060804367, -0.013671555556356907, -0.011391451582312584, -0.01229889690876007], "(2, 1, 2, 1)": [-0.007829680107533932, -0.005345555022358894, 0.005066493060439825, 0.010209856554865837, 0.013543223962187767], "(3, 8, 1, 2)": [0.018986627459526062, 0.018462998792529106, 0.018445715308189392, 0.017482466995716095, 0.016897164285182953], "(3, 7, 1, 1)": [0.019777126610279083, 0.01963893696665764, 0.019751105457544327, 0.019657718017697334, 0.019674871116876602], "(3, 7, 2, 2)": [0.019365128129720688, 0.019093643873929977, 0.01918761618435383, 0.019415227696299553, 0.019112493842840195], "(3, 8, 2, 2)": [0.018654126673936844, 0.01744837500154972, 0.01676594279706478, 0.01583116501569748, 0.017389606684446335], "(3, 8, 1, 1)": [0.01909620687365532, 0.019110897555947304, 0.019251206889748573, 0.018732408061623573, 0.018431086093187332], "(3, 9, 2, 2)": [0.013018987141549587, 0.006409556604921818, 0.012928175739943981, 0.00685185007750988, 0.0030696068424731493], "(2, 8, 2, 1)": [0.011727207340300083, 0.015505674295127392, 0.010398250073194504, 0.0182811189442873, 0.0], "(3, 3, 2, 2)": [0.018907316029071808, 0.01896149292588234, 0.01903429627418518, 0.019182827323675156, 0.01894514262676239], "(3, 3, 1, 2)": [0.015723101794719696, 0.011936692520976067, 0.013979907147586346, 0.01762554980814457, 0.01501469686627388], "(3, 4, 2, 2)": [0.019626040011644363, 0.019562186673283577, 0.019651178270578384, 0.019730104133486748, 0.01953635923564434], "(3, 5, 2, 2)": [0.019940420985221863, 0.019933626055717468, 0.019931934773921967, 0.019939884543418884, 0.01992987096309662], "(3, 5, 1, 1)": [0.019724354147911072, 0.01981169916689396, 0.019745441153645515, 0.01974697969853878, 0.01974502019584179], "(3, 4, 1, 1)": [0.01892227679491043, 0.018934618681669235, 0.018908565863966942, 0.01897576078772545, 0.019144918769598007], "(3, 6, 2, 2)": [0.019969968125224113, 0.019837534055113792, 0.0196869894862175, 0.019831039011478424, 0.01979922503232956], "(3, 6, 1, 1)": [0.01990680769085884, 0.01991524174809456, 0.01991700567305088, 0.019731653854250908, 0.019938191398978233], "(3, 3, 1, 1)": [0.017175935208797455, 0.01717965118587017, 0.017086701467633247, 0.018040835857391357, 0.01575651206076145], "(3, 2, 1, 1)": [0.007230463437736034, 0.011130381375551224, 0.009655343368649483, 0.008413928560912609, 0.016209622845053673], "(2, 2, 1, 1)": [0.008731415495276451, 0.009356379508972168, 0.015553292818367481, 0.009706396609544754, 0.014922227710485458], "(3, 6, 1, 2)": [0.01780778355896473, 0.019531531259417534, 0.017939260229468346, 0.01958479732275009, 0.019728129729628563], "(3, 10, 2, 2)": [-0.008302628993988037, -0.012431534007191658, -0.012127172201871872, -0.013468718156218529, -0.012240046635270119], "(2, 3, 2, 2)": [0.018889278173446655, 0.018762920051813126, 0.018827714025974274, 0.018902961164712906, 0.019198911264538765], "(2, 5, 2, 2)": [0.019857730716466904, 0.01963980123400688, 0.0198967307806015, 0.01993570476770401, 0.019911441951990128], "(2, 5, 1, 1)": [0.01962168887257576, 0.0195488128811121, 0.01964636705815792, 0.019689425826072693, 0.01965448260307312], "(2, 4, 1, 1)": [0.01877344213426113, 0.01889282837510109, 0.019188785925507545, 0.019000841304659843, 0.01928645186126232], "(2, 4, 2, 2)": [0.019511647522449493, 0.01964958943426609, 0.019729824736714363, 0.019634682685136795, 0.019736820831894875], "(2, 4, 2, 1)": [0.019108135253190994, 0.019259098917245865, 0.018423067405819893, 0.019465439021587372, 0.019532250240445137], "(2, 5, 2, 1)": [0.019669493660330772, 0.01951543055474758, 0.018222348764538765, 0.019620779901742935, 0.01992674358189106], "(2, 3, 1, 1)": [0.015356351621448994, 0.01711288094520569, 0.01721395179629326, 0.01685120165348053, 0.017012054100632668], "(2, 2, 2, 1)": [0.013265643268823624, 0.013823824003338814, 0.015696557238698006, 0.017593838274478912, 0.01721874624490738], "(3, 7, 2, 1)": [0.019661568105220795, 0.019483016803860664, 0.019536413252353668, 0.019623246043920517, 0.019355401396751404], "(3, 5, 2, 1)": [0.01982378214597702, 0.019903846085071564, 0.01995469443500042, 0.019943799823522568, 0.019948741421103477], "(3, 4, 2, 1)": [0.019097384065389633, 0.019196119159460068, 0.01950220949947834, 0.01953291706740856, 0.019663695245981216], "(3, 3, 2, 1)": [0.018098434433341026, 0.018356967717409134, 0.018705274909734726, 0.01874135620892048, 0.01891535148024559], "(3, 2, 2, 1)": [0.015144236385822296, 0.016125865280628204, 0.01433459110558033, 0.016090167686343193, 0.014340522699058056], "(3, 1, 1, 1)": [-0.014239632524549961, -0.014231002889573574, -0.014439654536545277, -0.013161176815629005, -0.004564795643091202], "(3, 7, 1, 2)": [0.019658174365758896, 0.018858427181839943, 0.01904275268316269, 0.01926751807332039, 0.019054129719734192], "(3, 9, 1, 2)": [0.017207663506269455, 0.017717869952321053, 0.01454781275242567, 0.016506532207131386, 0.014371445402503014], "(3, 10, 1, 2)": [0.006356330588459969, 0.003621408250182867, -0.005328604485839605, 0.0030249764677137136, -0.010082777589559555], "(2, 8, 1, 1)": [0.018969779834151268, 0.018935266882181168, 0.019155757501721382, 0.018906423822045326, 0.01871342957019806], "(2, 7, 1, 1)": [0.0196862630546093, 0.019524898380041122, 0.01956786774098873, 0.019607793539762497, 0.01947588101029396], "(2, 3, 2, 1)": [0.017116514965891838, 0.01809467375278473, 0.01770569384098053, 0.018412001430988312, 0.019061019644141197], "(3, 2, 1, 2)": [0.00669525470584631, 0.006392451003193855, 0.00906844437122345, 0.013086626306176186, 0.01652717962861061], "(3, 2, 2, 2)": [0.016936197876930237, 0.01627335138618946, 0.017382793128490448, 0.018077922984957695, 0.017457783222198486], "(2, 6, 1, 2)": [0.019844751805067062, 0.019818581640720367, 0.01981668919324875, 0.019842347130179405, 0.019750399515032768], "(2, 6, 2, 1)": [0.019449222832918167, 0.0189641322940588, 0.018101193010807037, 0.01894867792725563, 0.019847260788083076], "(2, 7, 2, 1)": [0.014934077858924866, 0.01931588724255562, 0.013465355150401592, 0.014339250512421131, 0.011523439548909664], "(2, 2, 2, 2)": [0.0159311443567276, 0.016949178650975227, 0.01757945865392685, 0.017718752846121788, 0.018151337280869484], "(3, 1, 2, 1)": [-0.011997719295322895, -0.0011616598349064589, -0.0066045173443853855, -0.00255139684304595, -0.0047001587226986885], "(2, 8, 1, 2)": [0.018160313367843628, 0.01880733296275139, 0.018464675173163414, 0.018073884770274162, 0.017284642904996872], "(2, 7, 1, 2)": [0.019482146948575974, 0.019559679552912712, 0.01940959505736828, 0.01944027468562126, 0.019462155178189278], "(3, 5, 1, 2)": [0.019900543615221977, 0.017407111823558807, 0.015333731658756733, 0.018182219937443733, 0.018204445019364357],