{"q_values": {"(2, 6, 2, 2)": [0.01976362243294716, 0.019852014258503914, 0.019723672419786453, 0.019476596266031265, 0.019660942256450653], "(2, 6, 1, 1)": [0.019951893016695976, 0.01996108889579773, 0.019949477165937424, 0.01995057612657547, 0.01994442567229271], "(2, 7, 2, 2)": [0.018531199544668198, 0.018307998776435852, 0.018512971699237823, 0.01824210025370121, 0.01840491220355034], "(2, 8, 2, 2)": [0.01502265501767397, 0.01548752747476101, 0.01591348461806774, 0.015892084687948227, 0.015613418072462082], "(2, 9, 2, 2)": [0.009404443204402924, -0.0030944615136832, 0.0025133714079856873, 0.0009497362188994884, -0.001749400980770588], "(2, 10, 2, 2)": [-0.013581281527876854, -0.013242634944617748, -0.00929951760917902, -0.014312555082142353, -0.013360641896724701], "(2, 10, 1, 2)": [0.015172739513218403, -0.0035511599853634834, 0.003982365131378174, -0.0009995675645768642, -0.01234491541981697], "(3, 4, 1, 2)": [0.01926327496767044, 0.019355380907654762, 0.018713561818003654, 0.019506139680743217, 0.01967720314860344], "(2, 1, 2, 2)": [0.00467318668961525, 0.008730643428862095, 0.015455360524356365, 0.01714177243411541, 0.01564585603773594], "(2, 1, 1, 1)": [-0.013069047592580318, -0.012063547037541866, -0.015464367344975471, -0.013618274591863155, -0.012100922875106335], "(2, 1, 2, 1)": [-0.009050507098436356, -0.0019417456351220608, 0.005567851476371288, 0.004664183594286442, 0.008249427191913128], "(3, 8, 1, 2)": [0.01899750903248787, 0.01869099773466587, 0.01878640241920948, 0.018171364441514015, 0.017157716676592827], "(3, 7, 1, 1)": [0.019721388816833496, 0.019628359004855156, 0.019815627485513687, 0.019638940691947937, 0.01960301399230957], "(3, 7, 2, 2)": [0.018347477540373802, 0.018437763676047325, 0.018469788134098053, 0.018551534041762352, 0.01857304759323597], "(3, 8, 2, 2)": [0.01615830697119236, 0.015043474733829498, 0.016209175810217857, 0.015988366678357124, 0.016317199915647507], "(3, 8, 1, 1)": [0.019294805824756622, 0.01892950013279915, 0.018954794853925705, 0.01912321336567402, 0.018813123926520348], "(3, 9, 2, 2)": [0.004098834469914436, 0.008391855284571648, 0.006078798323869705, 0.006204652134329081, 0.0024378574453294277], "(2, 8, 2, 1)": [0.016684504225850105, 0.019259752705693245, 0.01598045788705349, 0.017186924815177917, 0.005503958091139793], "(3, 3, 2, 2)": [0.018933013081550598, 0.01895151287317276, 0.01888056844472885, 0.019262002781033516, 0.018948374316096306], "(3, 3, 1, 2)": [0.01730729080736637, 0.01738825812935829, 0.017532868310809135, 0.01914128102362156, 0.01501469686627388], "(3, 4, 2, 2)": [0.019691668450832367, 0.01967712864279747, 0.019681675359606743, 0.01969381421804428, 0.019747015088796616], "(3, 5, 2, 2)": [0.019872911274433136, 0.01986507698893547, 0.019862068817019463, 0.01999097503721714, 0.01985183358192444], "(3, 5, 1, 1)": [0.019742261618375778, 0.01978900469839573, 0.019641436636447906, 0.019802846014499664, 0.01997866854071617], "(3, 4, 1, 1)": [0.01907723769545555, 0.018695853650569916, 0.019088691100478172, 0.019083436578512192, 0.019055206328630447], "(3, 6, 2, 2)": [0.019984768703579903, 0.019622694700956345, 0.019502120092511177, 0.019743315875530243, 0.01975652389228344], "(3, 6, 1, 1)": [0.019933784380555153, 0.01995065063238144, 0.019985035061836243, 0.019892312586307526, 0.019891686737537384], "(3, 3, 1, 1)": [0.01769101247191429, 0.01616579480469227, 0.01758945733308792, 0.01860077865421772, 0.017744358628988266], "(3, 2, 1, 1)": [0.004347895737737417, 0.006944839842617512, 0.0033370540477335453, 0.0043115802109241486, 0.009822506457567215], "(2, 2, 1, 1)": [0.0042360564693808556, 0.013284774497151375, 0.008366907015442848, 0.009725220501422882, 0.016324307769536972], "(3, 6, 1, 2)": [0.019978385418653488, 0.01994522660970688, 0.019966695457696915, 0.019933314993977547, 0.01993437111377716], "(3, 10, 2, 2)": [-0.013435873202979565, -0.002423435915261507, -0.012986053712666035, -0.012114513665437698, -0.012021639384329319], "(2, 3, 2, 2)": [0.018663983792066574, 0.019003942608833313, 0.01891242153942585, 0.019108915701508522, 0.01925579458475113], "(2, 5, 2, 2)": [0.019898485392332077, 0.01993754506111145, 0.019928807392716408, 0.0199072677642107, 0.01993582211434841], "(2, 5, 1, 1)": [0.01974770426750183, 0.019754337146878242, 0.019813695922493935, 0.019923102110624313, 0.01976773515343666], "(2, 4, 1, 1)": [0.018993603065609932, 0.019162893295288086, 0.01905953511595726, 0.019160188734531403, 0.01920895464718342], "(2, 4, 2, 2)": [0.019682154059410095, 0.019750695675611496, 0.019687626510858536, 0.019707998260855675, 0.019854316487908363], "(2, 4, 2, 1)": [0.019333617761731148, 0.019272003322839737, 0.019510764628648758, 0.019590571522712708, 0.019855251535773277], "(2, 5, 2, 1)": [0.019922692328691483, 0.019925622269511223, 0.01989976316690445, 0.01987292803823948, 0.019967230036854744], "(2, 3, 1, 1)": [0.016155818477272987, 0.01738007739186287, 0.017743375152349472, 0.016692189499735832, 0.0163064356893301], "(2, 2, 2, 1)": [0.015763789415359497, 0.01496892236173153, 0.01703520119190216, 0.017062382772564888, 0.017961950972676277], "(3, 7, 2, 1)": [0.019770575687289238, 0.019627537578344345, 0.019669104367494583, 0.019518589600920677, 0.019520219415426254], "(3, 5, 2, 1)": [0.019919967278838158, 0.01988052763044834, 0.01984122395515442, 0.01991318166255951, 0.019904574379324913], "(3, 4, 2, 1)": [0.019466176629066467, 0.019467880949378014, 0.019587509334087372, 0.01951642334461212, 0.019787883386015892], "(3, 3, 2, 1)": [0.01848355121910572, 0.01843300461769104, 0.018658781424164772, 0.018503013998270035, 0.019052714109420776], "(3, 2, 2, 1)": [0.016280537471175194, 0.013304595835506916, 0.01589048095047474, 0.016648048534989357, 0.01608463190495968], "(3, 1, 1, 1)": [-0.012211396358907223, -0.01257248129695654, -0.012817034497857094, -0.009944426827132702, -0.013460424728691578], "(3, 7, 1, 2)": [0.019441381096839905, 0.019532928243279457, 0.019490862265229225, 0.019383464008569717, 0.019460702314972878], "(3, 9, 1, 2)": [0.018113527446985245, 0.017739297822117805, 0.01717127300798893, 0.01711813546717167, 0.014313245192170143], "(3, 10, 1, 2)": [0.016703180968761444, 0.009827857837080956, -0.005328604485839605, -0.00033363839611411095, -0.011957772076129913], "(2, 8, 1, 1)": [0.01874181255698204, 0.01931173726916313, 0.018803240731358528, 0.018778396770358086, 0.018938720226287842], "(2, 7, 1, 1)": [0.01985311135649681, 0.019669778645038605, 0.019234104081988335, 0.019644910469651222, 0.019582275301218033], "(2, 3, 2, 1)": [0.017946982756257057, 0.01853036880493164, 0.01863536424934864, 0.018681738525629044, 0.018949955701828003], "(3, 2, 1, 2)": [0.010266619734466076, 0.012108074501156807, 0.014358832500874996, 0.014417102560400963, 0.018228136003017426], "(3, 2, 2, 2)": [0.01737181656062603, 0.017861315980553627, 0.01786564104259014, 0.01784421131014824, 0.018359804525971413], "(2, 6, 1, 2)": [0.01991569623351097, 0.01994897425174713, 0.01982898637652397, 0.019929779693484306, 0.019910363480448723], "(2, 6, 2, 1)": [0.019973548129200935, 0.019944047555327415, 0.019927456974983215, 0.01993556320667267, 0.019924862310290337], "(2, 7, 2, 1)": [0.018860401585698128, 0.01975485496222973, 0.01933237724006176, 0.01864541880786419, 0.01911848597228527], "(2, 2, 2, 2)": [0.01748461090028286, 0.017840024083852768, 0.017391376197338104, 0.017816530540585518, 0.018292242661118507], "(3, 1, 2, 1)": [-0.008181722834706306, -0.00835566408932209, -0.0074167316779494286, -0.0021517560817301273, 0.014011350460350513], "(2, 8, 1, 2)": [0.018924815580248833, 0.01836613565683365, 0.01871807500720024, 0.0183735229074955, 0.018510853871703148], "(2, 7, 1, 2)": [0.019758978858590126, 0.019541990011930466, 0.019228201359510422, 0.0195060595870018, 0.019385166466236115], "(3, 5, 1, 2)": [0.019942020997405052, 0.019965587183833122, 0.019966669380664825, 0.019982146099209785, 0.019968723878264427],