{"q_values": {"(2, 6, 2, 2)": [0.019997546449303627, 0.019727783277630806, 0.01985136605799198, 0.019849790260195732, 0.019491570070385933], "(2, 6, 1, 1)": [0.01989814266562462, 0.019410058856010437, 0.01992875710129738, 0.0197425726801157, 0.019892869517207146], "(2, 7, 2, 2)": [0.01888701692223549, 0.018554724752902985, 0.018451467156410217, 0.01879606395959854, 0.01868176832795143], "(2, 8, 2, 2)": [0.015230625867843628, 0.014642796479165554, 0.01766468957066536, 0.01569775864481926, 0.015206719748675823], "(2, 9, 2, 2)": [0.016204437240958214, 0.0021654879674315453, 0.00270557077601552, 0.000713045708835125, 0.002072916366159916], "(2, 10, 2, 2)": [-0.013626007363200188, -0.012451606802642345, -0.014766573905944824, -0.014312555082142353, -0.013360641896724701], "(2, 10, 1, 2)": [-0.0019731284119188786, -0.004005012102425098, -0.003181809326633811, -0.004260209389030933, -0.01234491541981697], "(3, 4, 1, 2)": [0.01926327496767044, 0.01944158971309662, 0.018713561818003654, 0.019667096436023712, 0.019639892503619194], "(2, 1, 2, 2)": [0.008186537772417068, 0.008730643428862095, 0.015455360524356365, 0.017434505745768547, 0.01564585603773594], "(2, 1, 1, 1)": [-0.013069047592580318, -0.01275841984897852, -0.014708105474710464, -0.013618274591863155, 0.00286506162956357], "(2, 1, 2, 1)": [-0.009050507098436356, -0.0019417456351220608, 0.0013796044513583183, 0.016664057970046997, 0.006673716939985752], "(3, 8, 1, 2)": [0.01909509487450123, 0.018779631704092026, 0.018545133993029594, 0.018171364441514015, 0.017546653747558594], "(3, 7, 1, 1)": [0.01981113664805889, 0.019632846117019653, 0.019640235230326653, 0.019611205905675888, 0.019627593457698822], "(3, 7, 2, 2)": [0.01958799734711647, 0.018666187301278114, 0.01865619421005249, 0.01863052323460579, 0.01892610639333725], "(3, 8, 2, 2)": [0.019021550193428993, 0.016268929466605186, 0.01639438606798649, 0.015120980329811573, 0.01463824138045311], "(3, 8, 1, 1)": [0.019284343346953392, 0.018909471109509468, 0.019095901399850845, 0.01885303109884262, 0.01890896074473858], "(3, 9, 2, 2)": [0.004439990036189556, 0.015571851283311844, 0.0036891112104058266, 0.004184511955827475, 0.0006316676735877991], "(2, 8, 2, 1)": [0.016684504225850105, 0.01915839873254299, 0.01598045788705349, 0.017661137506365776, 0.005503958091139793], "(3, 3, 2, 2)": [0.018521791324019432, 0.018658412620425224, 0.019094128161668777, 0.018323352560400963, 0.018601179122924805], "(3, 3, 1, 2)": [0.01730729080736637, 0.01738825812935829, 0.017974402755498886, 0.019181640818715096, 0.01501469686627388], "(3, 4, 2, 2)": [0.01938650757074356, 0.019483694806694984, 0.019173432141542435, 0.019580382853746414, 0.019703449681401253], "(3, 5, 2, 2)": [0.01972969062626362, 0.019795678555965424, 0.01971922442317009, 0.019896477460861206, 0.019793100655078888], "(3, 5, 1, 1)": [0.019592540338635445, 0.019607245922088623, 0.019660813733935356, 0.019948042929172516, 0.019721372053027153], "(3, 4, 1, 1)": [0.018869128078222275, 0.01883903704583645, 0.01922653615474701, 0.01886039227247238, 0.01866040751338005], "(3, 6, 2, 2)": [0.019460510462522507, 0.01946883648633957, 0.019430924206972122, 0.019770359620451927, 0.019547555595636368], "(3, 6, 1, 1)": [0.01989254355430603, 0.019881300628185272, 0.019892433658242226, 0.019954176619648933, 0.01988217793405056], "(3, 3, 1, 1)": [0.015383739024400711, 0.016898995265364647, 0.016996126621961594, 0.015709729865193367, 0.018461082130670547], "(3, 2, 1, 1)": [0.0015734597109258175, 0.0062480829656124115, 0.0012324163690209389, 0.0021168901585042477, 0.017775068059563637], "(2, 2, 1, 1)": [0.0005060518160462379, 0.001999223604798317, 0.0021218997426331043, 0.017001332715153694, 0.007905511185526848], "(3, 6, 1, 2)": [0.019970986992120743, 0.019862839952111244, 0.019881471991539, 0.01983846351504326, 0.019851597025990486], "(3, 10, 2, 2)": [-0.013020830228924751, -0.0029935964848846197, -0.012521735392510891, -0.013345129787921906, -0.012819134630262852], "(2, 3, 2, 2)": [0.018835047259926796, 0.018962176516652107, 0.019023790955543518, 0.019096430391073227, 0.01939496025443077], "(2, 5, 2, 2)": [0.019914669916033745, 0.019890980795025826, 0.01993870921432972, 0.019996002316474915, 0.019876554608345032], "(2, 5, 1, 1)": [0.019728301092982292, 0.019758310168981552, 0.01976172626018524, 0.01976689137518406, 0.019956691190600395], "(2, 4, 1, 1)": [0.019034048542380333, 0.01907925494015217, 0.019201043993234634, 0.019065184518694878, 0.019556190818548203], "(2, 4, 2, 2)": [0.019658833742141724, 0.01968933641910553, 0.019573045894503593, 0.019692139700055122, 0.019839540123939514], "(2, 4, 2, 1)": [0.019494332373142242, 0.01916041225194931, 0.0195419080555439, 0.019588258117437363, 0.019711598753929138], "(2, 5, 2, 1)": [0.01985492929816246, 0.019903812557458878, 0.01988968253135681, 0.019747791811823845, 0.019985979422926903], "(2, 3, 1, 1)": [0.01687370426952839, 0.01617346704006195, 0.017089908942580223, 0.016363823786377907, 0.019021566957235336], "(2, 2, 2, 1)": [0.01621125265955925, 0.01496892236173153, 0.01703520119190216, 0.017956683412194252, 0.014995848760008812], "(3, 7, 2, 1)": [0.01976028084754944, 0.019633930176496506, 0.019624333828687668, 0.019597753882408142, 0.019634654745459557], "(3, 5, 2, 1)": [0.019733648747205734, 0.019714495167136192, 0.019759735092520714, 0.019911888986825943, 0.01931983232498169], "(3, 4, 2, 1)": [0.019422437995672226, 0.019044071435928345, 0.01913878135383129, 0.018552137538790703, 0.019021745771169662], "(3, 3, 2, 1)": [0.017819862812757492, 0.018544193357229233, 0.01768200658261776, 0.0180179663002491, 0.017910504713654518], "(3, 2, 2, 1)": [0.015030723065137863, 0.012012368999421597, 0.011674445122480392, 0.01795927807688713, 0.015740133821964264], "(3, 1, 1, 1)": [-0.014611567370593548, -0.012904910370707512, -0.00958186760544777, -0.014085394330322742, -0.013460424728691578], "(3, 7, 1, 2)": [0.019649114459753036, 0.019602950662374496, 0.019603431224822998, 0.019586896523833275, 0.019486600533127785], "(3, 9, 1, 2)": [0.018012482672929764, 0.01774211786687374, 0.017333494499325752, 0.01711813546717167, 0.01580476202070713], "(3, 10, 1, 2)": [0.017272375524044037, 0.009827857837080956, -0.005328604485839605, -0.00033363839611411095, -0.011957772076129913], "(2, 8, 1, 1)": [0.01846013031899929, 0.019269537180662155, 0.01855665072798729, 0.018362978473305702, 0.01868334412574768], "(2, 7, 1, 1)": [0.01983984187245369, 0.019601792097091675, 0.019527873024344444, 0.01959560252726078, 0.01949833706021309], "(2, 3, 2, 1)": [0.01821279712021351, 0.01853036880493164, 0.01863393746316433, 0.01874409429728985, 0.01912924274802208], "(3, 2, 1, 2)": [0.010734335519373417, 0.013705657795071602, 0.014358832500874996, 0.014417102560400963, 0.01809324510395527], "(3, 2, 2, 2)": [0.014266913756728172, 0.01725595071911812, 0.01695471629500389, 0.016477005556225777, 0.018367869779467583], "(2, 6, 1, 2)": [0.019863421097397804, 0.019956331700086594, 0.01987157016992569, 0.019799966365098953, 0.019840504974126816], "(2, 6, 2, 1)": [0.019931744784116745, 0.01993335783481598, 0.01999695785343647, 0.01991644874215126, 0.01991974376142025], "(2, 7, 2, 1)": [0.018860401585698128, 0.019718363881111145, 0.019375838339328766, 0.01864541880786419, 0.019254660233855247], "(2, 2, 2, 2)": [0.017099380493164062, 0.017747929319739342, 0.017749665305018425, 0.01775875873863697, 0.018659628927707672], "(3, 1, 2, 1)": [-0.008181722834706306, -0.00835566408932209, -0.010317027568817139, -0.0021517560817301273, 0.010388446040451527], "(2, 8, 1, 2)": [0.019144531339406967, 0.018157552927732468, 0.017921848222613335, 0.01756228879094124, 0.017852820456027985], "(2, 7, 1, 2)": [0.018980002030730247, 0.019596770405769348, 0.019083870574831963, 0.018859349191188812, 0.019311448559165], "(3, 5, 1, 2)": [0.019913990050554276, 0.019915511831641197, 0.018972937017679214, 0.0198891032487154, 0.019920481368899345],