{"q_values": {"(2, 6, 2, 2)": [0.0, 0.005047992803156376, 0.0, 0.0, 0.0029717024881392717], "(2, 6, 1, 1)": [0.0, 0.0, 0.0, 0.0, 0.00298250000923872], "(2, 7, 2, 2)": [0.0, 0.003341617761179805, 0.0028796689584851265, 0.002927055349573493, 0.002949988702312112], "(2, 8, 2, 2)": [0.0, 0.004809930920600891, 0.005214817821979523, 0.00545919593423605, 0.0027254868764430285], "(2, 9, 2, 2)": [0.0024984735064208508, 0.004419744946062565, 0.0, 0.0, 0.0030162218026816845], "(2, 10, 2, 2)": [0.0024780062958598137, 0.0, 0.0, 0.0, 0.0], "(2, 10, 1, 2)": [0.0, 0.0, -0.0065322029404342175, 0.0, 0.0], "(3, 4, 1, 2)": [0.0, 0.0, 0.0, 0.0, 0.0]}}