{"q_values": {"(2, 6, 2, 2)": [0.01950504630804062, 0.019935568794608116, 0.019605809822678566, 0.01960013620555401, 0.019619213417172432], "(2, 6, 1, 1)": [0.019927991554141045, 0.01992795430123806, 0.019947830587625504, 0.019943032413721085, 0.019912943243980408], "(2, 7, 2, 2)": [0.019356882199645042, 0.01871507614850998, 0.018291639164090157, 0.018764827400445938, 0.018707862123847008], "(2, 8, 2, 2)": [0.018664078786969185, 0.01579611375927925, 0.015736419707536697, 0.01609089970588684, 0.015395844355225563], "(2, 9, 2, 2)": [0.0033295108005404472, 0.008140694350004196, 0.0025133714079856873, 0.006476401351392269, 0.003136581741273403], "(2, 10, 2, 2)": [-0.010517287068068981, -0.012973273172974586, -0.010904875583946705, -0.014312555082142353, -0.013360641896724701], "(2, 10, 1, 2)": [0.002242958638817072, 0.0025338283739984035, 0.0005341190844774246, -0.0009995675645768642, -0.01234491541981697], "(3, 4, 1, 2)": [0.01926327496767044, 0.019355343654751778, 0.018713561818003654, 0.01962483674287796, 0.01967111974954605], "(2, 1, 2, 2)": [0.008186537772417068, 0.008730643428862095, 0.015455360524356365, 0.017428524792194366, 0.01564585603773594], "(2, 1, 1, 1)": [-0.013069047592580318, -0.01275841984897852, -0.014708105474710464, -0.013618274591863155, 0.0045082285068929195], "(2, 1, 2, 1)": [-0.009050507098436356, -0.0019417456351220608, 0.0013796044513583183, 0.01669939234852791, 0.006673716939985752], "(3, 8, 1, 2)": [0.019024644047021866, 0.0188156645745039, 0.018545133993029594, 0.018171364441514015, 0.017157716676592827], "(3, 7, 1, 1)": [0.019778724759817123, 0.01969289779663086, 0.019706567749381065, 0.01968076080083847, 0.019667329266667366], "(3, 7, 2, 2)": [0.018673494458198547, 0.018852833658456802, 0.01888301782310009, 0.01869078353047371, 0.018750950694084167], "(3, 8, 2, 2)": [0.016216786578297615, 0.015793656930327415, 0.016527418047189713, 0.016170470044016838, 0.015796182677149773], "(3, 8, 1, 1)": [0.01932465098798275, 0.01911245472729206, 0.019077368080615997, 0.018981488421559334, 0.01892707869410515], "(3, 9, 2, 2)": [0.0027745510451495647, 0.012288087978959084, 0.0035889572463929653, 0.003519604913890362, 0.005023211240768433], "(2, 8, 2, 1)": [0.016684504225850105, 0.018975619226694107, 0.01598045788705349, 0.017186924815177917, 0.005503958091139793], "(3, 3, 2, 2)": [0.018796928226947784, 0.01882295310497284, 0.01896493509411812, 0.019346809014678, 0.018811631947755814], "(3, 3, 1, 2)": [0.01730729080736637, 0.01738825812935829, 0.017974402755498886, 0.01921449974179268, 0.01501469686627388], "(3, 4, 2, 2)": [0.019565723836421967, 0.019666481763124466, 0.01953735761344433, 0.019423888996243477, 0.01983395218849182], "(3, 5, 2, 2)": [0.019932297989726067, 0.019935572519898415, 0.019941795617341995, 0.019924858585000038, 0.01993407867848873], "(3, 5, 1, 1)": [0.019685110077261925, 0.019598379731178284, 0.019594045355916023, 0.019601238891482353, 0.019658422097563744], "(3, 4, 1, 1)": [0.018613304942846298, 0.01851697638630867, 0.018722468987107277, 0.018630655482411385, 0.019334547221660614], "(3, 6, 2, 2)": [0.01972716860473156, 0.019693056121468544, 0.019732823595404625, 0.019692378118634224, 0.01968231424689293], "(3, 6, 1, 1)": [0.01989929750561714, 0.019951671361923218, 0.019931616261601448, 0.019932998344302177, 0.01993359997868538], "(3, 3, 1, 1)": [0.01676979847252369, 0.015733839944005013, 0.01594478078186512, 0.015640132129192352, 0.015227141790091991], "(3, 2, 1, 1)": [0.0018046745099127293, 0.0020960720721632242, 0.007313725538551807, -0.0009045475162565708, 0.011544495820999146], "(2, 2, 1, 1)": [0.0005060518160462379, 0.00628693075850606, 0.007327156141400337, 0.004809366539120674, 0.017431940883398056], "(3, 6, 1, 2)": [0.01996513083577156, 0.019907675683498383, 0.01991468481719494, 0.01994258724153042, 0.01991584338247776], "(3, 10, 2, 2)": [-0.013020830228924751, -0.01227287482470274, -0.012661624699831009, -0.012114513665437698, -0.012021639384329319], "(2, 3, 2, 2)": [0.01893754117190838, 0.018947474658489227, 0.018995434045791626, 0.018925566226243973, 0.019335223361849785], "(2, 5, 2, 2)": [0.01988467015326023, 0.019900433719158173, 0.019879497587680817, 0.019899457693099976, 0.019903045147657394], "(2, 5, 1, 1)": [0.019696064293384552, 0.0197607334703207, 0.019743727520108223, 0.019668132066726685, 0.019956020638346672], "(2, 4, 1, 1)": [0.019107187166810036, 0.019075363874435425, 0.0189508106559515, 0.019093956798315048, 0.019017642363905907], "(2, 4, 2, 2)": [0.019537832587957382, 0.019714567810297012, 0.019757574424147606, 0.01973278447985649, 0.019803568720817566], "(2, 4, 2, 1)": [0.019333617761731148, 0.019272003322839737, 0.019510764628648758, 0.019601166248321533, 0.019792530685663223], "(2, 5, 2, 1)": [0.019891323521733284, 0.019919903948903084, 0.01991739310324192, 0.01993206888437271, 0.01992490515112877], "(2, 3, 1, 1)": [0.01678648591041565, 0.01760747842490673, 0.01635812036693096, 0.017499499022960663, 0.018667353317141533], "(2, 2, 2, 1)": [0.015763789415359497, 0.01496892236173153, 0.01703520119190216, 0.01729787327349186, 0.017908921465277672], "(3, 7, 2, 1)": [0.019740374758839607, 0.01980055496096611, 0.019605902954936028, 0.019536316394805908, 0.019574938341975212], "(3, 5, 2, 1)": [0.019926443696022034, 0.0199461430311203, 0.019968561828136444, 0.019973214715719223, 0.019981371238827705], "(3, 4, 2, 1)": [0.01914614625275135, 0.01939493417739868, 0.019461456686258316, 0.019367000088095665, 0.019625939428806305], "(3, 3, 2, 1)": [0.018272588029503822, 0.01814858242869377, 0.017921913415193558, 0.019001806154847145, 0.017958566546440125], "(3, 2, 2, 1)": [0.012513925321400166, 0.01464903075248003, 0.014347593300044537, 0.013987967744469643, 0.017311930656433105], "(3, 1, 1, 1)": [-0.01259216945618391, -0.012197218835353851, -0.012817034497857094, -0.014085394330322742, -0.013460424728691578], "(3, 7, 1, 2)": [0.01975838840007782, 0.019434191286563873, 0.019530892372131348, 0.019534291699528694, 0.01945503056049347], "(3, 9, 1, 2)": [0.018024815246462822, 0.017860528081655502, 0.01717127300798893, 0.01711813546717167, 0.01580476202070713], "(3, 10, 1, 2)": [0.017323395237326622, 0.009827857837080956, -0.005328604485839605, -0.00033363839611411095, -0.011957772076129913], "(2, 8, 1, 1)": [0.0189004335552454, 0.01929362677037716, 0.018818534910678864, 0.018699347972869873, 0.018812496215105057], "(2, 7, 1, 1)": [0.01977568492293358, 0.019581716507673264, 0.01966177672147751, 0.019660163670778275, 0.019564906135201454], "(2, 3, 2, 1)": [0.01821279712021351, 0.01853036880493164, 0.01863393746316433, 0.018681738525629044, 0.01887630671262741], "(3, 2, 1, 2)": [0.010266619734466076, 0.013705657795071602, 0.014358832500874996, 0.014417102560400963, 0.018096495419740677], "(3, 2, 2, 2)": [0.017699500545859337, 0.01787816733121872, 0.018489627167582512, 0.017779439687728882, 0.01805771514773369], "(2, 6, 1, 2)": [0.019964568316936493, 0.01991705410182476, 0.019932033494114876, 0.019810771569609642, 0.019886689260601997], "(2, 6, 2, 1)": [0.019950805231928825, 0.019974539056420326, 0.019933298230171204, 0.019945649430155754, 0.01987762749195099], "(2, 7, 2, 1)": [0.018860401585698128, 0.01965787075459957, 0.019375838339328766, 0.01864541880786419, 0.019254660233855247], "(2, 2, 2, 2)": [0.01784885860979557, 0.01739782653748989, 0.017805296927690506, 0.017873132601380348, 0.018110768869519234], "(3, 1, 2, 1)": [-0.008181722834706306, -0.00835566408932209, -0.010317027568817139, -0.0021517560817301273, 0.016926003620028496], "(2, 8, 1, 2)": [0.01900385692715645, 0.01846277341246605, 0.018507657572627068, 0.01832888461649418, 0.018442217260599136], "(2, 7, 1, 2)": [0.01965438202023506, 0.01938898116350174, 0.019276505336165428, 0.01924947462975979, 0.019375957548618317], "(3, 5, 1, 2)": [0.019953252747654915, 0.01996178738772869, 0.01995418779551983, 0.01994767040014267, 0.019943665713071823],