{"q_values": {"(2, 6, 2, 2)": [0.019884519279003143, 0.019751736894249916, 0.01979885809123516, 0.019873788580298424, 0.019868863746523857], "(2, 6, 1, 1)": [0.019932467490434647, 0.019950293004512787, 0.019920293241739273, 0.019926127046346664, 0.019937051460146904], "(2, 7, 2, 2)": [0.019378000870347023, 0.018749475479125977, 0.019050946459174156, 0.019124064594507217, 0.018828127533197403], "(2, 8, 2, 2)": [0.018553152680397034, 0.017469801008701324, 0.016998112201690674, 0.01815255545079708, 0.0164408627897501], "(2, 9, 2, 2)": [0.00921343732625246, 0.009150480851531029, 0.010257378220558167, 0.00526752695441246, 0.011011950671672821], "(2, 10, 2, 2)": [-0.004795846529304981, -0.008100464008748531, -0.010711843147873878, -0.009892378933727741, -0.015955261886119843], "(2, 10, 1, 2)": [0.008056952618062496, -0.0035511599853634834, -0.007014716509729624, -0.006295354571193457, -0.011477423831820488], "(3, 4, 1, 2)": [0.012789185158908367, 0.019000602886080742, 0.011559081263840199, 0.016242684796452522, 0.0140873147174716], "(2, 1, 2, 2)": [0.0015188667457550764, 0.01141226477921009, 0.013480390422046185, 0.01637830212712288, 0.01564585603773594], "(2, 1, 1, 1)": [-0.015008775517344475, -0.013210458680987358, -0.01299952156841755, -0.0034105260856449604, -0.010809634812176228], "(2, 1, 2, 1)": [-0.007829680107533932, -0.005345555022358894, 0.005066493060439825, 0.010209856554865837, 0.013543223962187767], "(3, 8, 1, 2)": [0.01886618323624134, 0.018149498850107193, 0.018445715308189392, 0.01717406138777733, 0.01636233925819397], "(3, 7, 1, 1)": [0.019798709079623222, 0.019708748906850815, 0.019712988287210464, 0.019701888784766197, 0.019647592678666115], "(3, 7, 2, 2)": [0.01950700581073761, 0.019300147891044617, 0.018541648983955383, 0.018457792699337006, 0.018931927159428596], "(3, 8, 2, 2)": [0.01825588569045067, 0.01762690395116806, 0.0171731635928154, 0.017299868166446686, 0.015437718480825424], "(3, 8, 1, 1)": [0.01924785040318966, 0.01881832256913185, 0.018872089684009552, 0.01880432851612568, 0.01868230663239956], "(3, 9, 2, 2)": [0.003899858333170414, 0.01298963651061058, 0.009566368535161018, 0.011211533099412918, 0.013142134994268417], "(2, 8, 2, 1)": [0.011727207340300083, 0.015505674295127392, 0.010398250073194504, 0.018382273614406586, 0.0], "(3, 3, 2, 2)": [0.01859748736023903, 0.01857638545334339, 0.018867522478103638, 0.01880810782313347, 0.019182637333869934], "(3, 3, 1, 2)": [0.017870722338557243, 0.011936692520976067, 0.012130181305110455, 0.017082078382372856, 0.01501469686627388], "(3, 4, 2, 2)": [0.019531911239027977, 0.01964721828699112, 0.019719460979104042, 0.01964266039431095, 0.019621899351477623], "(3, 5, 2, 2)": [0.019838914275169373, 0.019198628142476082, 0.019831841811537743, 0.019898196682333946, 0.0198723953217268], "(3, 5, 1, 1)": [0.019682368263602257, 0.01970592513680458, 0.01963692530989647, 0.019686918705701828, 0.019411522895097733], "(3, 4, 1, 1)": [0.019038107246160507, 0.019292842596769333, 0.01867949590086937, 0.01920442096889019, 0.0191362127661705], "(3, 6, 2, 2)": [0.019544556736946106, 0.01961122825741768, 0.01974373683333397, 0.019618162885308266, 0.019668063148856163], "(3, 6, 1, 1)": [0.019908837974071503, 0.019905563443899155, 0.01990615203976631, 0.01988968811929226, 0.019865691661834717], "(3, 3, 1, 1)": [0.015874303877353668, 0.015624312683939934, 0.01733393780887127, 0.017268106341362, 0.01766005903482437], "(3, 2, 1, 1)": [0.009274768643081188, 0.010172621347010136, 0.0049347421154379845, 0.00706806406378746, 0.004602820612490177], "(2, 2, 1, 1)": [0.006711815483868122, 0.0048792073503136635, 0.009803369641304016, 0.0020086681470274925, 0.014078807085752487], "(3, 6, 1, 2)": [0.016902847215533257, 0.019531531259417534, 0.017939260229468346, 0.01958479732275009, 0.019713079556822777], "(3, 10, 2, 2)": [-0.007262515835464001, -0.012431534007191658, -0.00838608667254448, -0.013468718156218529, -0.012537367641925812], "(2, 3, 2, 2)": [0.01874372735619545, 0.018856076523661613, 0.019068889319896698, 0.018877821043133736, 0.018874041736125946], "(2, 5, 2, 2)": [0.019932212308049202, 0.019922452047467232, 0.019797835499048233, 0.01995185576379299, 0.01991981454193592], "(2, 5, 1, 1)": [0.01974005438387394, 0.01984466053545475, 0.0197870135307312, 0.019801780581474304, 0.019823729991912842], "(2, 4, 1, 1)": [0.019073542207479477, 0.018767358735203743, 0.01910320483148098, 0.019074805080890656, 0.018435562029480934], "(2, 4, 2, 2)": [0.01944146491587162, 0.01967613957822323, 0.019711947068572044, 0.01976502314209938, 0.01961955428123474], "(2, 4, 2, 1)": [0.019063560292124748, 0.01923651434481144, 0.018423067405819893, 0.01927957870066166, 0.019674669951200485], "(2, 5, 2, 1)": [0.019610004499554634, 0.019354507327079773, 0.01747511513531208, 0.019620779901742935, 0.01993703469634056], "(2, 3, 1, 1)": [0.01681884378194809, 0.016274360939860344, 0.015693167224526405, 0.0162698645144701, 0.017590105533599854], "(2, 2, 2, 1)": [0.011353431269526482, 0.013819575309753418, 0.015696557238698006, 0.017482053488492966, 0.01755303330719471], "(3, 7, 2, 1)": [0.019636502489447594, 0.019416358321905136, 0.019559483975172043, 0.019369397312402725, 0.019279390573501587], "(3, 5, 2, 1)": [0.019734814763069153, 0.01978711411356926, 0.019777799025177956, 0.01985246129333973, 0.019780663773417473], "(3, 4, 2, 1)": [0.019256718456745148, 0.019444312900304794, 0.019277306273579597, 0.019613422453403473, 0.01944141648709774], "(3, 3, 2, 1)": [0.017987657338380814, 0.017703736200928688, 0.018430793657898903, 0.01842638850212097, 0.01873636804521084], "(3, 2, 2, 1)": [0.014637906104326248, 0.015918977558612823, 0.016687743365764618, 0.016090167686343193, 0.017441703006625175], "(3, 1, 1, 1)": [-0.014239632524549961, -0.014231002889573574, -0.014439654536545277, -0.012787175364792347, -0.013384127989411354], "(3, 7, 1, 2)": [0.019711162894964218, 0.018858427181839943, 0.018634378910064697, 0.019157378003001213, 0.018880916759371758], "(3, 9, 1, 2)": [0.016422104090452194, 0.017115004360675812, 0.01454781275242567, 0.01662055030465126, 0.014576736837625504], "(3, 10, 1, 2)": [0.006356330588459969, 0.01042845007032156, -0.005328604485839605, 0.0030249764677137136, -0.010082777589559555], "(2, 8, 1, 1)": [0.019321968778967857, 0.01905590109527111, 0.019061557948589325, 0.018472811207175255, 0.018889885395765305], "(2, 7, 1, 1)": [0.019784417003393173, 0.01974618248641491, 0.019619029015302658, 0.019553808495402336, 0.019500907510519028], "(2, 3, 2, 1)": [0.016788482666015625, 0.018180999904870987, 0.01770569384098053, 0.018412001430988312, 0.01903219148516655], "(3, 2, 1, 2)": [0.004360200371593237, 0.006392451003193855, 0.00906844437122345, 0.013086626306176186, 0.015992555767297745], "(3, 2, 2, 2)": [0.01744597777724266, 0.017520127817988396, 0.016241291537880898, 0.01653619296848774, 0.01817871257662773], "(2, 6, 1, 2)": [0.019936319440603256, 0.01992812380194664, 0.01989825628697872, 0.019896240904927254, 0.01989061012864113], "(2, 6, 2, 1)": [0.019449222832918167, 0.018565747886896133, 0.018101193010807037, 0.01894867792725563, 0.01979571394622326], "(2, 7, 2, 1)": [0.012854790315032005, 0.01930345967411995, 0.013465355150401592, 0.014339250512421131, 0.011523439548909664], "(2, 2, 2, 2)": [0.014208230189979076, 0.01566149666905403, 0.017328569665551186, 0.01806960627436638, 0.017620909959077835], "(3, 1, 2, 1)": [-0.011997719295322895, -0.004952378571033478, -0.00423295795917511, -0.00255139684304595, -0.001147606410086155], "(2, 8, 1, 2)": [0.019198240712285042, 0.01858009211719036, 0.018481137230992317, 0.016453905031085014, 0.01799757219851017], "(2, 7, 1, 2)": [0.01963009685277939, 0.019560428336262703, 0.019487544894218445, 0.019259989261627197, 0.01929929293692112], "(3, 5, 1, 2)": [0.019830215722322464, 0.01636914536356926, 0.013360870070755482, 0.018182219937443733, 0.018204445019364357], "(3, 9, 2, 1)": [0.014790698885917664, 0.01690734550356865, 0.01316045317798853, 0.009625205770134926, 0.011863484978675842],