{"q_values": {"(2, 6, 2, 2)": [0.0197889544069767, 0.019755640998482704, 0.019785070791840553, 0.019661838188767433, 0.019704291597008705], "(2, 6, 1, 1)": [0.019935734570026398, 0.019919203594326973, 0.01994275487959385, 0.019865119829773903, 0.019914064556360245], "(2, 7, 2, 2)": [0.019563408568501472, 0.01855737902224064, 0.018298570066690445, 0.018916750326752663, 0.018715377897024155], "(2, 8, 2, 2)": [0.014858688227832317, 0.016611885279417038, 0.014369986951351166, 0.015103417448699474, 0.014716451987624168], "(2, 9, 2, 2)": [0.0029617822729051113, 0.0026992210187017918, 0.0005121352151036263, 0.0006725555285811424, 0.0018236343748867512], "(2, 10, 2, 2)": [-0.013581281527876854, -0.013776160776615143, -0.008658347651362419, -0.014848376624286175, -0.013360641896724701], "(2, 10, 1, 2)": [0.015046864748001099, -0.0035511599853634834, 0.003982365131378174, -0.0009995675645768642, -0.01234491541981697], "(3, 4, 1, 2)": [0.01929355412721634, 0.019355380907654762, 0.017767399549484253, 0.019389227032661438, 0.01976105570793152], "(2, 1, 2, 2)": [0.00467318668961525, 0.008730643428862095, 0.015455360524356365, 0.016756827011704445, 0.01564585603773594], "(2, 1, 1, 1)": [-0.013069047592580318, -0.012829739600419998, -0.015464367344975471, -0.014383640140295029, -0.010550346225500107], "(2, 1, 2, 1)": [-0.009050507098436356, -0.0019417456351220608, 0.005567851476371288, 0.004664183594286442, 0.008249427191913128], "(3, 8, 1, 2)": [0.019037693738937378, 0.018834637477993965, 0.018913263455033302, 0.018171364441514015, 0.017157716676592827], "(3, 7, 1, 1)": [0.019843295216560364, 0.01967453956604004, 0.019713426008820534, 0.01966696046292782, 0.019707832485437393], "(3, 7, 2, 2)": [0.018832826986908913, 0.01873709075152874, 0.018806852400302887, 0.01856863871216774, 0.018774574622511864], "(3, 8, 2, 2)": [0.01825639419257641, 0.015180476941168308, 0.016461048275232315, 0.01545255072414875, 0.01544768363237381], "(3, 8, 1, 1)": [0.019289903342723846, 0.01912560872733593, 0.019026631489396095, 0.0190606489777565, 0.01900327205657959], "(3, 9, 2, 2)": [0.006200048141181469, 0.003924820106476545, 0.003759888932108879, -0.0005824379622936249, 0.0026958975940942764], "(2, 8, 2, 1)": [0.016684504225850105, 0.01894676685333252, 0.01598045788705349, 0.016641436144709587, 0.005503958091139793], "(3, 3, 2, 2)": [0.019005920737981796, 0.019044017419219017, 0.018922315910458565, 0.019071774557232857, 0.019298812374472618], "(3, 3, 1, 2)": [0.016636855900287628, 0.016707029193639755, 0.015923913568258286, 0.01905684359371662, 0.01501469686627388], "(3, 4, 2, 2)": [0.019683009013533592, 0.019617829471826553, 0.019658468663692474, 0.019688056781888008, 0.01986231654882431], "(3, 5, 2, 2)": [0.019936159253120422, 0.019931668415665627, 0.019918935373425484, 0.01993492990732193, 0.019925160333514214], "(3, 5, 1, 1)": [0.01956997439265251, 0.01963992975652218, 0.01973080262541771, 0.019955197349190712, 0.019629130139946938], "(3, 4, 1, 1)": [0.01888500526547432, 0.01893160119652748, 0.01882084831595421, 0.019325915724039078, 0.018870780244469643], "(3, 6, 2, 2)": [0.019751552492380142, 0.019744521006941795, 0.019662562757730484, 0.019658643752336502, 0.019807931035757065], "(3, 6, 1, 1)": [0.019936012104153633, 0.01991332694888115, 0.019978269934654236, 0.01993798092007637, 0.019922150298953056], "(3, 3, 1, 1)": [0.01702670194208622, 0.01656220108270645, 0.017438353970646858, 0.01683184504508972, 0.01814190484583378], "(3, 2, 1, 1)": [-0.001043546013534069, 0.012155992910265923, 0.0065950253047049046, 0.005661875940859318, 0.017272112891077995], "(2, 2, 1, 1)": [0.005915994290262461, 0.008614661172032356, 0.005538126453757286, 0.003798112738877535, 0.01690201461315155], "(3, 6, 1, 2)": [0.019971907138824463, 0.019932685419917107, 0.019937658682465553, 0.01992565020918846, 0.019895581528544426], "(3, 10, 2, 2)": [-0.005765219684690237, -0.011981365270912647, -0.013481615111231804, -0.011821561492979527, -0.012083561159670353], "(2, 3, 2, 2)": [0.018788492307066917, 0.018886113539338112, 0.018925543874502182, 0.019163452088832855, 0.019021248444914818], "(2, 5, 2, 2)": [0.01994403637945652, 0.019963327795267105, 0.019943993538618088, 0.019934870302677155, 0.0199159923940897], "(2, 5, 1, 1)": [0.019804349169135094, 0.01983349770307541, 0.019861459732055664, 0.019803784787654877, 0.01982094720005989], "(2, 4, 1, 1)": [0.01913471519947052, 0.019203849136829376, 0.019211364910006523, 0.019245445728302002, 0.019449256360530853], "(2, 4, 2, 2)": [0.019638368859887123, 0.019695820286870003, 0.019659601151943207, 0.01965789869427681, 0.01981956511735916], "(2, 4, 2, 1)": [0.019444994628429413, 0.019255585968494415, 0.01945694535970688, 0.019528556615114212, 0.019703948870301247], "(2, 5, 2, 1)": [0.019939420744776726, 0.019919084385037422, 0.01991206780076027, 0.019928280264139175, 0.019978322088718414], "(2, 3, 1, 1)": [0.017005687579512596, 0.017747055739164352, 0.016765223816037178, 0.01746339723467827, 0.019058018922805786], "(2, 2, 2, 1)": [0.015028391033411026, 0.01496892236173153, 0.01681693084537983, 0.01666777767241001, 0.017800871282815933], "(3, 7, 2, 1)": [0.019730256870388985, 0.019671976566314697, 0.019693519920110703, 0.019515173509716988, 0.019601212814450264], "(3, 5, 2, 1)": [0.019911963492631912, 0.019881179556250572, 0.019914723932743073, 0.019971514120697975, 0.01994003728032112], "(3, 4, 2, 1)": [0.01929185539484024, 0.0193520188331604, 0.01950213685631752, 0.01948355883359909, 0.019577762112021446], "(3, 3, 2, 1)": [0.018584582954645157, 0.018236815929412842, 0.018564868718385696, 0.01895047165453434, 0.018549170345067978], "(3, 2, 2, 1)": [0.016024241223931313, 0.015545928850769997, 0.014425212517380714, 0.01669250801205635, 0.017660783603787422], "(3, 1, 1, 1)": [-0.012211396358907223, -0.01257248129695654, -0.012817034497857094, -0.011179878376424313, -0.013460424728691578], "(3, 7, 1, 2)": [0.01963968761265278, 0.019657934084534645, 0.01961522549390793, 0.019542120397090912, 0.019456302747130394], "(3, 9, 1, 2)": [0.017946498468518257, 0.01762993261218071, 0.017119545489549637, 0.016751833260059357, 0.014025531709194183], "(3, 10, 1, 2)": [0.016700172796845436, 0.009827857837080956, -0.005328604485839605, -0.00033363839611411095, -0.011957772076129913], "(2, 8, 1, 1)": [0.018931057304143906, 0.019260255619883537, 0.018881767988204956, 0.018651066347956657, 0.018270349130034447], "(2, 7, 1, 1)": [0.019524991512298584, 0.019620826467871666, 0.01966944709420204, 0.01965792290866375, 0.01959480717778206], "(2, 3, 2, 1)": [0.018098514527082443, 0.01853036880493164, 0.018542276695370674, 0.018681738525629044, 0.019066331908106804], "(3, 2, 1, 2)": [0.010266619734466076, 0.012108074501156807, 0.014358832500874996, 0.014417102560400963, 0.018245549872517586], "(3, 2, 2, 2)": [0.017347563058137894, 0.017859388142824173, 0.017842138186097145, 0.01790071837604046, 0.018235361203551292], "(2, 6, 1, 2)": [0.019920717924833298, 0.019914299249649048, 0.019850466400384903, 0.019904186949133873, 0.01991366222500801], "(2, 6, 2, 1)": [0.019961519166827202, 0.019964145496487617, 0.01999359019100666, 0.019930357113480568, 0.0199416596442461], "(2, 7, 2, 1)": [0.018860401585698128, 0.019687633961439133, 0.018904946744441986, 0.01864541880786419, 0.01911848597228527], "(2, 2, 2, 2)": [0.015910163521766663, 0.015483072027564049, 0.01833784580230713, 0.017586281523108482, 0.017781542614102364], "(3, 1, 2, 1)": [-0.008181722834706306, -0.00835566408932209, -0.0074167316779494286, -0.0021517560817301273, 0.0056865159422159195], "(2, 8, 1, 2)": [0.01885773241519928, 0.018723761662840843, 0.01869356818497181, 0.018509818241000175, 0.01833861507475376], "(2, 7, 1, 2)": [0.019729815423488617, 0.01901848241686821, 0.019498832523822784, 0.01946166530251503, 0.01945343054831028], "(3, 5, 1, 2)": [0.019952507689595222, 0.019932685419917107, 0.019981371238827705, 0.019939007237553596, 0.019917573779821396],