{"q_values": {"(2, 6, 2, 2)": [0.01905818097293377, 0.019264720380306244, 0.019532199949026108, 0.019542673602700233, 0.01957082562148571], "(2, 6, 1, 1)": [0.019686641171574593, 0.01985820010304451, 0.019801851361989975, 0.019748933613300323, 0.01937195472419262], "(2, 7, 2, 2)": [0.018796948716044426, 0.018977893516421318, 0.01909603551030159, 0.018534284085035324, 0.018599053844809532], "(2, 8, 2, 2)": [0.017763055860996246, 0.017533529549837112, 0.016944855451583862, 0.015889884904026985, 0.01632358506321907], "(2, 9, 2, 2)": [0.009807293303310871, 0.010441737249493599, 0.012922345660626888, 0.0030631348490715027, 0.0027426406741142273], "(2, 10, 2, 2)": [-0.0026471642777323723, -0.01102363783866167, -0.0058606769889593124, -0.012973861768841743, -0.01690809801220894], "(2, 10, 1, 2)": [0.006818532943725586, -0.004654358606785536, -0.011179333552718163, -0.0036465837620198727, -0.008371632546186447], "(3, 4, 1, 2)": [0.0, 0.014244782738387585, 0.006433372851461172, 0.009580789133906364, 0.00834030844271183], "(2, 1, 2, 2)": [-0.0021735031623393297, 0.005576486233621836, 0.008722003549337387, 0.013913478702306747, 0.008781572803854942], "(2, 1, 1, 1)": [-0.018207412213087082, -0.015565438196063042, -0.010494074784219265, -0.008763642981648445, -0.009993650019168854], "(2, 1, 2, 1)": [-0.005806606728583574, -0.002583821304142475, 0.005066493060439825, 0.006568295881152153, -0.0005727554671466351], "(3, 8, 1, 2)": [0.016772322356700897, 0.016166243702173233, 0.016274629160761833, 0.015250731259584427, 0.017315881326794624], "(3, 7, 1, 1)": [0.019566800445318222, 0.019595053046941757, 0.01956174522638321, 0.01954052224755287, 0.01935736835002899], "(3, 7, 2, 2)": [0.01789872720837593, 0.01801203563809395, 0.01839897781610489, 0.018502291291952133, 0.018279580399394035], "(3, 8, 2, 2)": [0.015310856513679028, 0.015474406071007252, 0.01491028256714344, 0.0157900620251894, 0.01614910177886486], "(3, 8, 1, 1)": [0.018993845209479332, 0.018677806481719017, 0.018803909420967102, 0.01840219460427761, 0.018360568210482597], "(3, 9, 2, 2)": [0.011993142776191235, 0.008489571511745453, 0.009211750701069832, 0.0018519291188567877, 0.007703554350882769], "(2, 8, 2, 1)": [0.008623390458524227, 0.01398406270891428, 0.010398250073194504, 0.015654923394322395, 0.0], "(3, 3, 2, 2)": [0.01817488856613636, 0.018432090058922768, 0.018821656703948975, 0.019029801711440086, 0.01870705373585224], "(3, 3, 1, 2)": [0.011818254366517067, 0.00914719421416521, 0.0, 0.011464553885161877, 0.010903204791247845], "(3, 4, 2, 2)": [0.01935381256043911, 0.01948804408311844, 0.019550515338778496, 0.019473686814308167, 0.019552849233150482], "(3, 5, 2, 2)": [0.019545845687389374, 0.019486095756292343, 0.01979258470237255, 0.01975484937429428, 0.01961449719965458], "(3, 5, 1, 1)": [0.019483985379338264, 0.019461598247289658, 0.01946350932121277, 0.01836554706096649, 0.019750742241740227], "(3, 4, 1, 1)": [0.018888399004936218, 0.018896110355854034, 0.01917962357401848, 0.018994368612766266, 0.01817915588617325], "(3, 6, 2, 2)": [0.01899902895092964, 0.019112057983875275, 0.019668491557240486, 0.019252344965934753, 0.01955965720117092], "(3, 6, 1, 1)": [0.01979651302099228, 0.019805768504738808, 0.019835438579320908, 0.019590454176068306, 0.018919067457318306], "(3, 3, 1, 1)": [0.015186223201453686, 0.017745332792401314, 0.017725294455885887, 0.0180760957300663, 0.017242545261979103], "(3, 2, 1, 1)": [0.010730905458331108, 0.008551765233278275, 0.01405421458184719, 0.009154081344604492, 0.013580006547272205], "(2, 2, 1, 1)": [0.0072649759240448475, 0.013244571164250374, 0.009690883569419384, 0.00804944895207882, 0.016128292307257652], "(3, 6, 1, 2)": [0.013748468831181526, 0.016965821385383606, 0.014419812709093094, 0.015815120190382004, 0.018628673627972603], "(3, 10, 2, 2)": [-0.012769725173711777, -0.015214514918625355, -0.013506363146007061, -0.013418802060186863, -0.01573079824447632], "(2, 3, 2, 2)": [0.01828499510884285, 0.018451407551765442, 0.018771890550851822, 0.019104978069663048, 0.01882946863770485], "(2, 5, 2, 2)": [0.01930295303463936, 0.01972750760614872, 0.01979849673807621, 0.01981060951948166, 0.01974550262093544], "(2, 5, 1, 1)": [0.019588880240917206, 0.01955370232462883, 0.019336866214871407, 0.019295193254947662, 0.01940898969769478], "(2, 4, 1, 1)": [0.018869610503315926, 0.018713785335421562, 0.01833360455930233, 0.017038563266396523, 0.018286053091287613], "(2, 4, 2, 2)": [0.017213232815265656, 0.01961587369441986, 0.01947127655148506, 0.019674241542816162, 0.019565800204873085], "(2, 4, 2, 1)": [0.018152933567762375, 0.015927230939269066, 0.013216947205364704, 0.017362985759973526, 0.019258977845311165], "(2, 5, 2, 1)": [0.015468371100723743, 0.017339080572128296, 0.01401593443006277, 0.01631264016032219, 0.019201578572392464], "(2, 3, 1, 1)": [0.014083542861044407, 0.01424273382872343, 0.01753147691488266, 0.016670381650328636, 0.017647169530391693], "(2, 2, 2, 1)": [0.010807950049638748, 0.013758191838860512, 0.014796378090977669, 0.017403537407517433, 0.01580522395670414], "(3, 7, 2, 1)": [0.005912084132432938, 0.00941932201385498, 0.012224080041050911, 0.01582498848438263, 0.012308034114539623], "(3, 5, 2, 1)": [0.017961574718356133, 0.018755249679088593, 0.01795521192252636, 0.016149649396538734, 0.01948382891714573], "(3, 4, 2, 1)": [0.016573848202824593, 0.017997561022639275, 0.011013953015208244, 0.018553150817751884, 0.019195981323719025], "(3, 3, 2, 1)": [0.011506624519824982, 0.01620316132903099, 0.015781214460730553, 0.013452368788421154, 0.017912419512867928], "(3, 2, 2, 1)": [0.012962888926267624, 0.015857094898819923, 0.015710823237895966, 0.015042934566736221, 0.017323942855000496], "(3, 1, 1, 1)": [-0.016966454684734344, -0.015265600755810738, -0.012593038380146027, -0.011579887941479683, -0.015082823112607002], "(3, 7, 1, 2)": [0.019157350063323975, 0.01280398853123188, 0.012376219965517521, 0.01296241395175457, 0.016007166355848312], "(3, 9, 1, 2)": [0.012389319017529488, 0.00924124475568533, 0.009091436862945557, 0.01109055895358324, 0.009332442656159401], "(3, 10, 1, 2)": [0.007616331800818443, 0.0042730229906737804, 0.0, 0.0001408087118761614, -0.009313484653830528], "(2, 8, 1, 1)": [0.01854507252573967, 0.018714703619480133, 0.01907576248049736, 0.018511902540922165, 0.017073076218366623], "(2, 7, 1, 1)": [0.01948724500834942, 0.01936669461429119, 0.01954479329288006, 0.01917262189090252, 0.01875271461904049], "(2, 3, 2, 1)": [0.015585754998028278, 0.017499281093478203, 0.01597975566983223, 0.01787777990102768, 0.018702736124396324], "(3, 2, 1, 2)": [0.0, 0.006392451003193855, 0.006527854595333338, 0.008191710337996483, 0.014428336173295975], "(3, 2, 2, 2)": [0.016757970675826073, 0.017325179651379585, 0.017425021156668663, 0.017611492425203323, 0.01804043911397457], "(2, 6, 1, 2)": [0.017188820987939835, 0.014958759769797325, 0.016591480001807213, 0.019460739567875862, 0.017924034968018532], "(2, 6, 2, 1)": [0.01592840813100338, 0.016550328582525253, 0.015040745958685875, 0.01749248243868351, 0.018501712009310722], "(2, 7, 2, 1)": [0.005768710747361183, 0.015621940605342388, 0.008518898859620094, 0.012127024121582508, 0.008108671754598618], "(2, 2, 2, 2)": [0.015274411998689175, 0.016915863379836082, 0.016660137102007866, 0.017476476728916168, 0.017897216603159904], "(3, 1, 2, 1)": [-0.011475159786641598, -0.0017897376092150807, -0.00423295795917511, -0.003131086239591241, 0.002217598957940936], "(2, 8, 1, 2)": [0.018331488594412804, 0.018521001562476158, 0.01447271928191185, 0.017580389976501465, 0.017846789211034775], "(2, 7, 1, 2)": [0.018367314711213112, 0.01097935438156128, 0.015686290338635445, 0.017644211649894714, 0.014912272803485394], "(3, 5, 1, 2)": [0.018234722316265106, 0.0, 0.0029820690397173166, 0.009661699645221233, 0.005522686056792736], "(3, 9, 2, 1)": [0.005418175365775824, 0.008945254608988762, 0.006273818202316761, 0.0032463357783854008, 0.004370660055428743],