{"q_values": {"(2, 6, 2, 3)": [0.02148382179439068, 0.023605823516845703, 0.02288210578262806, 0.0188563484698534, 0.011867720633745193, 0.017236491665244102, 0.020602578297257423, 0.017660198733210564, 0.02247718535363674], "(2, 6, 1, 2)": [0.02232174575328827, 0.025902118533849716, 0.024170655757188797, 0.02510307915508747, 0.024493221193552017, 0.021427465602755547, 0.022746141999959946, 0.016685301437973976, 0.019589677453041077], "(2, 7, 2, 3)": [0.012008095160126686, 0.013992330990731716, 0.012163879349827766, 0.01796668767929077, 0.022173229604959488, 0.019226117059588432, 0.020734960213303566, 0.02218714728951454, 0.022433040663599968], "(2, 8, 2, 3)": [0.018991714343428612, 0.018024932593107224, 0.017634758725762367, 0.015568982809782028, 0.01961658149957657, 0.020134322345256805, 0.020210396498441696, 0.02055269666016102, 0.01824096217751503], "(2, 8, 2, 4)": [0.0, 0.0, 0.0, 0.005306832026690245, 0.002591322874650359, 0.004002545028924942, 0.0, 0.0, 0.002074768068268895], "(2, 9, 2, 4)": [0.004269616212695837, 0.0, -0.003897672286257148, 0.0, 0.0033253824803978205, -0.00356868514791131, 0.0, 0.0022014460992068052, 0.0], "(3, 4, 1, 3)": [0.008435165509581566, 0.007177346386015415, 0.00897242408245802, 0.0029669662471860647, 0.004896416328847408, 0.002414034679532051, 0.0031929973047226667, 0.0, 0.00539801362901926], "(2, 1, 2, 3)": [0.0, 0.0035702306777238846, 0.003779960097745061, 0.0019339772406965494, 0.0, 0.0037660072557628155, 0.005397500935941935, 0.00435638427734375, 0.008366975001990795], "(2, 2, 2, 3)": [0.021647194400429726, 0.01788748800754547, 0.020677344873547554, 0.020495763048529625, 0.020061513409018517, 0.019888876006007195, 0.01991206966340542, 0.021933462470769882, 0.020585836842656136], "(2, 2, 1, 2)": [0.012019903399050236, 0.01312004029750824, 0.015897033736109734, 0.017600275576114655, 0.017402390018105507, 0.015398231334984303, 0.018404873088002205, 0.019880888983607292, 0.0160890594124794], "(2, 3, 2, 3)": [0.022206880152225494, 0.023660140112042427, 0.021470291540026665, 0.022519374266266823, 0.024512559175491333, 0.02025902457535267, 0.02301112748682499, 0.016215462237596512, 0.022564981132745743], "(2, 3, 2, 2)": [0.020650455728173256, 0.014553741551935673, 0.01566324755549431, 0.017221249639987946, 0.005901598837226629, 0.011887483298778534, 0.005298367235809565, 0.01311013475060463, 0.008804729208350182], "(2, 2, 2, 2)": [0.010735704563558102, 0.013626312837004662, 0.006350572220981121, 0.01493639312684536, 0.002495210850611329, 0.009683025069534779, 0.01670745201408863, 0.018021445721387863, 0.01818484254181385], "(3, 2, 2, 3)": [0.01469814870506525, 0.015813518315553665, 0.017751825973391533, 0.016743168234825134, 0.016500992700457573, 0.013965236023068428, 0.02192632108926773, 0.012754207476973534, 0.014015167951583862], "(3, 2, 2, 2)": [0.00951738003641367, 0.013028539717197418, 0.010793004184961319, 0.0177102480083704, 0.013683618046343327, 0.012575389817357063, 0.00969117134809494, 0.013947101309895515, 0.012262668460607529], "(3, 3, 2, 3)": [0.021613581106066704, 0.024375999346375465, 0.021906312555074692, 0.01993655413389206, 0.023696132004261017, 0.02330557443201542, 0.024107370525598526, 0.023216333240270615, 0.022859442979097366], "(3, 4, 2, 3)": [0.02477528527379036, 0.023726889863610268, 0.024264786392450333, 0.025644438341259956, 0.02437916025519371, 0.02617819420993328, 0.020405715331435204, 0.02409387193620205, 0.025437425822019577], "(3, 5, 2, 3)": [0.02268153987824917, 0.021687928587198257, 0.023955384269356728, 0.023703325539827347, 0.022112678736448288, 0.024993009865283966, 0.024530470371246338, 0.02456047758460045, 0.023126892745494843], "(3, 6, 2, 3)": [0.026856089010834694, 0.025036616250872612, 0.026244161650538445, 0.023753859102725983, 0.027482187375426292, 0.026111306622624397, 0.025328565388917923, 0.02316025272011757, 0.025977760553359985], "(3, 7, 2, 3)": [0.02257562056183815, 0.02100536972284317, 0.023811470717191696, 0.023470358923077583, 0.025031523779034615, 0.025107406079769135, 0.02659788355231285, 0.024218982085585594, 0.024048883467912674], "(3, 8, 2, 2)": [0.004816276486963034, 0.0, 0.0, 0.0, 0.002648225985467434, 0.006534338928759098, 0.005134609993547201, 0.006525116041302681, 0.0031775557436048985], "(3, 8, 2, 3)": [0.02454477548599243, 0.021088698878884315, 0.022502273321151733, 0.020810922607779503, 0.023884667083621025, 0.024753209203481674, 0.023364800959825516, 0.02197115868330002, 0.022895019501447678], "(3, 7, 2, 2)": [0.0017536667874082923, 0.01048852689564228, 0.012749744579195976, 0.0, 0.0, 0.006102152168750763, 0.0, 0.0, 0.0], "(3, 7, 1, 2)": [0.01551984716206789, 0.01692434772849083, 0.0226450078189373, 0.016650455072522163, 0.021303268149495125, 0.016337905079126358, 0.021673357114195824, 0.019802875816822052, 0.018185317516326904], "(3, 6, 1, 2)": [0.025669487193226814, 0.02055826410651207, 0.02534360997378826, 0.025809310376644135, 0.02202613279223442, 0.022780321538448334, 0.025705408304929733, 0.019427234306931496, 0.020904172211885452], "(3, 6, 2, 2)": [0.012679300270974636, 0.019658703356981277, 0.003492825198918581, 0.006446006242185831, 0.013044726103544235, 0.005698992405086756, 0.004164702724665403, 0.016065312549471855, 0.013717375695705414], "(3, 5, 1, 2)": [0.026227442547678947, 0.0251422431319952, 0.024941924959421158, 0.026543598622083664, 0.025351915508508682, 0.026121463626623154, 0.023527124896645546, 0.023409968242049217, 0.023380184546113014], "(3, 4, 1, 2)": [0.023606710135936737, 0.024099141359329224, 0.025745254009962082, 0.02205738238990307, 0.022784017026424408, 0.022800389677286148, 0.02424093894660473, 0.02273431420326233, 0.02449652925133705], "(3, 3, 1, 2)": [0.019571244716644287, 0.022939076647162437, 0.022310424596071243, 0.022717835381627083, 0.020809900015592575, 0.024253033101558685, 0.01956642046570778, 0.02299872227013111, 0.0228585172444582], "(3, 2, 1, 2)": [0.01536738220602274, 0.012301635928452015, 0.017549972981214523, 0.013717135414481163, 0.020687052980065346, 0.012529630213975906, 0.020459745079278946, 0.01875506155192852, 0.01741190068423748], "(3, 1, 1, 2)": [-0.008526623249053955, -0.007517316844314337, -0.004181795287877321, -0.00945759192109108, 0.0, -7.770117372274399e-05, -0.005704818293452263, 0.00021276110783219337, -0.00911447312682867], "(3, 8, 1, 3)": [0.012769551016390324, 0.004881033208221197, 0.007508100010454655, 0.0063690124079585075, 0.006296140141785145, 0.012249104678630829, 0.01172595378011465, 0.017240583896636963, 0.004300314467400312], "(3, 7, 1, 3)": [0.00940113514661789, 0.008478284813463688, 0.002744460478425026, 0.006897786632180214, 0.007395667023956776, 0.005321092437952757, 0.0, 0.004766537342220545, 0.004316627513617277], "(3, 6, 1, 3)": [0.005611351225525141, 0.005612239241600037, 0.013293967582285404, 0.008678331971168518, 0.008515143766999245, 0.007675802800804377, 0.012628554366528988, 0.008307645097374916, 0.0], "(3, 4, 1, 1)": [0.0019486238015815616, 0.0021353978663682938, 0.0, 0.0, 0.0019032955169677734, 0.0, 0.0, 0.0, 0.004913629498332739], "(2, 3, 1, 1)": [0.004260195419192314, 0.005199185572564602, 0.0038398513570427895, 0.006116243079304695, 0.00610565859824419, 0.004600605461746454, 0.0, 0.011812294833362103, 0.0041092499159276485], "(2, 3, 1, 2)": [0.02433810383081436, 0.025396982207894325, 0.02651435323059559, 0.027007004246115685, 0.025118421763181686, 0.024436650797724724, 0.02641616202890873, 0.0260536540299654, 0.02446582540869713], "(2, 2, 1, 1)": [0.004756190814077854, 0.0, 0.001591086620464921, 0.0029665608890354633, 0.0016091257566586137, -0.0038263981696218252, -0.0011938523966819048, 0.0, 0.004032317083328962], "(2, 1, 1, 1)": [0.0, -0.006612217519432306, 0.0, 0.0, -0.004341465421020985, 0.0, -0.0056368280202150345, 0.0, -0.0036412233021110296], "(2, 8, 2, 2)": [0.007238574326038361, 0.0, 0.0027052653022110462, 0.0, 0.002409247448667884, 0.010854648426175117, 0.0, 0.004443560726940632, 0.004437930881977081],