{"q_values": {"(2, 6, 2, 3)": [0.0, 0.0, 0.0, 0.0, 0.0, 0.0, 0.0035458249039947987, 0.0, 0.0], "(2, 6, 1, 2)": [0.0, 0.0, 0.0, 0.0, 0.0, 0.0, 0.0, 0.0019783610478043556, 0.0], "(2, 7, 2, 3)": [0.0, 0.0, 0.0, 0.0, 0.0, 0.0018908638739958405, 0.0, 0.003761939937248826, 0.0], "(2, 8, 2, 3)": [0.0, 0.0, 0.0, 0.0, 0.0, 0.0, 0.0, 0.0018403591820970178, 0.0], "(2, 8, 2, 4)": [0.0, 0.0, 0.0, 0.0, 0.0, 0.001774097210727632, 0.0, 0.0, 0.0], "(2, 9, 2, 4)": [0.0, 0.0, 0.0, 0.0, 0.0016981294611468911, -0.004387687426060438, 0.0, 0.0, 0.0], "(3, 4, 1, 3)": [0.0, 0.0, 0.0, 0.0, 0.0, 0.0, 0.0, 0.0, 0.0]}}