{"q_values": {"(2, 7, 2, 2)": [0.03271358087658882, 0.03247479349374771, 0.03261328488588333, 0.03288000449538231, 0.03269081935286522, 0.03295852988958359, 0.03267518803477287, 0.03277391567826271, 0.032705262303352356], "(2, 7, 1, 1)": [0.03290800377726555, 0.03278905898332596, 0.03292226418852806, 0.03294672444462776, 0.03293117135763168, 0.0328882560133934, 0.03273902088403702, 0.03267170861363411, 0.03278786316514015], "(2, 8, 2, 2)": [0.03244137763977051, 0.03203511983156204, 0.032193128019571304, 0.031186312437057495, 0.031879790127277374, 0.03245561942458153, 0.03200617805123329, 0.032316289842128754, 0.03220924735069275], "(2, 9, 2, 2)": [0.03138948231935501, 0.031713344156742096, 0.03111715242266655, 0.030855679884552956, 0.03046354465186596, 0.031163357198238373, 0.030587606132030487, 0.0304547231644392, 0.030138768255710602], "(2, 10, 2, 2)": [0.02950744889676571, 0.026108307763934135, 0.025432594120502472, 0.02621929533779621, 0.02585684508085251, 0.02817658893764019, 0.023186810314655304, 0.027541814371943474, 0.02532964199781418], "(2, 11, 2, 2)": [0.018476642668247223, 0.018290160223841667, 0.021899910643696785, 0.017437830567359924, 0.007151276338845491, 0.004585615824908018, 0.011944137513637543, 0.007845736108720303, 0.013673583045601845], "(3, 5, 1, 2)": [0.01683643087744713, 0.0, 0.020163588225841522, 0.0, 0.02175324782729149, 0.015547694638371468, 0.02011604979634285, 0.0291250292211771, 0.015889443457126617], "(2, 2, 2, 2)": [0.028833096846938133, 0.027729976922273636, 0.027534611523151398, 0.02847575955092907, 0.029494214802980423, 0.028966160491108894, 0.029125962406396866, 0.02898506075143814, 0.029992111027240753], "(2, 2, 1, 1)": [0.005287179723381996, 0.011916013434529305, 0.008842007257044315, 0.01877177134156227, 0.009225158952176571, 0.017154764384031296, 0.016952604055404663, 0.0172450989484787, 0.021222328767180443], "(2, 3, 2, 2)": [0.029820654541254044, 0.029253534972667694, 0.029232287779450417, 0.031204380095005035, 0.030947891995310783, 0.0311676487326622, 0.031223997473716736, 0.031493235379457474, 0.03165372833609581], "(2, 4, 2, 2)": [0.031081359833478928, 0.03034777007997036, 0.03196299448609352, 0.03181502968072891, 0.03230353072285652, 0.03236003965139389, 0.032356325536966324, 0.03245542198419571, 0.03232494741678238], "(2, 4, 2, 1)": [0.011144178919494152, 0.028769515454769135, 0.026910893619060516, 0.024403434246778488, 0.018275044858455658, 0.021736597642302513, 0.02427470125257969, 0.023042405024170876, 0.021600354462862015], "(2, 4, 1, 1)": [0.03065170720219612, 0.03041025996208191, 0.031176896765828133, 0.030284935608506203, 0.031143536791205406, 0.030668681487441063, 0.02973158098757267, 0.030453335493803024, 0.030338244512677193], "(2, 3, 2, 1)": [0.007565709296613932, 0.029135629534721375, 0.018373485654592514, 0.023984022438526154, 0.02461841329932213, 0.022798484191298485, 0.027337202802300453, 0.023016495630145073, 0.026264866814017296], "(3, 4, 2, 2)": [0.03190087899565697, 0.03222569823265076, 0.03171927481889725, 0.03214843198657036, 0.03205637261271477, 0.03206586465239525, 0.03216756507754326, 0.03216845169663429, 0.03240497037768364], "(3, 4, 2, 1)": [0.02634521946310997, 0.028403736650943756, 0.028104381635785103, 0.027737995609641075, 0.02888019010424614, 0.02879287116229534, 0.026157446205615997, 0.029272424057126045, 0.031814828515052795], "(3, 5, 2, 2)": [0.032271608710289, 0.03177684545516968, 0.03265076130628586, 0.032168444246053696, 0.03265313804149628, 0.03277682885527611, 0.0327775776386261, 0.032698553055524826, 0.03274567052721977], "(3, 6, 2, 2)": [0.031074436381459236, 0.03268664702773094, 0.03187733143568039, 0.032710980623960495, 0.032746486365795135, 0.032691944390535355, 0.03283046931028366, 0.03265219181776047, 0.03275948762893677], "(3, 7, 2, 2)": [0.032259270548820496, 0.030983060598373413, 0.03200974687933922, 0.032204754650592804, 0.03240533173084259, 0.03228726610541344, 0.03234780579805374, 0.03240450844168663, 0.03226904198527336], "(3, 8, 2, 2)": [0.030920594930648804, 0.030629921704530716, 0.03130083903670311, 0.031788986176252365, 0.03189923241734505, 0.031694456934928894, 0.031875886023044586, 0.03163251653313637, 0.03172947093844414], "(3, 9, 2, 2)": [0.03114204853773117, 0.03076503425836563, 0.030332716181874275, 0.030427327379584312, 0.030748995020985603, 0.03045889362692833, 0.03128752112388611, 0.03046635165810585, 0.031042056158185005], "(3, 10, 2, 2)": [0.029867136850953102, 0.02840050496160984, 0.028998546302318573, 0.02906361222267151, 0.028584478422999382, 0.02616223506629467, 0.028538456186652184, 0.028577245771884918, 0.027026569470763206], "(3, 11, 2, 2)": [0.022376611828804016, 0.021642513573169708, 0.023204287514090538, 0.01476186141371727, 0.021101899445056915, 0.0171540267765522, 0.011129766702651978, 0.010916817933321, 0.009797817096114159], "(3, 9, 1, 2)": [0.01906459778547287, 0.016964662820100784, 0.018078556284308434, 0.021799977868795395, 0.019040532410144806, 0.013359291478991508, 0.0275848638266325, 0.02516390010714531, 0.01873563975095749], "(3, 12, 2, 2)": [-0.0008688346133567393, -0.0012631791178137064, -0.0025739665143191814, -0.0065693845972418785, -0.006623037625104189, -0.0011655606795102358, 0.0, -0.004577653482556343, -0.0006132714916020632], "(2, 10, 2, 1)": [0.006718706805258989, 0.00947854295372963, 0.02306378446519375, 0.0, 0.0, 0.008540148846805096, 0.008527551777660847, 0.007566441316157579, 0.0], "(3, 4, 1, 2)": [0.015731479972600937, 0.020301995798945427, 0.009518865495920181, 0.011887528002262115, 0.005870236549526453, 0.012338581494987011, 0.014471672475337982, 0.014907663688063622, 0.0], "(3, 4, 1, 1)": [0.031273193657398224, 0.030495863407850266, 0.031325723975896835, 0.030880363658070564, 0.03114134632050991, 0.03122863546013832, 0.030925782397389412, 0.02826845273375511, 0.031100543215870857], "(2, 3, 1, 1)": [0.02854439616203308, 0.028217874467372894, 0.027184288948774338, 0.028577642515301704, 0.029127588495612144, 0.027576975524425507, 0.028866471722722054, 0.030160238966345787, 0.027555925771594048], "(3, 7, 1, 2)": [0.019333621487021446, 0.009553785435855389, 0.01977841928601265, 0.025508197024464607, 0.017367789521813393, 0.022391363978385925, 0.02082638628780842, 0.022334879264235497, 0.018751613795757294], "(3, 8, 1, 2)": [0.009773370809853077, 0.02460366301238537, 0.016682375222444534, 0.02654915861785412, 0.012956777587532997, 0.013927297666668892, 0.014523103833198547, 0.03002122789621353, 0.020158404484391212], "(3, 9, 1, 1)": [0.03226394206285477, 0.03230345994234085, 0.032184235751628876, 0.03230957314372063, 0.03195437416434288, 0.030441883951425552, 0.0317099429666996, 0.03136782720685005, 0.031794171780347824], "(3, 8, 1, 1)": [0.03266431391239166, 0.032679107040166855, 0.03268158435821533, 0.0327201671898365, 0.03256100043654442, 0.0324484221637249, 0.03119172342121601, 0.03213425353169441, 0.031471703201532364], "(3, 10, 1, 2)": [0.017392201349139214, 0.01843740977346897, 0.030168812721967697, 0.02436622977256775, 0.021885409951210022, 0.020853135734796524, 0.025901013985276222, 0.027518106624484062, 0.022721152752637863], "(2, 10, 1, 2)": [0.028221407905220985, 0.024529702961444855, 0.022067345678806305, 0.026950858533382416, 0.026232687756419182, 0.02393813617527485, 0.026691937819123268, 0.027942735701799393, 0.02485167421400547], "(2, 10, 1, 1)": [0.03177082538604736, 0.029580051079392433, 0.030072933062911034, 0.03079303354024887, 0.028213541954755783, 0.028166919946670532, 0.029859714210033417, 0.029202261939644814, 0.02906651236116886], "(2, 9, 1, 1)": [0.03242911398410797, 0.03257228434085846, 0.032399050891399384, 0.03221450746059418, 0.03222917392849922, 0.03156481310725212, 0.0322476327419281, 0.03191384673118591, 0.03193335607647896], "(2, 8, 1, 1)": [0.032838594168424606, 0.032710060477256775, 0.032778773456811905, 0.032729245722293854, 0.03277529031038284, 0.0326310433447361, 0.0327514223754406, 0.03230009600520134, 0.032689351588487625],