{"q_values": {"(2, 7, 2, 2)": [0.0315987765789032, 0.03122028149664402, 0.03143446519970894, 0.031501609832048416, 0.03208310157060623, 0.03231498599052429, 0.032076146453619, 0.0318278968334198, 0.03187178075313568], "(2, 7, 1, 1)": [0.03235584497451782, 0.03252686932682991, 0.03247479349374771, 0.032468561083078384, 0.032593075186014175, 0.03175941854715347, 0.03228593245148659, 0.03154247626662254, 0.03205931931734085], "(2, 8, 2, 2)": [0.030955923721194267, 0.028860313817858696, 0.028369801118969917, 0.031137976795434952, 0.031787510961294174, 0.03104388527572155, 0.03158169612288475, 0.031266260892152786, 0.03080327995121479], "(2, 9, 2, 2)": [0.02849597856402397, 0.029854441061615944, 0.02969241514801979, 0.02968747541308403, 0.029293501749634743, 0.02855898067355156, 0.028112463653087616, 0.028383830562233925, 0.028767943382263184], "(2, 10, 2, 2)": [0.026895828545093536, 0.027385976165533066, 0.024814125150442123, 0.025755448266863823, 0.026748286560177803, 0.02526806853711605, 0.025843504816293716, 0.026219334453344345, 0.025849364697933197], "(2, 11, 2, 2)": [0.02163996733725071, 0.0158881563693285, 0.02011886052787304, 0.019089389592409134, 0.0014925319701433182, 0.018799887970089912, 0.008667496033012867, 0.004178110510110855, 0.012753820046782494], "(3, 5, 1, 2)": [0.01683643087744713, 0.0, 0.0075283898040652275, 0.0, 0.005998276174068451, 0.0, 0.014717474579811096, 0.017894182354211807, 0.015889443457126617], "(2, 2, 2, 2)": [0.02266383357346058, 0.02185112051665783, 0.02222110517323017, 0.024326831102371216, 0.019510962069034576, 0.02523464895784855, 0.022289447486400604, 0.026814518496394157, 0.028525447472929955], "(2, 2, 1, 1)": [0.008233092725276947, 0.015040582977235317, 0.016121363267302513, 0.019955385476350784, 0.010995576158165932, 0.0071854013949632645, 0.014866059646010399, 0.022372053936123848, 0.024402350187301636], "(2, 3, 2, 2)": [0.028233081102371216, 0.028815723955631256, 0.025839103385806084, 0.02992510423064232, 0.02851625345647335, 0.029646428301930428, 0.030591167509555817, 0.029793279245495796, 0.029861105605959892], "(2, 4, 2, 2)": [0.030128931626677513, 0.030109615996479988, 0.02780715376138687, 0.03093423880636692, 0.03160165622830391, 0.031075822189450264, 0.03076210431754589, 0.03136647865176201, 0.031141571700572968], "(2, 4, 2, 1)": [0.011144178919494152, 0.025888042524456978, 0.02225077897310257, 0.0176263228058815, 0.0069286758080124855, 0.014388829469680786, 0.02427470125257969, 0.013476908206939697, 0.017114106565713882], "(2, 4, 1, 1)": [0.030069341883063316, 0.029635371640324593, 0.02969682775437832, 0.029466282576322556, 0.030283022671937943, 0.03008914366364479, 0.02966107241809368, 0.03036000393331051, 0.03017134591937065], "(2, 3, 2, 1)": [0.007565709296613932, 0.026181606575846672, 0.013739018701016903, 0.014524288475513458, 0.020449459552764893, 0.015721816569566727, 0.02105935662984848, 0.014808200299739838, 0.017631717026233673], "(3, 4, 2, 2)": [0.030443064868450165, 0.029877733439207077, 0.031513530761003494, 0.03113417886197567, 0.03145414590835571, 0.031841933727264404, 0.03131896257400513, 0.03103463724255562, 0.031486257910728455], "(3, 4, 2, 1)": [0.02480314113199711, 0.026009995490312576, 0.02112753316760063, 0.021347008645534515, 0.025601264089345932, 0.020159561187028885, 0.02008219063282013, 0.026226744055747986, 0.02875426970422268], "(3, 5, 2, 2)": [0.03090120106935501, 0.03138110786676407, 0.03154824301600456, 0.03181497007608414, 0.03103743866086006, 0.032234013080596924, 0.03201373666524887, 0.03202882781624794, 0.031982939690351486], "(3, 6, 2, 2)": [0.030381441116333008, 0.031437113881111145, 0.032137028872966766, 0.03185460716485977, 0.03194877505302429, 0.031942207366228104, 0.032059572637081146, 0.03210395947098732, 0.03187772259116173], "(3, 7, 2, 2)": [0.03146900609135628, 0.031652241945266724, 0.03161896765232086, 0.031258370727300644, 0.0315968282520771, 0.03172130510210991, 0.03194470703601837, 0.03188628330826759, 0.03107675351202488], "(3, 8, 2, 2)": [0.03104104846715927, 0.030388792976737022, 0.02982727624475956, 0.030426327139139175, 0.030447598546743393, 0.031066741794347763, 0.030831588432192802, 0.03127839043736458, 0.03128281235694885], "(3, 9, 2, 2)": [0.029306527227163315, 0.0290744137018919, 0.0299517922103405, 0.02964903600513935, 0.029155060648918152, 0.029352795332670212, 0.029151981696486473, 0.029201338067650795, 0.029876433312892914], "(3, 10, 2, 2)": [0.028209980577230453, 0.02850068360567093, 0.029104938730597496, 0.02542685903608799, 0.02631700597703457, 0.027918696403503418, 0.025107134133577347, 0.02727682515978813, 0.027145439758896828], "(3, 11, 2, 2)": [0.022973397746682167, 0.019487600773572922, 0.013812215998768806, 0.019794898107647896, 0.01307087205350399, 0.010188552550971508, 0.013325562700629234, 0.0016970699653029442, 0.008938107639551163], "(3, 9, 1, 2)": [0.01906459778547287, 0.016964662820100784, 0.013842165470123291, 0.011277616024017334, 0.014878133311867714, 0.013359291478991508, 0.021898217499256134, 0.019264863803982735, 0.01873563975095749], "(3, 12, 2, 2)": [-0.0008688346133567393, -0.0012631791178137064, -0.0025739665143191814, -0.0065693845972418785, -0.006623037625104189, 0.0, 0.0, -0.00671028159558773, -0.0006132714916020632], "(2, 10, 2, 1)": [0.006718706805258989, 0.00947854295372963, 0.01984982192516327, 0.0, 0.0, 0.0, 0.0, 0.007566441316157579, 0.0], "(3, 4, 1, 2)": [0.009151394478976727, 0.008461905643343925, 0.0, 0.011887528002262115, 0.005870236549526453, 0.012338581494987011, 0.014471672475337982, 0.007382180076092482, 0.0], "(3, 4, 1, 1)": [0.029737289994955063, 0.028712067753076553, 0.030041247606277466, 0.029137983918190002, 0.029310334473848343, 0.029611831530928612, 0.029053453356027603, 0.02993403561413288, 0.029777396470308304], "(2, 3, 1, 1)": [0.02390480414032936, 0.02758164145052433, 0.02788737416267395, 0.027872666716575623, 0.024213414639234543, 0.02896014414727688, 0.02489299885928631, 0.028004972264170647, 0.026910914108157158], "(3, 7, 1, 2)": [0.013578247278928757, 0.009553785435855389, 0.014198017306625843, 0.022349268198013306, 0.017367789521813393, 0.01800074242055416, 0.008619622327387333, 0.011862896382808685, 0.018751613795757294], "(3, 8, 1, 2)": [0.0, 0.01623533107340336, 0.0, 0.02220425382256508, 0.007196885067969561, 0.007849892601370811, 0.014523103833198547, 0.02007533796131611, 0.020158404484391212], "(3, 9, 1, 1)": [0.029768306761980057, 0.031005220487713814, 0.03145524486899376, 0.030258528888225555, 0.029278945177793503, 0.029787681996822357, 0.0281582772731781, 0.03054158389568329, 0.029817136004567146], "(3, 8, 1, 1)": [0.03238123655319214, 0.030276598408818245, 0.03105621412396431, 0.03190481662750244, 0.03153594210743904, 0.028888575732707977, 0.03166927397251129, 0.031111788004636765, 0.03098153881728649], "(3, 10, 1, 2)": [0.011864307336509228, 0.005655736196786165, 0.028224237263202667, 0.021813157945871353, 0.014125881716609001, 0.01737821102142334, 0.019797692075371742, 0.022493988275527954, 0.01289006881415844], "(2, 10, 1, 2)": [0.01748804748058319, 0.018140308558940887, 0.012519078329205513, 0.015166286379098892, 0.01718241348862648, 0.01596270315349102, 0.022419152781367302, 0.026233872398734093, 0.019294854253530502], "(2, 10, 1, 1)": [0.028424518182873726, 0.027769438922405243, 0.022819451987743378, 0.02100764960050583, 0.027114704251289368, 0.02555018663406372, 0.02507740445435047, 0.026236029341816902, 0.029123608022928238], "(2, 9, 1, 1)": [0.031766049563884735, 0.03183141350746155, 0.03199780359864235, 0.03163395822048187, 0.03121820278465748, 0.030276335775852203, 0.031200353056192398, 0.03054017573595047, 0.03069245256483555], "(2, 8, 1, 1)": [0.032412659376859665, 0.031962789595127106, 0.03147260844707489, 0.032232727855443954, 0.032309841364622116, 0.03170677646994591, 0.03219547122716904, 0.03033166565001011, 0.03167709335684776],