{"q_values": {"(2, 7, 2, 2)": [0.03277364745736122, 0.03273959457874298, 0.0329623743891716, 0.03248686343431473, 0.03271528705954552, 0.03288467600941658, 0.03269725665450096, 0.032218076288700104, 0.032666780054569244], "(2, 7, 1, 1)": [0.03299965709447861, 0.032894715666770935, 0.032958462834358215, 0.03286270052194595, 0.032926760613918304, 0.03256230056285858, 0.032877326011657715, 0.032292407006025314, 0.03286343067884445], "(2, 8, 2, 2)": [0.0320560485124588, 0.03169597312808037, 0.03166058287024498, 0.0300603024661541, 0.03195114806294441, 0.03203696385025978, 0.031919609755277634, 0.03181730955839157, 0.03196548670530319], "(2, 9, 2, 2)": [0.029589582234621048, 0.03201567754149437, 0.031966857612133026, 0.03104947879910469, 0.030252870172262192, 0.030762730166316032, 0.03078198805451393, 0.02953343652188778, 0.03082834929227829], "(2, 10, 2, 2)": [0.02714827097952366, 0.028740262612700462, 0.025750847533345222, 0.02794196456670761, 0.028174884617328644, 0.028174055740237236, 0.024669472128152847, 0.027673734351992607, 0.026705818250775337], "(2, 11, 2, 2)": [0.01578756794333458, 0.016162171959877014, 0.020237093791365623, 0.017152436077594757, 0.018960239365696907, 0.01581554114818573, 0.008790727704763412, 0.018215350806713104, 0.005431077443063259], "(3, 5, 1, 2)": [0.01683643087744713, 0.0, 0.0075283898040652275, 0.0, 0.005998276174068451, 0.0, 0.014717474579811096, 0.022241322323679924, 0.015889443457126617], "(2, 2, 2, 2)": [0.026141947135329247, 0.02614489011466503, 0.02474251016974449, 0.02784240059554577, 0.026967454701662064, 0.027820423245429993, 0.02589740976691246, 0.02791762538254261, 0.03006766363978386], "(2, 2, 1, 1)": [0.018932441249489784, 0.014641336165368557, 0.021069521084427834, 0.008073803968727589, 0.019453661516308784, 0.019531426951289177, 0.01247540581971407, 0.01178941410034895, 0.028385238721966743], "(2, 3, 2, 2)": [0.02993941493332386, 0.029486337676644325, 0.029992925003170967, 0.030470989644527435, 0.030923262238502502, 0.030314911156892776, 0.03124893642961979, 0.03109748847782612, 0.03132617473602295], "(2, 4, 2, 2)": [0.03111623413860798, 0.030946219339966774, 0.03126426041126251, 0.03203681856393814, 0.032013073563575745, 0.03233855962753296, 0.03216473013162613, 0.032469265162944794, 0.03219389170408249], "(2, 4, 2, 1)": [0.011144178919494152, 0.028193380683660507, 0.02225077897310257, 0.02143339440226555, 0.013380350545048714, 0.021736597642302513, 0.02427470125257969, 0.013476908206939697, 0.017114106565713882], "(2, 4, 1, 1)": [0.030296284705400467, 0.030763432383537292, 0.030149022117257118, 0.030639521777629852, 0.030958037823438644, 0.031232688575983047, 0.03158476948738098, 0.031523458659648895, 0.03156152367591858], "(2, 3, 2, 1)": [0.007565709296613932, 0.028402317315340042, 0.018373485654592514, 0.02190890535712242, 0.02461841329932213, 0.022798484191298485, 0.02558806911110878, 0.023016495630145073, 0.026264866814017296], "(3, 4, 2, 2)": [0.03090188279747963, 0.03092234767973423, 0.03216099739074707, 0.03114667534828186, 0.03166704997420311, 0.03198340907692909, 0.032063521444797516, 0.03169650956988335, 0.0323135182261467], "(3, 4, 2, 1)": [0.02480314113199711, 0.02705957368016243, 0.026697847992181778, 0.026089530438184738, 0.025601264089345932, 0.022936753928661346, 0.023647014051675797, 0.027940649539232254, 0.02875426970422268], "(3, 5, 2, 2)": [0.032073214650154114, 0.03228478133678436, 0.032403185963630676, 0.03172268345952034, 0.032612744718790054, 0.03264699876308441, 0.03251396864652634, 0.03259028121829033, 0.032575592398643494], "(3, 6, 2, 2)": [0.03114020638167858, 0.03261704742908478, 0.0325528159737587, 0.03258882835507393, 0.032486170530319214, 0.032283611595630646, 0.03258650377392769, 0.03267212584614754, 0.03251798450946808], "(3, 7, 2, 2)": [0.03221653774380684, 0.03221588209271431, 0.03217862546443939, 0.03207410126924515, 0.03224501758813858, 0.0320599190890789, 0.03225206583738327, 0.032426442950963974, 0.0324392095208168], "(3, 8, 2, 2)": [0.03160976991057396, 0.03083782270550728, 0.030836071819067, 0.03143659606575966, 0.031639836728572845, 0.03130851313471794, 0.031312115490436554, 0.03171783313155174, 0.031592708081007004], "(3, 9, 2, 2)": [0.030614538118243217, 0.028560873121023178, 0.030414585024118423, 0.030623216181993484, 0.029612531885504723, 0.030376242473721504, 0.029981736093759537, 0.030228914692997932, 0.02955116331577301], "(3, 10, 2, 2)": [0.028466684743762016, 0.027409318834543228, 0.02630954049527645, 0.025517303496599197, 0.028050623834133148, 0.02547783963382244, 0.0268936175853014, 0.02455437183380127, 0.02615763433277607], "(3, 11, 2, 2)": [0.017741667106747627, 0.009454229846596718, 0.013468485325574875, 0.015089488588273525, 0.00819193385541439, 0.009477265179157257, 0.012438032776117325, 0.008346485905349255, 0.009183271788060665], "(3, 9, 1, 2)": [0.01906459778547287, 0.016964662820100784, 0.018078556284308434, 0.021799977868795395, 0.014878133311867714, 0.013359291478991508, 0.02612433396279812, 0.019264863803982735, 0.01873563975095749], "(3, 12, 2, 2)": [-0.0008688346133567393, -0.0012631791178137064, -0.0025739665143191814, -0.0065693845972418785, -0.006623037625104189, -0.0011655606795102358, 0.0, -0.004577653482556343, -0.0006132714916020632], "(2, 10, 2, 1)": [0.006718706805258989, 0.00947854295372963, 0.01984982192516327, 0.0, 0.0, 0.0, 0.008527551777660847, 0.007566441316157579, 0.0], "(3, 4, 1, 2)": [0.015731479972600937, 0.008461905643343925, 0.0, 0.011887528002262115, 0.005870236549526453, 0.012338581494987011, 0.014471672475337982, 0.007382180076092482, 0.0], "(3, 4, 1, 1)": [0.03041141666471958, 0.029990294948220253, 0.030486417934298515, 0.030303185805678368, 0.029720067977905273, 0.029747629538178444, 0.030552495270967484, 0.03040718100965023, 0.0308526661247015], "(2, 3, 1, 1)": [0.026875920593738556, 0.02869892492890358, 0.028207195922732353, 0.026798203587532043, 0.02666633576154709, 0.028667408972978592, 0.028735097497701645, 0.02853563241660595, 0.027470991015434265], "(3, 7, 1, 2)": [0.019333621487021446, 0.009553785435855389, 0.014198017306625843, 0.022349268198013306, 0.017367789521813393, 0.01800074242055416, 0.015757551416754723, 0.011862896382808685, 0.018751613795757294], "(3, 8, 1, 2)": [0.009773370809853077, 0.021140750497579575, 0.00977032259106636, 0.02397873066365719, 0.012956777587532997, 0.013927297666668892, 0.014523103833198547, 0.027894558385014534, 0.020158404484391212], "(3, 9, 1, 1)": [0.031510598957538605, 0.03190205246210098, 0.03222591057419777, 0.03159916773438454, 0.03192569315433502, 0.03142590448260307, 0.03159184753894806, 0.02907416969537735, 0.03162505105137825], "(3, 8, 1, 1)": [0.03270496428012848, 0.0320492759346962, 0.03228425979614258, 0.03256252408027649, 0.03231612220406532, 0.030565699562430382, 0.029404599219560623, 0.030431294813752174, 0.02987966127693653], "(3, 10, 1, 2)": [0.017392201349139214, 0.01843740977346897, 0.028799742460250854, 0.02436622977256775, 0.018540797755122185, 0.020853135734796524, 0.022672036662697792, 0.026572050526738167, 0.01289006881415844], "(2, 10, 1, 2)": [0.02552705630660057, 0.021794678643345833, 0.012519078329205513, 0.02156081423163414, 0.023710118606686592, 0.02203519269824028, 0.0250381026417017, 0.027694784104824066, 0.024714207276701927], "(2, 10, 1, 1)": [0.030436906963586807, 0.02818921208381653, 0.029045097529888153, 0.02856569178402424, 0.027114704251289368, 0.026382725685834885, 0.026961183175444603, 0.0272197388112545, 0.02904686890542507], "(2, 9, 1, 1)": [0.03201433643698692, 0.03242877498269081, 0.032044995576143265, 0.032320864498615265, 0.03187428414821625, 0.03191874921321869, 0.03210469335317612, 0.031772106885910034, 0.03185438737273216], "(2, 8, 1, 1)": [0.03273062780499458, 0.03260307386517525, 0.03263425454497337, 0.03281204402446747, 0.032679397612810135, 0.032678112387657166, 0.03206397965550423, 0.032186105847358704, 0.032262396067380905],