{"q_values": {"(2, 7, 2, 2)": [0.02502031810581684, 0.026731636375188828, 0.027231110259890556, 0.02748226746916771, 0.026595480740070343, 0.029082849621772766, 0.028215957805514336, 0.02909354865550995, 0.025723794475197792], "(2, 7, 1, 1)": [0.028832215815782547, 0.029316654428839684, 0.02927885204553604, 0.027097441256046295, 0.02975110523402691, 0.028966736048460007, 0.029324587434530258, 0.029075870290398598, 0.025699326768517494], "(2, 8, 2, 2)": [0.02705373801290989, 0.02475189045071602, 0.02784961834549904, 0.027686486020684242, 0.027869153767824173, 0.027719315141439438, 0.026844186708331108, 0.02696935459971428, 0.027695002034306526], "(2, 9, 2, 2)": [0.02689909003674984, 0.0282033272087574, 0.02670857682824135, 0.022680137306451797, 0.027443094179034233, 0.026912400498986244, 0.025320211425423622, 0.02617127262055874, 0.022794799879193306], "(2, 10, 2, 2)": [0.01828933134675026, 0.01658724434673786, 0.0187129657715559, 0.02013998292386532, 0.01971401460468769, 0.01899559237062931, 0.020699478685855865, 0.017660140991210938, 0.023351510986685753], "(2, 11, 2, 2)": [0.0018874690867960453, 0.010478703305125237, 0.002520981477573514, 0.009604392573237419, 0.010838503949344158, 0.0019035611767321825, 0.0018578008748590946, 0.009546658024191856, 0.006708906963467598], "(3, 5, 1, 2)": [0.011104907840490341, 0.0, 0.0075283898040652275, 0.0, 0.0, 0.0, 0.008120077662169933, 0.012400006875395775, 0.008851035498082638], "(2, 2, 2, 2)": [0.01131095364689827, 0.018182285130023956, 0.015894420444965363, 0.017150912433862686, 0.01744411326944828, 0.020686831325292587, 0.01655259169638157, 0.019559873268008232, 0.0231062900274992], "(2, 2, 1, 1)": [0.0022683939896523952, 0.014870138838887215, 0.018929390236735344, 0.014088316820561886, 0.011644808575510979, -0.0008849232690408826, 0.01802806183695793, 0.018817689269781113, 0.021995902061462402], "(2, 3, 2, 2)": [0.022348426282405853, 0.018219145014882088, 0.012538595125079155, 0.018065225332975388, 0.019868116825819016, 0.024649115279316902, 0.022393394261598587, 0.0258613470941782, 0.018411874771118164], "(2, 4, 2, 2)": [0.024256104603409767, 0.02202558144927025, 0.023999854922294617, 0.026164578273892403, 0.024152886122465134, 0.026097912341356277, 0.02580721490085125, 0.02757328748703003, 0.027801038697361946], "(2, 4, 2, 1)": [0.011144178919494152, 0.019511686637997627, 0.008002091199159622, 0.0071815187111496925, 0.0069286758080124855, 0.014388829469680786, 0.01567896641790867, 0.0060415188781917095, 0.017114106565713882], "(2, 4, 1, 1)": [0.02785489708185196, 0.0273126233369112, 0.027896666899323463, 0.026788396760821342, 0.027080731466412544, 0.026875684037804604, 0.027266742661595345, 0.024954969063401222, 0.027590308338403702], "(2, 3, 2, 1)": [0.007565709296613932, 0.015556413680315018, 0.0079337852075696, 0.011109421029686928, 0.01041613519191742, 0.015721816569566727, 0.017290350049734116, 0.0, 0.013359906151890755], "(3, 4, 2, 2)": [0.0191016998142004, 0.022688662633299828, 0.019698671996593475, 0.02218540757894516, 0.02623540535569191, 0.025682495906949043, 0.02654806151986122, 0.02485388144850731, 0.024659307673573494], "(3, 4, 2, 1)": [0.0085824653506279, 0.01788175106048584, 0.01715327985584736, 0.007519057020545006, 0.01586020737886429, 0.008232858031988144, 0.015693722292780876, 0.0034171573352068663, 0.022479429841041565], "(3, 5, 2, 2)": [0.026626329869031906, 0.020002225413918495, 0.02405717596411705, 0.025170782580971718, 0.025103610008955002, 0.01962970569729805, 0.021060360595583916, 0.021577278152108192, 0.02393161691725254], "(3, 6, 2, 2)": [0.02401786856353283, 0.027205772697925568, 0.023036405444145203, 0.027077965438365936, 0.02855045534670353, 0.027747204527258873, 0.025271916761994362, 0.026314137503504753, 0.0198533833026886], "(3, 7, 2, 2)": [0.02612915076315403, 0.0279825609177351, 0.02534584142267704, 0.02493918314576149, 0.029348352923989296, 0.029314998537302017, 0.028683919459581375, 0.025735950097441673, 0.028109243139624596], "(3, 8, 2, 2)": [0.029053525999188423, 0.026402851566672325, 0.02572508342564106, 0.02727583982050419, 0.025184547528624535, 0.026908189058303833, 0.028363926336169243, 0.027075596153736115, 0.02858027257025242], "(3, 9, 2, 2)": [0.024841340258717537, 0.02534746751189232, 0.02696117013692856, 0.026278899982571602, 0.02305358089506626, 0.026362918317317963, 0.025710877031087875, 0.026490749791264534, 0.026418454945087433], "(3, 10, 2, 2)": [0.024891221895813942, 0.026801100000739098, 0.02216191403567791, 0.024106400087475777, 0.019983410835266113, 0.024901000782847404, 0.025393234565854073, 0.021092114970088005, 0.023179326206445694], "(3, 11, 2, 2)": [0.0022814690601080656, 0.020207950845360756, 0.0059807319194078445, 0.004283883608877659, 0.007062940858304501, 0.01182705070823431, -0.0018572816625237465, 0.007251602131873369, 0.008144073188304901], "(3, 9, 1, 2)": [0.014790757559239864, 0.010888226330280304, 0.013842165470123291, 0.011277616024017334, 0.0045916675589978695, 0.013359291478991508, 0.018506914377212524, 0.014595894142985344, 0.01873563975095749], "(3, 12, 2, 2)": [-0.0008688346133567393, -0.0012631791178137064, 0.0, -0.006525849457830191, -0.006623037625104189, 0.0, 0.0, -0.00671028159558773, 0.0], "(2, 10, 2, 1)": [0.006718706805258989, 0.0, 0.013297641649842262, 0.0, 0.0, 0.0, 0.0, 0.007566441316157579, 0.0], "(3, 4, 1, 2)": [0.0, 0.0, 0.0, 0.011887528002262115, 0.0, 0.004113997332751751, 0.007916874252259731, 0.007382180076092482, 0.0], "(3, 4, 1, 1)": [0.027157576754689217, 0.02393471635878086, 0.025757888332009315, 0.026374731212854385, 0.0252090897411108, 0.023036450147628784, 0.026776505634188652, 0.024222593754529953, 0.026244042441248894], "(2, 3, 1, 1)": [0.023015230894088745, 0.02254989929497242, 0.025487150996923447, 0.02348962053656578, 0.024637453258037567, 0.02422281540930271, 0.023847386240959167, 0.022883938625454903, 0.024774236604571342], "(3, 7, 1, 2)": [0.013578247278928757, 0.0, 0.007085298653692007, 0.014183677732944489, 0.01490873098373413, 0.011945625767111778, 0.008619622327387333, 0.011862896382808685, 0.018751613795757294], "(3, 8, 1, 2)": [0.0, 0.01623533107340336, 0.0, 0.006197360344231129, 0.007196885067969561, 0.007849892601370811, 0.007441249676048756, 0.01513277180492878, 0.015460966154932976], "(3, 9, 1, 1)": [0.012640777975320816, 0.024670882150530815, 0.023351222276687622, 0.024330705404281616, 0.02545466274023056, 0.024177951738238335, 0.020464222878217697, 0.02403855323791504, 0.024950074031949043], "(3, 8, 1, 1)": [0.02827836386859417, 0.0210841316729784, 0.023250529542565346, 0.025036592036485672, 0.02017977461218834, 0.024630490690469742, 0.024497924372553825, 0.02701304852962494, 0.027203917503356934], "(3, 10, 1, 2)": [0.011864307336509228, 0.005655736196786165, 0.02365732751786709, 0.01837155781686306, 0.009146662428975105, 0.012321308255195618, 0.01612614467740059, 0.009446242824196815, 0.01289006881415844], "(2, 10, 1, 2)": [0.012601938098669052, 0.010677885264158249, 0.007433293852955103, 0.0, 0.009569093585014343, 0.014496092684566975, 0.007310335990041494, 0.010816937312483788, 0.006894053891301155], "(2, 10, 1, 1)": [0.017784742638468742, 0.01216006837785244, 0.014296618290245533, 0.0, 0.01411535032093525, 0.018776003271341324, 0.010668441653251648, 0.022125329822301865, 0.011771298944950104], "(2, 9, 1, 1)": [0.02690313011407852, 0.02875625528395176, 0.028522104024887085, 0.02558640018105507, 0.027883322909474373, 0.027984358370304108, 0.028231950476765633, 0.022518211975693703, 0.02519313246011734], "(2, 8, 1, 1)": [0.03005768544971943, 0.027713658288121223, 0.028260938823223114, 0.029820967465639114, 0.028662877157330513, 0.027112353593111038, 0.028164401650428772, 0.029428230598568916, 0.028466051444411278], "(2, 6, 1, 1)": [0.028835739940404892, 0.03031194768846035, 0.029478682205080986, 0.02904227189719677, 0.030974052846431732, 0.030074670910835266, 0.02775757573544979, 0.029640808701515198, 0.028825363144278526],