{"q_values": {"(2, 7, 2, 2)": [0.031586047261953354, 0.02934359386563301, 0.03094112128019333, 0.029454736039042473, 0.030601343140006065, 0.03157883137464523, 0.03086419217288494, 0.03141467645764351, 0.03078334406018257], "(2, 7, 1, 1)": [0.03201281651854515, 0.03185376152396202, 0.03160601854324341, 0.03178740292787552, 0.03206941485404968, 0.03140528127551079, 0.030978282913565636, 0.0311286598443985, 0.0316690132021904], "(2, 8, 2, 2)": [0.03164755180478096, 0.02475189045071602, 0.03047328069806099, 0.030150294303894043, 0.030755871906876564, 0.03002461977303028, 0.029841860756278038, 0.03043331205844879, 0.03043634258210659], "(2, 9, 2, 2)": [0.02626080997288227, 0.02793179079890251, 0.027574338018894196, 0.02679317444562912, 0.029142141342163086, 0.027354037389159203, 0.027415765449404716, 0.027638984844088554, 0.02623198926448822], "(2, 10, 2, 2)": [0.02123979851603508, 0.024521689862012863, 0.02066219039261341, 0.023125916719436646, 0.024366924539208412, 0.024178477004170418, 0.023448605090379715, 0.023496422916650772, 0.0238032303750515], "(2, 11, 2, 2)": [0.015404374338686466, 0.020205900073051453, 0.012932127341628075, 0.012473832815885544, 0.013808338902890682, 0.01626475155353546, 0.0036424719728529453, 0.01070079579949379, 0.008121948689222336], "(3, 5, 1, 2)": [0.01683643087744713, 0.0, 0.0075283898040652275, 0.0, 0.005998276174068451, 0.0, 0.014717474579811096, 0.017894182354211807, 0.008851035498082638], "(2, 2, 2, 2)": [0.01986263133585453, 0.018182285130023956, 0.019552450627088547, 0.018955646082758904, 0.019510962069034576, 0.023858895525336266, 0.019568292424082756, 0.025005150586366653, 0.026859981939196587], "(2, 2, 1, 1)": [0.0009876866824924946, 0.009440349414944649, 0.01711980253458023, 0.008926847949624062, 0.014396600425243378, 0.015617288649082184, 0.01971672847867012, 0.018853815272450447, 0.007653926499187946], "(2, 3, 2, 2)": [0.02619081363081932, 0.027011143043637276, 0.017583439126610756, 0.028348812833428383, 0.026186197996139526, 0.028851408511400223, 0.028762325644493103, 0.029155289754271507, 0.02728395350277424], "(2, 4, 2, 2)": [0.028682442381978035, 0.02834012173116207, 0.027732720598578453, 0.029799126088619232, 0.030185554176568985, 0.030271310359239578, 0.02938689850270748, 0.03009096533060074, 0.029383353888988495], "(2, 4, 2, 1)": [0.011144178919494152, 0.025888042524456978, 0.01859104633331299, 0.011987833306193352, 0.0069286758080124855, 0.014388829469680786, 0.02427470125257969, 0.0060415188781917095, 0.017114106565713882], "(2, 4, 1, 1)": [0.028823647648096085, 0.029520081356167793, 0.028693072497844696, 0.028190797194838524, 0.02874686010181904, 0.02965676598250866, 0.028597332537174225, 0.029575910419225693, 0.028684796765446663], "(2, 3, 2, 1)": [0.007565709296613932, 0.023687854409217834, 0.013739018701016903, 0.014524288475513458, 0.020449459552764893, 0.015721816569566727, 0.017290350049734116, 0.008649327792227268, 0.017631717026233673], "(3, 4, 2, 2)": [0.030351199209690094, 0.029741529375314713, 0.03055363893508911, 0.029998809099197388, 0.030934734269976616, 0.03133924677968025, 0.03075278177857399, 0.03103463724255562, 0.030121704563498497], "(3, 4, 2, 1)": [0.022391559556126595, 0.023442789912223816, 0.01715327985584736, 0.01792086660861969, 0.025601264089345932, 0.008232858031988144, 0.02008219063282013, 0.023989081382751465, 0.02875426970422268], "(3, 5, 2, 2)": [0.029995830729603767, 0.030427031219005585, 0.029976334422826767, 0.030723197385668755, 0.03110653907060623, 0.030620990321040154, 0.03133314847946167, 0.031004004180431366, 0.0313316211104393], "(3, 6, 2, 2)": [0.02839169092476368, 0.03101041167974472, 0.0313655361533165, 0.030753707513213158, 0.03135570511221886, 0.031720489263534546, 0.030941138043999672, 0.030975088477134705, 0.03133399039506912], "(3, 7, 2, 2)": [0.03043476492166519, 0.030415983870625496, 0.03154927119612694, 0.02905884198844433, 0.031058702617883682, 0.030915940180420876, 0.03149234503507614, 0.031086668372154236, 0.03099350444972515], "(3, 8, 2, 2)": [0.030160875990986824, 0.030667437240481377, 0.029644088819622993, 0.03012380562722683, 0.03017115592956543, 0.02983146905899048, 0.03084021806716919, 0.030421415343880653, 0.030944999307394028], "(3, 9, 2, 2)": [0.02582615055143833, 0.0277398768812418, 0.027626648545265198, 0.028602389618754387, 0.027858413755893707, 0.028852535411715508, 0.028468282893300056, 0.02829071879386902, 0.029090916737914085], "(3, 10, 2, 2)": [0.027741041034460068, 0.028100496158003807, 0.027805417776107788, 0.026431117206811905, 0.025369221344590187, 0.02796916291117668, 0.02845100872218609, 0.026030076667666435, 0.023073796182870865], "(3, 11, 2, 2)": [-0.00011484557762742043, 0.016228796914219856, 0.0004856011946685612, 0.005132502410560846, 0.007243573199957609, 0.013733433559536934, 0.018154922872781754, 0.014908846467733383, 0.017962666228413582], "(3, 9, 1, 2)": [0.01906459778547287, 0.010888226330280304, 0.013842165470123291, 0.011277616024017334, 0.0045916675589978695, 0.013359291478991508, 0.018506914377212524, 0.014595894142985344, 0.01873563975095749], "(3, 12, 2, 2)": [-0.0008688346133567393, -0.0012631791178137064, 0.0, -0.0065693845972418785, -0.006623037625104189, 0.0, 0.0, -0.00671028159558773, 0.0], "(2, 10, 2, 1)": [0.006718706805258989, 0.0, 0.01693836785852909, 0.0, 0.0, 0.0, 0.0, 0.007566441316157579, 0.0], "(3, 4, 1, 2)": [0.0, 0.0, 0.0, 0.011887528002262115, 0.0, 0.004113997332751751, 0.014471672475337982, 0.007382180076092482, 0.0], "(3, 4, 1, 1)": [0.029299069195985794, 0.02854744717478752, 0.028872666880488396, 0.02896098792552948, 0.028354858979582787, 0.02895958349108696, 0.02915571630001068, 0.03045853041112423, 0.028833158314228058], "(2, 3, 1, 1)": [0.0253449659794569, 0.02655690908432007, 0.026532532647252083, 0.026756025850772858, 0.026415735483169556, 0.025457650423049927, 0.02601475454866886, 0.027358053252100945, 0.02808196097612381], "(3, 7, 1, 2)": [0.013578247278928757, 0.009553785435855389, 0.014198017306625843, 0.014183677732944489, 0.01490873098373413, 0.011945625767111778, 0.008619622327387333, 0.011862896382808685, 0.018751613795757294], "(3, 8, 1, 2)": [0.0, 0.01623533107340336, 0.0, 0.006197360344231129, 0.007196885067969561, 0.007849892601370811, 0.007441249676048756, 0.01513277180492878, 0.015460966154932976], "(3, 9, 1, 1)": [0.023388095200061798, 0.027600271627306938, 0.028365595266222954, 0.026855893433094025, 0.0265079066157341, 0.02833346091210842, 0.02394000068306923, 0.02800949104130268, 0.02796173468232155], "(3, 8, 1, 1)": [0.03144842013716698, 0.024000979959964752, 0.030450213700532913, 0.030121982097625732, 0.028967764228582382, 0.030017515644431114, 0.029245801270008087, 0.030587296932935715, 0.028997071087360382], "(3, 10, 1, 2)": [0.011864307336509228, 0.005655736196786165, 0.026158826425671577, 0.022860048338770866, 0.014125881716609001, 0.012321308255195618, 0.019797692075371742, 0.018919531255960464, 0.01289006881415844], "(2, 10, 1, 2)": [0.012601938098669052, 0.014887697994709015, 0.012519078329205513, 0.00939788855612278, 0.009569093585014343, 0.01596270315349102, 0.012911250814795494, 0.017594972625374794, 0.010323379188776016], "(2, 10, 1, 1)": [0.023823227733373642, 0.016044821590185165, 0.01745755784213543, 0.01362413540482521, 0.02240467071533203, 0.022263534367084503, 0.01700953021645546, 0.023521704599261284, 0.016012627631425858], "(2, 9, 1, 1)": [0.02985510230064392, 0.03022964857518673, 0.03056972846388817, 0.02998105064034462, 0.02843656949698925, 0.028711440041661263, 0.02910725399851799, 0.027491839602589607, 0.028410213068127632], "(2, 8, 1, 1)": [0.03203333169221878, 0.031067674979567528, 0.029847277328372, 0.03126028925180435, 0.030943825840950012, 0.030257560312747955, 0.031009618192911148, 0.03168826550245285, 0.030277710407972336], "(2, 6, 1, 1)": [0.03141722083091736, 0.03176892176270485, 0.03179612010717392, 0.03152274340391159, 0.03156336396932602, 0.030010323971509933, 0.03145256265997887, 0.030887577682733536, 0.03072972409427166],