{"q_values": {"(3, 10, 2, 2)": [0.0, 0.0, 0.0, 0.0, 0.0, 0.0, 0.0, -0.021764028817415237, 0.0, 0.0, 0.0], "(3, 9, 2, 2)": [0.0, 0.009594802532345056, 0.006210950389504432, 0.0, 0.0, 0.0, 0.00989746107507497, 0.0, 0.0, 0.009755891819670796, 0.009159965179860593], "(3, 8, 2, 2)": [0.009989941297817976, 0.0, 0.0, 0.0, 0.0, 0.0, 0.0, 0.0, 0.0, 0.0, 0.0], "(2, 8, 2, 2)": [0.010103110949580744, 0.0, 0.010293255818921812, 0.0, 0.0, 0.0, 0.0, 0.0, 0.0, 0.0, 0.0], "(2, 7, 2, 2)": [0.0, 0.0, 0.0, 0.0, 0.0, 0.0, 0.0, 0.0, 0.0, 0.0, 0.01088614046506389], "(2, 6, 2, 2)": [0.011031156087130605, 0.0, 0.011033343551256099, 0.011034351117390775, 0.0, 0.0, 0.0, 0.010963699251346095, 0.0, 0.011070558210632235, 0.01100639649032874], "(2, 6, 1, 1)": [0.0, 0.011049400041285982, 0.011090929094781952, 0.0, 0.011069401674308681, 0.0, 0.011109778293021176, 0.0, 0.011080713424467094, 0.011026466101705355, 0.011045000742147152], "(2, 5, 2, 2)": [0.011079103804206156, 0.0, 0.0, 0.0, 0.0, 0.0, 0.011060030863342216, 0.011110070174241276, 0.01109163395141864, 0.0, 0.0], "(2, 4, 2, 2)": [0.0, 0.0, 0.0, 0.011020174968307966, 0.0, 0.0, 0.010795825955244965, 0.0, 0.0, 0.01095905460149703, 0.0], "(2, 3, 2, 2)": [0.0, 0.0, 0.0, 0.0, 0.010450304029495714, 0.0, 0.01037591955168159, 0.010413832823744536, 0.0, 0.010506766941261264, 0.0], "(2, 3, 1, 1)": [0.0, 0.0, 0.0, 0.0, 0.0, 0.0, 0.0, 0.010492934523968501, 0.010352902932567508, 0.010352698609094133, 0.0], "(2, 4, 1, 1)": [0.010611336925521355, 0.0, 0.0, 0.0, 0.010791370982914118, 0.0, 0.0, 0.010867781598368183, 0.0, 0.0, 0.0], "(2, 5, 1, 1)": [0.0, 0.010940222222010184, 0.0, 0.011091773266360502, 0.0, 0.0, 0.0, 0.011064185373637478, 0.0, 0.0, 0.0]}, "n_values": {"(3, 10, 2, 2)": [0.0, 0.0, 0.0, 0.0, 0.0, 0.0, 0.0, 1.0, 0.0, 0.0, 0.0], "(3, 9, 2, 2)": [0.0, 1.0, 1.0, 0.0, 0.0, 0.0, 1.0, 0.0, 0.0, 1.0, 1.0], "(3, 8, 2, 2)": [1.0, 0.0, 0.0, 0.0, 0.0, 0.0, 0.0, 0.0, 0.0, 0.0, 0.0], "(2, 8, 2, 2)": [1.0, 0.0, 1.0, 0.0, 0.0, 0.0, 0.0, 0.0, 0.0, 0.0, 0.0], "(2, 7, 2, 2)": [0.0, 0.0, 0.0, 0.0, 0.0, 0.0, 0.0, 0.0, 0.0, 0.0, 1.0], "(2, 6, 2, 2)": [1.0, 0.0, 1.0, 1.0, 0.0, 0.0, 0.0, 1.0, 0.0, 1.0, 1.0], "(2, 6, 1, 1)": [0.0, 1.0, 1.0, 0.0, 1.0, 0.0, 1.0, 0.0, 1.0, 1.0, 1.0], "(2, 5, 2, 2)": [1.0, 0.0, 0.0, 0.0, 0.0, 0.0, 1.0, 1.0, 1.0, 0.0, 0.0], "(2, 4, 2, 2)": [0.0, 0.0, 0.0, 1.0, 0.0, 0.0, 1.0, 0.0, 0.0, 1.0, 0.0], "(2, 3, 2, 2)": [0.0, 0.0, 0.0, 0.0, 1.0, 0.0, 1.0, 1.0, 0.0, 1.0, 0.0], "(2, 3, 1, 1)": [0.0, 0.0, 0.0, 0.0, 0.0, 0.0, 0.0, 1.0, 1.0, 1.0, 0.0], "(2, 4, 1, 1)": [1.0, 0.0, 0.0, 0.0, 1.0, 0.0, 0.0, 1.0, 0.0, 0.0, 0.0], "(2, 5, 1, 1)": [0.0, 1.0, 0.0, 1.0, 0.0, 0.0, 0.0, 1.0, 0.0, 0.0, 0.0]}}