{"q_values": {"(1, 6, 2, 4)": [0.12098465859889984, 0.12293973565101624, 0.10284050554037094, 0.12488450855016708, 0.12208913266658783, 0.12654387950897217, 0.10572011768817902], "(1, 6, 1, 3)": [0.10582957416772842, 0.13503573834896088, 0.14001430571079254, 0.1371469348669052, 0.08814681321382523, 0.12137962132692337, 0.12967492640018463], "(1, 5, 1, 3)": [0.09508667886257172, 0.12722307443618774, 0.1347266286611557, 0.135779470205307, 0.12170922756195068, 0.13377393782138824, 0.12384624034166336], "(1, 5, 2, 4)": [0.12986958026885986, 0.12982060015201569, 0.11417321860790253, 0.13435648381710052, 0.12991736829280853, 0.12653054296970367, 0.13670670986175537], "(1, 6, 1, 4)": [0.0633707121014595, 0.02138432487845421, 0.059921033680438995, 0.06080920621752739, 0.09950276464223862, 0.09563279896974564, 0.09711870551109314], "(1, 7, 2, 4)": [0.10720653831958771, 0.10484488308429718, 0.08528699725866318, 0.10844218730926514, 0.10355474799871445, 0.09354843944311142, 0.07067927718162537], "(1, 7, 2, 5)": [0.021799396723508835, 0.011620566248893738, 0.03255727142095566, 0.03354347497224808, 0.01630794070661068, 0.01808043196797371, 0.03581580892205238], "(1, 8, 2, 4)": [0.06217878684401512, 0.0655299499630928, 0.05321688577532768, 0.04468454048037529, 0.06219876557588577, 0.06259509921073914, 0.051828011870384216], "(1, 9, 1, 4)": [0.003000000026077032, 0.009233538992702961, 0.0, 0.004234221298247576, 0.003000000026077032, 0.0209883451461792, 0.006339565850794315], "(1, 9, 2, 4)": [0.02344110608100891, 0.006536091677844524, 0.03814883902668953, 0.020158851519227028, -0.0002417466603219509, 0.03955867886543274, 0.02071392722427845], "(1, 4, 1, 4)": [0.03553752973675728, 0.03281383216381073, 0.0, 0.006255626678466797, 0.04709456488490105, 0.010316118597984314, 0.043991342186927795], "(1, 1, 1, 3)": [0.042773447930812836, 0.024404359981417656, 0.028502987697720528, 0.06418668478727341, 0.043501924723386765, 0.04947764426469803, 0.014164425432682037], "(1, 1, 2, 4)": [0.013647519052028656, 0.022059034556150436, 0.006154807284474373, 0.009551533497869968, 0.0, 0.033149346709251404, 0.01714167185127735], "(1, 7, 1, 4)": [0.06106779724359512, 0.1062212586402893, 0.06251563876867294, 0.09940985590219498, 0.08221901208162308, 0.09894908964633942, 0.09510085731744766], "(1, 7, 1, 3)": [0.09380492568016052, 0.11632916331291199, 0.09826923906803131, 0.09423043578863144, 0.09784957021474838, 0.08996209502220154, 0.09253332018852234], "(1, 8, 2, 5)": [0.03009594976902008, 0.00786997377872467, 0.04693812504410744, 0.03586132824420929, 0.029376234859228134, 0.027098409831523895, 0.046544454991817474], "(1, 8, 2, 3)": [0.0, 0.0, 0.012907472439110279, 0.0, 0.011772168800234795, 0.0, 0.0], "(1, 3, 1, 3)": [0.11189404875040054, 0.10994195193052292, 0.09146042168140411, 0.11248945444822311, 0.09955336898565292, 0.10954634845256805, 0.11290916055440903], "(1, 3, 1, 4)": [0.02405724860727787, 0.03578510135412216, 0.0, 0.0, 0.016850793734192848, 0.0, 0.0], "(1, 3, 2, 4)": [0.08658076077699661, 0.10168226063251495, 0.09578780084848404, 0.1002792939543724, 0.1003178060054779, 0.11532018333673477, 0.09173900634050369], "(1, 4, 2, 4)": [0.11384773254394531, 0.11618418991565704, 0.1374022364616394, 0.12198971211910248, 0.120424784719944, 0.12516698241233826, 0.09678054600954056], "(1, 9, 2, 5)": [0.029070045799016953, -0.005109000019729137, 0.014902864582836628, 0.00343062705360353, -0.006252878811210394, 0.02311895228922367, 0.049702808260917664], "(1, 4, 1, 3)": [0.096588134765625, 0.12109725177288055, 0.12112682312726974, 0.11703398823738098, 0.1167946383357048, 0.11102715134620667, 0.1187228113412857], "(1, 4, 2, 3)": [0.09922431409358978, 0.07720884680747986, 0.11403390020132065, 0.10099741071462631, 0.11520401388406754, 0.07585083693265915, 0.10856352746486664], "(1, 5, 2, 3)": [0.08938063681125641, 0.06748005747795105, 0.04465150088071823, 0.050730686634778976, 0.10289116203784943, 0.10739237815141678, 0.03175606578588486], "(1, 3, 2, 3)": [0.07105652242898941, 0.09682103246450424, 0.08600165694952011, 0.07097486406564713, 0.08835486322641373, 0.048874977976083755, 0.08770433813333511], "(1, 2, 1, 3)": [0.09555383026599884, 0.0913131833076477, 0.11330282688140869, 0.11010871082544327, 0.09441463649272919, 0.11536267399787903, 0.10661297291517258], "(1, 1, 2, 3)": [0.0206705741584301, 0.03892705962061882, 0.02676493301987648, 0.039571452885866165, 0.016092564910650253, 0.021353190764784813, 0.02248462289571762], "(1, 6, 2, 3)": [0.011962871998548508, 0.03605718910694122, 0.0, 0.0, 0.04314909875392914, 0.03704852983355522, 0.051271457225084305], "(1, 2, 2, 3)": [0.07021085172891617, 0.10358709841966629, 0.07933398336172104, 0.09404732286930084, 0.10805737972259521, 0.0785931795835495, 0.09842271357774734], "(1, 8, 1, 4)": [0.057574134320020676, 0.07600003480911255, 0.056799277663230896, 0.04589880257844925, 0.053416382521390915, 0.056419096887111664, 0.059674832969903946], "(1, 5, 1, 2)": [0.034745462238788605, 0.009451772086322308, 0.011111820116639137, 0.03368134796619415, 0.062364961951971054, 0.011343770660459995, 0.0], "(1, 4, 1, 2)": [0.021381070837378502, 0.013700056821107864, 0.003000000026077032, 0.014474594965577126, 0.0, 0.03023058921098709, 0.05569607764482498], "(1, 2, 2, 4)": [0.10400635004043579, 0.10967274010181427, 0.09395492076873779, 0.10023952275514603, 0.10163583606481552, 0.1026548370718956, 0.10364560782909393], "(1, 2, 1, 4)": [0.0, 0.0, 0.007232093717902899, 0.0, 0.03175295144319534, 0.028044646605849266, 0.030577857047319412], "(1, 7, 2, 3)": [0.007032230030745268, 0.010759714990854263, 0.044254571199417114, 0.0, 0.01885596290230751, 0.0, 0.05483683571219444], "(1, 2, 1, 2)": [0.05014325678348541, 0.041716933250427246, 0.0506986528635025, 0.053701870143413544, 0.04773634672164917, 0.06603846698999405, 0.06119605153799057], "(1, 5, 1, 4)": [0.03759400174021721, 0.013783884234726429, 0.09595398604869843, 0.0611676424741745, 0.0764688178896904, 0.06388210505247116, 0.10082026571035385], "(1, 3, 1, 2)": [0.03316524624824524, 0.024606812745332718, 0.04309792444109917, 0.049036771059036255, 0.014474594965577126, 0.05085478350520134, 0.038635000586509705], "(1, 1, 1, 2)": [0.032779768109321594, 0.0004398124583531171, 0.023142248392105103, 0.02232632413506508, 0.0074048456735908985, 0.004020622465759516, 0.0], "(1, 8, 1, 3)": [0.044210948050022125, 0.08792272955179214, 0.0849842056632042, 0.08205688744783401, 0.04852589964866638, 0.07618670910596848, 0.05864814296364784], "(1, 6, 2, 5)": [0.0458151251077652, 0.0, 0.0, 0.008850720711052418, 0.012383360415697098, 0.01901298575103283, 0.022152923047542572], "(1, 6, 1, 2)": [0.0, 0.006369099952280521, 0.0, 0.0, 0.020280413329601288, 0.0, 0.03427133709192276], "(1, 5, 2, 5)": [0.0, 0.0, 0.0, 0.008850720711052418, 0.007604964077472687, 0.0041556269861757755, 0.006334220990538597], "(1, 4, 2, 5)": [0.03752005845308304, 0.0, 0.0, 0.0, 0.0, 0.0, 0.0], "(1, 1, 1, 4)": [0.0, 0.0, 0.0, 0.0, 0.0, 0.0, 0.0], "(1, 9, 1, 3)": [0.0059910002164542675, 0.0, 0.0, 0.0, 0.0, 0.0262298621237278, 0.0]}}