{"q_values": {"(1, 6, 2, 4)": [0.9999897480010986, 0.9999901056289673, 0.9999901652336121, 0.9999889135360718, 0.9999883770942688, 0.9999824166297913, 0.9999890923500061], "(1, 6, 1, 3)": [0.9999901652336121, 0.9999901652336121, 0.9999901652336121, 0.9999901652336121, 0.9999901652336121, 0.9999900460243225, 0.9999901652336121], "(1, 5, 1, 3)": [0.999989926815033, 0.9999702572822571, 0.9999896287918091, 0.9999898672103882, 0.9999901056289673, 0.9999901652336121, 0.9999898076057434], "(1, 5, 2, 4)": [0.9999901652336121, 0.9999901056289673, 0.9999901056289673, 0.9999901652336121, 0.9999901652336121, 0.9999901652336121, 0.9999882578849792], "(1, 6, 1, 4)": [0.9999895691871643, 0.9999875426292419, 0.9992474913597107, 0.9999890923500061, 0.9999901652336121, 0.999983549118042, 0.999984622001648], "(1, 7, 2, 4)": [0.9999842047691345, 0.9999842047691345, 0.999872624874115, 0.999923825263977, 0.9999616146087646, 0.9999193549156189, 0.9999714493751526], "(1, 7, 2, 5)": [0.9996378421783447, 0.9905843138694763, 0.9984171390533447, 0.997100830078125, 0.9974700212478638, 0.9948182702064514, 0.9963604211807251], "(1, 8, 2, 4)": [0.9939882755279541, 0.9997172355651855, 0.9970043897628784, 0.9972899556159973, 0.9953480958938599, 0.9971371293067932, 0.9963449835777283], "(1, 9, 1, 4)": [0.989756166934967, 0.9936145544052124, 0.9816850423812866, 0.9861409664154053, 0.9804078936576843, 0.9792450070381165, 0.9778473377227783], "(1, 9, 2, 4)": [0.983173131942749, 0.9724531769752502, 0.9758106470108032, 0.9715852737426758, 0.9727987051010132, 0.9694515466690063, 0.9700033664703369], "(1, 4, 1, 4)": [0.9999901056289673, 0.9999843239784241, 0.9999803900718689, 0.9999899864196777, 0.9936901926994324, 0.9999901652336121, 0.9999901652336121], "(1, 1, 1, 3)": [0.9711326360702515, 0.9715938568115234, 0.9731109738349915, 0.9715812802314758, 0.9715617299079895, 0.9724835753440857, 0.9726008772850037], "(1, 1, 2, 4)": [0.9860605001449585, 0.9855436682701111, 0.9917357563972473, 0.9968535304069519, 0.9999378323554993, 0.9999376535415649, 0.9999421834945679], "(1, 7, 1, 4)": [0.9999900460243225, 0.9999854564666748, 0.9999699592590332, 0.9999544620513916, 0.9999005198478699, 0.9991694092750549, 0.9998568296432495], "(1, 7, 1, 3)": [0.9999881386756897, 0.9999901652336121, 0.990990161895752, 0.9999894499778748, 0.9999886751174927, 0.9999879598617554, 0.9999873638153076], "(1, 8, 2, 5)": [0.9972407221794128, 0.9767835140228271, 0.9745628237724304, 0.9550144672393799, 0.9764507412910461, 0.9767093062400818, 0.9558932185173035], "(1, 8, 2, 3)": [0.9999883770942688, 0.9287858605384827, 0.9373666048049927, 0.9913527369499207, 0.9877024292945862, 0.8446507453918457, 0.9574931859970093], "(1, 3, 1, 3)": [0.9992145895957947, 0.9981603622436523, 0.9992476105690002, 0.9987964630126953, 0.9982661604881287, 0.9998348355293274, 0.9984251260757446], "(1, 3, 1, 4)": [0.9998921155929565, 0.9994580149650574, 0.9987197518348694, 0.999901533126831, 0.999927282333374, 0.9999718070030212, 0.9999901652336121], "(1, 3, 2, 4)": [0.9999098777770996, 0.9999531507492065, 0.9999293088912964, 0.9999843835830688, 0.9984583258628845, 0.9999901652336121, 0.9999901652336121], "(1, 4, 2, 4)": [0.9999887943267822, 0.9999898672103882, 0.9999896883964539, 0.9999896883964539, 0.9999030232429504, 0.9999901652336121, 0.9999901652336121], "(1, 9, 2, 5)": [0.9671037197113037, 0.7865314483642578, 0.8564090728759766, 0.9282113313674927, 0.8304633498191833, 0.8182245492935181, 0.8736240267753601], "(1, 4, 1, 3)": [0.999982476234436, 0.9994930624961853, 0.9999874234199524, 0.9999535083770752, 0.9999851584434509, 0.9999897480010986, 0.9998559951782227], "(1, 4, 2, 3)": [0.9999861717224121, 0.9999882578849792, 0.9998652338981628, 0.9999228715896606, 0.9998880624771118, 0.9999901652336121, 0.9909899234771729], "(1, 5, 2, 3)": [0.9999890923500061, 0.999988317489624, 0.9999890327453613, 0.9999898076057434, 0.9999901652336121, 0.9909893870353699, 0.9994713664054871], "(1, 3, 2, 3)": [0.9993208050727844, 0.997412383556366, 0.9992370009422302, 0.9996602535247803, 0.9990583062171936, 0.9993855357170105, 0.9998630881309509], "(1, 2, 1, 3)": [0.9906747937202454, 0.9892550110816956, 0.9885135889053345, 0.9880930185317993, 0.9955639243125916, 0.9932405948638916, 0.9895283579826355], "(1, 1, 2, 3)": [0.9752346277236938, 0.9666269421577454, 0.9739378094673157, 0.9759310483932495, 0.9883934855461121, 0.9757087826728821, 0.9753817915916443], "(1, 6, 2, 3)": [0.9999901652336121, 0.9999901652336121, 0.9999901652336121, 0.9999898672103882, 0.9999898672103882, 0.9999901056289673, 0.9999901652336121], "(1, 2, 2, 3)": [0.9900448322296143, 0.987453281879425, 0.991209864616394, 0.9876948595046997, 0.992973804473877, 0.9916011691093445, 0.9985700249671936], "(1, 8, 1, 4)": [0.9999774098396301, 0.9984531998634338, 0.9993771910667419, 0.9971627593040466, 0.9952780604362488, 0.9665847420692444, 0.9992426633834839], "(1, 5, 1, 2)": [0.9999707937240601, 0.9999885559082031, 0.999987781047821, 0.9999171495437622, 0.999987781047821, 0.9999849796295166, 0.9999901056289673], "(1, 4, 1, 2)": [0.9991983771324158, 0.9993435740470886, 0.998343825340271, 0.9997177124023438, 0.99984210729599, 0.999870777130127, 0.9999231100082397], "(1, 2, 2, 4)": [0.9994697570800781, 0.9998450875282288, 0.9993671774864197, 0.9999146461486816, 0.9995993375778198, 0.9999901652336121, 0.9997216463088989], "(1, 2, 1, 4)": [0.9820383191108704, 0.9948148727416992, 0.9873957633972168, 0.9787864685058594, 0.9939791560173035, 0.9999245405197144, 0.9955645203590393], "(1, 7, 2, 3)": [0.9989751577377319, 0.9999901652336121, 0.9992098808288574, 0.9857252836227417, 0.9991615414619446, 0.9976909756660461, 0.9995265007019043], "(1, 2, 1, 2)": [0.9756358861923218, 0.9806030988693237, 0.9820327162742615, 0.9774394631385803, 0.9726877212524414, 0.9806244969367981, 0.9877768158912659], "(1, 5, 1, 4)": [0.9999901652336121, 0.9999901652336121, 0.9999901056289673, 0.9999901652336121, 0.9999901652336121, 0.9999901652336121, 0.9999901652336121], "(1, 3, 1, 2)": [0.9945605993270874, 0.9956439137458801, 0.9949795007705688, 0.9918628931045532, 0.9895660281181335, 0.998760461807251, 0.9936986565589905], "(1, 1, 1, 2)": [0.9634466171264648, 0.9674944281578064, 0.963296115398407, 0.9560769200325012, 0.962709903717041, 0.9637107253074646, 0.9623058438301086], "(1, 8, 1, 3)": [0.9935123920440674, 0.9998666048049927, 0.9999842047691345, 0.9999392628669739, 0.9998716115951538, 0.9998727440834045, 0.9997584819793701], "(1, 6, 2, 5)": [0.9978776574134827, 0.9999774098396301, 0.9995684623718262, 0.9997900724411011, 0.9996182322502136, 0.9996846914291382, 0.9998524785041809], "(1, 6, 1, 2)": [0.9926711320877075, 0.9979243278503418, 0.9985112547874451, 0.99830162525177, 0.998290479183197, 0.9999244213104248, 0.9999901652336121], "(1, 5, 2, 5)": [0.999798595905304, 0.9999837279319763, 0.9985476732254028, 0.9998213052749634, 0.9988118410110474, 0.9998984336853027, 0.9989317655563354], "(1, 4, 2, 5)": [0.9999901652336121, 0.9963576197624207, 0.9963157176971436, 0.9998722672462463, 0.999805212020874, 0.9989306330680847, 0.9944940209388733], "(1, 1, 1, 4)": [0.6604989767074585, 0.7458253502845764, 0.9754239320755005, 0.57575923204422, 0.49009525775909424, 0.294283926486969, 0.3477066159248352], "(1, 9, 1, 3)": [0.999072790145874, 0.9999897480010986, 0.9935178756713867, 0.9981116056442261, 0.9963063597679138, 0.9898625612258911, 0.9906073808670044], "(1, 9, 2, 3)": [0.4999748170375824, 0.20740684866905212, 0.3473489582538605, 0.5407243967056274, 0.8145882487297058, 0.4775778651237488, 0.9724012017250061], "(1, 3, 2, 5)": [0.9883440732955933, 0.8764659762382507, 0.9851869940757751, 0.9999901652336121, 0.8614159226417542, 0.9780271649360657, 0.8134762048721313], "(1, 7, 1, 2)": [0.9498242735862732, 0.7723003625869751, 0.7566131949424744, 0.5627114772796631, 0.9999699592590332, 0.8432572484016418, 0.8625588417053223], "(1, 1, 1, 1)": [0.4072037935256958, 0.0, 0.0, 0.0, 0.0, 0.0, 0.0],