{"q_values": {"(1, 6, 2, 4)": [0.23176151514053345, 0.23567083477973938, 0.23414351046085358, 0.23863905668258667, 0.23766034841537476, 0.1883264183998108, 0.19557522237300873], "(1, 6, 1, 3)": [0.23492901027202606, 0.24835893511772156, 0.25016748905181885, 0.2256913185119629, 0.21127015352249146, 0.24114753305912018, 0.22480860352516174], "(1, 5, 1, 3)": [0.24229145050048828, 0.23170261085033417, 0.24321691691875458, 0.2515448331832886, 0.2489728182554245, 0.23015491664409637, 0.24361847341060638], "(1, 5, 2, 4)": [0.24702326953411102, 0.251325398683548, 0.25370657444000244, 0.2576633393764496, 0.241509810090065, 0.2556299567222595, 0.21971158683300018], "(1, 6, 1, 4)": [0.14498762786388397, 0.1472681611776352, 0.19630970060825348, 0.1466885805130005, 0.1413775384426117, 0.1737702190876007, 0.19309645891189575], "(1, 7, 2, 4)": [0.20603340864181519, 0.2057376652956009, 0.22994683682918549, 0.23339474201202393, 0.21451936662197113, 0.21129311621189117, 0.20195293426513672], "(1, 7, 2, 5)": [0.09356720000505447, 0.09335869550704956, 0.14698907732963562, 0.03354347497224808, 0.05043661594390869, 0.06300309300422668, 0.03581580892205238], "(1, 8, 2, 4)": [0.16573113203048706, 0.14373332262039185, 0.15332287549972534, 0.1718887984752655, 0.15167321264743805, 0.1687224805355072, 0.1613207757472992], "(1, 9, 1, 4)": [0.003000000026077032, 0.0429534837603569, 0.05130743607878685, 0.0715499222278595, 0.12286357581615448, 0.13683855533599854, 0.11284802854061127], "(1, 9, 2, 4)": [0.11688930541276932, 0.0826842412352562, 0.07496882230043411, 0.12318706512451172, 0.15124957263469696, 0.11524005979299545, 0.1621643453836441], "(1, 4, 1, 4)": [0.03553752973675728, 0.18187275528907776, 0.07873658835887909, 0.03383418172597885, 0.10421807318925858, 0.08233646303415298, 0.043991342186927795], "(1, 1, 1, 3)": [0.11187353730201721, 0.1072523444890976, 0.1501995027065277, 0.15625722706317902, 0.09899425506591797, 0.13284552097320557, 0.06672161817550659], "(1, 1, 2, 4)": [0.013647519052028656, 0.06978265941143036, 0.054617688059806824, 0.02651735581457615, 0.0, 0.06452587246894836, 0.03955535218119621], "(1, 7, 1, 4)": [0.2021598219871521, 0.2125094085931778, 0.18980395793914795, 0.1926959902048111, 0.19252382218837738, 0.17306457459926605, 0.18750755488872528], "(1, 7, 1, 3)": [0.16044148802757263, 0.22100096940994263, 0.2232397347688675, 0.22585831582546234, 0.2124633640050888, 0.20983964204788208, 0.21906092762947083], "(1, 8, 2, 5)": [0.12289582192897797, 0.11044411361217499, 0.08210277557373047, 0.06090483069419861, 0.054862745106220245, 0.0760718360543251, 0.08967447280883789], "(1, 8, 2, 3)": [0.0682104229927063, 0.0, 0.01586874946951866, 0.0, 0.07294011861085892, 0.07647193968296051, 0.06642045080661774], "(1, 3, 1, 3)": [0.17057159543037415, 0.1883487105369568, 0.1934741884469986, 0.18795403838157654, 0.18556395173072815, 0.1821652501821518, 0.18645375967025757], "(1, 3, 1, 4)": [0.08398132771253586, 0.03578510135412216, 0.04028138145804405, 0.0, 0.016850793734192848, 0.0, 0.0], "(1, 3, 2, 4)": [0.17692019045352936, 0.17691174149513245, 0.17991340160369873, 0.19440890848636627, 0.18943184614181519, 0.21420618891716003, 0.20069734752178192], "(1, 4, 2, 4)": [0.2306355983018875, 0.23436851799488068, 0.2529244124889374, 0.24227197468280792, 0.25292161107063293, 0.2537020444869995, 0.2542742192745209], "(1, 9, 2, 5)": [0.029070045799016953, -0.005109000019729137, 0.014902864582836628, 0.00343062705360353, 0.0480550080537796, 0.06097741425037384, 0.10473910719156265], "(1, 4, 1, 3)": [0.2275998890399933, 0.21551819145679474, 0.23245258629322052, 0.2444848120212555, 0.24047517776489258, 0.23431190848350525, 0.23939073085784912], "(1, 4, 2, 3)": [0.22107796370983124, 0.18030300736427307, 0.20446434617042542, 0.19739562273025513, 0.2409125119447708, 0.2404094934463501, 0.21475400030612946], "(1, 5, 2, 3)": [0.1847396194934845, 0.22326475381851196, 0.20576481521129608, 0.14456480741500854, 0.1975170373916626, 0.17428821325302124, 0.22417491674423218], "(1, 3, 2, 3)": [0.18832789361476898, 0.16434243321418762, 0.17546291649341583, 0.11620264500379562, 0.1673436462879181, 0.12748874723911285, 0.17731830477714539], "(1, 2, 1, 3)": [0.15353764593601227, 0.1755542904138565, 0.18600201606750488, 0.17909635603427887, 0.17402291297912598, 0.18986110389232635, 0.17244906723499298], "(1, 1, 2, 3)": [0.04513522982597351, 0.1273909956216812, 0.07913748919963837, 0.08682741224765778, 0.03134740889072418, 0.04981464147567749, 0.04869657754898071], "(1, 6, 2, 3)": [0.22315287590026855, 0.10813440382480621, 0.11228148639202118, 0.09870314598083496, 0.1715989112854004, 0.16607777774333954, 0.14781752228736877], "(1, 2, 2, 3)": [0.18504196405410767, 0.17688490450382233, 0.15743203461170197, 0.17426352202892303, 0.16178792715072632, 0.1677815467119217, 0.17750591039657593], "(1, 8, 1, 4)": [0.1397620439529419, 0.14043481647968292, 0.14859789609909058, 0.13127078115940094, 0.13463081419467926, 0.14635950326919556, 0.1256275773048401], "(1, 5, 1, 2)": [0.034745462238788605, 0.06402445584535599, 0.03884575888514519, 0.1191619336605072, 0.09450331330299377, 0.06842882931232452, 0.0], "(1, 4, 1, 2)": [0.08863673359155655, 0.08254476636648178, 0.003000000026077032, 0.04770845174789429, 0.029325110837817192, 0.03023058921098709, 0.05569607764482498], "(1, 2, 2, 4)": [0.18910302221775055, 0.1825372278690338, 0.17332179844379425, 0.16656075417995453, 0.16428229212760925, 0.18820996582508087, 0.1626979559659958], "(1, 2, 1, 4)": [0.04473445191979408, 0.14645667374134064, 0.11990542709827423, 0.0, 0.08622683584690094, 0.07812537252902985, 0.07275190949440002], "(1, 7, 2, 3)": [0.060710012912750244, 0.06589337438344955, 0.13919062912464142, 0.026664502918720245, 0.01885596290230751, 0.0, 0.07967846095561981], "(1, 2, 1, 2)": [0.11935921758413315, 0.11280116438865662, 0.11759766936302185, 0.10642159730195999, 0.09790052473545074, 0.12230454385280609, 0.16507044434547424], "(1, 5, 1, 4)": [0.084187813103199, 0.1163058876991272, 0.11803808808326721, 0.0611676424741745, 0.17145125567913055, 0.15083953738212585, 0.2095990628004074], "(1, 3, 1, 2)": [0.10417024791240692, 0.10903400182723999, 0.08175915479660034, 0.11982932686805725, 0.1172826811671257, 0.16208675503730774, 0.038635000586509705], "(1, 1, 1, 2)": [0.057964958250522614, 0.0004398124583531171, 0.13008370995521545, 0.04952232912182808, 0.0074048456735908985, 0.0352131687104702, 0.053737614303827286], "(1, 8, 1, 3)": [0.13757622241973877, 0.1610202193260193, 0.1377292275428772, 0.1084182932972908, 0.15410059690475464, 0.1489849090576172, 0.14903172850608826], "(1, 6, 2, 5)": [0.1319681853055954, 0.0738758072257042, 0.06537575274705887, 0.12835586071014404, 0.050862908363342285, 0.05715733766555786, 0.03224731981754303], "(1, 6, 1, 2)": [0.031067484989762306, 0.006369099952280521, 0.0, 0.0, 0.020280413329601288, 0.0, 0.03427133709192276], "(1, 5, 2, 5)": [0.07024078071117401, 0.0, 0.0, 0.08063752204179764, 0.05287737399339676, 0.0041556269861757755, 0.031383298337459564], "(1, 4, 2, 5)": [0.07753694802522659, 0.0, 0.06848476827144623, 0.02694934420287609, 0.014143458567559719, 0.0, 0.014143458567559719], "(1, 1, 1, 4)": [0.00359852216206491, 0.0, 0.0, 0.0, 0.0, 0.0, 0.0], "(1, 9, 1, 3)": [0.052435800433158875, 0.0, 0.01857343316078186, 0.0, 0.0, 0.05898919701576233, 0.0], "(1, 9, 2, 3)": [0.0, 0.0, 0.0, 0.0, 0.0, 0.0, 0.0], "(1, 3, 2, 5)": [0.0, 0.0, 0.026028474792838097, 0.0, 0.0, 0.0, 0.003000000026077032], "(1, 7, 1, 2)": [0.0, 0.0, 0.0, 0.0, 0.0, 0.06938809156417847, 0.0]}}