{"q_values": {"(1, 6, 2, 4)": [0.6473098993301392, 0.6285343766212463, 0.6418473720550537, 0.6343085765838623, 0.6373379230499268, 0.6319776773452759, 0.6191115975379944], "(1, 6, 1, 3)": [0.5835610628128052, 0.6487791538238525, 0.6546289324760437, 0.6591234803199768, 0.6518588066101074, 0.6427007913589478, 0.6504249572753906], "(1, 5, 1, 3)": [0.654481828212738, 0.6549986600875854, 0.6551512479782104, 0.6574286818504333, 0.645494818687439, 0.650225818157196, 0.6471890211105347], "(1, 5, 2, 4)": [0.6406346559524536, 0.6482212543487549, 0.6406996846199036, 0.6452670097351074, 0.6499032974243164, 0.6404027342796326, 0.6349973678588867], "(1, 6, 1, 4)": [0.6552232503890991, 0.6059226393699646, 0.6291596293449402, 0.6325981616973877, 0.6262364983558655, 0.643415629863739, 0.6018869876861572], "(1, 7, 2, 4)": [0.6151115298271179, 0.6323651075363159, 0.6226044297218323, 0.6137562394142151, 0.6161500811576843, 0.608107328414917, 0.6105443835258484], "(1, 7, 2, 5)": [0.42929139733314514, 0.6091341376304626, 0.5215121507644653, 0.555050790309906, 0.5119384527206421, 0.538329541683197, 0.49895891547203064], "(1, 8, 2, 4)": [0.5946978330612183, 0.5723652243614197, 0.5931276082992554, 0.5903211832046509, 0.5657524466514587, 0.5842856168746948, 0.5241540670394897], "(1, 9, 1, 4)": [0.43903475999832153, 0.356260746717453, 0.44152817130088806, 0.5086719393730164, 0.4528501331806183, 0.44163718819618225, 0.5158507227897644], "(1, 9, 2, 4)": [0.5178094506263733, 0.4706200957298279, 0.5582115650177002, 0.55973881483078, 0.5372151136398315, 0.5433297753334045, 0.563774049282074], "(1, 4, 1, 4)": [0.6002720594406128, 0.597118079662323, 0.5465373992919922, 0.513098418712616, 0.4935010075569153, 0.5739734172821045, 0.6232719421386719], "(1, 1, 1, 3)": [0.5426169633865356, 0.5419058203697205, 0.5218345522880554, 0.5203619003295898, 0.4563814699649811, 0.5422255992889404, 0.5505001544952393], "(1, 1, 2, 4)": [0.2793479263782501, 0.4793602526187897, 0.21854570508003235, 0.2978702783584595, 0.2042170614004135, 0.2416914403438568, 0.38142815232276917], "(1, 7, 1, 4)": [0.6316425204277039, 0.6264796257019043, 0.6215810775756836, 0.6212543845176697, 0.6146250367164612, 0.5840634703636169, 0.6119785904884338], "(1, 7, 1, 3)": [0.6381235718727112, 0.6453010439872742, 0.6370560526847839, 0.6379672288894653, 0.6331738233566284, 0.6247662901878357, 0.6206470727920532], "(1, 8, 2, 5)": [0.5020566582679749, 0.5212903022766113, 0.42717012763023376, 0.4749017357826233, 0.415946364402771, 0.43052318692207336, 0.4566190838813782], "(1, 8, 2, 3)": [0.4860242009162903, 0.0, 0.01586874946951866, 0.08541399985551834, 0.36331838369369507, 0.1367684006690979, 0.4241856336593628], "(1, 3, 1, 3)": [0.6196178197860718, 0.6387580037117004, 0.6346079111099243, 0.6432570219039917, 0.644301176071167, 0.623632550239563, 0.6378582119941711], "(1, 3, 1, 4)": [0.5293674468994141, 0.2876227796077728, 0.4627893567085266, 0.35703057050704956, 0.25657030940055847, 0.4698156416416168, 0.5466217994689941], "(1, 3, 2, 4)": [0.6440593004226685, 0.6511110663414001, 0.6528071761131287, 0.6549413204193115, 0.6514718532562256, 0.648546576499939, 0.6475542187690735], "(1, 4, 2, 4)": [0.6213215589523315, 0.634320855140686, 0.6403743624687195, 0.6423692107200623, 0.6367896199226379, 0.6418325304985046, 0.6201069951057434], "(1, 9, 2, 5)": [0.39879754185676575, 0.3234143853187561, 0.4680114686489105, 0.1433926820755005, 0.4741266965866089, 0.37596818804740906, 0.2715465724468231], "(1, 4, 1, 3)": [0.6160764098167419, 0.6294183135032654, 0.6490829586982727, 0.6463603973388672, 0.630467414855957, 0.631851851940155, 0.6429036855697632], "(1, 4, 2, 3)": [0.6092360019683838, 0.5800653696060181, 0.6328843235969543, 0.5744452476501465, 0.5895223617553711, 0.5885640978813171, 0.5881713628768921], "(1, 5, 2, 3)": [0.5790085792541504, 0.5914278030395508, 0.5802966952323914, 0.543300986289978, 0.5866020321846008, 0.5721378326416016, 0.6165436506271362], "(1, 3, 2, 3)": [0.6409186124801636, 0.6374900341033936, 0.6407222747802734, 0.643089771270752, 0.6240328550338745, 0.6471115350723267, 0.6526626944541931], "(1, 2, 1, 3)": [0.6012901663780212, 0.6121563911437988, 0.6062787771224976, 0.6085959076881409, 0.5960689187049866, 0.6116098761558533, 0.6298251152038574], "(1, 1, 2, 3)": [0.5729555487632751, 0.5347522497177124, 0.4328432083129883, 0.5209767818450928, 0.4202522933483124, 0.47434183955192566, 0.3993808925151825], "(1, 6, 2, 3)": [0.6151909232139587, 0.4773404896259308, 0.4887106418609619, 0.4877801239490509, 0.40620407462120056, 0.5125331878662109, 0.5678199529647827], "(1, 2, 2, 3)": [0.5739210247993469, 0.5806440114974976, 0.5945534706115723, 0.6070191264152527, 0.6154918670654297, 0.6142390966415405, 0.6249852180480957], "(1, 8, 1, 4)": [0.6007154583930969, 0.5817185044288635, 0.5882272124290466, 0.5917291045188904, 0.5835915207862854, 0.5869909524917603, 0.5640357136726379], "(1, 5, 1, 2)": [0.14408232271671295, 0.08320821821689606, 0.27709147334098816, 0.279906302690506, 0.40282803773880005, 0.4027443528175354, 0.36388880014419556], "(1, 4, 1, 2)": [0.5050978660583496, 0.4498998820781708, 0.42238378524780273, 0.4267592430114746, 0.5126805901527405, 0.34588438272476196, 0.5912652015686035], "(1, 2, 2, 4)": [0.6018912196159363, 0.6064659357070923, 0.6125789880752563, 0.6097958087921143, 0.6021074652671814, 0.6444348096847534, 0.6115939617156982], "(1, 2, 1, 4)": [0.3739396035671234, 0.4193958640098572, 0.21073365211486816, 0.15409892797470093, 0.13723525404930115, 0.2013540267944336, 0.2549978494644165], "(1, 7, 2, 3)": [0.3487565219402313, 0.5768046975135803, 0.4948181211948395, 0.46727126836776733, 0.42078840732574463, 0.47217121720314026, 0.5207798480987549], "(1, 2, 1, 2)": [0.5067154169082642, 0.4223421812057495, 0.43380701541900635, 0.44782209396362305, 0.4640282690525055, 0.5321166515350342, 0.5131677389144897], "(1, 5, 1, 4)": [0.6471765637397766, 0.6197646260261536, 0.6034517884254456, 0.5485234260559082, 0.5934116244316101, 0.6125208139419556, 0.6043899655342102], "(1, 3, 1, 2)": [0.4200346767902374, 0.46420589089393616, 0.46702200174331665, 0.4019201099872589, 0.5037233233451843, 0.5790471434593201, 0.5644009113311768], "(1, 1, 1, 2)": [0.34384843707084656, 0.3546485900878906, 0.4954112768173218, 0.1761576533317566, 0.12859463691711426, 0.29650112986564636, 0.4465641677379608], "(1, 8, 1, 3)": [0.5872839689254761, 0.5977416038513184, 0.602019190788269, 0.59164959192276, 0.5975316166877747, 0.5818188786506653, 0.5823960900306702], "(1, 6, 2, 5)": [0.5978518724441528, 0.5892189741134644, 0.4229232668876648, 0.483154833316803, 0.44156020879745483, 0.5227512121200562, 0.5276171565055847], "(1, 6, 1, 2)": [0.06547928601503372, 0.1493309885263443, 0.0, 0.04373204708099365, 0.13714492321014404, 0.2761377990245819, 0.5284709930419922], "(1, 5, 2, 5)": [0.5399356484413147, 0.41086384654045105, 0.5618351697921753, 0.4531267285346985, 0.36660611629486084, 0.43161633610725403, 0.4193371534347534], "(1, 4, 2, 5)": [0.5717923045158386, 0.18952825665473938, 0.40477263927459717, 0.3077734112739563, 0.37835150957107544, 0.3050083816051483, 0.333858847618103], "(1, 1, 1, 4)": [0.00359852216206491, 0.31472355127334595, 0.0, 0.0, 0.0, 0.0, 0.09295643866062164], "(1, 9, 1, 3)": [0.26318150758743286, 0.40005624294281006, 0.3824603855609894, 0.22297582030296326, 0.33141303062438965, 0.2936519682407379, 0.4737173318862915], "(1, 9, 2, 3)": [0.0, 0.0, 0.0, 0.0, 0.11501756310462952, 0.0, 0.0], "(1, 3, 2, 5)": [0.299248069524765, 0.10837093740701675, 0.1284547597169876, 0.0, 0.12976156175136566, 0.21796488761901855, 0.11156661063432693], "(1, 7, 1, 2)": [0.0, 0.0, 0.0, 0.10792289674282074, 0.13971596956253052, 0.3535788655281067, 0.18260031938552856]}}