{"q_values": {"(1, 6, 2, 4)": [0.4644675850868225, 0.46187037229537964, 0.4702240824699402, 0.46130114793777466, 0.46617522835731506, 0.4524815082550049, 0.41670411825180054], "(1, 6, 1, 3)": [0.4033990800380707, 0.4916406273841858, 0.4832049310207367, 0.49331191182136536, 0.48783358931541443, 0.46705180406570435, 0.47417834401130676], "(1, 5, 1, 3)": [0.4255897104740143, 0.4566444754600525, 0.4928819537162781, 0.4881690442562103, 0.4846861958503723, 0.46226468682289124, 0.49813365936279297], "(1, 5, 2, 4)": [0.49065521359443665, 0.48821383714675903, 0.4996212124824524, 0.48034363985061646, 0.5037435293197632, 0.508668839931488, 0.4894022047519684], "(1, 6, 1, 4)": [0.4801507294178009, 0.4204655587673187, 0.4004291296005249, 0.4307733476161957, 0.4400924742221832, 0.4307374358177185, 0.4081842005252838], "(1, 7, 2, 4)": [0.4402000904083252, 0.44608452916145325, 0.44813263416290283, 0.4373634159564972, 0.43573689460754395, 0.4382607042789459, 0.3909188210964203], "(1, 7, 2, 5)": [0.15514497458934784, 0.36958128213882446, 0.32076627016067505, 0.2599444091320038, 0.3062933087348938, 0.15132157504558563, 0.16808052361011505], "(1, 8, 2, 4)": [0.43051549792289734, 0.3849656879901886, 0.4097890257835388, 0.41346287727355957, 0.4104137718677521, 0.4218779504299164, 0.36030223965644836], "(1, 9, 1, 4)": [0.14030010998249054, 0.09193074703216553, 0.30946168303489685, 0.23228763043880463, 0.22350703179836273, 0.2747025787830353, 0.3605923354625702], "(1, 9, 2, 4)": [0.29257577657699585, 0.31248751282691956, 0.33539503812789917, 0.38460397720336914, 0.2904147207736969, 0.30952370166778564, 0.3621975779533386], "(1, 4, 1, 4)": [0.4433196783065796, 0.30204394459724426, 0.3505362868309021, 0.21357667446136475, 0.4036802649497986, 0.27597346901893616, 0.4520409405231476], "(1, 1, 1, 3)": [0.3059435188770294, 0.38142871856689453, 0.31098923087120056, 0.2755083739757538, 0.27916038036346436, 0.3732362389564514, 0.28594970703125], "(1, 1, 2, 4)": [0.13892865180969238, 0.289185494184494, 0.21854570508003235, 0.18670043349266052, 0.2042170614004135, 0.08874852955341339, 0.1027514636516571], "(1, 7, 1, 4)": [0.4579712748527527, 0.44210630655288696, 0.40774422883987427, 0.42346489429473877, 0.4169660210609436, 0.3773273229598999, 0.4358888566493988], "(1, 7, 1, 3)": [0.4715964198112488, 0.47082364559173584, 0.48496711254119873, 0.4794740676879883, 0.46650487184524536, 0.46199849247932434, 0.45980697870254517], "(1, 8, 2, 5)": [0.36411845684051514, 0.325186550617218, 0.11668577790260315, 0.2238004058599472, 0.2146824151277542, 0.25459834933280945, 0.2755312919616699], "(1, 8, 2, 3)": [0.27748823165893555, 0.0, 0.01586874946951866, 0.0, 0.1545412540435791, 0.1367684006690979, 0.23996317386627197], "(1, 3, 1, 3)": [0.4103541970252991, 0.45452961325645447, 0.4460761547088623, 0.4317202568054199, 0.43413710594177246, 0.43938300013542175, 0.46201324462890625], "(1, 3, 1, 4)": [0.364102840423584, 0.17907112836837769, 0.27643027901649475, 0.11140507459640503, 0.1180943176150322, 0.1888347864151001, 0.2975664734840393], "(1, 3, 2, 4)": [0.4718180298805237, 0.456023246049881, 0.46505242586135864, 0.4684465825557709, 0.46888768672943115, 0.47538530826568604, 0.49112236499786377], "(1, 4, 2, 4)": [0.5079619288444519, 0.5064022541046143, 0.5063791871070862, 0.5096995234489441, 0.5147660374641418, 0.5144193768501282, 0.4991699755191803], "(1, 9, 2, 5)": [0.09628920257091522, 0.05701737850904465, 0.1430891752243042, 0.1433926820755005, 0.2637414336204529, 0.12956202030181885, 0.16420111060142517], "(1, 4, 1, 3)": [0.4510996639728546, 0.48141393065452576, 0.47564399242401123, 0.4953336715698242, 0.5034867525100708, 0.49247318506240845, 0.4921708405017853], "(1, 4, 2, 3)": [0.46252429485321045, 0.48559531569480896, 0.48248544335365295, 0.4918963611125946, 0.4897494912147522, 0.457949161529541, 0.5076339244842529], "(1, 5, 2, 3)": [0.4430869519710541, 0.4476156234741211, 0.4548092484474182, 0.45816129446029663, 0.46565017104148865, 0.4511069655418396, 0.48277223110198975], "(1, 3, 2, 3)": [0.41823524236679077, 0.413597047328949, 0.4109727144241333, 0.3418722152709961, 0.4490969777107239, 0.39238858222961426, 0.433696985244751], "(1, 2, 1, 3)": [0.3836092948913574, 0.3830319344997406, 0.3758404552936554, 0.38875794410705566, 0.3729296326637268, 0.40467020869255066, 0.42101648449897766], "(1, 1, 2, 3)": [0.277434378862381, 0.2480991780757904, 0.2492789477109909, 0.2963503301143646, 0.2454911470413208, 0.2658775746822357, 0.1652602255344391], "(1, 6, 2, 3)": [0.45351076126098633, 0.37346208095550537, 0.4406314194202423, 0.3201769292354584, 0.25636669993400574, 0.40811797976493835, 0.35690557956695557], "(1, 2, 2, 3)": [0.3941609561443329, 0.34766730666160583, 0.37342607975006104, 0.3974004089832306, 0.29136180877685547, 0.4327295124530792, 0.3991486728191376], "(1, 8, 1, 4)": [0.44651418924331665, 0.4291108250617981, 0.4332020580768585, 0.31349360942840576, 0.3808826208114624, 0.3775387108325958, 0.3953034281730652], "(1, 5, 1, 2)": [0.14408232271671295, 0.08320821821689606, 0.09699270874261856, 0.15736344456672668, 0.22742736339569092, 0.2597167491912842, 0.13784444332122803], "(1, 4, 1, 2)": [0.2052256017923355, 0.28080523014068604, 0.26340451836586, 0.3224063217639923, 0.3097988963127136, 0.2384677529335022, 0.38805127143859863], "(1, 2, 2, 4)": [0.4123882055282593, 0.4102269411087036, 0.40389400720596313, 0.4294329881668091, 0.4355238676071167, 0.43392273783683777, 0.4378068149089813], "(1, 2, 1, 4)": [0.1528373658657074, 0.29510581493377686, 0.21073365211486816, 0.09064643085002899, 0.13723525404930115, 0.07812537252902985, 0.2549978494644165], "(1, 7, 2, 3)": [0.26468655467033386, 0.30484724044799805, 0.38882264494895935, 0.2194497287273407, 0.289259672164917, 0.26756998896598816, 0.2581646144390106], "(1, 2, 1, 2)": [0.2839260399341583, 0.23627442121505737, 0.21409140527248383, 0.21231041848659515, 0.2871694266796112, 0.32462310791015625, 0.32362210750579834], "(1, 5, 1, 4)": [0.4201555550098419, 0.4313428997993469, 0.41167187690734863, 0.37046608328819275, 0.4201887547969818, 0.4328577220439911, 0.4672706723213196], "(1, 3, 1, 2)": [0.2637161612510681, 0.3233240842819214, 0.2900095582008362, 0.33139482140541077, 0.258172869682312, 0.38274604082107544, 0.2358405441045761], "(1, 1, 1, 2)": [0.2346254289150238, 0.16693921387195587, 0.18771551549434662, 0.1761576533317566, 0.12859463691711426, 0.0352131687104702, 0.26493725180625916], "(1, 8, 1, 3)": [0.4502875804901123, 0.45466211438179016, 0.4655227065086365, 0.4135761559009552, 0.4366772770881653, 0.4012397527694702, 0.41038987040519714], "(1, 6, 2, 5)": [0.33525726199150085, 0.12403130531311035, 0.2447933852672577, 0.284993052482605, 0.19290462136268616, 0.2135908603668213, 0.2749425172805786], "(1, 6, 1, 2)": [0.06547928601503372, 0.006369099952280521, 0.0, 0.04373204708099365, 0.13714492321014404, 0.1240384578704834, 0.2988598346710205], "(1, 5, 2, 5)": [0.24596649408340454, 0.27048158645629883, 0.3365958034992218, 0.08063752204179764, 0.22807635366916656, 0.10548034310340881, 0.06480568647384644], "(1, 4, 2, 5)": [0.4000459313392639, 0.18952825665473938, 0.2711598873138428, 0.18917152285575867, 0.014143458567559719, 0.21629643440246582, 0.10539308935403824], "(1, 1, 1, 4)": [0.00359852216206491, 0.0704319030046463, 0.0, 0.0, 0.0, 0.0, 0.09295643866062164], "(1, 9, 1, 3)": [0.10388094186782837, 0.0, 0.06751278042793274, 0.0, 0.15261468291282654, 0.09781213104724884, 0.2894883155822754], "(1, 9, 2, 3)": [0.0, 0.0, 0.0, 0.0, 0.11501756310462952, 0.0, 0.0], "(1, 3, 2, 5)": [0.0, 0.10837093740701675, 0.1284547597169876, 0.0, 0.011354157701134682, 0.09194859862327576, 0.028128474950790405], "(1, 7, 1, 2)": [0.0, 0.0, 0.0, 0.10792289674282074, 0.13971596956253052, 0.270494282245636, 0.0]}}