{"q_values": {"(1, 6, 2, 4)": [0.7345389127731323, 0.7311354875564575, 0.7327929735183716, 0.7355824112892151, 0.7336384654045105, 0.733013391494751, 0.7176998257637024], "(1, 6, 1, 3)": [0.7390867471694946, 0.7357344627380371, 0.7442723512649536, 0.7411330938339233, 0.7331651449203491, 0.7399258613586426, 0.7311709523200989], "(1, 5, 1, 3)": [0.7324185371398926, 0.7349769473075867, 0.7411314845085144, 0.7368950247764587, 0.7362964153289795, 0.7367433905601501, 0.7325744032859802], "(1, 5, 2, 4)": [0.7398212552070618, 0.7360668182373047, 0.7274937629699707, 0.7365047335624695, 0.7365006804466248, 0.7375684976577759, 0.7352428436279297], "(1, 6, 1, 4)": [0.7324344515800476, 0.7182549834251404, 0.7231870889663696, 0.7160747051239014, 0.7093199491500854, 0.7184387445449829, 0.6874436140060425], "(1, 7, 2, 4)": [0.7242644429206848, 0.7228115797042847, 0.7177892327308655, 0.7224478721618652, 0.7196008563041687, 0.7095350027084351, 0.7131487727165222], "(1, 7, 2, 5)": [0.5413085222244263, 0.6978299021720886, 0.5758140683174133, 0.592475950717926, 0.5864953398704529, 0.5689556002616882, 0.6365175843238831], "(1, 8, 2, 4)": [0.6967761516571045, 0.7141273021697998, 0.7079004049301147, 0.6946561932563782, 0.6976234912872314, 0.7158222198486328, 0.6843517422676086], "(1, 9, 1, 4)": [0.4639917016029358, 0.48330071568489075, 0.6179289221763611, 0.5816455483436584, 0.5736072659492493, 0.6264590620994568, 0.627049446105957], "(1, 9, 2, 4)": [0.6300939321517944, 0.639659583568573, 0.5203989744186401, 0.6232520937919617, 0.5736390352249146, 0.6064591407775879, 0.6595886945724487], "(1, 4, 1, 4)": [0.7126725912094116, 0.676626980304718, 0.6981196403503418, 0.6924624443054199, 0.7020097970962524, 0.645895779132843, 0.7409421801567078], "(1, 1, 1, 3)": [0.6369463801383972, 0.46990156173706055, 0.5607070326805115, 0.6160054206848145, 0.590664267539978, 0.5377426147460938, 0.5564145445823669], "(1, 1, 2, 4)": [0.3471141457557678, 0.500237762928009, 0.4436784088611603, 0.2978702783584595, 0.35773640871047974, 0.2416914403438568, 0.5693508386611938], "(1, 7, 1, 4)": [0.7185728549957275, 0.7306342124938965, 0.7024427652359009, 0.7150037884712219, 0.6818422079086304, 0.7045689821243286, 0.7101117372512817], "(1, 7, 1, 3)": [0.7373785376548767, 0.7347656488418579, 0.7293030023574829, 0.7300166487693787, 0.7214510440826416, 0.7297806739807129, 0.7222678661346436], "(1, 8, 2, 5)": [0.5020566582679749, 0.6278480887413025, 0.42717012763023376, 0.524137556552887, 0.5538675785064697, 0.5406556129455566, 0.5992621183395386], "(1, 8, 2, 3)": [0.5429311990737915, 0.0, 0.01586874946951866, 0.08541399985551834, 0.44787514209747314, 0.1367684006690979, 0.4241856336593628], "(1, 3, 1, 3)": [0.7010633945465088, 0.6967987418174744, 0.6836519837379456, 0.7021072506904602, 0.7020439505577087, 0.6944261789321899, 0.7122836709022522], "(1, 3, 1, 4)": [0.5807201266288757, 0.49796539545059204, 0.6197444796562195, 0.35703057050704956, 0.5235518217086792, 0.5428476333618164, 0.7227094173431396], "(1, 3, 2, 4)": [0.7091319561004639, 0.7116043567657471, 0.7195878624916077, 0.7312962412834167, 0.7230174541473389, 0.7305544018745422, 0.6780914664268494], "(1, 4, 2, 4)": [0.7341251969337463, 0.7295947670936584, 0.7396640777587891, 0.7372632026672363, 0.745981752872467, 0.7389935851097107, 0.7361233830451965], "(1, 9, 2, 5)": [0.4591166377067566, 0.3234143853187561, 0.4680114686489105, 0.29654768109321594, 0.5353949666023254, 0.5295982956886292, 0.3720492720603943], "(1, 4, 1, 3)": [0.7234935164451599, 0.7084393501281738, 0.7256917357444763, 0.7348353266716003, 0.7270675897598267, 0.726438581943512, 0.7405498027801514], "(1, 4, 2, 3)": [0.6092360019683838, 0.6387341618537903, 0.6641618013381958, 0.6090909242630005, 0.6498708724975586, 0.6497040390968323, 0.713104248046875], "(1, 5, 2, 3)": [0.7017807960510254, 0.6888717412948608, 0.6377211213111877, 0.6795058250427246, 0.6305608153343201, 0.6964148879051208, 0.6854225397109985], "(1, 3, 2, 3)": [0.6936689615249634, 0.6930630207061768, 0.6951380968093872, 0.6915127038955688, 0.6992015242576599, 0.7095370292663574, 0.6995572447776794], "(1, 2, 1, 3)": [0.6376484632492065, 0.6898702383041382, 0.6794711351394653, 0.6756797432899475, 0.697832465171814, 0.6745462417602539, 0.6956872344017029], "(1, 1, 2, 3)": [0.6201691627502441, 0.6094869375228882, 0.5038403868675232, 0.5950544476509094, 0.4691862165927887, 0.5575575828552246, 0.4942188858985901], "(1, 6, 2, 3)": [0.7027023434638977, 0.6199753284454346, 0.6020117402076721, 0.614992618560791, 0.6648692488670349, 0.5125331878662109, 0.6931009292602539], "(1, 2, 2, 3)": [0.6913852691650391, 0.6922957897186279, 0.67836594581604, 0.6957513093948364, 0.7014584541320801, 0.7058351039886475, 0.6857807040214539], "(1, 8, 1, 4)": [0.7178186178207397, 0.7242433428764343, 0.7110044360160828, 0.6960113644599915, 0.7104735374450684, 0.7043512463569641, 0.6649281978607178], "(1, 5, 1, 2)": [0.14408232271671295, 0.2930545508861542, 0.4585241675376892, 0.47078806161880493, 0.6568735837936401, 0.551318347454071, 0.5493195056915283], "(1, 4, 1, 2)": [0.6320739984512329, 0.5531639456748962, 0.5413438081741333, 0.5341397523880005, 0.6041474938392639, 0.525976300239563, 0.6974294185638428], "(1, 2, 2, 4)": [0.696418046951294, 0.7091312408447266, 0.7003730535507202, 0.7077763080596924, 0.7120048403739929, 0.7030280828475952, 0.7119861841201782], "(1, 2, 1, 4)": [0.3739396035671234, 0.4969206154346466, 0.33680564165115356, 0.15409892797470093, 0.3090992569923401, 0.2013540267944336, 0.2549978494644165], "(1, 7, 2, 3)": [0.623318076133728, 0.6865211725234985, 0.65205979347229, 0.5638667345046997, 0.6234189867973328, 0.47217121720314026, 0.6251538991928101], "(1, 2, 1, 2)": [0.6148491501808167, 0.3289295434951782, 0.5060403347015381, 0.5041608810424805, 0.5921292901039124, 0.5802191495895386, 0.6526124477386475], "(1, 5, 1, 4)": [0.7316978573799133, 0.7103100419044495, 0.6819184422492981, 0.7022933959960938, 0.7073285579681396, 0.6948739290237427, 0.7083764672279358], "(1, 3, 1, 2)": [0.5604859590530396, 0.5831136703491211, 0.5226289629936218, 0.5960692763328552, 0.5857577919960022, 0.6499205231666565, 0.601870059967041], "(1, 1, 1, 2)": [0.44515717029571533, 0.5665326714515686, 0.5524999499320984, 0.30336692929267883, 0.12859463691711426, 0.47378435730934143, 0.47569212317466736], "(1, 8, 1, 3)": [0.7179972529411316, 0.7163371443748474, 0.7287521362304688, 0.724938690662384, 0.7209742069244385, 0.7096225023269653, 0.7222689390182495], "(1, 6, 2, 5)": [0.6652904152870178, 0.7137389183044434, 0.6001758575439453, 0.6251651644706726, 0.4925803244113922, 0.6407433748245239, 0.670408308506012], "(1, 6, 1, 2)": [0.2057913839817047, 0.36065012216567993, 0.3065529763698578, 0.36604833602905273, 0.13714492321014404, 0.41239577531814575, 0.6297817230224609], "(1, 5, 2, 5)": [0.6536785960197449, 0.5614745616912842, 0.6936793923377991, 0.5658761262893677, 0.5113624930381775, 0.6094854474067688, 0.6374990940093994], "(1, 4, 2, 5)": [0.5717923045158386, 0.18952825665473938, 0.5631115436553955, 0.3077734112739563, 0.4802747368812561, 0.3985365033149719, 0.4065234959125519], "(1, 1, 1, 4)": [0.00359852216206491, 0.31472355127334595, 0.0, 0.0, 0.0, 0.0, 0.09295643866062164], "(1, 9, 1, 3)": [0.26318150758743286, 0.4512287378311157, 0.4591808021068573, 0.45303356647491455, 0.4849265217781067, 0.45462566614151, 0.5834806561470032], "(1, 9, 2, 3)": [0.29589006304740906, 0.0, 0.0, 0.0, 0.11501756310462952, 0.0, 0.0], "(1, 3, 2, 5)": [0.42655515670776367, 0.10837093740701675, 0.1284547597169876, 0.17282231152057648, 0.12976156175136566, 0.21796488761901855, 0.11156661063432693], "(1, 7, 1, 2)": [0.0, 0.0, 0.0, 0.10792289674282074, 0.13971596956253052, 0.45973914861679077, 0.18260031938552856], "(1, 1, 1, 1)": [0.16600960493087769, 0.0, 0.0, 0.0, 0.0, 0.0, 0.0]}}