{"q_values": {"(1, 6, 2, 4)": [0.9973722696304321, 0.9972918629646301, 0.9971625804901123, 0.9974971413612366, 0.9972925782203674, 0.9970817565917969, 0.9973355531692505], "(1, 6, 1, 3)": [0.997279703617096, 0.9967830777168274, 0.9973825216293335, 0.9973404407501221, 0.9973774552345276, 0.9972319602966309, 0.9973735809326172], "(1, 5, 1, 3)": [0.9963986873626709, 0.9963681101799011, 0.996880054473877, 0.9968001842498779, 0.9966661334037781, 0.9965986013412476, 0.996936559677124], "(1, 5, 2, 4)": [0.9968970417976379, 0.9970008730888367, 0.9971266984939575, 0.9969673752784729, 0.9969123601913452, 0.9969997406005859, 0.9967695474624634], "(1, 6, 1, 4)": [0.9973970055580139, 0.997360110282898, 0.9974071979522705, 0.9974513649940491, 0.9974116086959839, 0.9974305033683777, 0.9972328543663025], "(1, 7, 2, 4)": [0.9958850145339966, 0.9951646327972412, 0.9959968328475952, 0.9942516684532166, 0.9964945912361145, 0.9954061508178711, 0.9964450597763062], "(1, 7, 2, 5)": [0.9930883646011353, 0.8676594495773315, 0.9514670372009277, 0.9657764434814453, 0.8381558060646057, 0.9289398789405823, 0.923921525478363], "(1, 8, 2, 4)": [0.9932502508163452, 0.989788830280304, 0.9769986271858215, 0.978850245475769, 0.9868070483207703, 0.9875078201293945, 0.9875199794769287], "(1, 9, 1, 4)": [0.9185521006584167, 0.9207109808921814, 0.9495629072189331, 0.9395059943199158, 0.9383943676948547, 0.9640808701515198, 0.9600661993026733], "(1, 9, 2, 4)": [0.9043127298355103, 0.9530045390129089, 0.9478468894958496, 0.9526677131652832, 0.9589588642120361, 0.9469379186630249, 0.9504143595695496], "(1, 4, 1, 4)": [0.9952108860015869, 0.9943551421165466, 0.9949305057525635, 0.9944450259208679, 0.9928037524223328, 0.9932799935340881, 0.9965161681175232], "(1, 1, 1, 3)": [0.9238484501838684, 0.9530274868011475, 0.9534163475036621, 0.9589709043502808, 0.9547144174575806, 0.9631345272064209, 0.9488539695739746], "(1, 1, 2, 4)": [0.9017986059188843, 0.9415389895439148, 0.9116305708885193, 0.8109257221221924, 0.7094662189483643, 0.6823846697807312, 0.918941080570221], "(1, 7, 1, 4)": [0.996403157711029, 0.9973456263542175, 0.9969205856323242, 0.9963296055793762, 0.997278094291687, 0.9973204135894775, 0.9969209432601929], "(1, 7, 1, 3)": [0.9974648356437683, 0.9974571466445923, 0.9975214600563049, 0.9974068403244019, 0.9973762631416321, 0.9974039793014526, 0.9974420666694641], "(1, 8, 2, 5)": [0.9719026684761047, 0.9186319708824158, 0.9056277275085449, 0.8810842037200928, 0.8964006900787354, 0.9222902655601501, 0.906389057636261], "(1, 8, 2, 3)": [0.9937864542007446, 0.5788514614105225, 0.8723065257072449, 0.9290074706077576, 0.862576961517334, 0.778498113155365, 0.8303921222686768], "(1, 3, 1, 3)": [0.9920729994773865, 0.9903097748756409, 0.9939084053039551, 0.9941356182098389, 0.9903441071510315, 0.9910061955451965, 0.9952804446220398], "(1, 3, 1, 4)": [0.980972170829773, 0.9800819754600525, 0.9712851643562317, 0.9835398197174072, 0.9736162424087524, 0.9783132076263428, 0.9938196539878845], "(1, 3, 2, 4)": [0.9961763620376587, 0.9961811900138855, 0.9959495067596436, 0.9966634511947632, 0.9963158369064331, 0.9961003661155701, 0.9964080452919006], "(1, 4, 2, 4)": [0.9966367483139038, 0.9969184398651123, 0.9969116449356079, 0.9968886375427246, 0.9970410466194153, 0.9966597557067871, 0.996902585029602], "(1, 9, 2, 5)": [0.9390376210212708, 0.5963811278343201, 0.807813286781311, 0.7248734831809998, 0.6852480173110962, 0.7532739639282227, 0.6899329423904419], "(1, 4, 1, 3)": [0.9961788654327393, 0.9956175088882446, 0.9963648915290833, 0.9963957071304321, 0.9958215355873108, 0.9960897564888, 0.9965983629226685], "(1, 4, 2, 3)": [0.9959549903869629, 0.9957793951034546, 0.9953612685203552, 0.9959678053855896, 0.9961550831794739, 0.9961524605751038, 0.996921181678772], "(1, 5, 2, 3)": [0.995834231376648, 0.9957587718963623, 0.9962360262870789, 0.996185839176178, 0.995834231376648, 0.9957026839256287, 0.9967367649078369], "(1, 3, 2, 3)": [0.9925355911254883, 0.994970977306366, 0.9953314661979675, 0.9959396719932556, 0.9951735138893127, 0.994843602180481, 0.9958195090293884], "(1, 2, 1, 3)": [0.9786622524261475, 0.9794667959213257, 0.9742013216018677, 0.9759724140167236, 0.9764578342437744, 0.9724687933921814, 0.9748100638389587], "(1, 1, 2, 3)": [0.9607284665107727, 0.9397456049919128, 0.9632118344306946, 0.9586877822875977, 0.9568536877632141, 0.9269196391105652, 0.9326814413070679], "(1, 6, 2, 3)": [0.9898662567138672, 0.9968640208244324, 0.9841093420982361, 0.9945810437202454, 0.9947731494903564, 0.9785771369934082, 0.9889271855354309], "(1, 2, 2, 3)": [0.9744726419448853, 0.9898110628128052, 0.9906672835350037, 0.978760838508606, 0.9886424541473389, 0.9847506284713745, 0.9889262914657593], "(1, 8, 1, 4)": [0.995682418346405, 0.9797828793525696, 0.9906454682350159, 0.986528217792511, 0.9835970997810364, 0.9836387634277344, 0.9517844319343567], "(1, 5, 1, 2)": [0.9722453355789185, 0.9683297872543335, 0.9774075746536255, 0.9302498698234558, 0.9950000643730164, 0.96238112449646, 0.9868768453598022], "(1, 4, 1, 2)": [0.9844544529914856, 0.9887072443962097, 0.9768372774124146, 0.9874356389045715, 0.971153199672699, 0.9951438307762146, 0.9821374416351318], "(1, 2, 2, 4)": [0.9929293394088745, 0.9928951859474182, 0.9936719536781311, 0.9936602115631104, 0.9945963025093079, 0.9940140247344971, 0.9943666458129883], "(1, 2, 1, 4)": [0.8093096613883972, 0.9562296867370605, 0.8537302613258362, 0.8340368270874023, 0.927230954170227, 0.9843572974205017, 0.7770272493362427], "(1, 7, 2, 3)": [0.9506868124008179, 0.9950190782546997, 0.9758374691009521, 0.8271721005439758, 0.8874508738517761, 0.9229724407196045, 0.9604610800743103], "(1, 2, 1, 2)": [0.9466773271560669, 0.9501186013221741, 0.9223636388778687, 0.9684758186340332, 0.9527561068534851, 0.9708364009857178, 0.9805869460105896], "(1, 5, 1, 4)": [0.9962840676307678, 0.9963185787200928, 0.9966608285903931, 0.9965068101882935, 0.9962250590324402, 0.9969563484191895, 0.9965147376060486], "(1, 3, 1, 2)": [0.977279007434845, 0.9781814813613892, 0.9730591177940369, 0.9807175993919373, 0.9796882271766663, 0.9824274778366089, 0.9915485382080078], "(1, 1, 1, 2)": [0.8881535530090332, 0.8596619367599487, 0.8543829917907715, 0.851934015750885, 0.7227376103401184, 0.8636811375617981, 0.9528785347938538], "(1, 8, 1, 3)": [0.9964921474456787, 0.9965862035751343, 0.9970757961273193, 0.9964008927345276, 0.9961716532707214, 0.994621992111206, 0.9913724064826965], "(1, 6, 2, 5)": [0.9643298387527466, 0.9940169453620911, 0.9094244241714478, 0.9745224118232727, 0.9690443277359009, 0.9728696346282959, 0.9517305493354797], "(1, 6, 1, 2)": [0.7411745190620422, 0.7925947904586792, 0.8942258358001709, 0.7577657103538513, 0.49183106422424316, 0.8837152123451233, 0.9941784739494324], "(1, 5, 2, 5)": [0.9813924431800842, 0.9963256120681763, 0.9650196433067322, 0.9715136289596558, 0.9432097673416138, 0.9882673025131226, 0.9674140214920044], "(1, 4, 2, 5)": [0.9916660189628601, 0.8197970986366272, 0.9573304653167725, 0.9500540494918823, 0.9471939206123352, 0.8907884359359741, 0.7220457792282104], "(1, 1, 1, 4)": [0.5278793573379517, 0.5033897757530212, 0.8379303812980652, 0.18523335456848145, 0.2715720534324646, 0.0, 0.09295643866062164], "(1, 9, 1, 3)": [0.6944958567619324, 0.7880409955978394, 0.6195135116577148, 0.6773843765258789, 0.9279237389564514, 0.8161336183547974, 0.7795595526695251], "(1, 9, 2, 3)": [0.4999748170375824, 0.20740684866905212, 0.3473489582538605, 0.3754342198371887, 0.6473711133003235, 0.2665439546108246, 0.8826468586921692], "(1, 3, 2, 5)": [0.5877525806427002, 0.6398610472679138, 0.47648751735687256, 0.9132016897201538, 0.4229307770729065, 0.4739665389060974, 0.4652826189994812], "(1, 7, 1, 2)": [0.7246094346046448, 0.34870660305023193, 0.2912345826625824, 0.10792289674282074, 0.9001783132553101, 0.543042778968811, 0.18260031938552856], "(1, 1, 1, 1)": [0.16600960493087769, 0.0, 0.0, 0.0, 0.0, 0.0, 0.0],