{"q_values": {"(1, 6, 2, 4)": [0.8864709734916687, 0.8803713321685791, 0.8694664239883423, 0.874180018901825, 0.8659785389900208, 0.8597571849822998, 0.873726487159729], "(1, 6, 1, 3)": [0.8974285125732422, 0.9022236466407776, 0.9035903215408325, 0.8990458250045776, 0.9003568291664124, 0.9055896401405334, 0.8881771564483643], "(1, 5, 1, 3)": [0.9004307389259338, 0.915274977684021, 0.9105926752090454, 0.905953586101532, 0.9114375710487366, 0.905537486076355, 0.9102398157119751], "(1, 5, 2, 4)": [0.8903757333755493, 0.8981601595878601, 0.891538143157959, 0.8868308663368225, 0.8926196694374084, 0.884369432926178, 0.8872677087783813], "(1, 6, 1, 4)": [0.8851045966148376, 0.862234890460968, 0.8729342818260193, 0.867574155330658, 0.8615254163742065, 0.8618555665016174, 0.8487827777862549], "(1, 7, 2, 4)": [0.8586174845695496, 0.891146183013916, 0.8702402710914612, 0.8521388173103333, 0.8498026132583618, 0.8680713176727295, 0.8727560639381409], "(1, 7, 2, 5)": [0.8251354694366455, 0.7831363677978516, 0.6946925520896912, 0.7675226926803589, 0.7545121312141418, 0.7095860838890076, 0.7730991244316101], "(1, 8, 2, 4)": [0.8542250394821167, 0.8446491956710815, 0.8564971685409546, 0.8512813448905945, 0.8520258665084839, 0.850455105304718, 0.8285521268844604], "(1, 9, 1, 4)": [0.7476258277893066, 0.7050116658210754, 0.7365008592605591, 0.6229778528213501, 0.7342627048492432, 0.801287829875946, 0.7162471413612366], "(1, 9, 2, 4)": [0.6893459558486938, 0.7057522535324097, 0.8001255989074707, 0.8486579656600952, 0.8076768517494202, 0.8094895482063293, 0.8012228608131409], "(1, 4, 1, 4)": [0.8496724963188171, 0.8420923948287964, 0.8668798208236694, 0.8613364100456238, 0.8726121783256531, 0.8638951182365417, 0.9051039814949036], "(1, 1, 1, 3)": [0.8343565464019775, 0.827107846736908, 0.7933430075645447, 0.8244444727897644, 0.8448289632797241, 0.8291836977005005, 0.8203722834587097], "(1, 1, 2, 4)": [0.6100139021873474, 0.5447434186935425, 0.762173593044281, 0.4716208577156067, 0.5434147715568542, 0.5178623199462891, 0.6209098696708679], "(1, 7, 1, 4)": [0.8596712946891785, 0.8887149095535278, 0.848982036113739, 0.8696397542953491, 0.8554518818855286, 0.8650612235069275, 0.8304245471954346], "(1, 7, 1, 3)": [0.8644387125968933, 0.8688685894012451, 0.8980867266654968, 0.892726480960846, 0.8770686388015747, 0.882253885269165, 0.8739431500434875], "(1, 8, 2, 5)": [0.7428044676780701, 0.771560788154602, 0.6538065075874329, 0.6859583854675293, 0.7046853303909302, 0.6996939182281494, 0.7434399127960205], "(1, 8, 2, 3)": [0.8130381107330322, 0.22510628402233124, 0.41040924191474915, 0.558163046836853, 0.5865859985351562, 0.6454738974571228, 0.5971685647964478], "(1, 3, 1, 3)": [0.8989061713218689, 0.9142845273017883, 0.9085429906845093, 0.9081814289093018, 0.9134312868118286, 0.9105201959609985, 0.9133796691894531], "(1, 3, 1, 4)": [0.8003326058387756, 0.8771712779998779, 0.8512185215950012, 0.7813918590545654, 0.8365842700004578, 0.6942751407623291, 0.8963668346405029], "(1, 3, 2, 4)": [0.9129005670547485, 0.9127599000930786, 0.91373610496521, 0.9111302495002747, 0.9125357270240784, 0.9104843139648438, 0.9126425981521606], "(1, 4, 2, 4)": [0.9142364859580994, 0.9032347798347473, 0.9069737792015076, 0.9062511920928955, 0.9073221683502197, 0.9046107530593872, 0.9045968651771545], "(1, 9, 2, 5)": [0.5422621965408325, 0.5963811278343201, 0.5369787812232971, 0.5119944214820862, 0.5677554607391357, 0.6687257289886475, 0.5945079922676086], "(1, 4, 1, 3)": [0.9135771989822388, 0.9140743017196655, 0.9134478569030762, 0.9169361591339111, 0.9103716611862183, 0.9085198640823364, 0.9130349159240723], "(1, 4, 2, 3)": [0.9039311408996582, 0.898165762424469, 0.897935152053833, 0.8883256316184998, 0.8941013813018799, 0.8840817809104919, 0.8946065306663513], "(1, 5, 2, 3)": [0.9004071950912476, 0.8856484293937683, 0.8710152506828308, 0.8709436655044556, 0.8721131086349487, 0.8807662725448608, 0.8645570874214172], "(1, 3, 2, 3)": [0.9070241451263428, 0.909162700176239, 0.91103595495224, 0.910760223865509, 0.9097409248352051, 0.910339891910553, 0.911690354347229], "(1, 2, 1, 3)": [0.8778684139251709, 0.8699983954429626, 0.8870231509208679, 0.8908806443214417, 0.8814573884010315, 0.8869648575782776, 0.8975189924240112], "(1, 1, 2, 3)": [0.8467492461204529, 0.8221220374107361, 0.8077214956283569, 0.7917467355728149, 0.7965874075889587, 0.8132989406585693, 0.7705590128898621], "(1, 6, 2, 3)": [0.8456459045410156, 0.8791202306747437, 0.8362641334533691, 0.7903096079826355, 0.8040511608123779, 0.8147459030151367, 0.7680544257164001], "(1, 2, 2, 3)": [0.9026608467102051, 0.8957012295722961, 0.8912729024887085, 0.9093928933143616, 0.9113832116127014, 0.9069371223449707, 0.8977103233337402], "(1, 8, 1, 4)": [0.8378673791885376, 0.8365458846092224, 0.8390458822250366, 0.8247676491737366, 0.8434432744979858, 0.8268161416053772, 0.8314183950424194], "(1, 5, 1, 2)": [0.6725763082504272, 0.5590709447860718, 0.7856056094169617, 0.6007413268089294, 0.8969824910163879, 0.7822614908218384, 0.8382241725921631], "(1, 4, 1, 2)": [0.795577347278595, 0.7942113280296326, 0.6306365132331848, 0.7935174703598022, 0.8370960354804993, 0.8809152841567993, 0.8542557954788208], "(1, 2, 2, 4)": [0.9036168456077576, 0.9075167775154114, 0.9076497554779053, 0.9059244394302368, 0.9041903018951416, 0.9105290174484253, 0.9069252610206604], "(1, 2, 1, 4)": [0.6549696922302246, 0.5914413332939148, 0.6523939967155457, 0.48424941301345825, 0.4916476309299469, 0.7657206654548645, 0.40195924043655396], "(1, 7, 2, 3)": [0.7096154689788818, 0.8343473076820374, 0.7020339965820312, 0.7575446367263794, 0.6987342834472656, 0.7393254041671753, 0.7278323769569397], "(1, 2, 1, 2)": [0.8106586933135986, 0.7881214022636414, 0.7972394824028015, 0.7943545579910278, 0.841923177242279, 0.8601307272911072, 0.7856172919273376], "(1, 5, 1, 4)": [0.9011726379394531, 0.8894158601760864, 0.8521673083305359, 0.8880308270454407, 0.8655464053153992, 0.8299846649169922, 0.8507768511772156], "(1, 3, 1, 2)": [0.8002368807792664, 0.7989726066589355, 0.8345096111297607, 0.8288329839706421, 0.8525096774101257, 0.8785455226898193, 0.8935416340827942], "(1, 1, 1, 2)": [0.6751852035522461, 0.7928178310394287, 0.6366673707962036, 0.5464332103729248, 0.3367775082588196, 0.6630801558494568, 0.7586808800697327], "(1, 8, 1, 3)": [0.6074166297912598, 0.8675320744514465, 0.8580208420753479, 0.8571385741233826, 0.853653609752655, 0.8387423157691956, 0.8547518849372864], "(1, 6, 2, 5)": [0.79034823179245, 0.8584091663360596, 0.790739119052887, 0.7229670882225037, 0.7231558561325073, 0.7455317378044128, 0.7707958817481995], "(1, 6, 1, 2)": [0.3562983274459839, 0.5908995866775513, 0.5858067870140076, 0.515384316444397, 0.49183106422424316, 0.6855933666229248, 0.8520720601081848], "(1, 5, 2, 5)": [0.7376802563667297, 0.7284168601036072, 0.806983232498169, 0.7202509641647339, 0.7589593529701233, 0.769064724445343, 0.7461376786231995], "(1, 4, 2, 5)": [0.8421805500984192, 0.5176953077316284, 0.7985184192657471, 0.5839400887489319, 0.575627326965332, 0.6221820712089539, 0.49358922243118286], "(1, 1, 1, 4)": [0.35625672340393066, 0.31472355127334595, 0.5134031176567078, 0.0, 0.0, 0.0, 0.09295643866062164], "(1, 9, 1, 3)": [0.6070646047592163, 0.6567965149879456, 0.4591808021068573, 0.5743532180786133, 0.5591549277305603, 0.6843123435974121, 0.7575555443763733], "(1, 9, 2, 3)": [0.29589006304740906, 0.20740684866905212, 0.0, 0.0, 0.11501756310462952, 0.0, 0.5444029569625854], "(1, 3, 2, 5)": [0.42655515670776367, 0.5089303851127625, 0.47648751735687256, 0.6032265424728394, 0.12976156175136566, 0.28226229548454285, 0.2602549195289612], "(1, 7, 1, 2)": [0.2501196563243866, 0.18743517994880676, 0.0, 0.10792289674282074, 0.6209938526153564, 0.543042778968811, 0.18260031938552856], "(1, 1, 1, 1)": [0.16600960493087769, 0.0, 0.0, 0.0, 0.0, 0.0, 0.0], "(1, 1, 2, 2)": [0.22593457996845245, 0.0, 0.0, 0.0, 0.0, 0.0, 0.2363615781068802],