{"q_values": {"(1, 6, 2, 4)": [0.9999901652336121, 0.9999901652336121, 0.9999901652336121, 0.9999901652336121, 0.9999880194664001, 0.9999862909317017, 0.9999585151672363], "(1, 6, 1, 3)": [0.9999901652336121, 0.9999901652336121, 0.9999901652336121, 0.9871701598167419, 0.9999901652336121, 0.9999901652336121, 0.9999901652336121], "(1, 5, 1, 3)": [0.9999898672103882, 0.9999900460243225, 0.999989926815033, 0.9999753832817078, 0.9999901056289673, 0.9999900460243225, 0.9999901652336121], "(1, 5, 2, 4)": [0.9999901652336121, 0.9999901652336121, 0.9999901652336121, 0.9999901652336121, 0.9999901652336121, 0.9999901652336121, 0.9999901652336121], "(1, 6, 1, 4)": [0.9999901652336121, 0.9999901652336121, 0.9999901652336121, 0.9999901652336121, 0.9999901652336121, 0.9999901652336121, 0.9999897480010986], "(1, 7, 2, 4)": [0.9999601244926453, 0.9999901652336121, 0.9995524883270264, 0.999916136264801, 0.9996713995933533, 0.9997879266738892, 0.9992456436157227], "(1, 7, 2, 5)": [0.999773383140564, 0.9905843138694763, 0.9968442320823669, 0.9942305684089661, 0.9974700212478638, 0.9926125407218933, 0.9939770102500916], "(1, 8, 2, 4)": [0.9992362260818481, 0.9997982382774353, 0.9981918334960938, 0.9959091544151306, 0.9888797402381897, 0.9942328333854675, 0.9965614080429077], "(1, 9, 1, 4)": [0.9780784845352173, 0.9813185334205627, 0.9782472848892212, 0.9783269166946411, 0.9732913374900818, 0.966658353805542, 0.9693317413330078], "(1, 9, 2, 4)": [0.993693470954895, 0.9735354781150818, 0.9712885618209839, 0.9632328152656555, 0.9740023612976074, 0.9688907861709595, 0.9700285196304321], "(1, 4, 1, 4)": [0.9999898672103882, 0.9999900460243225, 0.9999898672103882, 0.9978006482124329, 0.9999901652336121, 0.9999901652336121, 0.9999901652336121], "(1, 1, 1, 3)": [0.9650295972824097, 0.9688534736633301, 0.9697209000587463, 0.9711347222328186, 0.970634400844574, 0.9737399816513062, 0.9647641777992249], "(1, 1, 2, 4)": [0.988078236579895, 0.9896122813224792, 0.9952396750450134, 0.9991044402122498, 0.9941519498825073, 0.998149037361145, 0.999907910823822], "(1, 7, 1, 4)": [0.9999901652336121, 0.9982752799987793, 0.9999901652336121, 0.9999901056289673, 0.9967161417007446, 0.9995829463005066, 0.9994122982025146], "(1, 7, 1, 3)": [0.9999887943267822, 0.9997771382331848, 0.9999901652336121, 0.9999901652336121, 0.9999901652336121, 0.9999901056289673, 0.9999901652336121], "(1, 8, 2, 5)": [0.996920108795166, 0.9668475389480591, 0.9745628237724304, 0.9373428821563721, 0.9764507412910461, 0.9767093062400818, 0.9514724016189575], "(1, 8, 2, 3)": [0.9999890327453613, 0.8982697129249573, 0.9373666048049927, 0.9748085141181946, 0.9646292328834534, 0.8446507453918457, 0.9574931859970093], "(1, 3, 1, 3)": [0.9981424808502197, 0.9994547367095947, 0.9997724890708923, 0.9998411536216736, 0.9998621344566345, 0.9998031258583069, 0.9999893307685852], "(1, 3, 1, 4)": [0.9996644854545593, 0.9996558427810669, 0.9983329176902771, 0.999620795249939, 0.9996155500411987, 0.999060332775116, 0.9999901652336121], "(1, 3, 2, 4)": [0.9999851584434509, 0.9984763264656067, 0.9999890327453613, 0.9999889135360718, 0.9999900460243225, 0.9994713664054871, 0.9992436766624451], "(1, 4, 2, 4)": [0.9999765157699585, 0.9999899864196777, 0.9999901652336121, 0.9999901652336121, 0.9999901652336121, 0.9999901652336121, 0.9999901652336121], "(1, 9, 2, 5)": [0.9641001224517822, 0.7865314483642578, 0.8564090728759766, 0.9282113313674927, 0.8304633498191833, 0.8182245492935181, 0.8736240267753601], "(1, 4, 1, 3)": [0.9998997449874878, 0.9999890923500061, 0.9999877214431763, 0.9999858736991882, 0.9999771118164062, 0.9999897480010986, 0.9999884963035583], "(1, 4, 2, 3)": [0.999988853931427, 0.9999896287918091, 0.9996196627616882, 0.9999844431877136, 0.9999901652336121, 0.9999896287918091, 0.9999901652336121], "(1, 5, 2, 3)": [0.9999876618385315, 0.9999898672103882, 0.9999900460243225, 0.9999901056289673, 0.9999901652336121, 0.9999901652336121, 0.9999901652336121], "(1, 3, 2, 3)": [0.9992347359657288, 0.999972939491272, 0.9999721646308899, 0.9998322129249573, 0.9999813437461853, 0.9998361468315125, 0.9999862909317017], "(1, 2, 1, 3)": [0.986646831035614, 0.9908161163330078, 0.9886828660964966, 0.9934394359588623, 0.9842912554740906, 0.9899817109107971, 0.9993221759796143], "(1, 1, 2, 3)": [0.9706323146820068, 0.9787851572036743, 0.970395565032959, 0.9793218970298767, 0.9896690249443054, 0.9807475805282593, 0.987822413444519], "(1, 6, 2, 3)": [0.9999892115592957, 0.9999901652336121, 0.9999837875366211, 0.9999874234199524, 0.9999726414680481, 0.9999815225601196, 0.9999871253967285], "(1, 2, 2, 3)": [0.9991204738616943, 0.9983853697776794, 0.9994258284568787, 0.9982845187187195, 0.9984659552574158, 0.9981927275657654, 0.9979274868965149], "(1, 8, 1, 4)": [0.999967098236084, 0.9987555742263794, 0.9949501156806946, 0.9962338209152222, 0.9986845254898071, 0.9910588264465332, 0.9978799223899841], "(1, 5, 1, 2)": [0.9995599985122681, 0.9985786080360413, 0.9998018741607666, 0.993672251701355, 0.9999743700027466, 0.9999410510063171, 0.999556839466095], "(1, 4, 1, 2)": [0.9992203712463379, 0.999131441116333, 0.9997414350509644, 0.9985767006874084, 0.999963104724884, 0.9998635649681091, 0.9997994303703308], "(1, 2, 2, 4)": [0.9995189905166626, 0.9993677139282227, 0.9998379945755005, 0.9996604919433594, 0.9999476671218872, 0.9984093308448792, 0.9925482869148254], "(1, 2, 1, 4)": [0.9641788601875305, 0.9833901524543762, 0.9715067148208618, 0.9426153898239136, 0.9750187993049622, 0.9999679327011108, 0.9815712571144104], "(1, 7, 2, 3)": [0.9970307350158691, 0.9999901652336121, 0.9967401027679443, 0.9405777454376221, 0.9965407848358154, 0.9952980279922485, 0.999043881893158], "(1, 2, 1, 2)": [0.9722009301185608, 0.9700903296470642, 0.9745674133300781, 0.9751929044723511, 0.9782716035842896, 0.9862947463989258, 0.9532458782196045], "(1, 5, 1, 4)": [0.9999901652336121, 0.9999901056289673, 0.9999901652336121, 0.9999901652336121, 0.9999901652336121, 0.9999901652336121, 0.9999901652336121], "(1, 3, 1, 2)": [0.995718240737915, 0.979958713054657, 0.9954845905303955, 0.9863302707672119, 0.9959561824798584, 0.9991157054901123, 0.9945352077484131], "(1, 1, 1, 2)": [0.9509714245796204, 0.9428007006645203, 0.9421095848083496, 0.9416211247444153, 0.9266973733901978, 0.9516825675964355, 0.969736635684967], "(1, 8, 1, 3)": [0.9999901056289673, 0.9999842047691345, 0.9999901652336121, 0.9999901652336121, 0.9999344348907471, 0.9999146461486816, 0.9996528029441833], "(1, 6, 2, 5)": [0.9956788420677185, 0.9999510645866394, 0.9987632632255554, 0.9992139935493469, 0.9992465376853943, 0.9996846914291382, 0.9997113347053528], "(1, 6, 1, 2)": [0.9564613699913025, 0.9913861155509949, 0.9938372373580933, 0.9899505972862244, 0.9705049395561218, 0.9952365159988403, 0.9999901652336121], "(1, 5, 2, 5)": [0.9988501071929932, 0.9999892115592957, 0.9939822554588318, 0.9990016222000122, 0.995082676410675, 0.9988914132118225, 0.9955904483795166], "(1, 4, 2, 5)": [0.9999901652336121, 0.9691135287284851, 0.9947409629821777, 0.9940246939659119, 0.9908294081687927, 0.990983784198761, 0.9046494364738464], "(1, 1, 1, 4)": [0.6604989767074585, 0.5033897757530212, 0.9686287045478821, 0.57575923204422, 0.2715720534324646, 0.294283926486969, 0.3477066159248352], "(1, 9, 1, 3)": [0.9682509303092957, 0.9986735582351685, 0.9815332889556885, 0.9738722443580627, 0.9846862554550171, 0.9853426814079285, 0.9576281905174255], "(1, 9, 2, 3)": [0.4999748170375824, 0.20740684866905212, 0.3473489582538605, 0.5407243967056274, 0.7437877655029297, 0.2665439546108246, 0.949224591255188], "(1, 3, 2, 5)": [0.8585816621780396, 0.7478998303413391, 0.8741645812988281, 0.9982306957244873, 0.5960455536842346, 0.8133371472358704, 0.6193499565124512], "(1, 7, 1, 2)": [0.9498242735862732, 0.6749320030212402, 0.5034264922142029, 0.5627114772796631, 0.999488115310669, 0.7760859727859497, 0.7195180058479309], "(1, 1, 1, 1)": [0.16600960493087769, 0.0, 0.0, 0.0, 0.0, 0.0, 0.0],