{"q_values": {"(1, 6, 2, 4)": [0.9999805688858032, 0.999928891658783, 0.9999856948852539, 0.9999243021011353, 0.9999794960021973, 0.9999740719795227, 0.999934196472168], "(1, 6, 1, 3)": [0.9997974634170532, 0.9999889135360718, 0.9999755620956421, 0.99998939037323, 0.9999901652336121, 0.9999447464942932, 0.999988317489624], "(1, 5, 1, 3)": [0.9999456405639648, 0.9999899864196777, 0.9999901652336121, 0.9999901652336121, 0.9999898672103882, 0.9999755620956421, 0.9977951049804688], "(1, 5, 2, 4)": [0.9999901056289673, 0.9999901652336121, 0.9999898076057434, 0.9999898672103882, 0.9999901652336121, 0.9999901652336121, 0.9999898672103882], "(1, 6, 1, 4)": [0.9999901652336121, 0.9999818801879883, 0.9999862909317017, 0.999941349029541, 0.999931275844574, 0.9999898672103882, 0.9999884366989136], "(1, 7, 2, 4)": [0.9993324875831604, 0.9998314380645752, 0.9991816878318787, 0.9988374710083008, 0.9989205598831177, 0.9985681772232056, 0.9982002377510071], "(1, 7, 2, 5)": [0.999372661113739, 0.993428111076355, 0.9925507307052612, 0.9942757487297058, 0.9898972511291504, 0.99319988489151, 0.9921194911003113], "(1, 8, 2, 4)": [0.9925400614738464, 0.9978644847869873, 0.9937169551849365, 0.9952107667922974, 0.9955242276191711, 0.995171070098877, 0.9920514225959778], "(1, 9, 1, 4)": [0.9981369376182556, 0.9789966940879822, 0.9821575284004211, 0.9734992384910583, 0.9773745536804199, 0.9815228581428528, 0.9792754054069519], "(1, 9, 2, 4)": [0.9870755672454834, 0.9692621827125549, 0.9789295792579651, 0.9766025543212891, 0.9709680676460266, 0.973777711391449, 0.9719187021255493], "(1, 4, 1, 4)": [0.9999891519546509, 0.999987781047821, 0.9999883770942688, 0.9999865889549255, 0.9999900460243225, 0.9999901652336121, 0.9999899864196777], "(1, 1, 1, 3)": [0.9710089564323425, 0.9703459739685059, 0.9727352261543274, 0.9729952216148376, 0.9740002155303955, 0.9730391502380371, 0.97322678565979], "(1, 1, 2, 4)": [0.9965555667877197, 0.9847226738929749, 0.9981971383094788, 0.997948944568634, 0.9990076422691345, 0.9991843104362488, 0.9999640583992004], "(1, 7, 1, 4)": [0.9995352625846863, 0.9998513460159302, 0.9995782375335693, 0.999661922454834, 0.9994126558303833, 0.9980077147483826, 0.9992532134056091], "(1, 7, 1, 3)": [0.9936516284942627, 0.9999890923500061, 0.9998067021369934, 0.9999315738677979, 0.9999428391456604, 0.9999623894691467, 0.9999106526374817], "(1, 8, 2, 5)": [0.9820644855499268, 0.9930681586265564, 0.9716224074363708, 0.9796358346939087, 0.9755816459655762, 0.9761108160018921, 0.9842624068260193], "(1, 8, 2, 3)": [0.9995144009590149, 0.9755480885505676, 0.9784318804740906, 0.9980586171150208, 0.9982848763465881, 0.9606083631515503, 0.9701554775238037], "(1, 3, 1, 3)": [0.9978769421577454, 0.9991188049316406, 0.9987918734550476, 0.9981136322021484, 0.9986125230789185, 0.9999844431877136, 0.9973978996276855], "(1, 3, 1, 4)": [0.9998843669891357, 0.9997411370277405, 0.9997490048408508, 0.9999467730522156, 0.9999850392341614, 0.9999858140945435, 0.9999901652336121], "(1, 3, 2, 4)": [0.9999383091926575, 0.9999712705612183, 0.9999778866767883, 0.9999855756759644, 0.9999840259552002, 0.9994713664054871, 0.9999901652336121], "(1, 4, 2, 4)": [0.9999890923500061, 0.9999900460243225, 0.9999901652336121, 0.9999900460243225, 0.9999603033065796, 0.9999799728393555, 0.9999901652336121], "(1, 9, 2, 5)": [0.9648160338401794, 0.7865314483642578, 0.8564090728759766, 0.9407449960708618, 0.8304633498191833, 0.8182245492935181, 0.9025338888168335], "(1, 4, 1, 3)": [0.999975860118866, 0.999984860420227, 0.9999870657920837, 0.9999829530715942, 0.9999836087226868, 0.9999894499778748, 0.9999901652336121], "(1, 4, 2, 3)": [0.9999870657920837, 0.9909899830818176, 0.9999878406524658, 0.9999899864196777, 0.9999897480010986, 0.9999901652336121, 0.999626874923706], "(1, 5, 2, 3)": [0.9999898076057434, 0.9997310042381287, 0.9999901056289673, 0.99998939037323, 0.9999896287918091, 0.998931348323822, 0.9935391545295715], "(1, 3, 2, 3)": [0.9993618130683899, 0.9998195171356201, 0.9998189210891724, 0.999659538269043, 0.9999894499778748, 0.9982135891914368, 0.9999457597732544], "(1, 2, 1, 3)": [0.9917551279067993, 0.9901273250579834, 0.989344596862793, 0.9921934604644775, 0.9929731488227844, 0.9926812052726746, 0.9980355501174927], "(1, 1, 2, 3)": [0.9768776893615723, 0.9778359532356262, 0.9800466299057007, 0.9778070449829102, 0.9763991236686707, 0.97707200050354, 0.9771145582199097], "(1, 6, 2, 3)": [0.9999900460243225, 0.9999900460243225, 0.9999895095825195, 0.9999901652336121, 0.9999879002571106, 0.9999890327453613, 0.99998939037323], "(1, 2, 2, 3)": [0.9963569641113281, 0.9948549866676331, 0.9900392889976501, 0.9962840676307678, 0.9960286021232605, 0.9961444139480591, 0.9999894499778748], "(1, 8, 1, 4)": [0.9994348883628845, 0.9971962571144104, 0.9967971444129944, 0.9955757260322571, 0.992259681224823, 0.997497022151947, 0.9925731420516968], "(1, 5, 1, 2)": [0.9999417066574097, 0.9999573230743408, 0.9999238848686218, 0.9999403953552246, 0.9999872446060181, 0.9996140599250793, 0.9957056045532227], "(1, 4, 1, 2)": [0.9990558624267578, 0.9986802339553833, 0.9996278882026672, 0.9994217157363892, 0.9993560314178467, 0.9995374083518982, 0.9998401999473572], "(1, 2, 2, 4)": [0.9978846311569214, 0.9987547993659973, 0.9997699856758118, 0.9998642802238464, 0.9999781250953674, 0.990990161895752, 0.9999899864196777], "(1, 2, 1, 4)": [0.9919207096099854, 0.9971588850021362, 0.9939382672309875, 0.9948283433914185, 0.9985416531562805, 0.9999752044677734, 0.9993305206298828], "(1, 7, 2, 3)": [0.9998725056648254, 0.9999890327453613, 0.9996078610420227, 0.9991641640663147, 0.9998757839202881, 0.999925971031189, 0.9996756911277771], "(1, 2, 1, 2)": [0.9877474308013916, 0.988070011138916, 0.9787720441818237, 0.9847538471221924, 0.9826192855834961, 0.9805344939231873, 0.9853434562683105], "(1, 5, 1, 4)": [0.9999851584434509, 0.9999755620956421, 0.9998655319213867, 0.9999901652336121, 0.9999901652336121, 0.9999621510505676, 0.9999030232429504], "(1, 3, 1, 2)": [0.9928423762321472, 0.9946286082267761, 0.9961609244346619, 0.9960142374038696, 0.9963740110397339, 0.9962226748466492, 0.9980233311653137], "(1, 1, 1, 2)": [0.9624963998794556, 0.9694158434867859, 0.9652790427207947, 0.9600967764854431, 0.9674863815307617, 0.9590107202529907, 0.9646111726760864], "(1, 8, 1, 3)": [0.993597686290741, 0.9997128248214722, 0.9934988617897034, 0.9990746378898621, 0.997612476348877, 0.9984954595565796, 0.9991410970687866], "(1, 6, 2, 5)": [0.9993827939033508, 0.9999135732650757, 0.9977346658706665, 0.9989362955093384, 0.9992899298667908, 0.998881995677948, 0.9994359016418457], "(1, 6, 1, 2)": [0.9999851584434509, 0.9999869465827942, 0.9999869465827942, 0.9999805688858032, 0.9999880194664001, 0.9999881386756897, 0.9999901652336121], "(1, 5, 2, 5)": [0.9999892115592957, 0.9999665021896362, 0.9999233484268188, 0.9998487234115601, 0.9999653100967407, 0.999972403049469, 0.9999611973762512], "(1, 4, 2, 5)": [0.9999890327453613, 0.9998643398284912, 0.9999901652336121, 0.9908663630485535, 0.9999870657920837, 0.9999893307685852, 0.9999887943267822], "(1, 1, 1, 4)": [0.6604989767074585, 0.7458253502845764, 0.978663444519043, 0.6953675746917725, 0.6430568695068359, 0.6541740894317627, 0.3477066159248352], "(1, 9, 1, 3)": [0.9998399615287781, 0.9993160963058472, 0.9986615777015686, 0.9988080859184265, 0.9943563938140869, 0.9938684701919556, 0.9923046827316284], "(1, 9, 2, 3)": [0.4999748170375824, 0.4451807141304016, 0.3473489582538605, 0.678352952003479, 0.8145882487297058, 0.808234453201294, 0.9804810881614685], "(1, 3, 2, 5)": [0.9996612071990967, 0.99828040599823, 0.9999410510063171, 0.9999901652336121, 0.9960758090019226, 0.9998412132263184, 0.9993703961372375], "(1, 7, 1, 2)": [0.9958587884902954, 0.9453216791152954, 0.9988346099853516, 0.9876381158828735, 0.9999901652336121, 0.9968910813331604, 0.9886645674705505], "(1, 1, 1, 1)": [0.4072037935256958, 0.0, 0.29099708795547485, 0.0, 0.0, 0.0, 0.0],