{"q_values": {"(1, 6, 2, 4)": [0.9999901652336121, 0.9999901652336121, 0.9999901652336121, 0.9999901652336121, 0.9999901652336121, 0.9999901056289673, 0.9999886751174927], "(1, 6, 1, 3)": [0.9999901652336121, 0.9999901652336121, 0.9999901652336121, 0.99998939037323, 0.9999901652336121, 0.9999901652336121, 0.9999901652336121], "(1, 5, 1, 3)": [0.9999899864196777, 0.9999901652336121, 0.9999901652336121, 0.9999892115592957, 0.9999901652336121, 0.9999901652336121, 0.9999901652336121], "(1, 5, 2, 4)": [0.9999895095825195, 0.9999901652336121, 0.9999901652336121, 0.9999901652336121, 0.9999901652336121, 0.9999901652336121, 0.9999901652336121], "(1, 6, 1, 4)": [0.9997739195823669, 0.9999901652336121, 0.9999901652336121, 0.9999901652336121, 0.9999901652336121, 0.9999901652336121, 0.9999901652336121], "(1, 7, 2, 4)": [0.9999886751174927, 0.9999783039093018, 0.9999858140945435, 0.9999856948852539, 0.9998811483383179, 0.9999732971191406, 0.9999638199806213], "(1, 7, 2, 5)": [0.9999537467956543, 0.9905843138694763, 0.9984171390533447, 0.997100830078125, 0.9974700212478638, 0.9926125407218933, 0.9963604211807251], "(1, 8, 2, 4)": [0.9999850392341614, 0.9985905885696411, 0.997897207736969, 0.998336136341095, 0.9977685809135437, 0.9990735054016113, 0.9962786436080933], "(1, 9, 1, 4)": [0.9903011918067932, 0.9894410967826843, 0.9817869663238525, 0.9822105765342712, 0.9792582988739014, 0.9727783799171448, 0.9693317413330078], "(1, 9, 2, 4)": [0.9952898621559143, 0.9724531769752502, 0.9712885618209839, 0.9722688794136047, 0.9727987051010132, 0.9694515466690063, 0.9700089693069458], "(1, 4, 1, 4)": [0.9999898672103882, 0.9999898672103882, 0.9999890327453613, 0.9999901652336121, 0.9999901652336121, 0.9999901652336121, 0.9999901652336121], "(1, 1, 1, 3)": [0.9688382148742676, 0.9720752239227295, 0.9720222353935242, 0.971049964427948, 0.9686987996101379, 0.9714850783348083, 0.9705738425254822], "(1, 1, 2, 4)": [0.9860605001449585, 0.9978967905044556, 0.9935322403907776, 0.9940964579582214, 0.9999597072601318, 0.9995864629745483, 0.9999712109565735], "(1, 7, 1, 4)": [0.9978291988372803, 0.9999877214431763, 0.9999890923500061, 0.9999896883964539, 0.999972939491272, 0.9999721646308899, 0.9999819397926331], "(1, 7, 1, 3)": [0.9999781847000122, 0.9999901652336121, 0.9999898076057434, 0.9998656511306763, 0.9999901056289673, 0.9999895691871643, 0.9999901652336121], "(1, 8, 2, 5)": [0.9951842427253723, 0.9767835140228271, 0.9745628237724304, 0.9373428821563721, 0.9764507412910461, 0.9767093062400818, 0.9514724016189575], "(1, 8, 2, 3)": [0.9999901652336121, 0.9287858605384827, 0.9373666048049927, 0.982362687587738, 0.9877024292945862, 0.8446507453918457, 0.9574931859970093], "(1, 3, 1, 3)": [0.9996219277381897, 0.9997308254241943, 0.999670684337616, 0.9998393654823303, 0.9998143911361694, 0.9998421669006348, 0.9999728202819824], "(1, 3, 1, 4)": [0.9998921155929565, 0.9992734789848328, 0.9983462691307068, 0.999901533126831, 0.999927282333374, 0.9999526739120483, 0.9999901652336121], "(1, 3, 2, 4)": [0.9999892711639404, 0.9999856948852539, 0.9999884366989136, 0.9999887347221375, 0.9999901652336121, 0.9999901652336121, 0.9999901652336121], "(1, 4, 2, 4)": [0.9999873042106628, 0.9999895095825195, 0.9999901652336121, 0.9999901652336121, 0.9999901652336121, 0.9999901652336121, 0.9999901652336121], "(1, 9, 2, 5)": [0.9658671617507935, 0.7865314483642578, 0.8564090728759766, 0.9282113313674927, 0.8304633498191833, 0.8182245492935181, 0.8736240267753601], "(1, 4, 1, 3)": [0.9999707937240601, 0.9999818801879883, 0.9999853372573853, 0.9999822974205017, 0.999988317489624, 0.9999899864196777, 0.9999774694442749], "(1, 4, 2, 3)": [0.9999828338623047, 0.9999886155128479, 0.999988853931427, 0.9999886751174927, 0.9999897480010986, 0.9999898076057434, 0.9999901652336121], "(1, 5, 2, 3)": [0.9999900460243225, 0.9999901056289673, 0.9999899864196777, 0.9999901652336121, 0.9999901652336121, 0.9999901652336121, 0.9999901652336121], "(1, 3, 2, 3)": [0.9975292682647705, 0.9965636134147644, 0.9999027252197266, 0.9999467134475708, 0.9999383687973022, 0.9999898076057434, 0.999937891960144], "(1, 2, 1, 3)": [0.9965554475784302, 0.998412549495697, 0.9863536953926086, 0.9951266050338745, 0.995019793510437, 0.9966301918029785, 0.9967951774597168], "(1, 1, 2, 3)": [0.9831385016441345, 0.9757611155509949, 0.9773608446121216, 0.9840369820594788, 0.9793816208839417, 0.9839339852333069, 0.9842414259910583], "(1, 6, 2, 3)": [0.9999901652336121, 0.9999901652336121, 0.9999898672103882, 0.9999897480010986, 0.9999895095825195, 0.9999898672103882, 0.9999899864196777], "(1, 2, 2, 3)": [0.9944033026695251, 0.9938107132911682, 0.9991995096206665, 0.9987385272979736, 0.9874430298805237, 0.9948685169219971, 0.9909816980361938], "(1, 8, 1, 4)": [0.9978280067443848, 0.9971032738685608, 0.9999136328697205, 0.9991568326950073, 0.9999740123748779, 0.997968316078186, 0.9975782632827759], "(1, 5, 1, 2)": [0.9999625086784363, 0.999962568283081, 0.999954879283905, 0.9992451071739197, 0.999983012676239, 0.9999901652336121, 0.9999816417694092], "(1, 4, 1, 2)": [0.9997349977493286, 0.9997580647468567, 0.9994444251060486, 0.9997444152832031, 0.999687910079956, 0.9997464418411255, 0.999938428401947], "(1, 2, 2, 4)": [0.999872624874115, 0.9998008608818054, 0.9998522400856018, 0.9955670237541199, 0.9999785423278809, 0.9994527101516724, 0.9998887777328491], "(1, 2, 1, 4)": [0.9820383191108704, 0.990421712398529, 0.984225332736969, 0.9787864685058594, 0.991420567035675, 0.9999682903289795, 0.9936712384223938], "(1, 7, 2, 3)": [0.9979186058044434, 0.9999901652336121, 0.9992098808288574, 0.9796117544174194, 0.9982993006706238, 0.9976909756660461, 0.9995265007019043], "(1, 2, 1, 2)": [0.9758393168449402, 0.9803276658058167, 0.9808250069618225, 0.977441132068634, 0.9789960384368896, 0.9820976853370667, 0.9913755059242249], "(1, 5, 1, 4)": [0.9978293180465698, 0.9999901652336121, 0.9999901652336121, 0.9999901652336121, 0.9999901652336121, 0.9999901652336121, 0.9999901652336121], "(1, 3, 1, 2)": [0.9914442896842957, 0.9937750697135925, 0.9966895580291748, 0.9954089522361755, 0.998283326625824, 0.9960305690765381, 0.9970171451568604], "(1, 1, 1, 2)": [0.9606422185897827, 0.9654185771942139, 0.9563287496566772, 0.9560769200325012, 0.9551401734352112, 0.9637107253074646, 0.9699254035949707], "(1, 8, 1, 3)": [0.9999756813049316, 0.8915266990661621, 0.9999901652336121, 0.9999901652336121, 0.9999850988388062, 0.9998395442962646, 0.9999374747276306], "(1, 6, 2, 5)": [0.9978776574134827, 0.9999879598617554, 0.9993876814842224, 0.9997150897979736, 0.9996182322502136, 0.9996846914291382, 0.9997113347053528], "(1, 6, 1, 2)": [0.9850533604621887, 0.9939673542976379, 0.9969719648361206, 0.9950675368309021, 0.9929106831550598, 0.9997161626815796, 0.9999901652336121], "(1, 5, 2, 5)": [0.9997164607048035, 0.9999901652336121, 0.9970462918281555, 0.999645471572876, 0.998306930065155, 0.999859094619751, 0.9984781742095947], "(1, 4, 2, 5)": [0.9999901652336121, 0.9948007464408875, 0.9963157176971436, 0.99898761510849, 0.9992358088493347, 0.9989306330680847, 0.9839662909507751], "(1, 1, 1, 4)": [0.6604989767074585, 0.7458253502845764, 0.9738341569900513, 0.57575923204422, 0.49009525775909424, 0.294283926486969, 0.3477066159248352], "(1, 9, 1, 3)": [0.9961798787117004, 0.999972939491272, 0.9907447099685669, 0.9973081350326538, 0.9940022826194763, 0.9886631965637207, 0.9820329546928406], "(1, 9, 2, 3)": [0.4999748170375824, 0.20740684866905212, 0.3473489582538605, 0.5407243967056274, 0.8145882487297058, 0.4775778651237488, 0.9734344482421875], "(1, 3, 2, 5)": [0.9762226343154907, 0.8764659762382507, 0.938335657119751, 0.9999899864196777, 0.8614159226417542, 0.9085155725479126, 0.7335416674613953], "(1, 7, 1, 2)": [0.9498242735862732, 0.7723003625869751, 0.7566131949424744, 0.5627114772796631, 0.9999488592147827, 0.8432572484016418, 0.8625588417053223], "(1, 1, 1, 1)": [0.16600960493087769, 0.0, 0.0, 0.0, 0.0, 0.0, 0.0],