{"q_values": {"(1, 6, 2, 4)": [0.9999901652336121, 0.9999901652336121, 0.9999901652336121, 0.9999901652336121, 0.9999901652336121, 0.9999896883964539, 0.9999895095825195], "(1, 6, 1, 3)": [0.9999882578849792, 0.9999862313270569, 0.9999901652336121, 0.9999901652336121, 0.9999901652336121, 0.9978293180465698, 0.9999901652336121], "(1, 5, 1, 3)": [0.9999884366989136, 0.9999895095825195, 0.9999894499778748, 0.9999896287918091, 0.9999827742576599, 0.9999890327453613, 0.9999901652336121], "(1, 5, 2, 4)": [0.9999899864196777, 0.999987781047821, 0.9999901652336121, 0.9999901652336121, 0.9999901652336121, 0.9999901652336121, 0.9999901652336121], "(1, 6, 1, 4)": [0.9999901652336121, 0.9999901652336121, 0.9999901652336121, 0.9999901652336121, 0.9999901652336121, 0.9999901652336121, 0.9999901652336121], "(1, 7, 2, 4)": [0.9999901652336121, 0.9999879598617554, 0.9999135732650757, 0.9999849796295166, 0.9999510049819946, 0.9999681115150452, 0.9996253848075867], "(1, 7, 2, 5)": [0.9998839497566223, 0.9905843138694763, 0.9977880120277405, 0.9958940744400024, 0.9974700212478638, 0.9926125407218933, 0.9963604211807251], "(1, 8, 2, 4)": [0.9970717430114746, 0.9985905885696411, 0.9999095797538757, 0.9996591806411743, 0.9990368485450745, 0.9977862238883972, 0.9936999082565308], "(1, 9, 1, 4)": [0.9878400564193726, 0.9964370727539062, 0.9849951267242432, 0.9822105765342712, 0.9792582988739014, 0.966658353805542, 0.9693317413330078], "(1, 9, 2, 4)": [0.9865067005157471, 0.9735354781150818, 0.9712885618209839, 0.9632328152656555, 0.9727987051010132, 0.9688907861709595, 0.9700285196304321], "(1, 4, 1, 4)": [0.9999880790710449, 0.9999759793281555, 0.999980092048645, 0.9999901652336121, 0.9999901652336121, 0.9999901652336121, 0.9999901652336121], "(1, 1, 1, 3)": [0.9676426649093628, 0.9703460335731506, 0.9697209000587463, 0.9748495221138, 0.9721636176109314, 0.9751372933387756, 0.9664055109024048], "(1, 1, 2, 4)": [0.9952641725540161, 0.9956246018409729, 0.9940677881240845, 0.9990163445472717, 0.9996421337127686, 0.9989007711410522, 0.9999876022338867], "(1, 7, 1, 4)": [0.9999901652336121, 0.9999210238456726, 0.9999901652336121, 0.9999901652336121, 0.9982064366340637, 0.9936708807945251, 0.9999598264694214], "(1, 7, 1, 3)": [0.9978293180465698, 0.9999779462814331, 0.990990161895752, 0.9999901652336121, 0.9999901652336121, 0.9999901652336121, 0.9999901652336121], "(1, 8, 2, 5)": [0.9935492277145386, 0.9767835140228271, 0.9745628237724304, 0.9373428821563721, 0.9764507412910461, 0.9767093062400818, 0.9514724016189575], "(1, 8, 2, 3)": [0.9999901652336121, 0.9287858605384827, 0.9373666048049927, 0.982362687587738, 0.9752330183982849, 0.8446507453918457, 0.9574931859970093], "(1, 3, 1, 3)": [0.9981738328933716, 0.9994994401931763, 0.9993058443069458, 0.9991027116775513, 0.9984202980995178, 0.9994525909423828, 0.9999181628227234], "(1, 3, 1, 4)": [0.9997508525848389, 0.9996558427810669, 0.999614953994751, 0.999901533126831, 0.9999002814292908, 0.9998807311058044, 0.9999901652336121], "(1, 3, 2, 4)": [0.9998922944068909, 0.9999756217002869, 0.9999841451644897, 0.9999715089797974, 0.9999901652336121, 0.9936900734901428, 0.9999889731407166], "(1, 4, 2, 4)": [0.9999897480010986, 0.9999900460243225, 0.9999897480010986, 0.9999900460243225, 0.9999901652336121, 0.9999901652336121, 0.9999901652336121], "(1, 9, 2, 5)": [0.9658671617507935, 0.7865314483642578, 0.8564090728759766, 0.9282113313674927, 0.8304633498191833, 0.8182245492935181, 0.8736240267753601], "(1, 4, 1, 3)": [0.9999772310256958, 0.9999614357948303, 0.9999827742576599, 0.9999698400497437, 0.9999507665634155, 0.9999606609344482, 0.9999896883964539], "(1, 4, 2, 3)": [0.9988094568252563, 0.999988317489624, 0.9999847412109375, 0.9999886751174927, 0.9999892115592957, 0.9999898076057434, 0.9963077902793884], "(1, 5, 2, 3)": [0.9999899864196777, 0.9999900460243225, 0.9999898076057434, 0.9999901056289673, 0.999989926815033, 0.9999901652336121, 0.9999901652336121], "(1, 3, 2, 3)": [0.9998182654380798, 0.9996047019958496, 0.9999110102653503, 0.9998539090156555, 0.9998748898506165, 0.9998847246170044, 0.9999898672103882], "(1, 2, 1, 3)": [0.9944645762443542, 0.9863937497138977, 0.9913260340690613, 0.9896824955940247, 0.9953235387802124, 0.9993470311164856, 0.9933935403823853], "(1, 1, 2, 3)": [0.9746711254119873, 0.9710568785667419, 0.9721662402153015, 0.9839053750038147, 0.9808565974235535, 0.9801461696624756, 0.994145393371582], "(1, 6, 2, 3)": [0.9999899864196777, 0.9999901652336121, 0.9999886751174927, 0.9999892711639404, 0.9999881386756897, 0.9999892115592957, 0.9999897480010986], "(1, 2, 2, 3)": [0.9980273246765137, 0.9937008023262024, 0.9979521632194519, 0.9978997707366943, 0.9979656338691711, 0.9990421533584595, 0.9999256730079651], "(1, 8, 1, 4)": [0.9999901652336121, 0.9991259574890137, 0.9978116750717163, 0.9983518123626709, 0.9993436336517334, 0.9936963319778442, 0.9997003674507141], "(1, 5, 1, 2)": [0.9999542236328125, 0.9998924136161804, 0.9999768137931824, 0.9989257454872131, 0.9999755024909973, 0.9999729990959167, 0.9999727010726929], "(1, 4, 1, 2)": [0.9998172521591187, 0.999494731426239, 0.9996586441993713, 0.9998637437820435, 0.9999427199363708, 0.9995303750038147, 0.9999862313270569], "(1, 2, 2, 4)": [0.99930340051651, 0.9998175501823425, 0.999925971031189, 0.9999227523803711, 0.9998942017555237, 0.9989241361618042, 0.9909824132919312], "(1, 2, 1, 4)": [0.9641788601875305, 0.990421712398529, 0.9778784513473511, 0.9598256349563599, 0.991420567035675, 0.9999865293502808, 0.9909640550613403], "(1, 7, 2, 3)": [0.9979186058044434, 0.9999901652336121, 0.9992098808288574, 0.9708781242370605, 0.9982993006706238, 0.9967055916786194, 0.9993277788162231], "(1, 2, 1, 2)": [0.9757815599441528, 0.9798628091812134, 0.9795533418655396, 0.9759087562561035, 0.9842146635055542, 0.974606990814209, 0.9854283928871155], "(1, 5, 1, 4)": [0.9999901652336121, 0.9999901652336121, 0.9999901652336121, 0.9999901652336121, 0.9999901652336121, 0.9999901652336121, 0.9999901652336121], "(1, 3, 1, 2)": [0.9944750666618347, 0.9930894374847412, 0.9972417950630188, 0.9916784763336182, 0.9924793839454651, 0.9984005689620972, 0.9991608262062073], "(1, 1, 1, 2)": [0.9566770792007446, 0.9606602191925049, 0.9563287496566772, 0.9560769200325012, 0.9487758874893188, 0.9637107253074646, 0.9687783122062683], "(1, 8, 1, 3)": [0.9999901652336121, 0.9999901652336121, 0.9999901652336121, 0.9999901652336121, 0.9999600052833557, 0.9999790191650391, 0.9999839663505554], "(1, 6, 2, 5)": [0.9956788420677185, 0.9999711513519287, 0.9987632632255554, 0.9996027946472168, 0.9994615316390991, 0.9996846914291382, 0.9997113347053528], "(1, 6, 1, 2)": [0.9850533604621887, 0.9939673542976379, 0.9969719648361206, 0.9929578304290771, 0.9898765683174133, 0.9988488554954529, 0.9999900460243225], "(1, 5, 2, 5)": [0.9994315505027771, 0.9999901652336121, 0.9970462918281555, 0.9992865920066833, 0.996554970741272, 0.9994518160820007, 0.9978301525115967], "(1, 4, 2, 5)": [0.9999901652336121, 0.9893994927406311, 0.9947409629821777, 0.9979440569877625, 0.9968479871749878, 0.9955770969390869, 0.9532732367515564], "(1, 1, 1, 4)": [0.6604989767074585, 0.7458253502845764, 0.9738341569900513, 0.57575923204422, 0.49009525775909424, 0.294283926486969, 0.3477066159248352], "(1, 9, 1, 3)": [0.9844379425048828, 0.9997749924659729, 0.9867975115776062, 0.9738722443580627, 0.9914360046386719, 0.9874157309532166, 0.9682817459106445], "(1, 9, 2, 3)": [0.4999748170375824, 0.20740684866905212, 0.3473489582538605, 0.5407243967056274, 0.8145882487297058, 0.4775778651237488, 0.9749107360839844], "(1, 3, 2, 5)": [0.9307000041007996, 0.8235269784927368, 0.938335657119751, 0.9999557137489319, 0.8020273447036743, 0.8693121075630188, 0.6193499565124512], "(1, 7, 1, 2)": [0.9498242735862732, 0.7723003625869751, 0.5034264922142029, 0.5627114772796631, 0.9998696446418762, 0.7760859727859497, 0.7195180058479309], "(1, 1, 1, 1)": [0.16600960493087769, 0.0, 0.0, 0.0, 0.0, 0.0, 0.0],