{"q_values": {"(1, 6, 2, 4)": [0.9999129772186279, 0.9999839067459106, 0.9999346733093262, 0.9999224543571472, 0.9999291300773621, 0.9999224543571472, 0.9999294281005859], "(1, 6, 1, 3)": [0.9999892711639404, 0.9999898672103882, 0.9999425411224365, 0.999988853931427, 0.9999894499778748, 0.9999881982803345, 0.9999813437461853], "(1, 5, 1, 3)": [0.9999844431877136, 0.999984622001648, 0.9999843239784241, 0.9999842643737793, 0.9999842643737793, 0.9999881982803345, 0.9999881982803345], "(1, 5, 2, 4)": [0.9999884963035583, 0.9999864101409912, 0.9999815225601196, 0.9999857544898987, 0.9999704957008362, 0.9999882578849792, 0.9999691843986511], "(1, 6, 1, 4)": [0.9999199509620667, 0.9999344944953918, 0.9998024106025696, 0.9998475909233093, 0.9998579621315002, 0.9999573230743408, 0.9999014139175415], "(1, 7, 2, 4)": [0.9999425411224365, 0.9987577795982361, 0.9991104602813721, 0.9990347027778625, 0.9991607069969177, 0.9995458722114563, 0.9968798160552979], "(1, 7, 2, 5)": [0.9995017647743225, 0.9962782263755798, 0.9925507307052612, 0.996434211730957, 0.9937434196472168, 0.99319988489151, 0.9949880242347717], "(1, 8, 2, 4)": [0.9949681758880615, 0.9989843368530273, 0.9936739206314087, 0.9936261177062988, 0.9877822399139404, 0.990189254283905, 0.9949034452438354], "(1, 9, 1, 4)": [0.9781503677368164, 0.9857202768325806, 0.97942054271698, 0.975051760673523, 0.9759042859077454, 0.9771678447723389, 0.9723489284515381], "(1, 9, 2, 4)": [0.9898228645324707, 0.9692621827125549, 0.9753832817077637, 0.9746062755584717, 0.9748608469963074, 0.9719449281692505, 0.9709351658821106], "(1, 4, 1, 4)": [0.9999887347221375, 0.9999887347221375, 0.9999894499778748, 0.9999887347221375, 0.9999882578849792, 0.999988317489624, 0.9999890923500061], "(1, 1, 1, 3)": [0.9759501218795776, 0.9703459739685059, 0.9707310795783997, 0.9815340638160706, 0.9708943367004395, 0.970670759677887, 0.9941848516464233], "(1, 1, 2, 4)": [0.9965555667877197, 0.9847226738929749, 0.9892395734786987, 0.997948944568634, 0.9990076422691345, 0.9995920062065125, 0.9999825358390808], "(1, 7, 1, 4)": [0.999819815158844, 0.9999449849128723, 0.999783992767334, 0.9998573660850525, 0.9995404481887817, 0.9996849298477173, 0.9993794560432434], "(1, 7, 1, 3)": [0.9998430013656616, 0.9995414018630981, 0.9988002777099609, 0.9999684691429138, 0.999934732913971, 0.9997513294219971, 0.9998217821121216], "(1, 8, 2, 5)": [0.9820644855499268, 0.9892487525939941, 0.9829138517379761, 0.9796358346939087, 0.9755816459655762, 0.9799920320510864, 0.9842624068260193], "(1, 8, 2, 3)": [0.9996975660324097, 0.9826498031616211, 0.9784318804740906, 0.9980586171150208, 0.9982848763465881, 0.9606083631515503, 0.978561282157898], "(1, 3, 1, 3)": [0.9993168115615845, 0.9985693693161011, 0.999791145324707, 0.999369740486145, 0.9994041323661804, 0.999189019203186, 0.9997730851173401], "(1, 3, 1, 4)": [0.9998843669891357, 0.9998158812522888, 0.9997490048408508, 0.9999467730522156, 0.9999876618385315, 0.9999858140945435, 0.9999901652336121], "(1, 3, 2, 4)": [0.9999856352806091, 0.9968756437301636, 0.9999821782112122, 0.9999865293502808, 0.9955766797065735, 0.9999898076057434, 0.9999875426292419], "(1, 4, 2, 4)": [0.9999841451644897, 0.9999775886535645, 0.9999871850013733, 0.9999666810035706, 0.9998618364334106, 0.9999821782112122, 0.9999891519546509], "(1, 9, 2, 5)": [0.9636107087135315, 0.8415661454200745, 0.8564090728759766, 0.9407449960708618, 0.8304633498191833, 0.8182245492935181, 0.9025338888168335], "(1, 4, 1, 3)": [0.999901533126831, 0.9999390244483948, 0.9999768137931824, 0.9999619722366333, 0.9999474883079529, 0.9999609589576721, 0.9999719858169556], "(1, 4, 2, 3)": [0.9999735951423645, 0.9999663829803467, 0.9999377131462097, 0.999937117099762, 0.9999660849571228, 0.9999753832817078, 0.9989128708839417], "(1, 5, 2, 3)": [0.9999867677688599, 0.9999878406524658, 0.9999867081642151, 0.999986469745636, 0.999987781047821, 0.9999588131904602, 0.9999880194664001], "(1, 3, 2, 3)": [0.9942217469215393, 0.9996126890182495, 0.9997162818908691, 0.9990720748901367, 0.9909219741821289, 0.9993168115615845, 0.9909817576408386], "(1, 2, 1, 3)": [0.9873914122581482, 0.9888384342193604, 0.9909343123435974, 0.9905868768692017, 0.9930111765861511, 0.996906042098999, 0.9920457601547241], "(1, 1, 2, 3)": [0.974810004234314, 0.9735100269317627, 0.9729927778244019, 0.9763869643211365, 0.9725346565246582, 0.9751251935958862, 0.9814910292625427], "(1, 6, 2, 3)": [0.9999896287918091, 0.9999890327453613, 0.99998939037323, 0.9999892711639404, 0.9999890327453613, 0.9999800324440002, 0.9999860525131226], "(1, 2, 2, 3)": [0.9912207722663879, 0.9949635863304138, 0.9955670833587646, 0.9925336837768555, 0.9936877489089966, 0.99269038438797, 0.9985079169273376], "(1, 8, 1, 4)": [0.9938023090362549, 0.994989812374115, 0.9974178671836853, 0.9973767995834351, 0.9945366382598877, 0.9983762502670288, 0.9959162473678589], "(1, 5, 1, 2)": [0.9999698996543884, 0.9999777674674988, 0.9999722838401794, 0.9999697804450989, 0.9999873638153076, 0.9998595118522644, 0.9992697238922119], "(1, 4, 1, 2)": [0.9995289444923401, 0.9995038509368896, 0.9988994002342224, 0.9996853470802307, 0.9997357726097107, 0.9994635581970215, 0.9999634623527527], "(1, 2, 2, 4)": [0.9997540712356567, 0.9986931085586548, 0.9990922212600708, 0.999867856502533, 0.9999842643737793, 0.9998130202293396, 0.999957799911499], "(1, 2, 1, 4)": [0.9919207096099854, 0.9971588850021362, 0.9939382672309875, 0.9948283433914185, 0.9985416531562805, 0.9999765753746033, 0.9993305206298828], "(1, 7, 2, 3)": [0.9998725056648254, 0.9999690055847168, 0.9997214674949646, 0.9995789527893066, 0.999789834022522, 0.999943733215332, 0.999731719493866], "(1, 2, 1, 2)": [0.9751431345939636, 0.9811432957649231, 0.9787720441818237, 0.9780769348144531, 0.9754683375358582, 0.9805344939231873, 0.9792913794517517], "(1, 5, 1, 4)": [0.9999734163284302, 0.9999895691871643, 0.9999844431877136, 0.9999858736991882, 0.9999825358390808, 0.9999821186065674, 0.9930910468101501], "(1, 3, 1, 2)": [0.9947704672813416, 0.9932537078857422, 0.9938305020332336, 0.9919808506965637, 0.9900773167610168, 0.9903190732002258, 0.9997094869613647], "(1, 1, 1, 2)": [0.9624963998794556, 0.9612679481506348, 0.9663372039794922, 0.9600967764854431, 0.9687672257423401, 0.9646102786064148, 0.9646111726760864], "(1, 8, 1, 3)": [0.9995611906051636, 0.9908826947212219, 0.9906582832336426, 0.9987033009529114, 0.9986013174057007, 0.9998000264167786, 0.9996090531349182], "(1, 6, 2, 5)": [0.9999077320098877, 0.9994506239891052, 0.9991152882575989, 0.9994735717773438, 0.9992899298667908, 0.9995110034942627, 0.9994359016418457], "(1, 6, 1, 2)": [0.999986469745636, 0.9999874234199524, 0.9999874234199524, 0.9999868869781494, 0.9999859929084778, 0.9999895095825195, 0.9999885559082031], "(1, 5, 2, 5)": [0.9999426007270813, 0.9999887943267822, 0.9999798536300659, 0.9999722242355347, 0.9999708533287048, 0.9998740553855896, 0.9999842643737793], "(1, 4, 2, 5)": [0.9999879002571106, 0.9999669790267944, 0.9999873638153076, 0.9992380738258362, 0.9999886155128479, 0.9999890327453613, 0.9999876618385315], "(1, 1, 1, 4)": [0.6604989767074585, 0.7458253502845764, 0.9765589833259583, 0.6953675746917725, 0.6430568695068359, 0.6541740894317627, 0.3477066159248352], "(1, 9, 1, 3)": [0.9998370409011841, 0.9992110729217529, 0.9992852210998535, 0.99860680103302, 0.9943563938140869, 0.9964683055877686, 0.9923046827316284], "(1, 9, 2, 3)": [0.4999748170375824, 0.4451807141304016, 0.5371440649032593, 0.678352952003479, 0.8145882487297058, 0.8596664071083069, 0.9739883542060852], "(1, 3, 2, 5)": [0.9996612071990967, 0.9987924098968506, 0.9999660849571228, 0.9999865293502808, 0.9960758090019226, 0.9998412132263184, 0.9995563626289368], "(1, 7, 1, 2)": [0.9970982074737549, 0.9617185592651367, 0.9988346099853516, 0.9876381158828735, 0.9999150633811951, 0.9978208541870117, 0.9944406151771545], "(1, 1, 1, 1)": [0.4072037935256958, 0.0, 0.29099708795547485, 0.0, 0.0, 0.0, 0.0],