{"q_values": {"(1, 6, 2, 4)": [0.3465723395347595, 0.33875876665115356, 0.32465556263923645, 0.3296756148338318, 0.32593661546707153, 0.2913673222064972, 0.340393990278244], "(1, 6, 1, 3)": [0.3061710000038147, 0.3588618040084839, 0.34800663590431213, 0.34135380387306213, 0.34474530816078186, 0.3437275290489197, 0.33421337604522705], "(1, 5, 1, 3)": [0.3393324017524719, 0.37883052229881287, 0.3812371492385864, 0.3798472285270691, 0.3796875774860382, 0.3710475265979767, 0.3721773624420166], "(1, 5, 2, 4)": [0.3722124397754669, 0.3623260259628296, 0.3736075162887573, 0.36250847578048706, 0.335269957780838, 0.35916486382484436, 0.3553553819656372], "(1, 6, 1, 4)": [0.23462264239788055, 0.19801166653633118, 0.28572797775268555, 0.1466885805130005, 0.2814532220363617, 0.3177209496498108, 0.2605546712875366], "(1, 7, 2, 4)": [0.2885345220565796, 0.28987833857536316, 0.28238624334335327, 0.28444918990135193, 0.284505695104599, 0.28163471817970276, 0.27687495946884155], "(1, 7, 2, 5)": [0.15514497458934784, 0.12168782949447632, 0.2154373824596405, 0.03354347497224808, 0.15052108466625214, 0.15132157504558563, 0.09205597639083862], "(1, 8, 2, 4)": [0.23972557485103607, 0.24319574236869812, 0.27589282393455505, 0.2686307728290558, 0.27559930086135864, 0.26292526721954346, 0.22985443472862244], "(1, 9, 1, 4)": [0.029818035662174225, 0.05058722943067551, 0.05130743607878685, 0.10611745715141296, 0.16923020780086517, 0.17856064438819885, 0.1802009642124176], "(1, 9, 2, 4)": [0.19835348427295685, 0.12772466242313385, 0.17509856820106506, 0.20052722096443176, 0.2578181326389313, 0.14528661966323853, 0.26859816908836365], "(1, 4, 1, 4)": [0.10144862532615662, 0.30204394459724426, 0.15396817028522491, 0.11272959411144257, 0.28971606492996216, 0.1898147463798523, 0.18493607640266418], "(1, 1, 1, 3)": [0.2094493955373764, 0.11677425354719162, 0.22704342007637024, 0.27035290002822876, 0.2216462343931198, 0.22832602262496948, 0.12493512779474258], "(1, 1, 2, 4)": [0.013647519052028656, 0.1678890436887741, 0.1299227774143219, 0.08784947544336319, 0.0, 0.08874852955341339, 0.07126916199922562], "(1, 7, 1, 4)": [0.2605389952659607, 0.2930253744125366, 0.247297465801239, 0.260823130607605, 0.27248477935791016, 0.23249214887619019, 0.24784493446350098], "(1, 7, 1, 3)": [0.32134634256362915, 0.3061325252056122, 0.30574965476989746, 0.2923825979232788, 0.29814666509628296, 0.30026084184646606, 0.2841716706752777], "(1, 8, 2, 5)": [0.24894368648529053, 0.19911091029644012, 0.11668577790260315, 0.12881818413734436, 0.09761866927146912, 0.12042999267578125, 0.1639179289340973], "(1, 8, 2, 3)": [0.10949165374040604, 0.0, 0.01586874946951866, 0.0, 0.07294011861085892, 0.1367684006690979, 0.12842591106891632], "(1, 3, 1, 3)": [0.3354392945766449, 0.34242239594459534, 0.3342093825340271, 0.34524375200271606, 0.3318604826927185, 0.32663172483444214, 0.35201337933540344], "(1, 3, 1, 4)": [0.21957072615623474, 0.10311675071716309, 0.16259583830833435, 0.11140507459640503, 0.1180943176150322, 0.08953676372766495, 0.26038435101509094], "(1, 3, 2, 4)": [0.3480931222438812, 0.35578975081443787, 0.3325463533401489, 0.3661097288131714, 0.3724750578403473, 0.3685183525085449, 0.2818675637245178], "(1, 4, 2, 4)": [0.36450695991516113, 0.3523915112018585, 0.3629840016365051, 0.3567199409008026, 0.36992982029914856, 0.36684662103652954, 0.3535984754562378], "(1, 9, 2, 5)": [0.09628920257091522, -0.005109000019729137, 0.1430891752243042, 0.1433926820755005, 0.11605358868837357, 0.06097741425037384, 0.16420111060142517], "(1, 4, 1, 3)": [0.3483499586582184, 0.36434829235076904, 0.33818158507347107, 0.37647736072540283, 0.3575519323348999, 0.36053329706192017, 0.36831504106521606], "(1, 4, 2, 3)": [0.3295029401779175, 0.3016508221626282, 0.33604320883750916, 0.3182884752750397, 0.3446352481842041, 0.3323209881782532, 0.3555636703968048], "(1, 5, 2, 3)": [0.35034212470054626, 0.36694979667663574, 0.3196089267730713, 0.301623672246933, 0.33301934599876404, 0.3366200029850006, 0.3119557201862335], "(1, 3, 2, 3)": [0.29282763600349426, 0.32664772868156433, 0.27551618218421936, 0.23935028910636902, 0.30927515029907227, 0.24037039279937744, 0.3146679997444153], "(1, 2, 1, 3)": [0.275776743888855, 0.30286136269569397, 0.273996502161026, 0.2837548553943634, 0.29060372710227966, 0.30917006731033325, 0.3075504004955292], "(1, 1, 2, 3)": [0.1323079615831375, 0.1927640736103058, 0.20005783438682556, 0.16303853690624237, 0.15836778283119202, 0.17876897752285004, 0.13323833048343658], "(1, 6, 2, 3)": [0.28102147579193115, 0.2081385999917984, 0.1687321662902832, 0.26756808161735535, 0.25636669993400574, 0.2557300627231598, 0.2634524703025818], "(1, 2, 2, 3)": [0.2831592261791229, 0.2811138331890106, 0.2668095529079437, 0.2927071452140808, 0.26561084389686584, 0.2886093854904175, 0.30215951800346375], "(1, 8, 1, 4)": [0.17999769747257233, 0.17751869559288025, 0.17848056554794312, 0.19757074117660522, 0.20065543055534363, 0.2516198456287384, 0.2233162522315979], "(1, 5, 1, 2)": [0.10104997456073761, 0.08320821821689606, 0.06558312475681305, 0.1191619336605072, 0.10454341769218445, 0.16190074384212494, 0.0], "(1, 4, 1, 2)": [0.16697567701339722, 0.14767979085445404, 0.08197399973869324, 0.2080637812614441, 0.1353413611650467, 0.1440199911594391, 0.2388892024755478], "(1, 2, 2, 4)": [0.3040551543235779, 0.3179011940956116, 0.3090728521347046, 0.31009986996650696, 0.30297183990478516, 0.31777703762054443, 0.3029730021953583], "(1, 2, 1, 4)": [0.04473445191979408, 0.1909022182226181, 0.16157755255699158, 0.0, 0.08622683584690094, 0.07812537252902985, 0.07275190949440002], "(1, 7, 2, 3)": [0.060710012912750244, 0.1613403856754303, 0.13919062912464142, 0.026664502918720245, 0.14441102743148804, 0.1471342146396637, 0.1951879858970642], "(1, 2, 1, 2)": [0.20041899383068085, 0.20369379222393036, 0.21409140527248383, 0.14749932289123535, 0.16649027168750763, 0.12230454385280609, 0.22564911842346191], "(1, 5, 1, 4)": [0.2597055435180664, 0.2217734456062317, 0.19858212769031525, 0.17684423923492432, 0.242438405752182, 0.2254452109336853, 0.33442240953445435], "(1, 3, 1, 2)": [0.1562333106994629, 0.18984562158584595, 0.1815503090620041, 0.19642245769500732, 0.21434885263442993, 0.2750362455844879, 0.08892090618610382], "(1, 1, 1, 2)": [0.17083853483200073, 0.16693921387195587, 0.1263982206583023, 0.12134143710136414, 0.02189555950462818, 0.0352131687104702, 0.2424953728914261], "(1, 8, 1, 3)": [0.2135898470878601, 0.21059760451316833, 0.18005146086215973, 0.21434268355369568, 0.22337739169597626, 0.21156951785087585, 0.23098914325237274], "(1, 6, 2, 5)": [0.276825487613678, 0.12403130531311035, 0.17363575100898743, 0.1466267704963684, 0.050862908363342285, 0.05715733766555786, 0.09378167986869812], "(1, 6, 1, 2)": [0.031067484989762306, 0.006369099952280521, 0.0, 0.0, 0.020280413329601288, 0.0, 0.1076999232172966], "(1, 5, 2, 5)": [0.07024078071117401, 0.18222226202487946, 0.2205502986907959, 0.08063752204179764, 0.10822272300720215, 0.0041556269861757755, 0.06480568647384644], "(1, 4, 2, 5)": [0.2717590928077698, 0.08527080714702606, 0.20074588060379028, 0.12604384124279022, 0.014143458567559719, 0.08707937598228455, 0.0526994988322258], "(1, 1, 1, 4)": [0.00359852216206491, 0.0704319030046463, 0.0, 0.0, 0.0, 0.0, 0.09295643866062164], "(1, 9, 1, 3)": [0.052435800433158875, 0.0, 0.01857343316078186, 0.0, 0.0, 0.05898919701576233, 0.1142905056476593], "(1, 9, 2, 3)": [0.0, 0.0, 0.0, 0.0, 0.0, 0.0, 0.0], "(1, 3, 2, 5)": [0.0, 0.10837093740701675, 0.1284547597169876, 0.0, 0.011354157701134682, 0.09194859862327576, 0.028128474950790405], "(1, 7, 1, 2)": [0.0, 0.0, 0.0, 0.0, 0.0, 0.06938809156417847, 0.0]}}