{"q_values": {"(1, 6, 2, 4)": [0.9999811053276062, 0.9999823570251465, 0.9999901652336121, 0.9999818801879883, 0.9998300075531006, 0.9996262192726135, 0.9999712109565735], "(1, 6, 1, 3)": [0.9999830722808838, 0.9998117089271545, 0.9999901652336121, 0.9999901652336121, 0.9999901652336121, 0.9999900460243225, 0.999989926815033], "(1, 5, 1, 3)": [0.9999897480010986, 0.9999901056289673, 0.9999901056289673, 0.9999901652336121, 0.9999900460243225, 0.9999901652336121, 0.9999901652336121], "(1, 5, 2, 4)": [0.9999901056289673, 0.9999901652336121, 0.9999898672103882, 0.9999901652336121, 0.9999901652336121, 0.9999901652336121, 0.9999892711639404], "(1, 6, 1, 4)": [0.9999901652336121, 0.9999898672103882, 0.9999876022338867, 0.9999901652336121, 0.9999892115592957, 0.9999673366546631, 0.9999799728393555], "(1, 7, 2, 4)": [0.9991511106491089, 0.9988021850585938, 0.9996199607849121, 0.9991587400436401, 0.9991492033004761, 0.997376024723053, 0.9978665709495544], "(1, 7, 2, 5)": [0.9992952346801758, 0.9821628332138062, 0.9977393746376038, 0.9920151233673096, 0.9965516328811646, 0.9895426630973816, 0.9914928674697876], "(1, 8, 2, 4)": [0.9976584315299988, 0.9959145188331604, 0.9918045401573181, 0.9966521859169006, 0.9934821724891663, 0.9875417351722717, 0.9906913042068481], "(1, 9, 1, 4)": [0.9717875123023987, 0.977251410484314, 0.9711090326309204, 0.9643537402153015, 0.9743159413337708, 0.9610960483551025, 0.9687597155570984], "(1, 9, 2, 4)": [0.9745476841926575, 0.9689026474952698, 0.9671341180801392, 0.968207597732544, 0.9698416590690613, 0.9687867164611816, 0.9701722264289856], "(1, 4, 1, 4)": [0.9999828934669495, 0.9999417066574097, 0.9999352693557739, 0.9999417066574097, 0.9999834299087524, 0.9999579787254333, 0.9999901652336121], "(1, 1, 1, 3)": [0.9615767002105713, 0.9699705243110657, 0.9685231447219849, 0.9631297588348389, 0.9615997076034546, 0.968402624130249, 0.9676567316055298], "(1, 1, 2, 4)": [0.9017986059188843, 0.9389110803604126, 0.9530140161514282, 0.8674865365028381, 0.7094662189483643, 0.8787742853164673, 0.993388295173645], "(1, 7, 1, 4)": [0.9999682307243347, 0.9999892115592957, 0.9999727606773376, 0.9999676942825317, 0.9999622106552124, 0.9998647570610046, 0.9973351359367371], "(1, 7, 1, 3)": [0.9990274906158447, 0.9984679222106934, 0.9999901652336121, 0.9999898672103882, 0.9999879598617554, 0.9999865293502808, 0.999970555305481], "(1, 8, 2, 5)": [0.997221052646637, 0.9668475389480591, 0.9705101847648621, 0.9373428821563721, 0.9726921916007996, 0.9701735973358154, 0.9318538904190063], "(1, 8, 2, 3)": [0.9999479055404663, 0.8546752333641052, 0.9105278849601746, 0.9748085141181946, 0.9508907198905945, 0.778498113155365, 0.9574931859970093], "(1, 3, 1, 3)": [0.9991527795791626, 0.9995005130767822, 0.9992201924324036, 0.9996654987335205, 0.9995678663253784, 0.9996994733810425, 0.9991647601127625], "(1, 3, 1, 4)": [0.9984802007675171, 0.9934040307998657, 0.9911011457443237, 0.9956883788108826, 0.9934984445571899, 0.9920865893363953, 0.9999833703041077], "(1, 3, 2, 4)": [0.9999690055847168, 0.9999898672103882, 0.9999899864196777, 0.9999901056289673, 0.9999901652336121, 0.9999901652336121, 0.9999851584434509], "(1, 4, 2, 4)": [0.9999901652336121, 0.9999901652336121, 0.9999901056289673, 0.9999901652336121, 0.9999901652336121, 0.9999901652336121, 0.9999901652336121], "(1, 9, 2, 5)": [0.9658372402191162, 0.7865314483642578, 0.807813286781311, 0.9282113313674927, 0.8304633498191833, 0.8182245492935181, 0.8736240267753601], "(1, 4, 1, 3)": [0.9993457794189453, 0.999984860420227, 0.9999718070030212, 0.9999869465827942, 0.9999844431877136, 0.9999822974205017, 0.9999353289604187], "(1, 4, 2, 3)": [0.9999613761901855, 0.9999897480010986, 0.9999877214431763, 0.9999898672103882, 0.9999900460243225, 0.9999901652336121, 0.999989926815033], "(1, 5, 2, 3)": [0.9999896883964539, 0.9999898672103882, 0.999988317489624, 0.9999901652336121, 0.9999901652336121, 0.9969028234481812, 0.9999901652336121], "(1, 3, 2, 3)": [0.9201375842094421, 0.9947949647903442, 0.9999770522117615, 0.9997297525405884, 0.9998958110809326, 0.9999901652336121, 0.9995809197425842], "(1, 2, 1, 3)": [0.9856759309768677, 0.9863126277923584, 0.992971658706665, 0.9985665678977966, 0.990063488483429, 0.9850439429283142, 0.9990379810333252], "(1, 1, 2, 3)": [0.9604376554489136, 0.9697510600090027, 0.96882164478302, 0.9684522151947021, 0.9513488411903381, 0.9679160118103027, 0.968458890914917], "(1, 6, 2, 3)": [0.9999733567237854, 0.9999901056289673, 0.9999715089797974, 0.9999820590019226, 0.9999389052391052, 0.999916672706604, 0.9999716877937317], "(1, 2, 2, 3)": [0.9863277673721313, 0.9973121881484985, 0.9973900318145752, 0.9901280403137207, 0.9958047866821289, 0.9883477091789246, 0.998780369758606], "(1, 8, 1, 4)": [0.9997562170028687, 0.9954969882965088, 0.9989173412322998, 0.9974398016929626, 0.9913934469223022, 0.9926745891571045, 0.9958916902542114], "(1, 5, 1, 2)": [0.9974848628044128, 0.9921204447746277, 0.9959388971328735, 0.9815706014633179, 0.9999871253967285, 0.9987934827804565, 0.9963065981864929], "(1, 4, 1, 2)": [0.9961090683937073, 0.9963221549987793, 0.9986028075218201, 0.9979220628738403, 0.9947759509086609, 0.9996164441108704, 0.9973673820495605], "(1, 2, 2, 4)": [0.9990788698196411, 0.9991435408592224, 0.9996112585067749, 0.9999671578407288, 0.9999901652336121, 0.9999890327453613, 0.9999876618385315], "(1, 2, 1, 4)": [0.9024447798728943, 0.9689974188804626, 0.9450351595878601, 0.8830335736274719, 0.9490281343460083, 0.9998801350593567, 0.9624009132385254], "(1, 7, 2, 3)": [0.9939504861831665, 0.9999736547470093, 0.9933573603630066, 0.9151154160499573, 0.9931314587593079, 0.9904795289039612, 0.9972718954086304], "(1, 2, 1, 2)": [0.9649131894111633, 0.9751663208007812, 0.9759655594825745, 0.9769731163978577, 0.9766042828559875, 0.9625599384307861, 0.9885728359222412], "(1, 5, 1, 4)": [0.9999901652336121, 0.9999901652336121, 0.9999901652336121, 0.9999901652336121, 0.9958473443984985, 0.9999901652336121, 0.9999901652336121], "(1, 3, 1, 2)": [0.9935479164123535, 0.9912993311882019, 0.9910430908203125, 0.9940592646598816, 0.9927380681037903, 0.9824274778366089, 0.9978115558624268], "(1, 1, 1, 2)": [0.9311763048171997, 0.914874792098999, 0.9130908846855164, 0.851934015750885, 0.8507654070854187, 0.9176846146583557, 0.9688572287559509], "(1, 8, 1, 3)": [0.9999901652336121, 0.9999901652336121, 0.9999901652336121, 0.9999850988388062, 0.9998874664306641, 0.9991267919540405, 0.9996858835220337], "(1, 6, 2, 5)": [0.99383145570755, 0.9998078942298889, 0.9982374310493469, 0.9989151954650879, 0.9990695118904114, 0.9994860887527466, 0.9994794726371765], "(1, 6, 1, 2)": [0.8187016248703003, 0.9488115310668945, 0.9253134727478027, 0.9402870535850525, 0.9140273332595825, 0.9801912903785706, 0.9999576210975647], "(1, 5, 2, 5)": [0.9988501071929932, 0.999987006187439, 0.9914073944091797, 0.9981104135513306, 0.989978551864624, 0.998420774936676, 0.9938464760780334], "(1, 4, 2, 5)": [0.9999288320541382, 0.9691135287284851, 0.9892773628234863, 0.9825981259346008, 0.973385214805603, 0.9235238432884216, 0.7220457792282104], "(1, 1, 1, 4)": [0.5278793573379517, 0.5033897757530212, 0.9590772986412048, 0.57575923204422, 0.2715720534324646, 0.294283926486969, 0.3477066159248352], "(1, 9, 1, 3)": [0.9469932913780212, 0.9745864272117615, 0.9281538128852844, 0.8276048302650452, 0.9805561900138855, 0.9561251401901245, 0.9243835210800171], "(1, 9, 2, 3)": [0.4999748170375824, 0.20740684866905212, 0.3473489582538605, 0.5407243967056274, 0.7437877655029297, 0.2665439546108246, 0.9384679198265076], "(1, 3, 2, 5)": [0.7114012837409973, 0.6398610472679138, 0.7432291507720947, 0.9786266088485718, 0.4229307770729065, 0.4739665389060974, 0.4652826189994812], "(1, 7, 1, 2)": [0.9020084738731384, 0.6749320030212402, 0.2912345826625824, 0.5627114772796631, 0.9957221746444702, 0.543042778968811, 0.5993156433105469], "(1, 1, 1, 1)": [0.16600960493087769, 0.0, 0.0, 0.0, 0.0, 0.0, 0.0],