{"q_values": {"(1, 6, 2, 4)": [0.9909170866012573, 0.9913038015365601, 0.9908451437950134, 0.9911146759986877, 0.9913867115974426, 0.9889235496520996, 0.9912380576133728], "(1, 6, 1, 3)": [0.9925901889801025, 0.9926316142082214, 0.9924002289772034, 0.9927358627319336, 0.9924029111862183, 0.992412805557251, 0.9923199415206909], "(1, 5, 1, 3)": [0.99130779504776, 0.9923296570777893, 0.9924952387809753, 0.9923864006996155, 0.9923218488693237, 0.9923204183578491, 0.9921450018882751], "(1, 5, 2, 4)": [0.9919150471687317, 0.9920077323913574, 0.9921841025352478, 0.9920850396156311, 0.99211585521698, 0.99185711145401, 0.9912295341491699], "(1, 6, 1, 4)": [0.992702066898346, 0.991553544998169, 0.9923754334449768, 0.9918727278709412, 0.9914618730545044, 0.9914014935493469, 0.9910970330238342], "(1, 7, 2, 4)": [0.9883246421813965, 0.9906945824623108, 0.9884958267211914, 0.9883970022201538, 0.9880566000938416, 0.9860654473304749, 0.9886025786399841], "(1, 7, 2, 5)": [0.9843060970306396, 0.7441632747650146, 0.8193427324295044, 0.9102057218551636, 0.8381558060646057, 0.8749673962593079, 0.8991612792015076], "(1, 8, 2, 4)": [0.9809089303016663, 0.97765052318573, 0.9740746021270752, 0.9786918759346008, 0.9806492924690247, 0.9703749418258667, 0.9632518291473389], "(1, 9, 1, 4)": [0.8802180290222168, 0.7982252240180969, 0.9143399000167847, 0.8997632265090942, 0.9262641668319702, 0.9543814659118652, 0.9327574372291565], "(1, 9, 2, 4)": [0.8587342500686646, 0.9132426977157593, 0.9392534494400024, 0.9499993920326233, 0.951690673828125, 0.8940532803535461, 0.9580361247062683], "(1, 4, 1, 4)": [0.9882476329803467, 0.9836313724517822, 0.9905786514282227, 0.9890973567962646, 0.9782822728157043, 0.9897482395172119, 0.9921596050262451], "(1, 1, 1, 3)": [0.9571201205253601, 0.9380462169647217, 0.9342304468154907, 0.9412693977355957, 0.9461297392845154, 0.9496440291404724, 0.9230863451957703], "(1, 1, 2, 4)": [0.8756540417671204, 0.8750998973846436, 0.8930304646492004, 0.8109257221221924, 0.6097558736801147, 0.6823846697807312, 0.774804949760437], "(1, 7, 1, 4)": [0.9925299286842346, 0.9909676909446716, 0.9918642640113831, 0.9909137487411499, 0.9902098774909973, 0.9866896271705627, 0.9902070760726929], "(1, 7, 1, 3)": [0.9855033159255981, 0.9921026229858398, 0.9920044541358948, 0.9925599098205566, 0.9917981028556824, 0.9915846586227417, 0.9913379549980164], "(1, 8, 2, 5)": [0.9598055481910706, 0.8101900815963745, 0.8253655433654785, 0.8810842037200928, 0.8287137150764465, 0.8699191808700562, 0.8833240270614624], "(1, 8, 2, 3)": [0.9860278367996216, 0.5788514614105225, 0.8723065257072449, 0.8095242381095886, 0.862576961517334, 0.778498113155365, 0.8303921222686768], "(1, 3, 1, 3)": [0.9887229204177856, 0.9892721176147461, 0.9904552698135376, 0.9895377159118652, 0.9895080327987671, 0.9900090098381042, 0.9920637011528015], "(1, 3, 1, 4)": [0.9669994711875916, 0.97325599193573, 0.9712851643562317, 0.9757086634635925, 0.964255690574646, 0.9706825017929077, 0.9892901182174683], "(1, 3, 2, 4)": [0.9915984869003296, 0.9919034838676453, 0.991798996925354, 0.992486834526062, 0.9922164082527161, 0.9921984672546387, 0.9920252561569214], "(1, 4, 2, 4)": [0.9924756288528442, 0.9924535155296326, 0.9924725890159607, 0.9925766587257385, 0.9925375580787659, 0.9923156499862671, 0.9906595945358276], "(1, 9, 2, 5)": [0.8976139426231384, 0.5963811278343201, 0.6535339951515198, 0.7248734831809998, 0.6852480173110962, 0.7532739639282227, 0.6899329423904419], "(1, 4, 1, 3)": [0.9918839335441589, 0.9916656613349915, 0.9917358160018921, 0.9921154379844666, 0.9918183088302612, 0.9923150539398193, 0.9921854138374329], "(1, 4, 2, 3)": [0.9913443922996521, 0.9921873807907104, 0.9915971159934998, 0.991750180721283, 0.9925559759140015, 0.9926813244819641, 0.9921403527259827], "(1, 5, 2, 3)": [0.991026759147644, 0.990240216255188, 0.990884006023407, 0.991061270236969, 0.9920396208763123, 0.9908121228218079, 0.9909234642982483], "(1, 3, 2, 3)": [0.9877913594245911, 0.9914448261260986, 0.9914724826812744, 0.9902562499046326, 0.991159975528717, 0.9921351671218872, 0.9923254251480103], "(1, 2, 1, 3)": [0.9804332256317139, 0.9807314872741699, 0.9770670533180237, 0.98027503490448, 0.978827714920044, 0.9785577654838562, 0.974926233291626], "(1, 1, 2, 3)": [0.9489712119102478, 0.9013006687164307, 0.9545766115188599, 0.9396167993545532, 0.9581806659698486, 0.9216840863227844, 0.9489650726318359], "(1, 6, 2, 3)": [0.9898662567138672, 0.9908035397529602, 0.9722573757171631, 0.9826662540435791, 0.9558756947517395, 0.9606313109397888, 0.9697675704956055], "(1, 2, 2, 3)": [0.9807484149932861, 0.9839321970939636, 0.9742756485939026, 0.981998860836029, 0.9746235013008118, 0.9778514504432678, 0.9808744192123413], "(1, 8, 1, 4)": [0.9908955097198486, 0.9876329302787781, 0.9790772199630737, 0.9843971133232117, 0.8395189642906189, 0.9082949161529541, 0.96277916431427], "(1, 5, 1, 2)": [0.9631409049034119, 0.9683297872543335, 0.9712247848510742, 0.9302498698234558, 0.9899548888206482, 0.96238112449646, 0.9776471257209778], "(1, 4, 1, 2)": [0.9803802967071533, 0.979425311088562, 0.970926821231842, 0.9802709817886353, 0.9640504121780396, 0.9897090792655945, 0.9765530824661255], "(1, 2, 2, 4)": [0.985142171382904, 0.9851776957511902, 0.9883162975311279, 0.9883438944816589, 0.9910945296287537, 0.9891448616981506, 0.9898035526275635], "(1, 2, 1, 4)": [0.8093096613883972, 0.9432046413421631, 0.8537302613258362, 0.8340368270874023, 0.927230954170227, 0.9807157516479492, 0.7770272493362427], "(1, 7, 2, 3)": [0.9046047925949097, 0.9854804873466492, 0.9448836445808411, 0.7575446367263794, 0.7786508798599243, 0.8922678828239441, 0.9260886311531067], "(1, 2, 1, 2)": [0.940170407295227, 0.9377427101135254, 0.9223636388778687, 0.9627985954284668, 0.9527561068534851, 0.9578493237495422, 0.968952476978302], "(1, 5, 1, 4)": [0.9912261366844177, 0.9914804100990295, 0.9919546842575073, 0.9911373853683472, 0.9908417463302612, 0.9914039969444275, 0.696963369846344], "(1, 3, 1, 2)": [0.9724370837211609, 0.972028374671936, 0.9560164213180542, 0.9746917486190796, 0.9736294746398926, 0.9824274778366089, 0.9884614944458008], "(1, 1, 1, 2)": [0.8881535530090332, 0.8140230178833008, 0.8543829917907715, 0.851934015750885, 0.6184691190719604, 0.8636811375617981, 0.9502270817756653], "(1, 8, 1, 3)": [0.9894174933433533, 0.9901987314224243, 0.990480899810791, 0.9896674156188965, 0.9885574579238892, 0.9873348474502563, 0.9898715019226074], "(1, 6, 2, 5)": [0.9331372976303101, 0.981678307056427, 0.6422531604766846, 0.8831108212471008, 0.8963667154312134, 0.9348257184028625, 0.8727219104766846], "(1, 6, 1, 2)": [0.7411745190620422, 0.7084700465202332, 0.8516770005226135, 0.6565729379653931, 0.49183106422424316, 0.8837152123451233, 0.9865700006484985], "(1, 5, 2, 5)": [0.9753429889678955, 0.9876704812049866, 0.9650196433067322, 0.9473775625228882, 0.9432097673416138, 0.9479660987854004, 0.9406810998916626], "(1, 4, 2, 5)": [0.9849357604980469, 0.8197970986366272, 0.9409312009811401, 0.8643646836280823, 0.9048814177513123, 0.8907884359359741, 0.7220457792282104], "(1, 1, 1, 4)": [0.5278793573379517, 0.5033897757530212, 0.7852200269699097, 0.18523335456848145, 0.2715720534324646, 0.0, 0.09295643866062164], "(1, 9, 1, 3)": [0.6944958567619324, 0.7880409955978394, 0.6195135116577148, 0.6773843765258789, 0.8926080465316772, 0.8161336183547974, 0.7795595526695251], "(1, 9, 2, 3)": [0.4999748170375824, 0.20740684866905212, 0.3473489582538605, 0.3754342198371887, 0.6473711133003235, 0.2665439546108246, 0.7334803342819214], "(1, 3, 2, 5)": [0.5877525806427002, 0.6398610472679138, 0.47648751735687256, 0.8780997395515442, 0.4229307770729065, 0.4739665389060974, 0.4652826189994812], "(1, 7, 1, 2)": [0.4504811763763428, 0.34870660305023193, 0.2912345826625824, 0.10792289674282074, 0.8029372692108154, 0.543042778968811, 0.18260031938552856], "(1, 1, 1, 1)": [0.16600960493087769, 0.0, 0.0, 0.0, 0.0, 0.0, 0.0],