{"q_values": {"(1, 6, 2, 4)": [0.999972939491272, 0.9999783039093018, 0.9999639987945557, 0.9999724626541138, 0.9999764561653137, 0.9999521374702454, 0.9998904466629028], "(1, 6, 1, 3)": [0.9999788403511047, 0.9999790787696838, 0.9999798536300659, 0.9999794960021973, 0.9999784827232361, 0.9999777674674988, 0.9999767541885376], "(1, 5, 1, 3)": [0.9999786019325256, 0.9999791979789734, 0.9999790787696838, 0.9999794363975525, 0.9999797940254211, 0.9999804496765137, 0.99997878074646], "(1, 5, 2, 4)": [0.9999802112579346, 0.9999788403511047, 0.9999781847000122, 0.9999787211418152, 0.99997878074646, 0.9999784827232361, 0.9999791979789734], "(1, 6, 1, 4)": [0.9999678134918213, 0.9999798536300659, 0.9999640583992004, 0.9999722838401794, 0.9999638199806213, 0.9999704360961914, 0.9999702572822571], "(1, 7, 2, 4)": [0.999707043170929, 0.9997396469116211, 0.9995353817939758, 0.9994322657585144, 0.9962449073791504, 0.9993469715118408, 0.9997647404670715], "(1, 7, 2, 5)": [0.999644935131073, 0.974634051322937, 0.9916476607322693, 0.9920151233673096, 0.9968900680541992, 0.9852116107940674, 0.9835008382797241], "(1, 8, 2, 4)": [0.9983938932418823, 0.9979763031005859, 0.9962331056594849, 0.992881178855896, 0.9933359026908875, 0.9967225193977356, 0.982876718044281], "(1, 9, 1, 4)": [0.9623830914497375, 0.9688413739204407, 0.9669210910797119, 0.9687983393669128, 0.9689378142356873, 0.9699283838272095, 0.9662048816680908], "(1, 9, 2, 4)": [0.9695156812667847, 0.966894805431366, 0.9671341180801392, 0.9661989212036133, 0.966092586517334, 0.9682765007019043, 0.969981849193573], "(1, 4, 1, 4)": [0.9999324679374695, 0.9998548626899719, 0.9997724890708923, 0.9997990131378174, 0.9999440908432007, 0.99990314245224, 0.9999777674674988], "(1, 1, 1, 3)": [0.9622959494590759, 0.967511773109436, 0.9668067693710327, 0.9602426290512085, 0.9696555733680725, 0.9504899978637695, 0.9666610360145569], "(1, 1, 2, 4)": [0.9017986059188843, 0.9389110803604126, 0.9530140161514282, 0.8674865365028381, 0.7094662189483643, 0.8325386047363281, 0.9725279211997986], "(1, 7, 1, 4)": [0.9997414350509644, 0.9998775720596313, 0.9997904300689697, 0.9997395277023315, 0.9997010827064514, 0.999894380569458, 0.9994114637374878], "(1, 7, 1, 3)": [0.9999548196792603, 0.9963789582252502, 0.9999549984931946, 0.9999535083770752, 0.9999576210975647, 0.9999567270278931, 0.9999544024467468], "(1, 8, 2, 5)": [0.994981586933136, 0.9553685188293457, 0.9497284889221191, 0.9373428821563721, 0.9652324318885803, 0.958755373954773, 0.9318538904190063], "(1, 8, 2, 3)": [0.9998207092285156, 0.7923979163169861, 0.9105278849601746, 0.9748085141181946, 0.9508907198905945, 0.778498113155365, 0.9574931859970093], "(1, 3, 1, 3)": [0.9959790110588074, 0.9992781281471252, 0.9992135763168335, 0.9981245398521423, 0.99913489818573, 0.9995878338813782, 0.9987978935241699], "(1, 3, 1, 4)": [0.9976298213005066, 0.9934040307998657, 0.9883747100830078, 0.9938502907752991, 0.9907190799713135, 0.988702118396759, 0.9999542236328125], "(1, 3, 2, 4)": [0.9999440312385559, 0.9999667406082153, 0.9999383687973022, 0.9999619722366333, 0.9999774694442749, 0.9999746084213257, 0.999975323677063], "(1, 4, 2, 4)": [0.9999783635139465, 0.9999774694442749, 0.9999779462814331, 0.9999784231185913, 0.9999793767929077, 0.9999783039093018, 0.9999761581420898], "(1, 9, 2, 5)": [0.9615247249603271, 0.7865314483642578, 0.807813286781311, 0.9103122353553772, 0.7706677317619324, 0.8182245492935181, 0.8736240267753601], "(1, 4, 1, 3)": [0.9999702572822571, 0.9999740123748779, 0.9999756813049316, 0.9999760389328003, 0.9999772906303406, 0.9999368786811829, 0.9999787211418152], "(1, 4, 2, 3)": [0.9999635219573975, 0.9999403357505798, 0.9999750852584839, 0.9999767541885376, 0.9999746680259705, 0.9999784231185913, 0.9999749660491943], "(1, 5, 2, 3)": [0.9999749064445496, 0.9999710917472839, 0.9999778866767883, 0.9999754428863525, 0.9999723434448242, 0.9999753832817078, 0.999975860118866], "(1, 3, 2, 3)": [0.9993551969528198, 0.9996716976165771, 0.999906063079834, 0.9998782873153687, 0.9991819858551025, 0.9999104142189026, 0.9999200701713562], "(1, 2, 1, 3)": [0.9944933652877808, 0.9923856854438782, 0.9828722476959229, 0.9939396381378174, 0.9854034185409546, 0.9916003346443176, 0.9816032648086548], "(1, 1, 2, 3)": [0.9693894982337952, 0.9686434864997864, 0.9678476452827454, 0.9672390222549438, 0.9686906933784485, 0.9644750356674194, 0.966597318649292], "(1, 6, 2, 3)": [0.9999226331710815, 0.9999728202819824, 0.999926745891571, 0.9999112486839294, 0.9998888969421387, 0.999845564365387, 0.9999200105667114], "(1, 2, 2, 3)": [0.9938130378723145, 0.9958768486976624, 0.9890162944793701, 0.991926908493042, 0.993733286857605, 0.9908304214477539, 0.9952433705329895], "(1, 8, 1, 4)": [0.9944455623626709, 0.9936202168464661, 0.9989204406738281, 0.9983432292938232, 0.9688936471939087, 0.9973658919334412, 0.9332664012908936], "(1, 5, 1, 2)": [0.9974848628044128, 0.9887627363204956, 0.9959388971328735, 0.9815706014633179, 0.9999523758888245, 0.9965142011642456, 0.9963065981864929], "(1, 4, 1, 2)": [0.9949078559875488, 0.9963221549987793, 0.9979275465011597, 0.9961564540863037, 0.9947759509086609, 0.9999571442604065, 0.9962474703788757], "(1, 2, 2, 4)": [0.9984575510025024, 0.9977355003356934, 0.9997199773788452, 0.9998428821563721, 0.9999450445175171, 0.9998046159744263, 0.9978294372558594], "(1, 2, 1, 4)": [0.9024447798728943, 0.9689974188804626, 0.9235727190971375, 0.8830335736274719, 0.9490281343460083, 0.9995582103729248, 0.8904073238372803], "(1, 7, 2, 3)": [0.991363525390625, 0.9998752474784851, 0.9905287623405457, 0.9151154160499573, 0.9861167669296265, 0.9864507913589478, 0.9945874810218811], "(1, 2, 1, 2)": [0.9633890390396118, 0.9779371023178101, 0.9464280605316162, 0.9769731163978577, 0.9798361659049988, 0.9593751430511475, 0.9806455373764038], "(1, 5, 1, 4)": [0.9999791383743286, 0.9999804496765137, 0.9999799728393555, 0.9999784827232361, 0.99997878074646, 0.9999793767929077, 0.9999780058860779], "(1, 3, 1, 2)": [0.9925811290740967, 0.9943427443504333, 0.9876707792282104, 0.9954143762588501, 0.9974266290664673, 0.9824274778366089, 0.9993578791618347], "(1, 1, 1, 2)": [0.9311763048171997, 0.914874792098999, 0.9130908846855164, 0.851934015750885, 0.7996712327003479, 0.9176846146583557, 0.9667612314224243], "(1, 8, 1, 3)": [0.9999295473098755, 0.9999502301216125, 0.9999408721923828, 0.9998698830604553, 0.999295711517334, 0.999389111995697, 0.9983800053596497], "(1, 6, 2, 5)": [0.9913451671600342, 0.9998742938041687, 0.9950369000434875, 0.9988456964492798, 0.9981562495231628, 0.9987874627113342, 0.997964084148407], "(1, 6, 1, 2)": [0.8187016248703003, 0.926918089389801, 0.9253134727478027, 0.9147039651870728, 0.9140273332595825, 0.9717060327529907, 0.9988539814949036], "(1, 5, 2, 5)": [0.9966726303100586, 0.9999640583992004, 0.9914073944091797, 0.9981104135513306, 0.9857036471366882, 0.9977748990058899, 0.9912189245223999], "(1, 4, 2, 5)": [0.99981689453125, 0.9691135287284851, 0.9892773628234863, 0.9825981259346008, 0.973385214805603, 0.9235238432884216, 0.7220457792282104], "(1, 1, 1, 4)": [0.5278793573379517, 0.5033897757530212, 0.9543296098709106, 0.57575923204422, 0.2715720534324646, 0.0, 0.3477066159248352], "(1, 9, 1, 3)": [0.8762444853782654, 0.9269127249717712, 0.903507649898529, 0.7635091543197632, 0.9670522809028625, 0.8613607287406921, 0.902717113494873], "(1, 9, 2, 3)": [0.4999748170375824, 0.20740684866905212, 0.3473489582538605, 0.5407243967056274, 0.7437877655029297, 0.2665439546108246, 0.9384679198265076], "(1, 3, 2, 5)": [0.7114012837409973, 0.6398610472679138, 0.7432291507720947, 0.969472348690033, 0.4229307770729065, 0.4739665389060974, 0.4652826189994812], "(1, 7, 1, 2)": [0.8636109828948975, 0.6749320030212402, 0.2912345826625824, 0.10792289674282074, 0.9915177226066589, 0.543042778968811, 0.5993156433105469], "(1, 1, 1, 1)": [0.16600960493087769, 0.0, 0.0, 0.0, 0.0, 0.0, 0.0],