{"q_values": {"(1, 6, 2, 4)": [0.9999901652336121, 0.9999678134918213, 0.9999555349349976, 0.9998475313186646, 0.9999572038650513, 0.9999665021896362, 0.999901294708252], "(1, 6, 1, 3)": [0.9997353553771973, 0.9999898672103882, 0.999938428401947, 0.9999895691871643, 0.9999901652336121, 0.9999861717224121, 0.9999898672103882], "(1, 5, 1, 3)": [0.9999895691871643, 0.9982203245162964, 0.9999901652336121, 0.9999895095825195, 0.9999898076057434, 0.9999755024909973, 0.9999875426292419], "(1, 5, 2, 4)": [0.9999895095825195, 0.9999901652336121, 0.9999901652336121, 0.9999900460243225, 0.9999901652336121, 0.9999851584434509, 0.9999894499778748], "(1, 6, 1, 4)": [0.9999692440032959, 0.9999901652336121, 0.9999880790710449, 0.9998906254768372, 0.9999857544898987, 0.999942421913147, 0.999829113483429], "(1, 7, 2, 4)": [0.9982708692550659, 0.9994825720787048, 0.9987101554870605, 0.9977554082870483, 0.9987425208091736, 0.9987942576408386, 0.9975333213806152], "(1, 7, 2, 5)": [0.9995658993721008, 0.99615478515625, 0.9979338049888611, 0.9955130219459534, 0.99552321434021, 0.99319988489151, 0.9973754286766052], "(1, 8, 2, 4)": [0.9968737363815308, 0.9921579957008362, 0.9890990853309631, 0.9873660802841187, 0.9860014319419861, 0.9902823567390442, 0.9881101250648499], "(1, 9, 1, 4)": [0.9754707217216492, 0.9866683483123779, 0.9735605716705322, 0.9731519222259521, 0.97883141040802, 0.968643844127655, 0.9726839065551758], "(1, 9, 2, 4)": [0.9650471210479736, 0.987820565700531, 0.9720665812492371, 0.9725353121757507, 0.9723286628723145, 0.9709354043006897, 0.9729304313659668], "(1, 4, 1, 4)": [0.9999882578849792, 0.9999893307685852, 0.9999870657920837, 0.9999901652336121, 0.9500738978385925, 0.9984698295593262, 0.9999895691871643], "(1, 1, 1, 3)": [0.9780012965202332, 0.9725195169448853, 0.9705088138580322, 0.978069007396698, 0.9775121808052063, 0.9831193685531616, 0.9914525151252747], "(1, 1, 2, 4)": [0.9960802793502808, 0.9917482733726501, 0.9970313310623169, 0.999289333820343, 0.9996832013130188, 0.9998032450675964, 0.9998118877410889], "(1, 7, 1, 4)": [0.999374270439148, 0.9996619820594788, 0.9995505213737488, 0.9990220665931702, 0.9994140267372131, 0.9991057515144348, 0.9991215467453003], "(1, 7, 1, 3)": [0.9999899864196777, 0.9999597668647766, 0.9999890923500061, 0.9996259808540344, 0.9999863505363464, 0.9999760985374451, 0.9999715089797974], "(1, 8, 2, 5)": [0.9919370412826538, 0.9872177839279175, 0.9796321392059326, 0.9836934208869934, 0.9807462692260742, 0.9769914746284485, 0.6941022872924805], "(1, 8, 2, 3)": [0.9999602437019348, 0.9826498031616211, 0.9784318804740906, 0.9986199736595154, 0.9982848763465881, 0.9720831513404846, 0.9846273064613342], "(1, 3, 1, 3)": [0.9952008724212646, 0.9994028210639954, 0.997546911239624, 0.9995390176773071, 0.9994235038757324, 0.9992558360099792, 0.9994140267372131], "(1, 3, 1, 4)": [0.9998981952667236, 0.9999294877052307, 0.9997079968452454, 0.9998858571052551, 0.9999263882637024, 0.999887228012085, 0.9999247789382935], "(1, 3, 2, 4)": [0.999679684638977, 0.9997249245643616, 0.9996237754821777, 0.9974339008331299, 0.9996296167373657, 0.9995274543762207, 0.9995665550231934], "(1, 4, 2, 4)": [0.9999884366989136, 0.9999874234199524, 0.9999899864196777, 0.9999901056289673, 0.9999901652336121, 0.999987781047821, 0.9999901652336121], "(1, 9, 2, 5)": [0.9627062678337097, 0.8415661454200745, 0.8564090728759766, 0.9407449960708618, 0.8304633498191833, 0.8182245492935181, 0.9227630496025085], "(1, 4, 1, 3)": [0.9999641180038452, 0.9999809265136719, 0.9999840259552002, 0.9999462366104126, 0.9999771118164062, 0.9999045133590698, 0.9999649524688721], "(1, 4, 2, 3)": [0.9999282956123352, 0.9999189972877502, 0.999931275844574, 0.999958872795105, 0.9933037757873535, 0.9992921352386475, 0.9998745322227478], "(1, 5, 2, 3)": [0.9999892711639404, 0.9999114274978638, 0.9999899864196777, 0.9999899864196777, 0.9999898672103882, 0.9999901652336121, 0.9999901652336121], "(1, 3, 2, 3)": [0.9992886185646057, 0.9995562434196472, 0.9995776414871216, 0.9995973706245422, 0.9994746446609497, 0.9966447353363037, 0.9994425177574158], "(1, 2, 1, 3)": [0.9906724095344543, 0.9944761395454407, 0.9904530048370361, 0.9947826266288757, 0.9934577345848083, 0.9946265816688538, 0.9992719888687134], "(1, 1, 2, 3)": [0.9762730002403259, 0.9735100269317627, 0.9813738465309143, 0.9820136427879333, 0.9788068532943726, 0.9815089106559753, 0.9837513566017151], "(1, 6, 2, 3)": [0.999988853931427, 0.9999901056289673, 0.9999893307685852, 0.9999890327453613, 0.9999882578849792, 0.9999873042106628, 0.999988853931427], "(1, 2, 2, 3)": [0.9971357583999634, 0.9951532483100891, 0.9957941770553589, 0.9981429576873779, 0.9952218532562256, 0.9966431260108948, 0.9980422258377075], "(1, 8, 1, 4)": [0.9993631839752197, 0.9969097971916199, 0.9963629245758057, 0.9936739802360535, 0.9948108792304993, 0.9932236671447754, 0.9919010400772095], "(1, 5, 1, 2)": [0.9999545216560364, 0.99994957447052, 0.9999467134475708, 0.9999887347221375, 0.9999347925186157, 0.9999638199806213, 0.9994851350784302], "(1, 4, 1, 2)": [0.9992637038230896, 0.9985203742980957, 0.9994062185287476, 0.9996468424797058, 0.9996311664581299, 0.9999869465827942, 0.9997850656509399], "(1, 2, 2, 4)": [0.9995424747467041, 0.9994881749153137, 0.9995395541191101, 0.9976266622543335, 0.9996540546417236, 0.9979899525642395, 0.9997879266738892], "(1, 2, 1, 4)": [0.9919207096099854, 0.9971588850021362, 0.996332585811615, 0.9963769316673279, 0.9985416531562805, 0.9998705387115479, 0.9993305206298828], "(1, 7, 2, 3)": [0.9998725056648254, 0.9999899864196777, 0.9998021125793457, 0.9995789527893066, 0.9998637437820435, 0.9998621940612793, 0.9997570514678955], "(1, 2, 1, 2)": [0.9796667098999023, 0.9768277406692505, 0.9778046607971191, 0.9813507199287415, 0.9754683375358582, 0.9777817130088806, 0.9926936030387878], "(1, 5, 1, 4)": [0.9999900460243225, 0.9999901652336121, 0.998477578163147, 0.9999900460243225, 0.9999865293502808, 0.9999901056289673, 0.9999895095825195], "(1, 3, 1, 2)": [0.9915891289710999, 0.9894600510597229, 0.9943753480911255, 0.9954624176025391, 0.9920867085456848, 0.9903190732002258, 0.99952632188797], "(1, 1, 1, 2)": [0.9624963998794556, 0.9612679481506348, 0.9688831567764282, 0.9600967764854431, 0.9658692479133606, 0.9646102786064148, 0.9646111726760864], "(1, 8, 1, 3)": [0.9989058375358582, 0.9954817891120911, 0.999937891960144, 0.9991110563278198, 0.9972935318946838, 0.9987179040908813, 0.9974422454833984], "(1, 6, 2, 5)": [0.9955597519874573, 0.9998780488967896, 0.9985979795455933, 0.9988839030265808, 0.9992981553077698, 0.9987237453460693, 0.999015212059021], "(1, 6, 1, 2)": [0.9999853372573853, 0.9999861717224121, 0.9999825954437256, 0.9999901056289673, 0.9955798387527466, 0.9977620244026184, 0.9999866485595703], "(1, 5, 2, 5)": [0.9999753832817078, 0.9999754428863525, 0.9998923540115356, 0.9999132752418518, 0.9996447563171387, 0.9998413324356079, 0.9999597072601318], "(1, 4, 2, 5)": [0.9999901056289673, 0.9999870657920837, 0.999985933303833, 0.9998091459274292, 0.9999861717224121, 0.9999850392341614, 0.9999846816062927], "(1, 1, 1, 4)": [0.7533461451530457, 0.7458253502845764, 0.9827966690063477, 0.6953675746917725, 0.6430568695068359, 0.6541740894317627, 0.3477066159248352], "(1, 9, 1, 3)": [0.9909613728523254, 0.9998381733894348, 0.9988695979118347, 0.9990111589431763, 0.9908556342124939, 0.9958087801933289, 0.9949343800544739], "(1, 9, 2, 3)": [0.4999748170375824, 0.6115499138832092, 0.5371440649032593, 0.678352952003479, 0.8145882487297058, 0.8596664071083069, 0.9777859449386597], "(1, 3, 2, 5)": [0.9996612071990967, 0.9991517066955566, 0.9998583197593689, 0.9998742938041687, 0.9971606731414795, 0.9998858571052551, 0.9995563626289368], "(1, 7, 1, 2)": [0.9985727071762085, 0.9935576319694519, 0.9997045993804932, 0.9979133009910583, 0.999988853931427, 0.9978208541870117, 0.9980863332748413], "(1, 1, 1, 1)": [0.4072037935256958, 0.0, 0.29099708795547485, 0.0, 0.0, 0.0, 0.0],