{"q_values": {"(1, 6, 2, 4)": [0.9996196031570435, 0.9995567202568054, 0.9995863437652588, 0.9995129704475403, 0.999577522277832, 0.9995903968811035, 0.999553918838501], "(1, 6, 1, 3)": [0.9996112585067749, 0.9996061325073242, 0.9995934963226318, 0.9996036887168884, 0.9995907545089722, 0.9995881915092468, 0.999584436416626], "(1, 5, 1, 3)": [0.9994921088218689, 0.9994184374809265, 0.9995250701904297, 0.9995712637901306, 0.9995531439781189, 0.9995747208595276, 0.9995892643928528], "(1, 5, 2, 4)": [0.9995822906494141, 0.9995816946029663, 0.9995954632759094, 0.9996051788330078, 0.9996073842048645, 0.9995962381362915, 0.9995904564857483], "(1, 6, 1, 4)": [0.9995869994163513, 0.9995895028114319, 0.9996192455291748, 0.9995937943458557, 0.9995760321617126, 0.9995973110198975, 0.9995900988578796], "(1, 7, 2, 4)": [0.9991158843040466, 0.996922492980957, 0.998329222202301, 0.9985460638999939, 0.9972385764122009, 0.9955708980560303, 0.9981035590171814], "(1, 7, 2, 5)": [0.99564528465271, 0.9530822038650513, 0.9810214042663574, 0.9851051568984985, 0.9887706637382507, 0.9436360597610474, 0.9835008382797241], "(1, 8, 2, 4)": [0.9880932569503784, 0.9896976947784424, 0.983781635761261, 0.9822275042533875, 0.9839865565299988, 0.9923501014709473, 0.9784440994262695], "(1, 9, 1, 4)": [0.9651580452919006, 0.9634515047073364, 0.9646094441413879, 0.9648590683937073, 0.966762363910675, 0.964285671710968, 0.9691024422645569], "(1, 9, 2, 4)": [0.9571926593780518, 0.9656512141227722, 0.9671341180801392, 0.9689604043960571, 0.9645602703094482, 0.9560347199440002, 0.9660868048667908], "(1, 4, 1, 4)": [0.9981563091278076, 0.9976726174354553, 0.9971277713775635, 0.9973880052566528, 0.9966284036636353, 0.9932799935340881, 0.9993846416473389], "(1, 1, 1, 3)": [0.9560743570327759, 0.9478438496589661, 0.9664209485054016, 0.941944420337677, 0.9372605681419373, 0.9582055807113647, 0.9504823088645935], "(1, 1, 2, 4)": [0.9017986059188843, 0.9269772171974182, 0.9183189272880554, 0.8674865365028381, 0.7094662189483643, 0.777495265007019, 0.919426679611206], "(1, 7, 1, 4)": [0.9986977577209473, 0.9987186193466187, 0.9995274543762207, 0.9994961619377136, 0.9971453547477722, 0.9993053078651428, 0.9991262555122375], "(1, 7, 1, 3)": [0.999554455280304, 0.9995647668838501, 0.9996036887168884, 0.9995630979537964, 0.9995293617248535, 0.9995167255401611, 0.9994384050369263], "(1, 8, 2, 5)": [0.9892638921737671, 0.9407566785812378, 0.9497284889221191, 0.9373428821563721, 0.9093746542930603, 0.9523953199386597, 0.9318538904190063], "(1, 8, 2, 3)": [0.9989750385284424, 0.7923979163169861, 0.8723065257072449, 0.964447021484375, 0.9508907198905945, 0.778498113155365, 0.9393644332885742], "(1, 3, 1, 3)": [0.9989691972732544, 0.998518705368042, 0.9979634284973145, 0.9977190494537354, 0.9986793994903564, 0.9991479516029358, 0.9992891550064087], "(1, 3, 1, 4)": [0.986500084400177, 0.9909248948097229, 0.9883747100830078, 0.9912943243980408, 0.9812290668487549, 0.9838755130767822, 0.9989238381385803], "(1, 3, 2, 4)": [0.9993044137954712, 0.9994274377822876, 0.9993402361869812, 0.9994624257087708, 0.99955153465271, 0.9995406866073608, 0.9991486668586731], "(1, 4, 2, 4)": [0.9995559453964233, 0.9995151162147522, 0.9995715618133545, 0.9995934367179871, 0.9994596838951111, 0.9995776414871216, 0.9995760917663574], "(1, 9, 2, 5)": [0.958170473575592, 0.708229660987854, 0.807813286781311, 0.8848669528961182, 0.6852480173110962, 0.7532739639282227, 0.7734022736549377], "(1, 4, 1, 3)": [0.9988797903060913, 0.9989043474197388, 0.9994066953659058, 0.9993675947189331, 0.9993879795074463, 0.9994481205940247, 0.9994429349899292], "(1, 4, 2, 3)": [0.9993408918380737, 0.999390721321106, 0.9994931817054749, 0.9995104670524597, 0.9994598031044006, 0.9995425343513489, 0.999578058719635], "(1, 5, 2, 3)": [0.9991528987884521, 0.9995269179344177, 0.9995224475860596, 0.9995365738868713, 0.9995502829551697, 0.9995010495185852, 0.9995710253715515], "(1, 3, 2, 3)": [0.8928727507591248, 0.9993404746055603, 0.9975660443305969, 0.9994255304336548, 0.9992283582687378, 0.9993252158164978, 0.9995213747024536], "(1, 2, 1, 3)": [0.977118730545044, 0.9793197512626648, 0.9827548861503601, 0.9840858578681946, 0.9889687299728394, 0.9957327246665955, 0.9934521913528442], "(1, 1, 2, 3)": [0.9654307961463928, 0.9552602171897888, 0.9454771876335144, 0.9602311253547668, 0.9614644050598145, 0.9386214017868042, 0.9491831660270691], "(1, 6, 2, 3)": [0.99913090467453, 0.9995695352554321, 0.999396026134491, 0.9991623759269714, 0.9992546439170837, 0.9989921450614929, 0.998919665813446], "(1, 2, 2, 3)": [0.994179368019104, 0.9954221844673157, 0.9906690120697021, 0.9880927801132202, 0.9957086443901062, 0.9954103231430054, 0.9927380084991455], "(1, 8, 1, 4)": [0.9934247136116028, 0.9846705794334412, 0.9895938634872437, 0.9891015887260437, 0.9726020097732544, 0.9784638285636902, 0.9867926239967346], "(1, 5, 1, 2)": [0.9799625277519226, 0.9772216081619263, 0.9924566745758057, 0.9736846685409546, 0.9993712902069092, 0.9930148720741272, 0.9947330951690674], "(1, 4, 1, 2)": [0.9899107217788696, 0.9916213750839233, 0.9869515895843506, 0.9928017258644104, 0.9791449904441833, 0.9992115497589111, 0.9924637079238892], "(1, 2, 2, 4)": [0.9989847540855408, 0.9980549812316895, 0.9987583756446838, 0.9986078143119812, 0.9993634223937988, 0.9994709491729736, 0.9993487596511841], "(1, 2, 1, 4)": [0.8612453937530518, 0.9562296867370605, 0.89316326379776, 0.8340368270874023, 0.927230954170227, 0.9963534474372864, 0.8436307311058044], "(1, 7, 2, 3)": [0.9825318455696106, 0.999352216720581, 0.9905287623405457, 0.8271721005439758, 0.9718961715698242, 0.9725696444511414, 0.9922552108764648], "(1, 2, 1, 2)": [0.9609014987945557, 0.9577823281288147, 0.931659460067749, 0.9666051268577576, 0.9611760377883911, 0.9735771417617798, 0.9649227261543274], "(1, 5, 1, 4)": [0.999437153339386, 0.9995656609535217, 0.9995007514953613, 0.9995018243789673, 0.999405026435852, 0.9994105100631714, 0.9995042681694031], "(1, 3, 1, 2)": [0.9845374226570129, 0.9869059920310974, 0.973337709903717, 0.9920464754104614, 0.9848134517669678, 0.9824274778366089, 0.9974406957626343], "(1, 1, 1, 2)": [0.9406447410583496, 0.8914888501167297, 0.8887874484062195, 0.851934015750885, 0.7996712327003479, 0.8952997326850891, 0.9575502276420593], "(1, 8, 1, 3)": [0.9957793951034546, 0.9993110299110413, 0.999107837677002, 0.9988546967506409, 0.9989527463912964, 0.9958598017692566, 0.9960681796073914], "(1, 6, 2, 5)": [0.9643298387527466, 0.999007523059845, 0.9930600523948669, 0.9956027865409851, 0.9959757924079895, 0.9937118887901306, 0.9930165410041809], "(1, 6, 1, 2)": [0.7411745190620422, 0.926918089389801, 0.8942258358001709, 0.9147039651870728, 0.8247700929641724, 0.9596311450004578, 0.9970387816429138], "(1, 5, 2, 5)": [0.990444540977478, 0.9989564418792725, 0.9751396775245667, 0.9893326759338379, 0.9796258807182312, 0.9968819618225098, 0.9824396371841431], "(1, 4, 2, 5)": [0.9972057342529297, 0.9371257424354553, 0.9782483577728271, 0.9751772880554199, 0.973385214805603, 0.8907884359359741, 0.7220457792282104], "(1, 1, 1, 4)": [0.5278793573379517, 0.5033897757530212, 0.9149496555328369, 0.4182838499546051, 0.2715720534324646, 0.0, 0.3477066159248352], "(1, 9, 1, 3)": [0.8382697701454163, 0.851300835609436, 0.8788373470306396, 0.7635091543197632, 0.9606784582138062, 0.8613607287406921, 0.902717113494873], "(1, 9, 2, 3)": [0.4999748170375824, 0.20740684866905212, 0.3473489582538605, 0.3754342198371887, 0.6473711133003235, 0.2665439546108246, 0.9256579875946045], "(1, 3, 2, 5)": [0.5877525806427002, 0.6398610472679138, 0.6332208514213562, 0.9565481543540955, 0.4229307770729065, 0.4739665389060974, 0.4652826189994812], "(1, 7, 1, 2)": [0.8060793876647949, 0.5429474115371704, 0.2912345826625824, 0.10792289674282074, 0.9649216532707214, 0.543042778968811, 0.4276280403137207], "(1, 1, 1, 1)": [0.16600960493087769, 0.0, 0.0, 0.0, 0.0, 0.0, 0.0],