{"q_values": {"(1, 6, 2, 4)": [0.9999901652336121, 0.9999901652336121, 0.9999901652336121, 0.9999901056289673, 0.9999619722366333, 0.9999879002571106, 0.9999588131904602], "(1, 6, 1, 3)": [0.9999901652336121, 0.9999884963035583, 0.9999901652336121, 0.9999901652336121, 0.998931348323822, 0.9999901652336121, 0.990990161895752], "(1, 5, 1, 3)": [0.9999878406524658, 0.9999901056289673, 0.9999873042106628, 0.999989926815033, 0.9999898076057434, 0.9999901652336121, 0.9999901056289673], "(1, 5, 2, 4)": [0.9999901652336121, 0.9999899864196777, 0.9999901652336121, 0.9999901652336121, 0.9999901652336121, 0.9999901652336121, 0.9999654293060303], "(1, 6, 1, 4)": [0.9999901652336121, 0.9999901652336121, 0.9999901652336121, 0.9999901652336121, 0.9999901652336121, 0.9999901652336121, 0.9999901652336121], "(1, 7, 2, 4)": [0.9993140697479248, 0.9995883107185364, 0.9997941255569458, 0.9996217489242554, 0.9995906949043274, 0.9993661642074585, 0.997820258140564], "(1, 7, 2, 5)": [0.9998367428779602, 0.9905843138694763, 0.9977393746376038, 0.9942305684089661, 0.9974700212478638, 0.9895426630973816, 0.9939770102500916], "(1, 8, 2, 4)": [0.9988353848457336, 0.9942821860313416, 0.9922836422920227, 0.9976180791854858, 0.991229772567749, 0.9970957040786743, 0.9923356771469116], "(1, 9, 1, 4)": [0.9771918058395386, 0.9783000349998474, 0.9721481800079346, 0.975353479385376, 0.9681788086891174, 0.966658353805542, 0.9690495133399963], "(1, 9, 2, 4)": [0.97406405210495, 0.9735354781150818, 0.9671341180801392, 0.9632328152656555, 0.9724446535110474, 0.9688907861709595, 0.9700449109077454], "(1, 4, 1, 4)": [0.9999887943267822, 0.9999864101409912, 0.9999886155128479, 0.9999901056289673, 0.9999901652336121, 0.9999883770942688, 0.9999901652336121], "(1, 1, 1, 3)": [0.9657186269760132, 0.9653037190437317, 0.9689792394638062, 0.9722166657447815, 0.9740791916847229, 0.9697771668434143, 0.9800559282302856], "(1, 1, 2, 4)": [0.9803788661956787, 0.9923994541168213, 0.9882383942604065, 0.963945209980011, 0.9299348592758179, 0.992483377456665, 0.9999764561653137], "(1, 7, 1, 4)": [0.9999901652336121, 0.9999901652336121, 0.9999901652336121, 0.999989926815033, 0.9999897480010986, 0.9998231530189514, 0.9999823570251465], "(1, 7, 1, 3)": [0.9999901652336121, 0.9999897480010986, 0.9999901652336121, 0.9999901652336121, 0.9999901652336121, 0.9998122453689575, 0.9999901652336121], "(1, 8, 2, 5)": [0.9947026371955872, 0.9668475389480591, 0.9745628237724304, 0.9373428821563721, 0.9726921916007996, 0.9689751863479614, 0.9514724016189575], "(1, 8, 2, 3)": [0.9999852180480957, 0.8546752333641052, 0.9105278849601746, 0.9748085141181946, 0.9646292328834534, 0.8446507453918457, 0.9574931859970093], "(1, 3, 1, 3)": [0.996491551399231, 0.9970861077308655, 0.9990158081054688, 0.9989981651306152, 0.9975762367248535, 0.9996654987335205, 0.9987168312072754], "(1, 3, 1, 4)": [0.9996644854545593, 0.9983552694320679, 0.9966707229614258, 0.9992363452911377, 0.9992256164550781, 0.9980924725532532, 0.9999899864196777], "(1, 3, 2, 4)": [0.9999092817306519, 0.9998561143875122, 0.9999697208404541, 0.9999844431877136, 0.9999901652336121, 0.9999901652336121, 0.9999901652336121], "(1, 4, 2, 4)": [0.9999887943267822, 0.9999901652336121, 0.9999901652336121, 0.9999901652336121, 0.9999901652336121, 0.9999901652336121, 0.9999901652336121], "(1, 9, 2, 5)": [0.9579765796661377, 0.7865314483642578, 0.8564090728759766, 0.9282113313674927, 0.8304633498191833, 0.8182245492935181, 0.8736240267753601], "(1, 4, 1, 3)": [0.9998837113380432, 0.9998942017555237, 0.9999322295188904, 0.9999161958694458, 0.999979555606842, 0.9999504685401917, 0.9998794198036194], "(1, 4, 2, 3)": [0.9999274015426636, 0.999989926815033, 0.9999881982803345, 0.9999892115592957, 0.9999668002128601, 0.9999558329582214, 0.9999901652336121], "(1, 5, 2, 3)": [0.9999869465827942, 0.9999876618385315, 0.9999901652336121, 0.9999901652336121, 0.9999901652336121, 0.9999901652336121, 0.9999901652336121], "(1, 3, 2, 3)": [0.9960295557975769, 0.9994704723358154, 0.9995288848876953, 0.999579668045044, 0.9994523525238037, 0.9996231198310852, 0.9946659207344055], "(1, 2, 1, 3)": [0.9857620000839233, 0.9908664226531982, 0.9926763772964478, 0.9924324750900269, 0.9919825196266174, 0.9928122758865356, 0.9960114359855652], "(1, 1, 2, 3)": [0.9733062386512756, 0.9719372987747192, 0.9718359708786011, 0.9738979935646057, 0.9762598872184753, 0.9771404266357422, 0.975697934627533], "(1, 6, 2, 3)": [0.9999881982803345, 0.9999901652336121, 0.9999715089797974, 0.9999862313270569, 0.9999389052391052, 0.9999649524688721, 0.9999772310256958], "(1, 2, 2, 3)": [0.9637609124183655, 0.9960193037986755, 0.9986454248428345, 0.9933974742889404, 0.9967837333679199, 0.9939003586769104, 0.9998632073402405], "(1, 8, 1, 4)": [0.9999901652336121, 0.9926632046699524, 0.9999255537986755, 0.9979455471038818, 0.9987327456474304, 0.9890312552452087, 0.9960426092147827], "(1, 5, 1, 2)": [0.9974848628044128, 0.9961265921592712, 0.9985804557800293, 0.9909645915031433, 0.99998939037323, 0.9995725750923157, 0.9981852173805237], "(1, 4, 1, 2)": [0.99826979637146, 0.9980956315994263, 0.9993550777435303, 0.9988090395927429, 0.9995929002761841, 0.999647855758667, 0.9994786381721497], "(1, 2, 2, 4)": [0.9978031516075134, 0.9986836910247803, 0.9991845488548279, 0.9998692870140076, 0.9999901652336121, 0.9999901652336121, 0.999987781047821], "(1, 2, 1, 4)": [0.9508946537971497, 0.9833901524543762, 0.9450351595878601, 0.9180331826210022, 0.9490281343460083, 0.999966561794281, 0.973677396774292], "(1, 7, 2, 3)": [0.9970307350158691, 0.9999899864196777, 0.9933573603630066, 0.9405777454376221, 0.9965407848358154, 0.9904795289039612, 0.9980869293212891], "(1, 2, 1, 2)": [0.9632650017738342, 0.9727786779403687, 0.9730603098869324, 0.9738725423812866, 0.989914059638977, 0.9708419442176819, 0.9542009234428406], "(1, 5, 1, 4)": [0.9999898076057434, 0.9999893307685852, 0.9999874830245972, 0.9999901652336121, 0.9999901652336121, 0.9999901652336121, 0.9999901652336121], "(1, 3, 1, 2)": [0.9899713397026062, 0.9905776977539062, 0.9882584810256958, 0.9890455007553101, 0.9957913160324097, 0.9839119911193848, 0.9987345933914185], "(1, 1, 1, 2)": [0.9509714245796204, 0.9314094185829163, 0.9301607012748718, 0.8872814178466797, 0.9266973733901978, 0.9333763122558594, 0.969599723815918], "(1, 8, 1, 3)": [0.9998410940170288, 0.9999901652336121, 0.9999901652336121, 0.9999901652336121, 0.995579719543457, 0.9999611377716064, 0.9998168349266052], "(1, 6, 2, 5)": [0.9956788420677185, 0.9998666048049927, 0.9982374310493469, 0.9989151954650879, 0.9992465376853943, 0.9996061325073242, 0.9995951056480408], "(1, 6, 1, 2)": [0.873087465763092, 0.9824308753013611, 0.9820549488067627, 0.9581972360610962, 0.9398161768913269, 0.9902887344360352, 0.9999893307685852], "(1, 5, 2, 5)": [0.9988501071929932, 0.999973475933075, 0.9914073944091797, 0.9990016222000122, 0.9929811358451843, 0.9988914132118225, 0.9955904483795166], "(1, 4, 2, 5)": [0.9999849796295166, 0.9691135287284851, 0.9892773628234863, 0.9878157377243042, 0.9908294081687927, 0.9816135764122009, 0.8637890815734863], "(1, 1, 1, 4)": [0.6604989767074585, 0.5033897757530212, 0.9590772986412048, 0.57575923204422, 0.2715720534324646, 0.294283926486969, 0.3477066159248352], "(1, 9, 1, 3)": [0.9469932913780212, 0.9884570240974426, 0.9448114037513733, 0.9286937713623047, 0.9800078272819519, 0.9561251401901245, 0.9402710199356079], "(1, 9, 2, 3)": [0.4999748170375824, 0.20740684866905212, 0.3473489582538605, 0.5407243967056274, 0.7437877655029297, 0.2665439546108246, 0.949224591255188], "(1, 3, 2, 5)": [0.7114012837409973, 0.6398610472679138, 0.8202393054962158, 0.9850357174873352, 0.5960455536842346, 0.7377843856811523, 0.6193499565124512], "(1, 7, 1, 2)": [0.9498242735862732, 0.6749320030212402, 0.2912345826625824, 0.5627114772796631, 0.9978988766670227, 0.6801270246505737, 0.7195180058479309], "(1, 1, 1, 1)": [0.16600960493087769, 0.0, 0.0, 0.0, 0.0, 0.0, 0.0],