{"q_values": {"(1, 6, 2, 4)": [0.9999852776527405, 0.9999901652336121, 0.9999896287918091, 0.9999843239784241, 0.9999872446060181, 0.9999608397483826, 0.9999536871910095], "(1, 6, 1, 3)": [0.9999901056289673, 0.9997556805610657, 0.9999901652336121, 0.9992449283599854, 0.9999830722808838, 0.9999901652336121, 0.9999901652336121], "(1, 5, 1, 3)": [0.9999801516532898, 0.9999886751174927, 0.999989926815033, 0.9999901652336121, 0.9999901652336121, 0.9999901652336121, 0.9999901652336121], "(1, 5, 2, 4)": [0.9999901652336121, 0.9999898076057434, 0.998931348323822, 0.9999901652336121, 0.9999901652336121, 0.9999901652336121, 0.9999901652336121], "(1, 6, 1, 4)": [0.9969010949134827, 0.9996868968009949, 0.9999901652336121, 0.9999827146530151, 0.9999895691871643, 0.9999894499778748, 0.999989926815033], "(1, 7, 2, 4)": [0.9999732971191406, 0.9998055696487427, 0.9998062252998352, 0.999660313129425, 0.9997411370277405, 0.9998502135276794, 0.9992989897727966], "(1, 7, 2, 5)": [0.9970662593841553, 0.9984663128852844, 0.9941217303276062, 0.998943030834198, 0.9942314624786377, 0.9938111901283264, 0.9942463040351868], "(1, 8, 2, 4)": [0.9940594434738159, 0.9991616010665894, 0.99432772397995, 0.9943633079528809, 0.9901584386825562, 0.9930605888366699, 0.9914864897727966], "(1, 9, 1, 4)": [0.9903970956802368, 0.985450267791748, 0.9758487939834595, 0.9762480854988098, 0.9809818267822266, 0.9767798781394958, 0.9741769433021545], "(1, 9, 2, 4)": [0.9858755469322205, 0.9689501523971558, 0.9711898565292358, 0.9656587243080139, 0.9713871479034424, 0.9709031581878662, 0.9701734781265259], "(1, 4, 1, 4)": [0.9999892711639404, 0.9999897480010986, 0.9999897480010986, 0.9999901652336121, 0.9999901652336121, 0.9999901652336121, 0.9999901652336121], "(1, 1, 1, 3)": [0.9720727205276489, 0.9703459739685059, 0.9732344150543213, 0.9729952216148376, 0.9711803197860718, 0.9696046113967896, 0.9739607572555542], "(1, 1, 2, 4)": [0.9913017749786377, 0.9880709648132324, 0.9948773384094238, 0.9996713995933533, 0.9989987015724182, 0.999814510345459, 0.9977134466171265], "(1, 7, 1, 4)": [0.9999901652336121, 0.9997811317443848, 0.9998396635055542, 0.9993574619293213, 0.9659976959228516, 0.9997789859771729, 0.9987357258796692], "(1, 7, 1, 3)": [0.999958872795105, 0.9999901652336121, 0.9999107718467712, 0.9997217655181885, 0.9999256134033203, 0.99995356798172, 0.9999712109565735], "(1, 8, 2, 5)": [0.9705519080162048, 0.978674590587616, 0.9689444303512573, 0.9810352325439453, 0.9817481637001038, 0.9788875579833984, 0.9707453846931458], "(1, 8, 2, 3)": [0.9998790621757507, 0.9755480885505676, 0.9784318804740906, 0.9991820454597473, 0.9976217746734619, 0.9234532117843628, 0.9701554775238037], "(1, 3, 1, 3)": [0.9960440993309021, 0.9981002807617188, 0.9994054436683655, 0.9996392726898193, 0.9993619322776794, 0.9999826550483704, 0.9993248581886292], "(1, 3, 1, 4)": [0.9998319149017334, 0.9997838735580444, 0.9993642568588257, 0.9999467730522156, 0.9999796748161316, 0.9999812245368958, 0.9999901652336121], "(1, 3, 2, 4)": [0.9997295141220093, 0.9999858736991882, 0.9999892115592957, 0.9998618364334106, 0.999987781047821, 0.9994702935218811, 0.9999901652336121], "(1, 4, 2, 4)": [0.9999900460243225, 0.9999872446060181, 0.998931348323822, 0.9954213500022888, 0.9999901652336121, 0.9999901652336121, 0.9999901652336121], "(1, 9, 2, 5)": [0.9605197906494141, 0.7865314483642578, 0.8564090728759766, 0.9282113313674927, 0.8304633498191833, 0.8182245492935181, 0.9025338888168335], "(1, 4, 1, 3)": [0.9999743700027466, 0.9999887943267822, 0.9999868273735046, 0.9999879598617554, 0.9999901652336121, 0.9999828934669495, 0.99998939037323], "(1, 4, 2, 3)": [0.9999034404754639, 0.999955415725708, 0.9999899864196777, 0.9999881386756897, 0.9999898672103882, 0.9999895095825195, 0.9999901652336121], "(1, 5, 2, 3)": [0.9999893307685852, 0.9999896287918091, 0.999989926815033, 0.9999901652336121, 0.9999901652336121, 0.9999901056289673, 0.9999898076057434], "(1, 3, 2, 3)": [0.9982883334159851, 0.995248556137085, 0.998665452003479, 0.9999833703041077, 0.9998310804367065, 0.9996659755706787, 0.9964780211448669], "(1, 2, 1, 3)": [0.9947357177734375, 0.989632785320282, 0.9913530349731445, 0.985151469707489, 0.9955479502677917, 0.9920802116394043, 0.9990605711936951], "(1, 1, 2, 3)": [0.9718162417411804, 0.9737773537635803, 0.9729119539260864, 0.9691802859306335, 0.9718511700630188, 0.9735525846481323, 0.9741436839103699], "(1, 6, 2, 3)": [0.9999895095825195, 0.9999900460243225, 0.999989926815033, 0.9999901652336121, 0.9999885559082031, 0.9999890327453613, 0.9999674558639526], "(1, 2, 2, 3)": [0.9925004243850708, 0.9892734289169312, 0.9910209774971008, 0.996872067451477, 0.9879051446914673, 0.9955922365188599, 0.9992270469665527], "(1, 8, 1, 4)": [0.9976673722267151, 0.9968019723892212, 0.9973543286323547, 0.995882511138916, 0.989914059638977, 0.9970316290855408, 0.9942405223846436], "(1, 5, 1, 2)": [0.999969482421875, 0.9999709129333496, 0.9999820590019226, 0.9999808073043823, 0.9999630451202393, 0.9999899864196777, 0.9999865293502808], "(1, 4, 1, 2)": [0.9995962977409363, 0.9996181726455688, 0.9997707009315491, 0.9985653162002563, 0.9994717836380005, 0.9993810653686523, 0.9999682903289795], "(1, 2, 2, 4)": [0.9990741610527039, 0.999395489692688, 0.9993014335632324, 0.9995721578598022, 0.9998173713684082, 0.9999870657920837, 0.9984980821609497], "(1, 2, 1, 4)": [0.9900721907615662, 0.9952799081802368, 0.9929127097129822, 0.9926894307136536, 0.9970350861549377, 0.9999239444732666, 0.99847012758255], "(1, 7, 2, 3)": [0.9996514916419983, 0.9999668002128601, 0.9994440078735352, 0.9965652227401733, 0.9997473955154419, 0.9994616508483887, 0.9996535778045654], "(1, 2, 1, 2)": [0.9751340746879578, 0.9737390875816345, 0.9682246446609497, 0.9821127653121948, 0.9831823706626892, 0.988600492477417, 0.9838883876800537], "(1, 5, 1, 4)": [0.9999900460243225, 0.9999799728393555, 0.9999901652336121, 0.9999901652336121, 0.9999901652336121, 0.9999901652336121, 0.9999901652336121], "(1, 3, 1, 2)": [0.946446418762207, 0.9935799837112427, 0.9934433698654175, 0.9933372735977173, 0.9914681911468506, 0.992414653301239, 0.9946484565734863], "(1, 1, 1, 2)": [0.9667609930038452, 0.9694766998291016, 0.9652790427207947, 0.9600967764854431, 0.9664133191108704, 0.9631237983703613, 0.9623058438301086], "(1, 8, 1, 3)": [0.9975388050079346, 0.9989340305328369, 0.9999503493309021, 0.9996094703674316, 0.9993192553520203, 0.9994440078735352, 0.9994142055511475], "(1, 6, 2, 5)": [0.9901683926582336, 0.9996472001075745, 0.9997526407241821, 0.9993177056312561, 0.9995408058166504, 0.9995318651199341, 0.9996799230575562], "(1, 6, 1, 2)": [0.9999551177024841, 0.999981701374054, 0.9999484419822693, 0.999984622001648, 0.9999786019325256, 0.9999891519546509, 0.9999901652336121], "(1, 5, 2, 5)": [0.9999901652336121, 0.9999847412109375, 0.9998098611831665, 0.999983012676239, 0.9999446272850037, 0.9999825358390808, 0.9999569058418274], "(1, 4, 2, 5)": [0.9999892115592957, 0.9999544024467468, 0.9999842643737793, 0.9999901652336121, 0.9999890327453613, 0.9999688863754272, 0.9999811053276062], "(1, 1, 1, 4)": [0.6604989767074585, 0.7458253502845764, 0.9810410141944885, 0.6953675746917725, 0.6430568695068359, 0.6541740894317627, 0.3477066159248352], "(1, 9, 1, 3)": [0.9997459053993225, 0.9998642802238464, 0.9993848204612732, 0.9939051866531372, 0.9968260526657104, 0.9968863725662231, 0.9864950776100159], "(1, 9, 2, 3)": [0.4999748170375824, 0.4451807141304016, 0.3473489582538605, 0.5407243967056274, 0.8145882487297058, 0.808234453201294, 0.9765557050704956], "(1, 3, 2, 5)": [0.9995201826095581, 0.9792295098304749, 0.9987711310386658, 0.9999901652336121, 0.9885780215263367, 0.999103844165802, 0.9892380237579346], "(1, 7, 1, 2)": [0.982783317565918, 0.9218923449516296, 0.9901688694953918, 0.9639782905578613, 0.9999901652336121, 0.9936654567718506, 0.9528512358665466], "(1, 1, 1, 1)": [0.4072037935256958, 0.0, 0.29099708795547485, 0.0, 0.0, 0.0, 0.0],