{"q_values": {"(1, 6, 2, 4)": [0.9998906254768372, 0.9998307228088379, 0.9998133778572083, 0.9996730089187622, 0.9997925162315369, 0.9995524287223816, 0.9998072981834412], "(1, 6, 1, 3)": [0.9999840259552002, 0.9999840259552002, 0.9999900460243225, 0.9999715685844421, 0.9999711513519287, 0.9999886751174927, 0.9999710917472839], "(1, 5, 1, 3)": [0.9999895095825195, 0.9999894499778748, 0.9999895691871643, 0.9999884366989136, 0.9999894499778748, 0.9999901652336121, 0.9999887347221375], "(1, 5, 2, 4)": [0.9999901652336121, 0.9999889135360718, 0.9999890327453613, 0.9999874830245972, 0.9999863505363464, 0.9999895095825195, 0.9999886155128479], "(1, 6, 1, 4)": [0.9955135583877563, 0.9909492135047913, 0.9978148341178894, 0.9998239874839783, 0.9998185634613037, 0.9981884956359863, 0.997765839099884], "(1, 7, 2, 4)": [0.9997290968894958, 0.999011754989624, 0.9988834857940674, 0.9991102814674377, 0.99912428855896, 0.9992638826370239, 0.9985280632972717], "(1, 7, 2, 5)": [0.9985289573669434, 0.9968084692955017, 0.9947777986526489, 0.9955130219459534, 0.99552321434021, 0.99319988489151, 0.9973754286766052], "(1, 8, 2, 4)": [0.9961510300636292, 0.9988625049591064, 0.9947004318237305, 0.9923867583274841, 0.9971218109130859, 0.9945098161697388, 0.9919875264167786], "(1, 9, 1, 4)": [0.9799160361289978, 0.9766968488693237, 0.975090742111206, 0.9745092391967773, 0.981002926826477, 0.968643844127655, 0.9739423394203186], "(1, 9, 2, 4)": [0.9773596525192261, 0.9745315909385681, 0.9753832817077637, 0.9751942753791809, 0.9762009382247925, 0.9709354043006897, 0.9709351658821106], "(1, 4, 1, 4)": [0.9999704957008362, 0.9999734163284302, 0.9999756813049316, 0.9999862909317017, 0.9999896287918091, 0.9936579465866089, 0.9999883770942688], "(1, 1, 1, 3)": [0.9780012965202332, 0.9725195169448853, 0.9705088138580322, 0.978069007396698, 0.9796218872070312, 0.983219563961029, 0.9830792546272278], "(1, 1, 2, 4)": [0.9946220517158508, 0.991168200969696, 0.9914267063140869, 0.999289333820343, 0.9995825886726379, 0.99982750415802, 0.9998533129692078], "(1, 7, 1, 4)": [0.9931150674819946, 0.9999072551727295, 0.9990015029907227, 0.9991738200187683, 0.9990369081497192, 0.9991936087608337, 0.9992446899414062], "(1, 7, 1, 3)": [0.9999901652336121, 0.9999901056289673, 0.9999889135360718, 0.9999897480010986, 0.9997945427894592, 0.9999406933784485, 0.9999408721923828], "(1, 8, 2, 5)": [0.9945752620697021, 0.9872177839279175, 0.9796321392059326, 0.9836934208869934, 0.9755816459655762, 0.9769914746284485, 0.6941022872924805], "(1, 8, 2, 3)": [0.9999474287033081, 0.9826498031616211, 0.9784318804740906, 0.9986199736595154, 0.9982848763465881, 0.9720831513404846, 0.9846273064613342], "(1, 3, 1, 3)": [0.999467670917511, 0.9994752407073975, 0.9996448755264282, 0.9995842576026917, 0.9996158480644226, 0.9995203614234924, 0.9999544620513916], "(1, 3, 1, 4)": [0.9998756051063538, 0.9999294877052307, 0.9998432397842407, 0.9998924136161804, 0.9999662041664124, 0.9998431205749512, 0.9999606609344482], "(1, 3, 2, 4)": [0.9997417330741882, 0.9996567964553833, 0.9996933341026306, 0.9997665882110596, 0.9999901652336121, 0.9997202754020691, 0.9999139308929443], "(1, 4, 2, 4)": [0.9999889731407166, 0.9999898076057434, 0.9998905062675476, 0.9999881982803345, 0.9999290704727173, 0.999735951423645, 0.9999901652336121], "(1, 9, 2, 5)": [0.9627062678337097, 0.8415661454200745, 0.8564090728759766, 0.9407449960708618, 0.8304633498191833, 0.8182245492935181, 0.9227630496025085], "(1, 4, 1, 3)": [0.9999001026153564, 0.9997090101242065, 0.9999536275863647, 0.9999521970748901, 0.9999487996101379, 0.9999901652336121, 0.9999271035194397], "(1, 4, 2, 3)": [0.9999568462371826, 0.9999688267707825, 0.9999822378158569, 0.9999856352806091, 0.9984745979309082, 0.9999901652336121, 0.9999845623970032], "(1, 5, 2, 3)": [0.9999898076057434, 0.9999892115592957, 0.9999896287918091, 0.9999892115592957, 0.99782794713974, 0.9999901652336121, 0.9989311695098877], "(1, 3, 2, 3)": [0.9988300204277039, 0.9988197088241577, 0.9993730783462524, 0.9994341135025024, 0.9853795766830444, 0.9989840984344482, 0.992034375667572], "(1, 2, 1, 3)": [0.9886336922645569, 0.9942816495895386, 0.9965222477912903, 0.9967912435531616, 0.9972789883613586, 0.9990702271461487, 0.9950529932975769], "(1, 1, 2, 3)": [0.9828121662139893, 0.9735100269317627, 0.9756325483322144, 0.9763869643211365, 0.9788068532943726, 0.9751251935958862, 0.9950934648513794], "(1, 6, 2, 3)": [0.9999900460243225, 0.9999896883964539, 0.9979817867279053, 0.9999901652336121, 0.9999896883964539, 0.9999679327011108, 0.999989926815033], "(1, 2, 2, 3)": [0.9937350749969482, 0.9957672357559204, 0.9942256212234497, 0.9964138865470886, 0.9952704310417175, 0.9995879530906677, 0.9963207244873047], "(1, 8, 1, 4)": [0.9959805011749268, 0.9946669340133667, 0.9972290992736816, 0.9927924275398254, 0.9956398010253906, 0.9914901852607727, 0.9967010021209717], "(1, 5, 1, 2)": [0.9999517202377319, 0.9999420046806335, 0.9999526143074036, 0.9999526739120483, 0.9999691843986511, 0.9999432563781738, 0.9994851350784302], "(1, 4, 1, 2)": [0.999759316444397, 0.997951090335846, 0.998501181602478, 0.9991881251335144, 0.999518632888794, 0.9996009469032288, 0.9999339580535889], "(1, 2, 2, 4)": [0.9990558624267578, 0.9991002082824707, 0.9987095594406128, 0.9997711181640625, 0.9976729154586792, 0.9843237400054932, 0.9999648332595825], "(1, 2, 1, 4)": [0.9919207096099854, 0.9971588850021362, 0.9950493574142456, 0.9963769316673279, 0.9985416531562805, 0.9999220371246338, 0.9993305206298828], "(1, 7, 2, 3)": [0.9998725056648254, 0.9999895095825195, 0.9998021125793457, 0.9995789527893066, 0.9998637437820435, 0.9998846650123596, 0.9997570514678955], "(1, 2, 1, 2)": [0.9751431345939636, 0.9768277406692505, 0.9784050583839417, 0.9775488972663879, 0.9754683375358582, 0.9794968962669373, 0.9792913794517517], "(1, 5, 1, 4)": [0.9999646544456482, 0.9999867081642151, 0.9978209733963013, 0.9999815821647644, 0.9999755620956421, 0.9999580383300781, 0.9999584555625916], "(1, 3, 1, 2)": [0.9913214445114136, 0.9894963502883911, 0.992104172706604, 0.9954624176025391, 0.9920867085456848, 0.9903190732002258, 0.9991486072540283], "(1, 1, 1, 2)": [0.9624963998794556, 0.9612679481506348, 0.9681971073150635, 0.9600967764854431, 0.9658692479133606, 0.9646102786064148, 0.9646111726760864], "(1, 8, 1, 3)": [0.9999858140945435, 0.9999743103981018, 0.9999901652336121, 0.9998206496238708, 0.9997668266296387, 0.9998235106468201, 0.998808741569519], "(1, 6, 2, 5)": [0.9955597519874573, 0.9983623027801514, 0.9985979795455933, 0.9985766410827637, 0.9985984563827515, 0.9986886978149414, 0.998686671257019], "(1, 6, 1, 2)": [0.9999876022338867, 0.9999865293502808, 0.9999862313270569, 0.9999880790710449, 0.9955798387527466, 0.9907137155532837, 0.9999901652336121], "(1, 5, 2, 5)": [0.9999739527702332, 0.999989926815033, 0.9999411702156067, 0.9998921751976013, 0.9999769926071167, 0.9998413324356079, 0.9998654127120972], "(1, 4, 2, 5)": [0.9999823570251465, 0.9999821782112122, 0.999985933303833, 0.9996214509010315, 0.9999898672103882, 0.9999864101409912, 0.9999870657920837], "(1, 1, 1, 4)": [0.6604989767074585, 0.7458253502845764, 0.9818641543388367, 0.6953675746917725, 0.6430568695068359, 0.6541740894317627, 0.3477066159248352], "(1, 9, 1, 3)": [0.9999313950538635, 0.999345064163208, 0.9981017708778381, 0.99860680103302, 0.9908556342124939, 0.9964683055877686, 0.9949343800544739], "(1, 9, 2, 3)": [0.4999748170375824, 0.6115499138832092, 0.5371440649032593, 0.678352952003479, 0.8145882487297058, 0.8596664071083069, 0.9778121113777161], "(1, 3, 2, 5)": [0.9996612071990967, 0.9991517066955566, 0.9999707341194153, 0.9999513626098633, 0.9960758090019226, 0.9998858571052551, 0.9995563626289368], "(1, 7, 1, 2)": [0.9985727071762085, 0.9908010363578796, 0.9994080662727356, 0.9970239996910095, 0.9999900460243225, 0.9978208541870117, 0.9961054921150208], "(1, 1, 1, 1)": [0.4072037935256958, 0.0, 0.29099708795547485, 0.0, 0.0, 0.0, 0.0],