{"q_values": {"(1, 6, 2, 4)": [0.9999901652336121, 0.9999901652336121, 0.9999901652336121, 0.9999901652336121, 0.9999901652336121, 0.9999901056289673, 0.9999513030052185], "(1, 6, 1, 3)": [0.9999901056289673, 0.9999901652336121, 0.998931348323822, 0.9999901652336121, 0.9999901652336121, 0.9978293180465698, 0.9999901652336121], "(1, 5, 1, 3)": [0.9999901056289673, 0.99998939037323, 0.9999900460243225, 0.9999901652336121, 0.9999901652336121, 0.9999901056289673, 0.9999901652336121], "(1, 5, 2, 4)": [0.9999901652336121, 0.9999901652336121, 0.9999901652336121, 0.9999901652336121, 0.9999901652336121, 0.9999901652336121, 0.9999901652336121], "(1, 6, 1, 4)": [0.9999815225601196, 0.9994713664054871, 0.9999898076057434, 0.9999899864196777, 0.9999901056289673, 0.9999901652336121, 0.9999901652336121], "(1, 7, 2, 4)": [0.9999900460243225, 0.9999783039093018, 0.9999867677688599, 0.9999878406524658, 0.9999367594718933, 0.9998890161514282, 0.9999714493751526], "(1, 7, 2, 5)": [0.9994868040084839, 0.9905843138694763, 0.9984171390533447, 0.997100830078125, 0.9974700212478638, 0.9948182702064514, 0.9963604211807251], "(1, 8, 2, 4)": [0.9939882755279541, 0.9974837303161621, 0.998945951461792, 0.9954763054847717, 0.997481107711792, 0.9960058927536011, 0.9975079894065857], "(1, 9, 1, 4)": [0.9862244129180908, 0.9858349561691284, 0.9841243028640747, 0.9822105765342712, 0.9804078936576843, 0.9727783799171448, 0.9693317413330078], "(1, 9, 2, 4)": [0.9853112101554871, 0.9724531769752502, 0.9712885618209839, 0.9722688794136047, 0.9727987051010132, 0.9694515466690063, 0.9700033664703369], "(1, 4, 1, 4)": [0.9999898076057434, 0.9999889135360718, 0.99998939037323, 0.9999900460243225, 0.9999901652336121, 0.9999901652336121, 0.9999901652336121], "(1, 1, 1, 3)": [0.9778470396995544, 0.9715938568115234, 0.9762879610061646, 0.9732428789138794, 0.9715617299079895, 0.9749506711959839, 0.9826496839523315], "(1, 1, 2, 4)": [0.9860605001449585, 0.9855436682701111, 0.9916435480117798, 0.9968535304069519, 0.9999815821647644, 0.999956488609314, 0.9999901652336121], "(1, 7, 1, 4)": [0.998931348323822, 0.9999900460243225, 0.9999790787696838, 0.9999876618385315, 0.9999859929084778, 0.9999721646308899, 0.9999859929084778], "(1, 7, 1, 3)": [0.9999895095825195, 0.9999901652336121, 0.9999901652336121, 0.9999693036079407, 0.9999901652336121, 0.9999901652336121, 0.9999901652336121], "(1, 8, 2, 5)": [0.9962103366851807, 0.9767835140228271, 0.9745628237724304, 0.9373428821563721, 0.9764507412910461, 0.9767093062400818, 0.9558932185173035], "(1, 8, 2, 3)": [0.9999901652336121, 0.9287858605384827, 0.9373666048049927, 0.9913527369499207, 0.9877024292945862, 0.8446507453918457, 0.9574931859970093], "(1, 3, 1, 3)": [0.9992334246635437, 0.9975734949111938, 0.9987635016441345, 0.9997578263282776, 0.9990432262420654, 0.9984583258628845, 0.9997223019599915], "(1, 3, 1, 4)": [0.9998921155929565, 0.9992734789848328, 0.9987197518348694, 0.999901533126831, 0.999927282333374, 0.9999639391899109, 0.9999901652336121], "(1, 3, 2, 4)": [0.9999598860740662, 0.9999209642410278, 0.9998996257781982, 0.9992445707321167, 0.999989926815033, 0.9999852180480957, 0.9999901652336121], "(1, 4, 2, 4)": [0.9999898672103882, 0.9999899864196777, 0.9999901056289673, 0.9999693036079407, 0.9999901652336121, 0.9999901652336121, 0.9999901652336121], "(1, 9, 2, 5)": [0.9671037197113037, 0.7865314483642578, 0.8564090728759766, 0.9282113313674927, 0.8304633498191833, 0.8182245492935181, 0.8736240267753601], "(1, 4, 1, 3)": [0.9992845058441162, 0.9999898076057434, 0.9999838471412659, 0.9999833703041077, 0.9999896883964539, 0.9999828338623047, 0.9999901652336121], "(1, 4, 2, 3)": [0.999982476234436, 0.9999889135360718, 0.9999840259552002, 0.9999844431877136, 0.9999815225601196, 0.9999864101409912, 0.9999900460243225], "(1, 5, 2, 3)": [0.9999901056289673, 0.9999897480010986, 0.9999901056289673, 0.9999900460243225, 0.9999901652336121, 0.9994712471961975, 0.9999901652336121], "(1, 3, 2, 3)": [0.999880850315094, 0.9999451637268066, 0.9997603893280029, 0.9999485611915588, 0.9999780654907227, 0.9922717213630676, 0.9992033243179321], "(1, 2, 1, 3)": [0.9841095805168152, 0.9896109104156494, 0.9946389198303223, 0.9941134452819824, 0.9889296293258667, 0.992141842842102, 0.9982944130897522], "(1, 1, 2, 3)": [0.9798312783241272, 0.9795225858688354, 0.9780465364456177, 0.9763231873512268, 0.9808262586593628, 0.9869526028633118, 0.9804025888442993], "(1, 6, 2, 3)": [0.9999901652336121, 0.9999901652336121, 0.9999901056289673, 0.9999898672103882, 0.9999897480010986, 0.9999900460243225, 0.9999900460243225], "(1, 2, 2, 3)": [0.9958629608154297, 0.9911165237426758, 0.9951743483543396, 0.9993463158607483, 0.9988971948623657, 0.9958812594413757, 0.9938186407089233], "(1, 8, 1, 4)": [0.9989039301872253, 0.9985756278038025, 0.9968312978744507, 0.9993929266929626, 0.9991477727890015, 0.9979532957077026, 0.9985889792442322], "(1, 5, 1, 2)": [0.9999707937240601, 0.9999840259552002, 0.9999781250953674, 0.9998352527618408, 0.9999851584434509, 0.9999896883964539, 0.9999892115592957], "(1, 4, 1, 2)": [0.9997349977493286, 0.9988523125648499, 0.9987856149673462, 0.9984089732170105, 0.9997786283493042, 0.999870777130127, 0.9999831318855286], "(1, 2, 2, 4)": [0.9998010993003845, 0.9998791813850403, 0.999950647354126, 0.9999470710754395, 0.9999881982803345, 0.9743469953536987, 0.9999901652336121], "(1, 2, 1, 4)": [0.9820383191108704, 0.9930397272109985, 0.9873957633972168, 0.9787864685058594, 0.991420567035675, 0.9999790787696838, 0.9936712384223938], "(1, 7, 2, 3)": [0.9979186058044434, 0.9999901652336121, 0.9992098808288574, 0.9796117544174194, 0.9988064169883728, 0.9976909756660461, 0.9995265007019043], "(1, 2, 1, 2)": [0.9758393168449402, 0.9845938682556152, 0.9808250069618225, 0.9821620583534241, 0.9748474359512329, 0.985184371471405, 0.9940995573997498], "(1, 5, 1, 4)": [0.9999901652336121, 0.9999901652336121, 0.9999901652336121, 0.9999901652336121, 0.9999901652336121, 0.9999901652336121, 0.9999901652336121], "(1, 3, 1, 2)": [0.9927666783332825, 0.9945074915885925, 0.994925320148468, 0.9930828213691711, 0.9982781410217285, 0.9919426441192627, 0.9916934370994568], "(1, 1, 1, 2)": [0.9634466171264648, 0.9654185771942139, 0.9604272246360779, 0.9560769200325012, 0.962709903717041, 0.9637107253074646, 0.9690111875534058], "(1, 8, 1, 3)": [0.9999884963035583, 0.9468430876731873, 0.9999901652336121, 0.9999901652336121, 0.99998939037323, 0.9994475245475769, 0.9999507069587708], "(1, 6, 2, 5)": [0.9978776574134827, 0.9998989701271057, 0.9995684623718262, 0.9997900724411011, 0.9996182322502136, 0.9996846914291382, 0.9998524785041809], "(1, 6, 1, 2)": [0.9850533604621887, 0.9970389008522034, 0.9985112547874451, 0.9950675368309021, 0.9950345754623413, 0.9998559355735779, 0.9999901652336121], "(1, 5, 2, 5)": [0.9997164607048035, 0.9999901652336121, 0.9979294538497925, 0.9997488856315613, 0.9988118410110474, 0.9998984336853027, 0.9989317655563354], "(1, 4, 2, 5)": [0.9999901652336121, 0.9948007464408875, 0.9963157176971436, 0.9997495412826538, 0.9997314810752869, 0.9989306330680847, 0.9944940209388733], "(1, 1, 1, 4)": [0.6604989767074585, 0.7458253502845764, 0.9761170148849487, 0.57575923204422, 0.49009525775909424, 0.294283926486969, 0.3477066159248352], "(1, 9, 1, 3)": [0.9973194003105164, 0.9999817609786987, 0.9907447099685669, 0.9973081350326538, 0.9940022826194763, 0.9886631965637207, 0.9852328300476074], "(1, 9, 2, 3)": [0.4999748170375824, 0.20740684866905212, 0.3473489582538605, 0.5407243967056274, 0.8145882487297058, 0.4775778651237488, 0.9734344482421875], "(1, 3, 2, 5)": [0.9833528995513916, 0.8764659762382507, 0.9568320512771606, 0.9999901652336121, 0.8614159226417542, 0.9085155725479126, 0.8134762048721313], "(1, 7, 1, 2)": [0.9498242735862732, 0.7723003625869751, 0.7566131949424744, 0.5627114772796631, 0.9999488592147827, 0.8432572484016418, 0.8625588417053223], "(1, 1, 1, 1)": [0.4072037935256958, 0.0, 0.0, 0.0, 0.0, 0.0, 0.0],