{"q_values": {"(1, 6, 2, 4)": [0.9999901652336121, 0.9999901652336121, 0.9999901652336121, 0.9999901652336121, 0.9999901652336121, 0.9999871850013733, 0.9999901652336121], "(1, 6, 1, 3)": [0.9999901652336121, 0.9999901652336121, 0.9999901652336121, 0.990990161895752, 0.9999901652336121, 0.9999901652336121, 0.9999901652336121], "(1, 5, 1, 3)": [0.9999474883079529, 0.9999893307685852, 0.9999901652336121, 0.9999901652336121, 0.9999901652336121, 0.9999901652336121, 0.9999901652336121], "(1, 5, 2, 4)": [0.9999901652336121, 0.9999901652336121, 0.9999901652336121, 0.9999603033065796, 0.9999901652336121, 0.9999901652336121, 0.9999901652336121], "(1, 6, 1, 4)": [0.9962385892868042, 0.9999901652336121, 0.9999901652336121, 0.9999901652336121, 0.9999901652336121, 0.9999901652336121, 0.9999901652336121], "(1, 7, 2, 4)": [0.9999819993972778, 0.9999901652336121, 0.9999639391899109, 0.9999895095825195, 0.9997676014900208, 0.999988317489624, 0.9999133944511414], "(1, 7, 2, 5)": [0.9999381303787231, 0.9905843138694763, 0.9984171390533447, 0.997100830078125, 0.9974700212478638, 0.9926125407218933, 0.9963604211807251], "(1, 8, 2, 4)": [0.9992895126342773, 0.9985905885696411, 0.9957378506660461, 0.9956986904144287, 0.997596263885498, 0.9986975789070129, 0.9927318692207336], "(1, 9, 1, 4)": [0.991463303565979, 0.9919420480728149, 0.9868428111076355, 0.9822105765342712, 0.9792582988739014, 0.966658353805542, 0.9693317413330078], "(1, 9, 2, 4)": [0.990434467792511, 0.9735354781150818, 0.9712885618209839, 0.9632328152656555, 0.9727987051010132, 0.9688907861709595, 0.9700089693069458], "(1, 4, 1, 4)": [0.9999895095825195, 0.9999900460243225, 0.9999891519546509, 0.9999901652336121, 0.9999901652336121, 0.9999901652336121, 0.9999901652336121], "(1, 1, 1, 3)": [0.9688382148742676, 0.970162570476532, 0.971420407295227, 0.9715041518211365, 0.980170488357544, 0.9645503759384155, 0.971197247505188], "(1, 1, 2, 4)": [0.990777850151062, 0.9978967905044556, 0.9940677881240845, 0.9990163445472717, 0.9998593926429749, 0.9989007711410522, 0.9999760389328003], "(1, 7, 1, 4)": [0.9999901652336121, 0.9999665021896362, 0.9999901652336121, 0.9999901652336121, 0.9996904134750366, 0.9989279508590698, 0.9999797344207764], "(1, 7, 1, 3)": [0.9999884366989136, 0.9999901652336121, 0.9996269941329956, 0.9999901652336121, 0.9999901652336121, 0.9999901652336121, 0.9999901652336121], "(1, 8, 2, 5)": [0.9951842427253723, 0.9767835140228271, 0.9745628237724304, 0.9373428821563721, 0.9764507412910461, 0.9767093062400818, 0.9514724016189575], "(1, 8, 2, 3)": [0.9999901652336121, 0.9287858605384827, 0.9373666048049927, 0.982362687587738, 0.9826436638832092, 0.8446507453918457, 0.9574931859970093], "(1, 3, 1, 3)": [0.9982900619506836, 0.9993311166763306, 0.9993389248847961, 0.9996750950813293, 0.9997238516807556, 0.9996388554573059, 0.9999425411224365], "(1, 3, 1, 4)": [0.999872624874115, 0.9998125433921814, 0.9997872114181519, 0.999901533126831, 0.999927282333374, 0.9999526739120483, 0.9999901652336121], "(1, 3, 2, 4)": [0.9999804496765137, 0.9999392628669739, 0.9999521970748901, 0.9999900460243225, 0.9999901652336121, 0.9999890327453613, 0.9999901652336121], "(1, 4, 2, 4)": [0.9999897480010986, 0.9999887347221375, 0.9999901652336121, 0.9994713664054871, 0.9999901652336121, 0.999989926815033, 0.9999901652336121], "(1, 9, 2, 5)": [0.9658671617507935, 0.7865314483642578, 0.8564090728759766, 0.9282113313674927, 0.8304633498191833, 0.8182245492935181, 0.8736240267753601], "(1, 4, 1, 3)": [0.999965488910675, 0.9999865889549255, 0.9999735951423645, 0.9999890923500061, 0.9999877214431763, 0.9999746084213257, 0.9999901652336121], "(1, 4, 2, 3)": [0.9998703002929688, 0.9994659423828125, 0.9999901652336121, 0.9999791383743286, 0.9999603033065796, 0.9999895095825195, 0.9999901652336121], "(1, 5, 2, 3)": [0.9999900460243225, 0.9999901652336121, 0.9999901652336121, 0.9999901652336121, 0.9999901652336121, 0.9999901652336121, 0.9999901652336121], "(1, 3, 2, 3)": [0.999586284160614, 0.9994621276855469, 0.9995751976966858, 0.9998313188552856, 0.9998404383659363, 0.9997717142105103, 0.9995899796485901], "(1, 2, 1, 3)": [0.9902342557907104, 0.9886084794998169, 0.990360677242279, 0.9921134114265442, 0.9900912642478943, 0.9940547347068787, 0.9993146061897278], "(1, 1, 2, 3)": [0.9773311018943787, 0.9706518054008484, 0.9742270708084106, 0.9747127890586853, 0.9665164351463318, 0.9734837412834167, 0.9736164808273315], "(1, 6, 2, 3)": [0.9999901056289673, 0.9999901652336121, 0.9999896883964539, 0.9999892711639404, 0.9999887943267822, 0.9999895095825195, 0.9999897480010986], "(1, 2, 2, 3)": [0.9955310225486755, 0.9893789887428284, 0.9975900053977966, 0.9956657290458679, 0.9872738718986511, 0.9963086247444153, 0.986844003200531], "(1, 8, 1, 4)": [0.9999901652336121, 0.9995667338371277, 0.9981390833854675, 0.9988433122634888, 0.9998310208320618, 0.9990231394767761, 0.990848183631897], "(1, 5, 1, 2)": [0.9999625086784363, 0.9999337792396545, 0.9999801516532898, 0.9992451071739197, 0.9999755024909973, 0.9999896883964539, 0.9999779462814331], "(1, 4, 1, 2)": [0.9997349977493286, 0.9996006488800049, 0.9992435574531555, 0.9994943737983704, 0.9999213218688965, 0.9995303750038147, 0.9998310804367065], "(1, 2, 2, 4)": [0.999290943145752, 0.9999659657478333, 0.999854564666748, 0.9995476007461548, 0.9999690055847168, 0.9999901652336121, 0.9998161792755127], "(1, 2, 1, 4)": [0.974685549736023, 0.990421712398529, 0.984225332736969, 0.9598256349563599, 0.991420567035675, 0.9999768137931824, 0.9936712384223938], "(1, 7, 2, 3)": [0.9979186058044434, 0.9999901652336121, 0.9992098808288574, 0.9708781242370605, 0.9982993006706238, 0.9976909756660461, 0.9995265007019043], "(1, 2, 1, 2)": [0.9757925868034363, 0.9846660494804382, 0.9774867296218872, 0.9738633036613464, 0.9770212173461914, 0.974606990814209, 0.9957740306854248], "(1, 5, 1, 4)": [0.9999884963035583, 0.9999901652336121, 0.9999901652336121, 0.9999901652336121, 0.9999901652336121, 0.9999901652336121, 0.9999901652336121], "(1, 3, 1, 2)": [0.9914442896842957, 0.9926936030387878, 0.9959476590156555, 0.9915012121200562, 0.9961844682693481, 0.9987082481384277, 0.9970171451568604], "(1, 1, 1, 2)": [0.9566770792007446, 0.9654185771942139, 0.9563287496566772, 0.9560769200325012, 0.9551401734352112, 0.9637107253074646, 0.9697551131248474], "(1, 8, 1, 3)": [0.9468482732772827, 0.9999779462814331, 0.9999901652336121, 0.9999901652336121, 0.9999876618385315, 0.9999780058860779, 0.9999892115592957], "(1, 6, 2, 5)": [0.9956788420677185, 0.9999768733978271, 0.9987632632255554, 0.9996027946472168, 0.9994615316390991, 0.9996846914291382, 0.9997113347053528], "(1, 6, 1, 2)": [0.9850533604621887, 0.9939673542976379, 0.9969719648361206, 0.9929578304290771, 0.9929106831550598, 0.9994309544563293, 0.9999901652336121], "(1, 5, 2, 5)": [0.9995991587638855, 0.9999901652336121, 0.9970462918281555, 0.9994977116584778, 0.9975855350494385, 0.999613344669342, 0.9978301525115967], "(1, 4, 2, 5)": [0.9999901652336121, 0.9925767183303833, 0.9947409629821777, 0.99898761510849, 0.998450517654419, 0.9969010353088379, 0.9839662909507751], "(1, 1, 1, 4)": [0.6604989767074585, 0.7458253502845764, 0.9738341569900513, 0.57575923204422, 0.49009525775909424, 0.294283926486969, 0.3477066159248352], "(1, 9, 1, 3)": [0.9945619702339172, 0.9999388456344604, 0.9867975115776062, 0.9871029853820801, 0.9940022826194763, 0.9874157309532166, 0.9682817459106445], "(1, 9, 2, 3)": [0.4999748170375824, 0.20740684866905212, 0.3473489582538605, 0.5407243967056274, 0.8145882487297058, 0.4775778651237488, 0.9734344482421875], "(1, 3, 2, 5)": [0.9514865875244141, 0.8235269784927368, 0.938335657119751, 0.9999881982803345, 0.8020273447036743, 0.8693121075630188, 0.6193499565124512], "(1, 7, 1, 2)": [0.9498242735862732, 0.7723003625869751, 0.7566131949424744, 0.5627114772796631, 0.9999311566352844, 0.7760859727859497, 0.8036596775054932], "(1, 1, 1, 1)": [0.16600960493087769, 0.0, 0.0, 0.0, 0.0, 0.0, 0.0],