{"q_values": {"(1, 6, 2, 4)": [0.7003602385520935, 0.7553921341896057, 0.773073136806488, 0.7947853207588196, 0.900788426399231, 0.7835059762001038, 0.8014585971832275], "(1, 6, 1, 3)": [0.7789417505264282, 0.7788681983947754, 0.7390192747116089, 0.7671305537223816, 0.7816006541252136, 0.8104394674301147, 0.731374204158783], "(1, 7, 2, 4)": [0.85843425989151, 0.9157852530479431, 0.8894277215003967, 0.8878321051597595, 0.8929364085197449, 0.8525732159614563, 0.844902515411377], "(1, 7, 1, 3)": [0.8936240077018738, 0.9171395897865295, 0.8965093493461609, 0.9171851277351379, 0.8713293671607971, 0.9010951519012451, 0.8932833075523376], "(1, 7, 1, 4)": [0.9173443913459778, 0.9207000732421875, 0.9077423810958862, 0.9270593523979187, 0.9093753099441528, 0.9161450266838074, 0.8833118081092834], "(1, 8, 2, 4)": [0.920001208782196, 0.8235049247741699, 0.8699386715888977, 0.8302896618843079, 0.8183807730674744, 0.7832649946212769, 0.854956328868866], "(1, 8, 2, 5)": [0.8445620536804199, 0.3270176649093628, 0.3410780429840088, 0.4841841161251068, 0.22882701456546783, 0.5541775822639465, 0.016302794218063354], "(1, 9, 2, 4)": [0.7972476482391357, 0.5386308431625366, 0.6278464198112488, 0.6755380034446716, 0.7113006711006165, 0.6835275292396545, 0.5452998876571655], "(1, 9, 2, 5)": [0.7432790994644165, 0.10387244820594788, 0.1546698808670044, 0.16417250037193298, 0.17343074083328247, 0.08949156850576401, 0.36949872970581055], "(1, 10, 2, 4)": [0.0, 0.3201240003108978, 0.025819692760705948, 0.010316883213818073, -0.0012069125659763813, 0.5419104099273682, 0.37539130449295044], "(2, 4, 1, 4)": [0.5953853130340576, 0.03537014126777649, 0.2183367758989334, 0.00953699927777052, 0.3694957196712494, 0.02201009914278984, 0.16191448271274567], "(1, 1, 1, 3)": [0.607324481010437, 0.22604677081108093, 0.26728835701942444, 0.3433893322944641, 0.226504847407341, 0.20638851821422577, 0.21683990955352783], "(1, 1, 2, 4)": [0.14545714855194092, 0.05120483413338661, 0.0, 0.03233734145760536, 0.0, 0.026492109522223473, 0.005308686289936304], "(2, 8, 1, 4)": [0.8093048334121704, 0.7896535992622375, 0.7765552401542664, 0.8108813166618347, 0.8060345649719238, 0.8286755084991455, 0.7895104289054871], "(2, 8, 2, 4)": [0.8188249468803406, 0.8218896985054016, 0.8234666585922241, 0.8227778077125549, 0.8216615319252014, 0.8174647688865662, 0.8202698826789856], "(2, 8, 1, 3)": [0.7958757877349854, 0.7907272577285767, 0.7827507257461548, 0.8011550307273865, 0.8091413974761963, 0.810800313949585, 0.8307658433914185], "(2, 9, 2, 5)": [0.2986156940460205, 0.32479703426361084, 0.5010867118835449, 0.2258623242378235, 0.25442638993263245, 0.28354138135910034, 0.31208372116088867], "(2, 9, 2, 4)": [0.7520514130592346, 0.8091546893119812, 0.7762057781219482, 0.7970083951950073, 0.6432459950447083, 0.7182224988937378, 0.7803486585617065], "(1, 8, 2, 3)": [0.08801869302988052, 0.241238072514534, 0.5361457467079163, 0.047408126294612885, 0.003891000058501959, 0.20732398331165314, 0.07939642667770386], "(2, 3, 2, 4)": [0.594438910484314, 0.5995453000068665, 0.5613254308700562, 0.5229556560516357, 0.7118629217147827, 0.6206188797950745, 0.5986210703849792], "(2, 3, 1, 4)": [0.0, 0.19492089748382568, 0.0, 0.026242345571517944, 0.04477118328213692, 0.25437283515930176, 0.5736415386199951], "(2, 4, 2, 4)": [0.6383952498435974, 0.6181926131248474, 0.7010383605957031, 0.7086590528488159, 0.677023708820343, 0.7456193566322327, 0.6878343224525452], "(2, 5, 2, 5)": [0.18519285321235657, 0.02440313622355461, 0.6641648411750793, 0.3005311191082001, 0.20437762141227722, 0.00486880075186491, 0.24979740381240845], "(2, 6, 2, 5)": [0.08351313322782516, 0.13591784238815308, 0.2660859525203705, 0.6840757131576538, 0.31587815284729004, 0.20989952981472015, 0.367044597864151], "(2, 6, 2, 4)": [0.7096560001373291, 0.6740556955337524, 0.765389621257782, 0.8224154710769653, 0.774451494216919, 0.7541117072105408, 0.7785979509353638], "(2, 7, 2, 4)": [0.7560243606567383, 0.7539724111557007, 0.7960485219955444, 0.8345782160758972, 0.8037534356117249, 0.7951503992080688, 0.8004236221313477], "(2, 8, 2, 5)": [0.7804843187332153, 0.6256484389305115, 0.3366968631744385, 0.24568331241607666, 0.34251436591148376, 0.44434577226638794, 0.5519978404045105], "(2, 10, 2, 5)": [0.26366573572158813, 0.11494548618793488, 0.05010437220335007, 0.00790901854634285, 0.12993869185447693, 0.06985583156347275, 0.2750338613986969], "(2, 6, 1, 4)": [0.23247770965099335, 0.20659086108207703, 0.1611374318599701, 0.23831909894943237, 0.7368977069854736, 0.13617168366909027, 0.4084016680717468], "(2, 6, 1, 3)": [0.371456503868103, 0.3664553761482239, 0.4775339961051941, 0.4673948287963867, 0.4158763587474823, 0.31875988841056824, 0.6968223452568054], "(2, 7, 1, 3)": [0.5352225303649902, 0.6767067909240723, 0.5428780913352966, 0.5355002284049988, 0.5649336576461792, 0.5563324689865112, 0.8200356960296631], "(2, 7, 1, 4)": [0.6172743439674377, 0.3424237072467804, 0.4359572231769562, 0.3026488721370697, 0.35303235054016113, 0.366834431886673, 0.2501046061515808], "(2, 9, 1, 4)": [0.7274758815765381, 0.7358008623123169, 0.8187025189399719, 0.8083947896957397, 0.8061472177505493, 0.7918722033500671, 0.7530665993690491], "(2, 10, 1, 4)": [0.022573338821530342, 0.4431176483631134, 0.05517548695206642, 0.3125356435775757, 0.3866626024246216, 0.30853912234306335, 0.6137353181838989], "(1, 3, 2, 4)": [0.35127532482147217, 0.38274627923965454, 0.26808956265449524, 0.24633057415485382, 0.29758936166763306, 0.39602673053741455, 0.2706575393676758], "(1, 4, 1, 3)": [0.44674035906791687, 0.46293938159942627, 0.457950621843338, 0.4622412919998169, 0.5763260126113892, 0.4305812120437622, 0.5595611929893494], "(1, 5, 1, 3)": [0.5464370846748352, 0.5506439208984375, 0.6027636528015137, 0.5858401656150818, 0.5847717523574829, 0.5962340235710144, 0.7069313526153564], "(1, 4, 2, 4)": [0.4984988570213318, 0.5560938715934753, 0.5744476318359375, 0.6783297061920166, 0.6097710132598877, 0.5974166393280029, 0.5513347387313843], "(1, 4, 2, 3)": [0.31420189142227173, 0.31564611196517944, 0.2522386908531189, 0.2813061475753784, 0.3238146901130676, 0.19291096925735474, 0.5886983275413513], "(1, 5, 2, 4)": [0.5997357964515686, 0.6115143895149231, 0.6824301481246948, 0.7458950281143188, 0.6837424635887146, 0.6777782440185547, 0.6730310916900635], "(2, 7, 2, 3)": [0.15668663382530212, 0.3046046197414398, 0.28999635577201843, 0.25993242859840393, 0.2284841537475586, 0.6097039580345154, 0.1485748291015625], "(1, 6, 1, 4)": [0.7400072813034058, 0.7855574488639832, 0.8507459759712219, 0.7435847520828247, 0.7359023690223694, 0.613487720489502, 0.8165577054023743], "(1, 8, 1, 4)": [0.915895938873291, 0.9189528226852417, 0.9251410961151123, 0.8833205699920654, 0.8920098543167114, 0.9089809656143188, 0.8529441952705383], "(1, 8, 1, 3)": [0.8903189301490784, 0.9238673448562622, 0.9194681644439697, 0.9136523604393005, 0.9170783162117004, 0.8939580917358398, 0.9070020318031311], "(1, 9, 1, 4)": [0.8089638948440552, 0.7865946888923645, 0.7904931902885437, 0.7771091461181641, 0.7258262634277344, 0.804585337638855, 0.8185296654701233], "(1, 9, 1, 3)": [0.8510620594024658, 0.7552902698516846, 0.8752124309539795, 0.8206201195716858, 0.8550512790679932, 0.8437083959579468, 0.8703708052635193], "(1, 10, 1, 4)": [0.6809157133102417, 0.10785727202892303, 0.33761265873908997, 0.5762228965759277, 0.34625697135925293, 0.48004019260406494, 0.46759986877441406], "(2, 5, 2, 4)": [0.6055389642715454, 0.6609088182449341, 0.7395262718200684, 0.7780999541282654, 0.7011882066726685, 0.6726417541503906, 0.7136584520339966], "(2, 4, 1, 3)": [0.5407282114028931, 0.4648105502128601, 0.5665991306304932, 0.4745763838291168, 0.6628348231315613, 0.3019121289253235, 0.47398099303245544], "(2, 3, 1, 3)": [0.37937530875205994, 0.3137175738811493, 0.28441837430000305, 0.3313502073287964, 0.5303876399993896, 0.5680683255195618, 0.3649456202983856],