{"q_values": {"(1, 6, 2, 4)": [0.06967894732952118, 0.056965891271829605, 0.06709280610084534, 0.04613029956817627, 0.061019349843263626, 0.07456297427415848, 0.051648758351802826], "(1, 6, 1, 3)": [0.0847516804933548, 0.09517113864421844, 0.08258599787950516, 0.10255546867847443, 0.07162521779537201, 0.08368067443370819, 0.06459061801433563], "(1, 7, 2, 4)": [0.06152339279651642, 0.04245036467909813, 0.044491738080978394, 0.05773365497589111, 0.051456570625305176, 0.04695764556527138, 0.05686555057764053], "(1, 7, 1, 3)": [0.0506087951362133, 0.06980685889720917, 0.060788799077272415, 0.07670336216688156, 0.044769834727048874, 0.05877312272787094, 0.05991986393928528], "(1, 7, 1, 4)": [0.07626961916685104, 0.021939657628536224, 0.04004504159092903, 0.022898443043231964, 0.033476099371910095, 0.05082748830318451, 0.01776595041155815], "(1, 8, 2, 4)": [0.07401728630065918, 0.058542102575302124, 0.03546534851193428, 0.06957703083753586, 0.05970155820250511, 0.05653227120637894, 0.02374083362519741], "(1, 8, 2, 5)": [0.003000000026077032, 0.006952032912522554, 0.03895459324121475, 0.0, 0.008929526433348656, 0.015930775552988052, 0.0], "(1, 9, 2, 4)": [0.03565159812569618, 0.030698349699378014, 0.01409534178674221, 0.021192394196987152, 0.025452306494116783, 0.016893204301595688, 0.014394516125321388], "(1, 9, 2, 5)": [0.013614106923341751, 0.01390499621629715, 0.008262286894023418, 0.012054193764925003, 0.008522721007466316, 0.009880240075290203, 0.011054901406168938], "(1, 10, 2, 4)": [0.0, 0.005056316964328289, 0.003000000026077032, -0.010880901478230953, -0.0012069125659763813, 0.0, 0.0], "(2, 4, 1, 4)": [0.003000000026077032, 0.014431771822273731, 0.0, 0.0, 0.016410939395427704, 0.02201009914278984, 0.0], "(1, 1, 1, 3)": [0.00699235824868083, 0.003000000026077032, 0.007554770912975073, 0.016298025846481323, -0.006391276139765978, 0.006320839747786522, 0.0], "(1, 1, 2, 4)": [0.007351365406066179, 0.01764829456806183, 0.0, 0.0, 0.0, 0.0, 0.005308686289936304], "(2, 8, 1, 4)": [0.014926967211067677, 0.036485329270362854, 0.009937047027051449, 0.005066502373665571, 0.027269497513771057, 0.04480089247226715, 0.009630680084228516], "(2, 8, 2, 4)": [0.04639456793665886, 0.04063449800014496, 0.037884995341300964, 0.04595029354095459, 0.04287157207727432, 0.04988288879394531, 0.03250029310584068], "(2, 8, 1, 3)": [0.03007151372730732, 0.047226808965206146, 0.047805916517972946, 0.03396177291870117, 0.03901039808988571, 0.04643223062157631, 0.019022837281227112], "(2, 9, 2, 5)": [0.009825412184000015, 0.03998275846242905, 0.026576437056064606, 0.0196036696434021, 0.014202501624822617, 0.00300630833953619, 0.02107366919517517], "(2, 9, 2, 4)": [0.029873084276914597, 0.029879281297326088, 0.02450394071638584, 0.056529700756073, 0.01581011898815632, 0.025824125856161118, 0.027936208993196487], "(1, 8, 2, 3)": [0.009440877474844456, 0.0, 0.026006612926721573, 0.006124132312834263, 0.003891000058501959, 0.010518963448703289, 0.0], "(2, 3, 2, 4)": [0.05747311934828758, 0.05291829630732536, 0.05375025048851967, 0.05073877424001694, 0.049045369029045105, 0.0541512630879879, 0.056734561920166016], "(2, 3, 1, 4)": [0.0, 0.0, 0.0, 0.0, 0.0, 0.0, 0.02072838507592678], "(2, 4, 2, 4)": [0.04302921146154404, 0.024276399984955788, 0.05163123831152916, 0.06400706619024277, 0.05656912922859192, 0.046783361583948135, 0.0559832789003849], "(2, 5, 2, 5)": [0.018589289858937263, 0.02440313622355461, 0.0068793268874287605, 0.0, 0.017067424952983856, 0.00486880075186491, 0.0], "(2, 6, 2, 5)": [0.012014166451990604, 0.03669747710227966, 0.003000000026077032, 0.023262664675712585, 0.028172513470053673, 0.019967887550592422, 0.013899152167141438], "(2, 6, 2, 4)": [0.059253305196762085, 0.04297152906656265, 0.054398488253355026, 0.0668954849243164, 0.05960289388895035, 0.05951738730072975, 0.053667936474084854], "(2, 7, 2, 4)": [0.05006339028477669, 0.0473107248544693, 0.0536128431558609, 0.05205490440130234, 0.0592920258641243, 0.054080743342638016, 0.043329231441020966], "(2, 8, 2, 5)": [0.04653201624751091, 0.02444836124777794, 0.013833642937242985, 0.025543851777911186, 0.026503801345825195, 0.02002885937690735, 0.03132983669638634], "(2, 10, 2, 5)": [0.0, 0.0, -0.004300061147660017, 0.00790901854634285, 0.0, 0.0, 0.00592696713283658], "(2, 6, 1, 4)": [0.056882183998823166, 0.046505626291036606, 0.015579826198518276, 0.042453572154045105, 0.02103247493505478, 0.0, 0.02119765430688858], "(2, 6, 1, 3)": [0.042898308485746384, 0.05955915525555611, 0.05896896496415138, 0.062125805765390396, 0.05767785385251045, 0.05816476047039032, 0.05912154167890549], "(2, 7, 1, 3)": [0.06632877141237259, 0.06249799206852913, 0.02893177419900894, 0.04484511911869049, 0.060754090547561646, 0.04915196821093559, 0.04654673486948013], "(2, 7, 1, 4)": [0.008100341074168682, 0.008100341074168682, 0.003891000058501959, 0.01710991933941841, 0.013770580291748047, 0.017172865569591522, 0.0363745354115963], "(2, 9, 1, 4)": [0.02747313678264618, 0.0174461230635643, 0.00785862933844328, 0.0, 0.029581457376480103, 0.0, 0.024484243243932724], "(2, 10, 1, 4)": [0.004852241836488247, 0.003000000026077032, 0.0, -0.006000000052154064, 0.0, 0.0, 0.0], "(1, 3, 2, 4)": [0.06215055659413338, 0.06862738728523254, 0.0728699341416359, 0.07220761477947235, 0.029375344514846802, 0.057300373911857605, 0.04089278355240822], "(1, 4, 1, 3)": [0.06928328424692154, 0.05856078118085861, 0.07950170338153839, 0.07886970043182373, 0.05552153289318085, 0.0590115487575531, 0.06416724622249603], "(1, 5, 1, 3)": [0.07114890962839127, 0.07145494222640991, 0.0867387056350708, 0.08019401133060455, 0.07424213737249374, 0.07505495101213455, 0.07100753486156464], "(1, 4, 2, 4)": [0.05234428495168686, 0.06272166222333908, 0.04060672968626022, 0.08650779724121094, 0.05625678598880768, 0.04504154995083809, 0.07085676491260529], "(1, 4, 2, 3)": [0.015356123447418213, 0.0, 0.016286596655845642, 0.0, 0.034609563648700714, 0.017361415550112724, 0.06133574992418289], "(1, 5, 2, 4)": [0.06936367601156235, 0.06875479966402054, 0.07770109921693802, 0.07031788676977158, 0.07670667767524719, 0.054514482617378235, 0.06388746201992035], "(2, 7, 2, 3)": [0.018876297399401665, 0.027902044355869293, 0.020202457904815674, 0.016412967815995216, 0.045161500573158264, 0.03193039447069168, 0.0], "(1, 6, 1, 4)": [0.018965668976306915, 0.047092583030462265, 0.07999779284000397, 0.031224597245454788, 0.04918019473552704, 0.04016094654798508, 0.04597412422299385], "(1, 8, 1, 4)": [0.0688890814781189, 0.07257111370563507, 0.05771583318710327, 0.059408530592918396, 0.053790509700775146, 0.04355283081531525, 0.04306068271398544], "(1, 8, 1, 3)": [0.07594218105077744, 0.07693507522344589, 0.07789161801338196, 0.08675439655780792, 0.08036422729492188, 0.06809971481561661, 0.06941014528274536], "(1, 9, 1, 4)": [0.06285011023283005, 0.027205146849155426, 0.04587965086102486, 0.039165519177913666, 0.02522176504135132, 0.038126178085803986, 0.013892351649701595], "(1, 9, 1, 3)": [0.029898712411522865, 0.04157087951898575, 0.026934152469038963, 0.046230316162109375, 0.04376169294118881, 0.031675901263952255, 0.030210519209504128], "(1, 10, 1, 4)": [0.003000000026077032, 0.005208887159824371, 0.0, -0.004245045129209757, -0.0037841631565243006, 0.003891000058501959, 0.0], "(2, 5, 2, 4)": [0.04457230865955353, 0.024200420826673508, 0.01673637144267559, 0.036604855209589005, 0.04783964902162552, 0.022069180384278297, 0.03596730902791023], "(2, 4, 1, 3)": [0.045685477554798126, 0.042620640248060226, 0.042749129235744476, 0.03550609573721886, 0.047563351690769196, 0.03875001147389412, 0.026989001780748367], "(2, 3, 1, 3)": [0.030423378571867943, 0.02599950321018696, 0.05457085743546486, 0.05077820271253586, 0.042636752128601074, 0.04176788777112961, 0.04600362852215767], "(2, 2, 1, 3)": [0.023451771587133408, 0.036819275468587875, 0.02730317786335945, 0.032568007707595825, 0.0365636870265007, 0.04108688235282898, 0.03368012234568596],