{"q_values": {"(1, 6, 2, 4)": [0.8920241594314575, 0.8356238007545471, 0.8625599145889282, 0.8946115374565125, 0.9426378607749939, 0.8601541519165039, 0.8655272126197815], "(1, 6, 1, 3)": [0.9126728177070618, 0.7868651151657104, 0.8594704866409302, 0.8604327440261841, 0.9165817499160767, 0.9415143728256226, 0.8948684930801392], "(1, 7, 2, 4)": [0.9362998008728027, 0.9368866682052612, 0.9469953775405884, 0.934743344783783, 0.9346388578414917, 0.9343295693397522, 0.91557377576828], "(1, 7, 1, 3)": [0.9476139545440674, 0.9481222629547119, 0.9457539916038513, 0.9482614398002625, 0.9489085674285889, 0.9528911113739014, 0.9486186504364014], "(1, 7, 1, 4)": [0.9483869075775146, 0.9519525170326233, 0.9468429088592529, 0.9460735321044922, 0.9452069997787476, 0.9428980350494385, 0.943047046661377], "(1, 8, 2, 4)": [0.9470108151435852, 0.896229088306427, 0.8720493316650391, 0.8757193684577942, 0.9038301706314087, 0.8723106384277344, 0.8788635730743408], "(1, 8, 2, 5)": [0.9030600786209106, 0.3270176649093628, 0.6349545121192932, 0.4841841161251068, 0.22882701456546783, 0.6335234045982361, 0.016302794218063354], "(1, 9, 2, 4)": [0.8822633028030396, 0.7229120135307312, 0.7018009424209595, 0.7329744696617126, 0.6487261652946472, 0.7544960379600525, 0.7773827910423279], "(1, 9, 2, 5)": [0.7327491641044617, 0.10387244820594788, 0.5136646032333374, 0.16417250037193298, 0.17343074083328247, 0.08949156850576401, 0.36949872970581055], "(1, 10, 2, 4)": [0.0, 0.3201240003108978, 0.025819692760705948, 0.2323174923658371, -0.0012069125659763813, 0.620903730392456, 0.37539130449295044], "(2, 4, 1, 4)": [0.6324461698532104, 0.03537014126777649, 0.2183367758989334, 0.00953699927777052, 0.3694957196712494, 0.02201009914278984, 0.16191448271274567], "(1, 1, 1, 3)": [0.7543734312057495, 0.44292518496513367, 0.26728835701942444, 0.5074724555015564, 0.226504847407341, 0.20638851821422577, 0.21683990955352783], "(1, 1, 2, 4)": [0.3208768963813782, 0.05120483413338661, 0.0, 0.03233734145760536, 0.0, 0.026492109522223473, 0.19118313491344452], "(2, 8, 1, 4)": [0.9380521774291992, 0.9250132441520691, 0.9223706126213074, 0.921206533908844, 0.925139844417572, 0.9172139763832092, 0.9047296047210693], "(2, 8, 2, 4)": [0.9324404001235962, 0.9142812490463257, 0.9180932641029358, 0.8813992738723755, 0.9053382277488708, 0.8980594277381897, 0.8307754993438721], "(2, 8, 1, 3)": [0.9164645075798035, 0.9251841306686401, 0.9212583899497986, 0.9137625694274902, 0.9232051372528076, 0.9313535094261169, 0.9234905242919922], "(2, 9, 2, 5)": [0.2986156940460205, 0.32479703426361084, 0.7015851736068726, 0.2258623242378235, 0.25442638993263245, 0.5018907189369202, 0.31208372116088867], "(2, 9, 2, 4)": [0.8091674447059631, 0.8052924275398254, 0.7619547247886658, 0.7436025142669678, 0.792901337146759, 0.7669211030006409, 0.743372917175293], "(1, 8, 2, 3)": [0.08801869302988052, 0.241238072514534, 0.8441106081008911, 0.047408126294612885, 0.003891000058501959, 0.20732398331165314, 0.07939642667770386], "(2, 3, 2, 4)": [0.594438910484314, 0.6734104156494141, 0.7151843905448914, 0.7655568718910217, 0.8378534317016602, 0.7505835294723511, 0.6659579277038574], "(2, 3, 1, 4)": [0.0, 0.34915870428085327, 0.0, 0.026242345571517944, 0.04477118328213692, 0.25437283515930176, 0.7695689797401428], "(2, 4, 2, 4)": [0.7154991626739502, 0.732780933380127, 0.7525676488876343, 0.8642290234565735, 0.8213669061660767, 0.7708715200424194, 0.7963021993637085], "(2, 5, 2, 5)": [0.18519285321235657, 0.02440313622355461, 0.8067268133163452, 0.3005311191082001, 0.20437762141227722, 0.00486880075186491, 0.24979740381240845], "(2, 6, 2, 5)": [0.08351313322782516, 0.13591784238815308, 0.2660859525203705, 0.753698468208313, 0.31587815284729004, 0.20989952981472015, 0.367044597864151], "(2, 6, 2, 4)": [0.8507588505744934, 0.8665837645530701, 0.8889791369438171, 0.9114020466804504, 0.8773101568222046, 0.8893002271652222, 0.8480406999588013], "(2, 7, 2, 4)": [0.8841022849082947, 0.8925175070762634, 0.8985707759857178, 0.9298836588859558, 0.91134113073349, 0.8994568586349487, 0.903322160243988], "(2, 8, 2, 5)": [0.8638876080513, 0.6256484389305115, 0.3366968631744385, 0.41667869687080383, 0.34251436591148376, 0.44434577226638794, 0.5580818057060242], "(2, 10, 2, 5)": [0.26366573572158813, 0.11494548618793488, 0.05010437220335007, 0.00790901854634285, 0.12993869185447693, 0.06985583156347275, 0.35810092091560364], "(2, 6, 1, 4)": [0.23247770965099335, 0.20659086108207703, 0.1611374318599701, 0.23831909894943237, 0.8508469462394714, 0.13617168366909027, 0.4084016680717468], "(2, 6, 1, 3)": [0.371456503868103, 0.567057728767395, 0.5638720393180847, 0.6571467518806458, 0.4158763587474823, 0.48084312677383423, 0.8878007531166077], "(2, 7, 1, 3)": [0.8343355655670166, 0.8175728917121887, 0.8224097490310669, 0.8016868829727173, 0.806485652923584, 0.8258785605430603, 0.9254038333892822], "(2, 7, 1, 4)": [0.9264132380485535, 0.5019317269325256, 0.7240440845489502, 0.5808449983596802, 0.519393801689148, 0.7116923928260803, 0.757940411567688], "(2, 9, 1, 4)": [0.9169741868972778, 0.8039154410362244, 0.8550006747245789, 0.8399921655654907, 0.8475297093391418, 0.8661181926727295, 0.8596465587615967], "(2, 10, 1, 4)": [0.022573338821530342, 0.4431176483631134, 0.05517548695206642, 0.3125356435775757, 0.3866626024246216, 0.30853912234306335, 0.7274845838546753], "(1, 3, 2, 4)": [0.42800313234329224, 0.38274627923965454, 0.30935728549957275, 0.24633057415485382, 0.29758936166763306, 0.3996451497077942, 0.2706575393676758], "(1, 4, 1, 3)": [0.4470311403274536, 0.46293938159942627, 0.4947342574596405, 0.5180716514587402, 0.5903177857398987, 0.5125178694725037, 0.6996065378189087], "(1, 5, 1, 3)": [0.6827380657196045, 0.6480467915534973, 0.6444408297538757, 0.62674480676651, 0.6259968876838684, 0.5962340235710144, 0.7969574928283691], "(1, 4, 2, 4)": [0.599002480506897, 0.6460119485855103, 0.6666340231895447, 0.7968960404396057, 0.6816145777702332, 0.7353892922401428, 0.6530156135559082], "(1, 4, 2, 3)": [0.31420189142227173, 0.4698265492916107, 0.2522386908531189, 0.391685426235199, 0.3238146901130676, 0.3435766398906708, 0.7371790409088135], "(1, 5, 2, 4)": [0.7684539556503296, 0.7134201526641846, 0.7249358892440796, 0.8946167826652527, 0.8089702725410461, 0.7275708913803101, 0.7621245384216309], "(2, 7, 2, 3)": [0.15668663382530212, 0.3046046197414398, 0.4129537045955658, 0.25993242859840393, 0.2284841537475586, 0.8837711811065674, 0.1485748291015625], "(1, 6, 1, 4)": [0.8604673743247986, 0.9042038321495056, 0.9421085119247437, 0.8174673318862915, 0.8637731075286865, 0.8254010081291199, 0.8991392254829407], "(1, 8, 1, 4)": [0.9365830421447754, 0.9373039603233337, 0.9363623261451721, 0.9362004995346069, 0.9365118741989136, 0.9411056041717529, 0.8585062026977539], "(1, 8, 1, 3)": [0.9482147097587585, 0.9473900198936462, 0.9486280083656311, 0.950239896774292, 0.9511280059814453, 0.9499510526657104, 0.9488042593002319], "(1, 9, 1, 4)": [0.867494523525238, 0.9261199235916138, 0.8627883195877075, 0.8253114819526672, 0.8441084027290344, 0.8598715662956238, 0.8458818197250366], "(1, 9, 1, 3)": [0.8974982500076294, 0.9520736932754517, 0.9394333362579346, 0.9260368347167969, 0.9268709421157837, 0.9187980890274048, 0.9127506017684937], "(1, 10, 1, 4)": [0.6740626096725464, 0.2582324743270874, 0.4463917911052704, 0.7857351303100586, 0.5469676852226257, 0.5883278250694275, 0.5035206079483032], "(2, 5, 2, 4)": [0.8040441274642944, 0.8348543643951416, 0.8573558330535889, 0.8892292976379395, 0.8539882302284241, 0.8519147634506226, 0.8132069110870361], "(2, 4, 1, 3)": [0.5407282114028931, 0.5695983171463013, 0.6083346605300903, 0.4745763838291168, 0.6398022770881653, 0.4298458695411682, 0.47398099303245544], "(2, 3, 1, 3)": [0.37937530875205994, 0.3137175738811493, 0.28441837430000305, 0.3313502073287964, 0.5303876399993896, 0.7179544568061829, 0.3649456202983856],