{"q_values": {"(1, 6, 2, 4)": [0.9913572072982788, 0.9947348237037659, 0.9935235381126404, 0.9931849241256714, 0.9934157729148865, 0.9912791848182678, 0.9933368563652039], "(1, 6, 1, 3)": [0.9764400720596313, 0.9679770469665527, 0.9883471727371216, 0.9859899282455444, 0.9767252206802368, 0.97995924949646, 0.993788480758667], "(1, 7, 2, 4)": [0.992234468460083, 0.9913724660873413, 0.9919423460960388, 0.9918561577796936, 0.9914286136627197, 0.9867895245552063, 0.9914262890815735], "(1, 7, 1, 3)": [0.9906240701675415, 0.9912362694740295, 0.9905401468276978, 0.9900999069213867, 0.9897825121879578, 0.9839981198310852, 0.9915634393692017], "(1, 7, 1, 4)": [0.9916883707046509, 0.9882937073707581, 0.9892252087593079, 0.989398717880249, 0.9837791323661804, 0.9907997846603394, 0.9890938997268677], "(1, 8, 2, 4)": [0.9846104383468628, 0.9922700524330139, 0.977849543094635, 0.970840334892273, 0.9783909916877747, 0.9814850091934204, 0.983445405960083], "(1, 8, 2, 5)": [0.9832400679588318, 0.8860955238342285, 0.6349545121192932, 0.79246985912323, 0.22882701456546783, 0.8349286913871765, 0.24767576158046722], "(1, 9, 2, 4)": [0.9780949354171753, 0.7229120135307312, 0.8285655379295349, 0.8778644800186157, 0.8693931102752686, 0.7544960379600525, 0.9169605374336243], "(1, 9, 2, 5)": [0.933139979839325, 0.30155259370803833, 0.5958290100097656, 0.6592074036598206, 0.17343074083328247, 0.5083263516426086, 0.36949872970581055], "(1, 10, 2, 4)": [0.0, 0.4040972590446472, 0.2403329461812973, 0.2323174923658371, -0.0012069125659763813, 0.8832923769950867, 0.37539130449295044], "(2, 4, 1, 4)": [0.9423313736915588, 0.03537014126777649, 0.38819247484207153, 0.00953699927777052, 0.5638997554779053, 0.02201009914278984, 0.16191448271274567], "(1, 1, 1, 3)": [0.9003720283508301, 0.5998313426971436, 0.5755565762519836, 0.5285592079162598, 0.25612831115722656, 0.7353290915489197, 0.6054952144622803], "(1, 1, 2, 4)": [0.7016865015029907, 0.05120483413338661, 0.0, 0.03233734145760536, 0.0, 0.026492109522223473, 0.19118313491344452], "(2, 8, 1, 4)": [0.9953173398971558, 0.9961291551589966, 0.9958641529083252, 0.9957252144813538, 0.9955516457557678, 0.995922863483429, 0.9953636527061462], "(2, 8, 2, 4)": [0.9954333305358887, 0.995559811592102, 0.9959477186203003, 0.9939697980880737, 0.9945323467254639, 0.9948371052742004, 0.9939062595367432], "(2, 8, 1, 3)": [0.9686374068260193, 0.957125723361969, 0.9952560067176819, 0.9952316880226135, 0.9949434995651245, 0.9954215884208679, 0.9937191605567932], "(2, 9, 2, 5)": [0.2986156940460205, 0.516647458076477, 0.7095402479171753, 0.2258623242378235, 0.25442638993263245, 0.5018907189369202, 0.31208372116088867], "(2, 9, 2, 4)": [0.9943512082099915, 0.8740445375442505, 0.8636314868927002, 0.9249622821807861, 0.8962449431419373, 0.9108227491378784, 0.9150182008743286], "(1, 8, 2, 3)": [0.5464558005332947, 0.241238072514534, 0.9911537766456604, 0.047408126294612885, 0.3000498116016388, 0.20732398331165314, 0.07939642667770386], "(2, 3, 2, 4)": [0.9849433898925781, 0.9932675957679749, 0.9860906004905701, 0.9970844984054565, 0.9895029664039612, 0.9871827960014343, 0.8264034986495972], "(2, 3, 1, 4)": [0.0, 0.34915870428085327, 0.0, 0.45188477635383606, 0.2755098044872284, 0.4519094228744507, 0.9936315417289734], "(2, 4, 2, 4)": [0.958113431930542, 0.9804901480674744, 0.980233907699585, 0.9843122363090515, 0.9973585605621338, 0.9935345649719238, 0.9808211326599121], "(2, 5, 2, 5)": [0.18519285321235657, 0.02440313622355461, 0.9562377333641052, 0.3005311191082001, 0.20437762141227722, 0.00486880075186491, 0.24979740381240845], "(2, 6, 2, 5)": [0.08351313322782516, 0.13591784238815308, 0.2660859525203705, 0.9670183062553406, 0.31587815284729004, 0.4303745627403259, 0.367044597864151], "(2, 6, 2, 4)": [0.9965420961380005, 0.9970279932022095, 0.9970073699951172, 0.9970877766609192, 0.9971352219581604, 0.9968965649604797, 0.9969066381454468], "(2, 7, 2, 4)": [0.9941025972366333, 0.9967029094696045, 0.9967929124832153, 0.9966957569122314, 0.9967166781425476, 0.9960654377937317, 0.9959878325462341], "(2, 8, 2, 5)": [0.9934244155883789, 0.6256484389305115, 0.3366968631744385, 0.41667869687080383, 0.34251436591148376, 0.44434577226638794, 0.758287787437439], "(2, 10, 2, 5)": [0.26366573572158813, 0.11494548618793488, 0.05010437220335007, 0.00790901854634285, 0.12993869185447693, 0.06985583156347275, 0.5366240739822388], "(2, 6, 1, 4)": [0.23247770965099335, 0.20659086108207703, 0.1611374318599701, 0.7320643067359924, 0.9970641732215881, 0.3943464756011963, 0.5841381549835205], "(2, 6, 1, 3)": [0.920090913772583, 0.960777997970581, 0.9134735465049744, 0.992877721786499, 0.9028061628341675, 0.974405825138092, 0.9971897602081299], "(2, 7, 1, 3)": [0.9966853857040405, 0.9851832389831543, 0.9967142343521118, 0.996749222278595, 0.9971292614936829, 0.9965913891792297, 0.9967332482337952], "(2, 7, 1, 4)": [0.9958879947662354, 0.996271550655365, 0.9962606430053711, 0.9964982867240906, 0.9971514344215393, 0.7008612155914307, 0.8518146276473999], "(2, 9, 1, 4)": [0.9690062999725342, 0.9951755404472351, 0.9535585045814514, 0.9660884141921997, 0.9406993389129639, 0.9295954704284668, 0.924714207649231], "(2, 10, 1, 4)": [0.022573338821530342, 0.4431176483631134, 0.05517548695206642, 0.3125356435775757, 0.3866626024246216, 0.30853912234306335, 0.875400960445404], "(1, 3, 2, 4)": [0.8862199783325195, 0.38274627923965454, 0.30935728549957275, 0.24633057415485382, 0.29758936166763306, 0.3996451497077942, 0.2706575393676758], "(1, 4, 1, 3)": [0.4470311403274536, 0.46293938159942627, 0.697069525718689, 0.6842761635780334, 0.6841899156570435, 0.6865251064300537, 0.9647246599197388], "(1, 5, 1, 3)": [0.8070141077041626, 0.6480467915534973, 0.8213471174240112, 0.62674480676651, 0.7359572649002075, 0.6405764818191528, 0.9882120490074158], "(1, 4, 2, 4)": [0.931465744972229, 0.7790266275405884, 0.7952598333358765, 0.9812936186790466, 0.9415056705474854, 0.7134098410606384, 0.7166268825531006], "(1, 4, 2, 3)": [0.31420189142227173, 0.4698265492916107, 0.2522386908531189, 0.552963137626648, 0.3238146901130676, 0.3435766398906708, 0.965664803981781], "(1, 5, 2, 4)": [0.9342891573905945, 0.9298603534698486, 0.8961877822875977, 0.9369387626647949, 0.9944009184837341, 0.9700638055801392, 0.953406810760498], "(2, 7, 2, 3)": [0.9710795879364014, 0.9104450345039368, 0.9947056770324707, 0.9341691732406616, 0.9321249127388, 0.997087836265564, 0.94572913646698], "(1, 6, 1, 4)": [0.9930309653282166, 0.9881184101104736, 0.9937576055526733, 0.9938576221466064, 0.9943692088127136, 0.9936879873275757, 0.9941115379333496], "(1, 8, 1, 4)": [0.9912778735160828, 0.9835048317909241, 0.9890220165252686, 0.9875690340995789, 0.9886616468429565, 0.967746376991272, 0.9899187088012695], "(1, 8, 1, 3)": [0.9877428412437439, 0.9903817176818848, 0.9884464740753174, 0.9841297268867493, 0.9845772981643677, 0.9903542399406433, 0.9911741018295288], "(1, 9, 1, 4)": [0.9897392392158508, 0.975355327129364, 0.9576605558395386, 0.9598573446273804, 0.974511981010437, 0.9675419926643372, 0.9616879820823669], "(1, 9, 1, 3)": [0.9841914176940918, 0.9911752343177795, 0.9621175527572632, 0.986470103263855, 0.9822506308555603, 0.9832383394241333, 0.9858691096305847], "(1, 10, 1, 4)": [0.7942779064178467, 0.6863113045692444, 0.882718563079834, 0.9235253930091858, 0.7585568428039551, 0.7368320822715759, 0.7891235947608948], "(2, 5, 2, 4)": [0.9903445839881897, 0.9952427744865417, 0.9933198094367981, 0.9972310066223145, 0.9878841042518616, 0.9865060448646545, 0.9686116576194763], "(2, 4, 1, 3)": [0.8004706501960754, 0.5695983171463013, 0.6083346605300903, 0.4745763838291168, 0.982633113861084, 0.5986971855163574, 0.7087584733963013], "(2, 3, 1, 3)": [0.37937530875205994, 0.3137175738811493, 0.6370595097541809, 0.6558328866958618, 0.6607056260108948, 0.9937649965286255, 0.3649456202983856],