{"q_values": {"(1, 6, 2, 4)": [0.9892994165420532, 0.9884418845176697, 0.9879724383354187, 0.9886705875396729, 0.9887154698371887, 0.9869001507759094, 0.9887970685958862], "(1, 6, 1, 3)": [0.9869352579116821, 0.9855083227157593, 0.9851964712142944, 0.9915331602096558, 0.9884573817253113, 0.9826571941375732, 0.987699031829834], "(1, 7, 2, 4)": [0.9836835265159607, 0.9825507998466492, 0.985646665096283, 0.9887423515319824, 0.9851571321487427, 0.9824426770210266, 0.9799961447715759], "(1, 7, 1, 3)": [0.980537474155426, 0.9820189476013184, 0.9763271808624268, 0.9731054902076721, 0.9818636775016785, 0.9828945398330688, 0.9840152263641357], "(1, 7, 1, 4)": [0.9623397588729858, 0.978175699710846, 0.9821175932884216, 0.9797824025154114, 0.9820321798324585, 0.9812576174736023, 0.9810447096824646], "(1, 8, 2, 4)": [0.968788743019104, 0.9733291268348694, 0.972239077091217, 0.9878802299499512, 0.9625145792961121, 0.9762516021728516, 0.9715112447738647], "(1, 8, 2, 5)": [0.981071949005127, 0.9174782633781433, 0.814963161945343, 0.8806192874908447, 0.22882701456546783, 0.9336611032485962, 0.4695126414299011], "(1, 9, 2, 4)": [0.9767188429832458, 0.8878682851791382, 0.8735405206680298, 0.9096930623054504, 0.8693931102752686, 0.8232904672622681, 0.9142537713050842], "(1, 9, 2, 5)": [0.9636044502258301, 0.30155259370803833, 0.5958290100097656, 0.6592074036598206, 0.17343074083328247, 0.6428810358047485, 0.36949872970581055], "(1, 10, 2, 4)": [0.0, 0.4040972590446472, 0.2403329461812973, 0.2323174923658371, -0.0012069125659763813, 0.9459442496299744, 0.37539130449295044], "(2, 4, 1, 4)": [0.9926506280899048, 0.03537014126777649, 0.5697335004806519, 0.00953699927777052, 0.5638997554779053, 0.02201009914278984, 0.16191448271274567], "(1, 1, 1, 3)": [0.7235854268074036, 0.5998313426971436, 0.5755565762519836, 0.5285592079162598, 0.25612831115722656, 0.9156405925750732, 0.6054952144622803], "(1, 1, 2, 4)": [0.8230528831481934, 0.05120483413338661, 0.0, 0.03233734145760536, 0.0, 0.026492109522223473, 0.19118313491344452], "(2, 8, 1, 4)": [0.9836666584014893, 0.9967210292816162, 0.9898104071617126, 0.9448867440223694, 0.7865991592407227, 0.9873850345611572, 0.9767126441001892], "(2, 8, 2, 4)": [0.9911655187606812, 0.9966541528701782, 0.993156909942627, 0.9923582673072815, 0.9767547249794006, 0.9527052044868469, 0.9705413579940796], "(2, 8, 1, 3)": [0.9906446933746338, 0.9814271330833435, 0.9969290494918823, 0.9905406832695007, 0.9922471642494202, 0.9907304048538208, 0.9893264770507812], "(2, 9, 2, 5)": [0.2986156940460205, 0.516647458076477, 0.9541000723838806, 0.2258623242378235, 0.25442638993263245, 0.5018907189369202, 0.31208372116088867], "(2, 9, 2, 4)": [0.9914958477020264, 0.8740445375442505, 0.8636314868927002, 0.9459521174430847, 0.8962449431419373, 0.9108227491378784, 0.8806574940681458], "(1, 8, 2, 3)": [0.5464558005332947, 0.241238072514534, 0.987159788608551, 0.047408126294612885, 0.3000498116016388, 0.20732398331165314, 0.07939642667770386], "(2, 3, 2, 4)": [0.9889474511146545, 0.9903826117515564, 0.9623828530311584, 0.9944443702697754, 0.9835361838340759, 0.9737963080406189, 0.982914388179779], "(2, 3, 1, 4)": [0.0, 0.34915870428085327, 0.0, 0.45188477635383606, 0.2755098044872284, 0.4519094228744507, 0.9959696531295776], "(2, 4, 2, 4)": [0.9623609781265259, 0.9860930442810059, 0.9975599050521851, 0.9730792045593262, 0.9873095154762268, 0.9603589177131653, 0.9851280450820923], "(2, 5, 2, 5)": [0.18519285321235657, 0.02440313622355461, 0.9869099259376526, 0.3005311191082001, 0.20437762141227722, 0.00486880075186491, 0.24979740381240845], "(2, 6, 2, 5)": [0.08351313322782516, 0.39412277936935425, 0.48519250750541687, 0.9971691966056824, 0.31587815284729004, 0.4303745627403259, 0.682930052280426], "(2, 6, 2, 4)": [0.9970301389694214, 0.9897795915603638, 0.9967004656791687, 0.9967554807662964, 0.9966766834259033, 0.9965490102767944, 0.9967588782310486], "(2, 7, 2, 4)": [0.9960057139396667, 0.994620144367218, 0.9947197437286377, 0.9966469407081604, 0.994754433631897, 0.9957385659217834, 0.99457848072052], "(2, 8, 2, 5)": [0.9943181276321411, 0.6256484389305115, 0.3366968631744385, 0.41667869687080383, 0.34251436591148376, 0.44434577226638794, 0.758287787437439], "(2, 10, 2, 5)": [0.26366573572158813, 0.11494548618793488, 0.05010437220335007, 0.00790901854634285, 0.12993869185447693, 0.06985583156347275, 0.5366240739822388], "(2, 6, 1, 4)": [0.8687009215354919, 0.904609203338623, 0.8994498252868652, 0.9064328074455261, 0.9966559410095215, 0.9628880023956299, 0.8984346985816956], "(2, 6, 1, 3)": [0.9964666962623596, 0.9371759295463562, 0.9959670305252075, 0.9953316450119019, 0.9953750967979431, 0.9963061809539795, 0.9951694011688232], "(2, 7, 1, 3)": [0.9946988821029663, 0.9969440698623657, 0.995050847530365, 0.9952914714813232, 0.9952100515365601, 0.9959045648574829, 0.994715690612793], "(2, 7, 1, 4)": [0.9934905767440796, 0.9947817921638489, 0.9936140179634094, 0.9879077672958374, 0.9962277412414551, 0.9937154054641724, 0.9903134703636169], "(2, 9, 1, 4)": [0.978075385093689, 0.9928422570228577, 0.9793677926063538, 0.9795084595680237, 0.9761649966239929, 0.9295954704284668, 0.9813125729560852], "(2, 10, 1, 4)": [0.022573338821530342, 0.4431176483631134, 0.05517548695206642, 0.3125356435775757, 0.3866626024246216, 0.30853912234306335, 0.9028005003929138], "(1, 3, 2, 4)": [0.895736575126648, 0.38274627923965454, 0.30935728549957275, 0.24633057415485382, 0.29758936166763306, 0.545958936214447, 0.2706575393676758], "(1, 4, 1, 3)": [0.4470311403274536, 0.46293938159942627, 0.7828550338745117, 0.6842761635780334, 0.7754491567611694, 0.6865251064300537, 0.9538968801498413], "(1, 5, 1, 3)": [0.98014235496521, 0.9739567041397095, 0.9657660126686096, 0.9842299818992615, 0.9918931722640991, 0.9825851917266846, 0.9830846786499023], "(1, 4, 2, 4)": [0.9741743803024292, 0.9379172325134277, 0.9224682450294495, 0.9942249655723572, 0.9789970517158508, 0.8949959874153137, 0.7960830330848694], "(1, 4, 2, 3)": [0.31420189142227173, 0.4698265492916107, 0.47479647397994995, 0.552963137626648, 0.3238146901130676, 0.5381171107292175, 0.9929279685020447], "(1, 5, 2, 4)": [0.9927469491958618, 0.9811319708824158, 0.9810494780540466, 0.9756989479064941, 0.9838404655456543, 0.9858511090278625, 0.9729136824607849], "(2, 7, 2, 3)": [0.978680431842804, 0.9362900853157043, 0.9964407086372375, 0.9529166221618652, 0.9513590931892395, 0.9945743083953857, 0.9878440499305725], "(1, 6, 1, 4)": [0.983121395111084, 0.9607616066932678, 0.9862110614776611, 0.9859451651573181, 0.9859405159950256, 0.9887849688529968, 0.9856904149055481], "(1, 8, 1, 4)": [0.9549241662025452, 0.945134162902832, 0.9543904662132263, 0.9601107835769653, 0.9749034643173218, 0.9612864255905151, 0.9637086391448975], "(1, 8, 1, 3)": [0.9848382472991943, 0.9845222234725952, 0.9855122566223145, 0.9820942282676697, 0.9819954633712769, 0.9806860685348511, 0.9811990857124329], "(1, 9, 1, 4)": [0.9265078902244568, 0.979369580745697, 0.9565644860267639, 0.9545480608940125, 0.9520725011825562, 0.9630162715911865, 0.9476782083511353], "(1, 9, 1, 3)": [0.9710198640823364, 0.986799955368042, 0.9816499948501587, 0.9804297089576721, 0.9803725481033325, 0.9861344695091248, 0.9857536554336548], "(1, 10, 1, 4)": [0.8361735343933105, 0.7970409989356995, 0.9338668584823608, 0.842612624168396, 0.7585568428039551, 0.7368320822715759, 0.7891235947608948], "(2, 5, 2, 4)": [0.9969156980514526, 0.9954821467399597, 0.9968860745429993, 0.9968599081039429, 0.9897971749305725, 0.9863715767860413, 0.9971734881401062], "(2, 4, 1, 3)": [0.8004706501960754, 0.9244065284729004, 0.8602301478385925, 0.7394387722015381, 0.9968733191490173, 0.5986971855163574, 0.7946780323982239], "(2, 3, 1, 3)": [0.521411120891571, 0.5185403227806091, 0.8198850154876709, 0.6558328866958618, 0.6607056260108948, 0.9868998527526855, 0.3649456202983856],