{"q_values": {"(1, 6, 2, 4)": [0.4947616159915924, 0.469134122133255, 0.470537394285202, 0.43147456645965576, 0.43202322721481323, 0.4098629057407379, 0.37235552072525024], "(1, 6, 1, 3)": [0.4768325090408325, 0.48275506496429443, 0.47627779841423035, 0.48113301396369934, 0.4684221148490906, 0.477252334356308, 0.46893560886383057], "(1, 7, 2, 4)": [0.32356810569763184, 0.19565697014331818, 0.29133909940719604, 0.27748528122901917, 0.2490578144788742, 0.249420627951622, 0.275764137506485], "(1, 7, 1, 3)": [0.3455810248851776, 0.3966641426086426, 0.40175455808639526, 0.43660131096839905, 0.35943448543548584, 0.3755786120891571, 0.3491241931915283], "(1, 7, 1, 4)": [0.42680901288986206, 0.31589576601982117, 0.21401524543762207, 0.34010523557662964, 0.2736146152019501, 0.32345646619796753, 0.24159057438373566], "(1, 8, 2, 4)": [0.2829028069972992, 0.10192196071147919, 0.15516582131385803, 0.1296510249376297, 0.13546474277973175, 0.09444568306207657, 0.12287761270999908], "(1, 8, 2, 5)": [0.08193501830101013, 0.025405513122677803, 0.047489799559116364, 0.035787079483270645, 0.008929526433348656, 0.027617815881967545, 0.016302794218063354], "(1, 9, 2, 4)": [0.09655158221721649, 0.20430505275726318, 0.1199713945388794, 0.10676498711109161, 0.08145583420991898, 0.1520923376083374, 0.09584566205739975], "(1, 9, 2, 5)": [0.11038325726985931, 0.022785358130931854, 0.008262286894023418, 0.02457435056567192, 0.020806539803743362, 0.009880240075290203, 0.011054901406168938], "(1, 10, 2, 4)": [0.0, 0.18736988306045532, 0.025819692760705948, 0.010316883213818073, -0.0012069125659763813, 0.0320972204208374, 0.02661973051726818], "(2, 4, 1, 4)": [0.1439157873392105, 0.03537014126777649, 0.01712631620466709, 0.00953699927777052, 0.016410939395427704, 0.02201009914278984, 0.05611744150519371], "(1, 1, 1, 3)": [0.267658531665802, 0.13640226423740387, 0.10206177085638046, 0.08797587454319, 0.22431574761867523, 0.11311459541320801, 0.08153895288705826], "(1, 1, 2, 4)": [0.07467550784349442, 0.05120483413338661, 0.0, 0.010226735845208168, 0.0, 0.026492109522223473, 0.005308686289936304], "(2, 8, 1, 4)": [0.07770318537950516, 0.08129312098026276, 0.11407647281885147, 0.12315645068883896, 0.13615524768829346, 0.23597978055477142, 0.12817832827568054], "(2, 8, 2, 4)": [0.22233888506889343, 0.19543007016181946, 0.21996143460273743, 0.26828521490097046, 0.2002417892217636, 0.22785016894340515, 0.22508135437965393], "(2, 8, 1, 3)": [0.13540203869342804, 0.1495291292667389, 0.19121550023555756, 0.20303255319595337, 0.2213919311761856, 0.17974357306957245, 0.20631951093673706], "(2, 9, 2, 5)": [0.035316772758960724, 0.20524168014526367, 0.0898214802145958, 0.06556305289268494, 0.11308187246322632, 0.12107567489147186, 0.10391349345445633], "(2, 9, 2, 4)": [0.21948230266571045, 0.25540682673454285, 0.1920430064201355, 0.20870168507099152, 0.20284858345985413, 0.22991976141929626, 0.2515616714954376], "(1, 8, 2, 3)": [0.08801869302988052, 0.032949451357126236, 0.19422292709350586, 0.047408126294612885, 0.003891000058501959, 0.010518963448703289, 0.07939642667770386], "(2, 3, 2, 4)": [0.2370908558368683, 0.24128736555576324, 0.2640211582183838, 0.29531848430633545, 0.279552161693573, 0.28289926052093506, 0.28322696685791016], "(2, 3, 1, 4)": [0.0, 0.01920754462480545, 0.0, 0.026242345571517944, 0.04477118328213692, 0.0, 0.15333950519561768], "(2, 4, 2, 4)": [0.2718820869922638, 0.28785693645477295, 0.2917322814464569, 0.3023321032524109, 0.29066044092178345, 0.282029390335083, 0.2808150351047516], "(2, 5, 2, 5)": [0.018589289858937263, 0.02440313622355461, 0.15622727572917938, 0.0, 0.0391622856259346, 0.00486880075186491, 0.019267743453383446], "(2, 6, 2, 5)": [0.08351313322782516, 0.13591784238815308, 0.09004130959510803, 0.23113994300365448, 0.08753087371587753, 0.05760922282934189, 0.06051336228847504], "(2, 6, 2, 4)": [0.2640678286552429, 0.24322164058685303, 0.2507351338863373, 0.29215237498283386, 0.2673628330230713, 0.2583288848400116, 0.25466659665107727], "(2, 7, 2, 4)": [0.22652313113212585, 0.2207350879907608, 0.2704642415046692, 0.2866130471229553, 0.25934991240501404, 0.24113935232162476, 0.2630022168159485], "(2, 8, 2, 5)": [0.17579928040504456, 0.07047884166240692, 0.1150592640042305, 0.13514408469200134, 0.10614781081676483, 0.09332024306058884, 0.1247122660279274], "(2, 10, 2, 5)": [0.0, 0.024387110024690628, 0.05010437220335007, 0.00790901854634285, 0.049985889345407486, 0.06985583156347275, 0.027032464742660522], "(2, 6, 1, 4)": [0.10664329677820206, 0.06156530976295471, 0.05080769583582878, 0.04961150884628296, 0.14143425226211548, 0.0, 0.07989281415939331], "(2, 6, 1, 3)": [0.2027883231639862, 0.22128140926361084, 0.1668473780155182, 0.19332639873027802, 0.12846404314041138, 0.09645743668079376, 0.19474318623542786], "(2, 7, 1, 3)": [0.2015860378742218, 0.2011706829071045, 0.20636489987373352, 0.18736989796161652, 0.2390768975019455, 0.19310829043388367, 0.1856287717819214], "(2, 7, 1, 4)": [0.20465406775474548, 0.15544648468494415, 0.11522426456212997, 0.01710991933941841, 0.09110161662101746, 0.1696380078792572, 0.07153715193271637], "(2, 9, 1, 4)": [0.24633222818374634, 0.23149265348911285, 0.2362447828054428, 0.21227705478668213, 0.19174224138259888, 0.23058727383613586, 0.23138011991977692], "(2, 10, 1, 4)": [0.022573338821530342, 0.003000000026077032, 0.0, 0.03795916587114334, 0.0, 0.019263148307800293, 0.14461883902549744], "(1, 3, 2, 4)": [0.19755956530570984, 0.157295823097229, 0.182405024766922, 0.19165605306625366, 0.220588818192482, 0.22387170791625977, 0.1575780212879181], "(1, 4, 1, 3)": [0.25405487418174744, 0.22752642631530762, 0.2434399425983429, 0.2606218159198761, 0.2642862796783447, 0.22507214546203613, 0.23421405255794525], "(1, 5, 1, 3)": [0.29429349303245544, 0.407246470451355, 0.429752379655838, 0.45947492122650146, 0.4039943814277649, 0.41674473881721497, 0.3831823468208313], "(1, 4, 2, 4)": [0.28705862164497375, 0.26213276386260986, 0.27725744247436523, 0.2644817531108856, 0.3044029176235199, 0.26744768023490906, 0.2640102505683899], "(1, 4, 2, 3)": [0.15310700237751007, 0.10180256515741348, 0.11692899465560913, 0.02433721162378788, 0.10394707322120667, 0.03938252478837967, 0.25757044553756714], "(1, 5, 2, 4)": [0.45787107944488525, 0.43492254614830017, 0.46185198426246643, 0.4886416792869568, 0.4869321286678314, 0.4198499321937561, 0.47305092215538025], "(2, 7, 2, 3)": [0.018876297399401665, 0.027902044355869293, 0.10103392601013184, 0.040807850658893585, 0.08861540257930756, 0.14349371194839478, 0.08006470650434494], "(1, 6, 1, 4)": [0.3825673460960388, 0.445454478263855, 0.3572342097759247, 0.37661468982696533, 0.3414912819862366, 0.3677426278591156, 0.3956979513168335], "(1, 8, 1, 4)": [0.21777929365634918, 0.2255510836839676, 0.21818658709526062, 0.2431318759918213, 0.19978895783424377, 0.16750729084014893, 0.22362801432609558], "(1, 8, 1, 3)": [0.2036159336566925, 0.23749032616615295, 0.24345940351486206, 0.19610436260700226, 0.26061224937438965, 0.2410404235124588, 0.23775005340576172], "(1, 9, 1, 4)": [0.28609248995780945, 0.19608481228351593, 0.2366749346256256, 0.17148001492023468, 0.15962420403957367, 0.1078280434012413, 0.16080759465694427], "(1, 9, 1, 3)": [0.13074985146522522, 0.28269898891448975, 0.23844382166862488, 0.17356064915657043, 0.19208696484565735, 0.250704288482666, 0.23878633975982666], "(1, 10, 1, 4)": [0.0817950963973999, 0.005208887159824371, 0.049659114331007004, -0.004245045129209757, 0.02819112315773964, 0.003891000058501959, 0.05731568858027458], "(2, 5, 2, 4)": [0.23386934399604797, 0.26835620403289795, 0.2445480078458786, 0.28089261054992676, 0.2937502861022949, 0.24552668631076813, 0.22837838530540466], "(2, 4, 1, 3)": [0.17931437492370605, 0.20567408204078674, 0.22980724275112152, 0.19673630595207214, 0.2490411251783371, 0.24320831894874573, 0.28196996450424194],