{"q_values": {"(1, 6, 2, 4)": [0.9871945381164551, 0.9853007197380066, 0.9853770136833191, 0.9858134388923645, 0.9857007265090942, 0.9849071502685547, 0.9847497940063477], "(1, 6, 1, 3)": [0.9876277446746826, 0.9876880049705505, 0.9800384640693665, 0.9761571884155273, 0.9873247146606445, 0.9877448678016663, 0.9877919554710388], "(1, 7, 2, 4)": [0.9807268381118774, 0.9834907650947571, 0.98124760389328, 0.9864171147346497, 0.9808214902877808, 0.9808378219604492, 0.9799961447715759], "(1, 7, 1, 3)": [0.980537474155426, 0.9805020689964294, 0.9815334677696228, 0.9853853583335876, 0.9835951328277588, 0.9815917015075684, 0.9838208556175232], "(1, 7, 1, 4)": [0.9698616862297058, 0.978773295879364, 0.9790876507759094, 0.9787557721138, 0.9786075949668884, 0.9852498173713684, 0.9787290096282959], "(1, 8, 2, 4)": [0.976502537727356, 0.9733291268348694, 0.9761435389518738, 0.9831904172897339, 0.9625145792961121, 0.9776517152786255, 0.9772425293922424], "(1, 8, 2, 5)": [0.9805504679679871, 0.9174782633781433, 0.814963161945343, 0.8806192874908447, 0.22882701456546783, 0.9336611032485962, 0.4695126414299011], "(1, 9, 2, 4)": [0.9621517658233643, 0.9171343445777893, 0.8735405206680298, 0.9096930623054504, 0.8693931102752686, 0.8232904672622681, 0.9142537713050842], "(1, 9, 2, 5)": [0.9435621500015259, 0.30155259370803833, 0.5958290100097656, 0.6592074036598206, 0.17343074083328247, 0.6428810358047485, 0.36949872970581055], "(1, 10, 2, 4)": [0.0, 0.4040972590446472, 0.2403329461812973, 0.2323174923658371, -0.0012069125659763813, 0.940158486366272, 0.37539130449295044], "(2, 4, 1, 4)": [0.9686791896820068, 0.03537014126777649, 0.5697335004806519, 0.00953699927777052, 0.5638997554779053, 0.02201009914278984, 0.16191448271274567], "(1, 1, 1, 3)": [0.7235854268074036, 0.5998313426971436, 0.6899225115776062, 0.5285592079162598, 0.25612831115722656, 0.9049677848815918, 0.6054952144622803], "(1, 1, 2, 4)": [0.915859043598175, 0.05120483413338661, 0.0, 0.03233734145760536, 0.0, 0.026492109522223473, 0.19118313491344452], "(2, 8, 1, 4)": [0.986290454864502, 0.9931032657623291, 0.986064612865448, 0.9448867440223694, 0.7865991592407227, 0.8915888071060181, 0.9767126441001892], "(2, 8, 2, 4)": [0.9911351203918457, 0.9905644655227661, 0.992472231388092, 0.9902575612068176, 0.9767547249794006, 0.9527052044868469, 0.9773561358451843], "(2, 8, 1, 3)": [0.9841892719268799, 0.9814271330833435, 0.9918016195297241, 0.991502583026886, 0.988768994808197, 0.9896286129951477, 0.9920099973678589], "(2, 9, 2, 5)": [0.2986156940460205, 0.516647458076477, 0.9541000723838806, 0.2258623242378235, 0.25442638993263245, 0.5018907189369202, 0.31208372116088867], "(2, 9, 2, 4)": [0.9938702583312988, 0.8740445375442505, 0.8636314868927002, 0.9459521174430847, 0.8962449431419373, 0.9108227491378784, 0.8806574940681458], "(1, 8, 2, 3)": [0.5464558005332947, 0.241238072514534, 0.9877762794494629, 0.047408126294612885, 0.3000498116016388, 0.20732398331165314, 0.07939642667770386], "(2, 3, 2, 4)": [0.9586864113807678, 0.9755877256393433, 0.9623828530311584, 0.9796803593635559, 0.9844023585319519, 0.9737963080406189, 0.9313312768936157], "(2, 3, 1, 4)": [0.0, 0.34915870428085327, 0.0, 0.45188477635383606, 0.2755098044872284, 0.4519094228744507, 0.9959696531295776], "(2, 4, 2, 4)": [0.9832136631011963, 0.9899760484695435, 0.9883690476417542, 0.9948070049285889, 0.9868878722190857, 0.9782716035842896, 0.9770215153694153], "(2, 5, 2, 5)": [0.18519285321235657, 0.02440313622355461, 0.9959142804145813, 0.3005311191082001, 0.20437762141227722, 0.00486880075186491, 0.24979740381240845], "(2, 6, 2, 5)": [0.08351313322782516, 0.39412277936935425, 0.48519250750541687, 0.9947326183319092, 0.31587815284729004, 0.4303745627403259, 0.682930052280426], "(2, 6, 2, 4)": [0.9962586164474487, 0.9940623044967651, 0.9958157539367676, 0.9956589341163635, 0.9954177737236023, 0.9954591393470764, 0.9958305358886719], "(2, 7, 2, 4)": [0.9926917552947998, 0.992423951625824, 0.993452250957489, 0.9877806305885315, 0.9935586452484131, 0.9936137199401855, 0.993621289730072], "(2, 8, 2, 5)": [0.9929760098457336, 0.6256484389305115, 0.3366968631744385, 0.41667869687080383, 0.34251436591148376, 0.44434577226638794, 0.758287787437439], "(2, 10, 2, 5)": [0.26366573572158813, 0.11494548618793488, 0.05010437220335007, 0.00790901854634285, 0.12993869185447693, 0.06985583156347275, 0.5366240739822388], "(2, 6, 1, 4)": [0.8687009215354919, 0.904609203338623, 0.8994498252868652, 0.9064328074455261, 0.9957371950149536, 0.9628880023956299, 0.8984346985816956], "(2, 6, 1, 3)": [0.9003104567527771, 0.9548403024673462, 0.9943625926971436, 0.9952911138534546, 0.9942728877067566, 0.9961904883384705, 0.9951694011688232], "(2, 7, 1, 3)": [0.9929001927375793, 0.992598295211792, 0.9931119680404663, 0.9954796433448792, 0.9938024282455444, 0.9936830401420593, 0.994098961353302], "(2, 7, 1, 4)": [0.9934905767440796, 0.9925343990325928, 0.9921874403953552, 0.9879077672958374, 0.9927465915679932, 0.994565486907959, 0.8467239141464233], "(2, 9, 1, 4)": [0.978075385093689, 0.9931178092956543, 0.9793677926063538, 0.9795084595680237, 0.9761649966239929, 0.9295954704284668, 0.9813125729560852], "(2, 10, 1, 4)": [0.022573338821530342, 0.4431176483631134, 0.05517548695206642, 0.3125356435775757, 0.3866626024246216, 0.30853912234306335, 0.8916599154472351], "(1, 3, 2, 4)": [0.8924169540405273, 0.38274627923965454, 0.30935728549957275, 0.24633057415485382, 0.29758936166763306, 0.545958936214447, 0.2706575393676758], "(1, 4, 1, 3)": [0.4470311403274536, 0.46293938159942627, 0.7828550338745117, 0.7745501399040222, 0.8384616374969482, 0.6865251064300537, 0.9855329394340515], "(1, 5, 1, 3)": [0.9507191777229309, 0.9850834608078003, 0.9840178489685059, 0.9819788932800293, 0.9847499132156372, 0.9861575365066528, 0.9870664477348328], "(1, 4, 2, 4)": [0.9741743803024292, 0.9531478881835938, 0.9224682450294495, 0.9904270172119141, 0.9789970517158508, 0.8949959874153137, 0.7960830330848694], "(1, 4, 2, 3)": [0.31420189142227173, 0.4698265492916107, 0.47479647397994995, 0.552963137626648, 0.3238146901130676, 0.5381171107292175, 0.9894662499427795], "(1, 5, 2, 4)": [0.9829835295677185, 0.9871665835380554, 0.985237717628479, 0.9812081456184387, 0.9845259189605713, 0.9864036440849304, 0.978438138961792], "(2, 7, 2, 3)": [0.978680431842804, 0.9540507793426514, 0.9957812428474426, 0.966021716594696, 0.9513590931892395, 0.9945743083953857, 0.9878440499305725], "(1, 6, 1, 4)": [0.9820191860198975, 0.9697258472442627, 0.9864683151245117, 0.983746349811554, 0.9856985807418823, 0.9856642484664917, 0.9816377758979797], "(1, 8, 1, 4)": [0.9549241662025452, 0.945134162902832, 0.960807204246521, 0.9679759740829468, 0.9758855104446411, 0.9612864255905151, 0.9691265821456909], "(1, 8, 1, 3)": [0.9793235659599304, 0.9854903221130371, 0.9643378257751465, 0.9836640954017639, 0.9836171269416809, 0.9829716086387634, 0.9820848107337952], "(1, 9, 1, 4)": [0.9543079733848572, 0.9583932757377625, 0.9608427882194519, 0.955501914024353, 0.9597940444946289, 0.967456042766571, 0.9587643146514893], "(1, 9, 1, 3)": [0.979360044002533, 0.987445056438446, 0.9605235457420349, 0.9801432490348816, 0.9748614430427551, 0.9729800820350647, 0.9837127923965454], "(1, 10, 1, 4)": [0.8361735343933105, 0.7970409989356995, 0.9458354711532593, 0.879378080368042, 0.7585568428039551, 0.7368320822715759, 0.7891235947608948], "(2, 5, 2, 4)": [0.993481457233429, 0.9933958649635315, 0.993598222732544, 0.9927628040313721, 0.9932870268821716, 0.9924172759056091, 0.9959022998809814], "(2, 4, 1, 3)": [0.8004706501960754, 0.9451755881309509, 0.9009678363800049, 0.7394387722015381, 0.9933344721794128, 0.8003230690956116, 0.7946780323982239], "(2, 3, 1, 3)": [0.521411120891571, 0.5185403227806091, 0.8198850154876709, 0.6558328866958618, 0.6607056260108948, 0.9892228841781616, 0.3649456202983856],