{"q_values": {"(2, 6, 2, 2)": [0.0, 0.0, 0.0009917388670146465, 0.000987933948636055, 0.0009924544719979167, 0.0, 0.0, 0.0, 0.0, 0.0, 0.0010388517985120416], "(2, 6, 1, 1)": [0.0, 0.0, 0.0, 0.0, 0.0010424742940813303, 0.0, 0.0, 0.0, 0.0, 0.0010455359006300569, 0.0009941667085513473], "(2, 6, 1, 2)": [0.0, 0.0, 0.0, 0.0, 0.0, 0.0, 0.0, 0.0, 0.001042268588207662, 0.0, 0.001039794529788196], "(2, 7, 2, 2)": [0.0018712966702878475, 0.0010326126357540488, 0.0027659316547214985, 0.0020803569350391626, 0.0, 0.0, 0.0011055448558181524, 0.0020940275862812996, 0.001117022940889001, 0.0, 0.0], "(2, 7, 1, 1)": [0.0, 0.0019168652361258864, 0.0, 0.0, 0.0010242441203445196, 0.0010404944187030196, 0.0009825376328080893, 0.0019928188994526863, 0.0027950177900493145, 0.0, 0.0], "(2, 7, 1, 2)": [0.001078378758393228, 0.0, 0.0, 0.0, 0.0, 0.0, 0.0011198100401088595, 0.0010343969333916903, 0.0, 0.001112214638851583, 0.0011119918199256063], "(2, 8, 1, 2)": [0.0, 0.0009519424638710916, 0.0, 0.0, 0.0, 0.0, 0.0, 0.0009567588567733765, 0.0, 0.0, 0.0], "(2, 8, 2, 2)": [0.0, 0.0009011757792904973, 0.0, 0.0009987433440983295, 0.0, 0.0009532863623462617, 0.0, 0.0, 0.0018584103090688586, 0.0010004350915551186, 0.0], "(2, 8, 1, 1)": [0.0, 0.0009569955873303115, 0.0, 0.0010160369565710425, 0.0, 0.0, 0.0, 0.0, 0.0, 0.0, 0.0], "(2, 9, 2, 2)": [0.0, 0.0, 0.0, 0.0, 0.0, 0.0, 0.0008836000342853367, 0.0016507625114172697, 0.0, 0.0, 0.0], "(2, 10, 2, 2)": [0.0, 0.0, -0.0021916497498750687, 0.0, 0.0, 0.0, 0.0, 0.0, 0.0, 0.0, 0.0], "(3, 4, 1, 2)": [0.0, 0.0, 0.0, 0.0, 0.0, 0.0, 0.0, 0.0, 0.0, 0.0, 0.0]}}