{"q_values": {"(2, 6, 2, 2)": [0.010936295613646507, 0.015299592167139053, 0.012897321954369545, 0.008652864955365658, 0.01187218353152275, 0.009647623635828495, 0.009824898093938828, 0.011347876861691475, 0.010973225347697735, 0.012181651778519154, 0.011318271048367023], "(2, 6, 1, 1)": [0.013326749205589294, 0.012566023506224155, 0.011992963030934334, 0.008524010889232159, 0.014018137007951736, 0.010104459710419178, 0.013229181990027428, 0.009635331109166145, 0.011695405468344688, 0.015679722651839256, 0.012546960264444351], "(2, 6, 1, 2)": [0.007328325882554054, 0.005419004708528519, 0.00430882815271616, 0.0015787588199600577, 0.0038878479972481728, 0.0024383319541811943, 0.0023291371762752533, 0.0015281144296750426, 0.003424476832151413, 0.0038834507577121258, 0.008182952180504799], "(2, 7, 2, 2)": [0.015862859785556793, 0.011497258208692074, 0.006916191894561052, 0.009033765643835068, 0.010331699624657631, 0.012259396724402905, 0.011941038072109222, 0.01206088624894619, 0.011979622766375542, 0.009864101186394691, 0.013235467486083508], "(2, 7, 1, 1)": [0.010149749927222729, 0.01062903180718422, 0.010629352182149887, 0.011313710361719131, 0.006114354822784662, 0.00997245591133833, 0.012101033702492714, 0.009727885015308857, 0.01541322935372591, 0.00949221383780241, 0.011641493067145348], "(2, 7, 1, 2)": [0.005266112275421619, 0.004136248957365751, 0.00864491332322359, 0.0029734340496361256, 0.005470449570566416, 0.0034421139862388372, 0.004703923594206572, 0.007006216794252396, 0.006010257173329592, 0.004990649409592152, 0.0050419955514371395], "(2, 8, 1, 2)": [0.002171623520553112, 0.0022630083840340376, 0.0021591023541986942, 0.006102901883423328, 0.002966245636343956, 0.0031764665618538857, 0.002328425645828247, 0.004595831967890263, 0.007849913090467453, 0.004723790101706982, 0.0023877485655248165], "(2, 8, 2, 2)": [0.00893779844045639, 0.010184086859226227, 0.009181846864521503, 0.008279087953269482, 0.011584415100514889, 0.009357871487736702, 0.007597866468131542, 0.012882453389465809, 0.012470514513552189, 0.015117360278964043, 0.010303793475031853], "(2, 8, 1, 1)": [0.0030304742977023125, 0.005213957279920578, 0.0033313266467303038, 0.005295014474540949, 0.004201737232506275, 0.00189276784658432, 0.00447961688041687, 0.004525261465460062, 0.00949972402304411, 0.002605101326480508, 0.0014091356424614787], "(2, 9, 2, 2)": [0.008922763168811798, 0.006747064646333456, 0.0038103682454675436, 0.007786204107105732, 0.005554177798330784, 0.004155484959483147, 0.006577172316610813, 0.004907006397843361, 0.005312720779329538, 0.004283149726688862, 0.009298359043896198], "(2, 10, 2, 2)": [-0.0003347389865666628, -0.005697823595255613, -0.0035081254318356514, -0.003403946291655302, -0.0021270744036883116, -0.0019697111565619707, -0.002715607639402151, -0.00320994365029037, -0.005530699621886015, -0.003859161864966154, -0.00274098664522171], "(3, 4, 1, 2)": [0.0031924957875162363, 0.005253703333437443, 0.0017327874666079879, 0.0, 0.0010380425956100225, 0.001247408683411777, 0.0014939040411263704, 0.003108413191512227, 0.0026623753365129232, 0.0015667862026020885, 0.0], "(2, 1, 2, 1)": [0.0, -0.0016110569704324007, -0.00036609225207939744, -0.00536681991070509, 1.6459496691823006e-05, -0.0017185632605105639, -0.00011143775191158056, -0.0007203147979453206, -0.0005162670277059078, -0.0010070125572383404, 0.0031313952058553696], "(2, 1, 2, 2)": [0.000921549741178751, 0.0, 0.0025371932424604893, 0.0008784634410403669, 0.0008318561012856662, 0.001841820077970624, 0.002341951010748744, 0.0, 0.0, 0.0008752834983170033, 0.0], "(2, 1, 1, 1)": [-0.005550147034227848, -0.006976653356105089, -0.003702631453052163, -0.0060769133269786835, -0.004359497223049402, -0.009645038284361362, -0.005657622124999762, -0.0038019451312720776, -0.002200174843892455, -0.002639402635395527, 0.0], "(2, 2, 2, 2)": [0.010006745345890522, 0.006210523657500744, 0.007450289558619261, 0.01280225720256567, 0.009389040060341358, 0.0062034097500145435, 0.009156008251011372, 0.0074957930482923985, 0.0075356559827923775, 0.008436815813183784, 0.007979021407663822], "(2, 3, 2, 2)": [0.010819563642144203, 0.009534794837236404, 0.007982012815773487, 0.008275658823549747, 0.0103016197681427, 0.011041274294257164, 0.011844880878925323, 0.007883886806666851, 0.01439570914953947, 0.01088707335293293, 0.008678346872329712], "(3, 3, 2, 2)": [0.0074273147620260715, 0.007953370921313763, 0.010924875736236572, 0.006118325982242823, 0.007389741484075785, 0.008825293742120266, 0.0069639128632843494, 0.006288743577897549, 0.006937643513083458, 0.005479416809976101, 0.010431705042719841], "(3, 4, 2, 2)": [0.01389886625111103, 0.0096816997975111, 0.008897717110812664, 0.007175961975008249, 0.008267983794212341, 0.0071889786049723625, 0.0106978639960289, 0.012490620836615562, 0.009200879372656345, 0.009845662862062454, 0.0025372987147420645], "(3, 4, 2, 1)": [0.005157691892236471, 0.011462374590337276, 0.0, 0.0014164599124342203, 0.0036941487342119217, 0.00452987477183342, 0.005851630587130785, 0.004801759030669928, 0.003069923724979162, 0.00477671530097723, 0.0014656231505796313], "(3, 3, 1, 1)": [0.01266536395996809, 0.008804600685834885, 0.010395469143986702, 0.012136083096265793, 0.011643595062196255, 0.014734474942088127, 0.010220833122730255, 0.008911749348044395, 0.009130875580012798, 0.008731656707823277, 0.012152365408837795], "(3, 2, 1, 1)": [0.008059772662818432, 0.009347174316644669, 0.0024678558111190796, 0.012689786963164806, 0.009101452305912971, 0.010004970245063305, 0.008258950896561146, 0.004685733001679182, 0.00747734634205699, 0.009835044853389263, 0.007120294962078333], "(3, 2, 2, 1)": [0.0023912228643894196, 0.004180882126092911, 0.0034568123519420624, -0.00035870540887117386, 0.003768742084503174, 0.00805311556905508, 0.0036527642514556646, 0.0009739268571138382, 0.003674654755741358, 0.003120057750493288, 0.0], "(3, 1, 1, 1)": [-0.0078062256798148155, -0.0011210449738427997, -0.007151453290134668, -0.002157271606847644, -0.006673230789601803, -0.003571494482457638, -0.0030923373997211456, -0.0044645569287240505, -0.0011337304022163153, -0.0009546790970489383, -0.0015210972633212805], "(3, 8, 1, 2)": [0.0029468382708728313, 0.0009614634327590466, 0.0012547997757792473, 0.0031919139437377453, 0.003713228739798069, 0.0011412063613533974, 0.0038689253851771355, 0.0015715210465714335, 0.0040281726978719234, 0.005483188666403294, 0.008507528342306614], "(3, 7, 1, 1)": [0.010164206847548485, 0.005580466706305742, 0.009946056641638279, 0.009858088567852974, 0.00712751317769289, 0.00933812279254198, 0.004901784472167492, 0.010560205206274986, 0.00892733782529831, 0.008606337942183018, 0.01390589214861393], "(3, 7, 2, 2)": [0.012511184439063072, 0.013343012891709805, 0.009795380756258965, 0.01601739041507244, 0.01503191702067852, 0.014247224666178226, 0.012208906933665276, 0.012376321479678154, 0.013557658530771732, 0.012519465759396553, 0.012605399824678898], "(3, 8, 2, 2)": [0.01432081963866949, 0.013459885492920876, 0.009916571900248528, 0.014268327504396439, 0.0116680096834898, 0.016290174797177315, 0.014335709623992443, 0.008140446618199348, 0.013444432057440281, 0.013269241899251938, 0.011218046769499779], "(3, 8, 1, 1)": [0.005931580439209938, 0.009193813428282738, 0.012482238933444023, 0.007452347315847874, 0.0026200644206255674, 0.005650633480399847, 0.006152434274554253, 0.007065838668495417, 0.006642193999141455, 0.006295761559158564, 0.008976678363978863], "(3, 9, 2, 2)": [0.010175948031246662, 0.010740346275269985, 0.01220256369560957, 0.009314010851085186, 0.010480034165084362, 0.009806121699512005, 0.011136592365801334, 0.008793110959231853, 0.008952504955232143, 0.00987466610968113, 0.009537044912576675], "(3, 10, 2, 2)": [-0.002768891863524914, -0.0013379683950915933, -0.005864987149834633, -0.004930990282446146, -0.006535867694765329, -0.0036853873170912266, -0.004601576365530491, -0.006303624249994755, -0.005915294401347637, -0.010451222769916058, -0.00435209833085537],