{"q_values": {"(2, 6, 2, 2)": [0.018561385571956635, 0.019776061177253723, 0.018642965704202652, 0.018299348652362823, 0.01861421950161457, 0.018591979518532753, 0.016790596768260002, 0.01872209645807743, 0.018768858164548874, 0.018495522439479828, 0.018012719228863716], "(2, 6, 1, 1)": [0.019713900983333588, 0.01960466429591179, 0.01975785754621029, 0.01975330151617527, 0.019934354349970818, 0.019495263695716858, 0.01956208050251007, 0.01942431926727295, 0.019332824274897575, 0.019519904628396034, 0.019117383286356926], "(2, 6, 1, 2)": [0.008456490933895111, 0.012957233004271984, 0.012677434831857681, 0.0074786595068871975, 0.011592479422688484, 0.008942214772105217, 0.00898382905870676, 0.005797031335532665, 0.008682445622980595, 0.01010308600962162, 0.019465511664748192], "(2, 7, 2, 2)": [0.019331328570842743, 0.016416087746620178, 0.014958994463086128, 0.016039030626416206, 0.01713709905743599, 0.017306409776210785, 0.016260644420981407, 0.01723325252532959, 0.017501726746559143, 0.017900876700878143, 0.018077967688441277], "(2, 7, 1, 1)": [0.01909402757883072, 0.019072603434324265, 0.01864839345216751, 0.019709575921297073, 0.018511880189180374, 0.018452772870659828, 0.01904863305389881, 0.018658531829714775, 0.018640128895640373, 0.018673868849873543, 0.01800488866865635], "(2, 7, 1, 2)": [0.015216473489999771, 0.014334348030388355, 0.019443761557340622, 0.015245881862938404, 0.01399307232350111, 0.014465698972344398, 0.015328471548855305, 0.015984468162059784, 0.01502677146345377, 0.016541097313165665, 0.01629513129591942], "(2, 8, 1, 2)": [0.008550120517611504, 0.01171938981860876, 0.009556527249515057, 0.01189134456217289, 0.010203080251812935, 0.006767491344362497, 0.008195371367037296, 0.012513875961303711, 0.017638176679611206, 0.012647637166082859, 0.010864960961043835], "(2, 8, 2, 2)": [0.015878228470683098, 0.015182960778474808, 0.016007864847779274, 0.01629522815346718, 0.01645493321120739, 0.016299935057759285, 0.014225568622350693, 0.017012620344758034, 0.016742553561925888, 0.017154233530163765, 0.016418175771832466], "(2, 8, 1, 1)": [0.01286335289478302, 0.011913889087736607, 0.014871210791170597, 0.017017727717757225, 0.014717880636453629, 0.013940542936325073, 0.013201725669205189, 0.014431490562856197, 0.018555590882897377, 0.014087067916989326, 0.015317353419959545], "(2, 9, 2, 2)": [0.013649366796016693, 0.01176169142127037, 0.01177964173257351, 0.012438938021659851, 0.009071692824363708, 0.012261251918971539, 0.01200900413095951, 0.009090174920856953, 0.012460365891456604, 0.008718937635421753, 0.011084258556365967], "(2, 10, 2, 2)": [-0.005780999548733234, -0.006356893572956324, -0.006294195540249348, -0.005589578300714493, -0.00841391459107399, -0.0065300194546580315, -0.006895891856402159, -0.007863734848797321, -0.007124819792807102, -0.004576004110276699, -0.005104455631226301], "(3, 4, 1, 2)": [0.0031924957875162363, 0.011706861667335033, 0.0017327874666079879, 0.0017574630910530686, 0.0026661762967705727, 0.001247408683411777, 0.0014939040411263704, 0.003108413191512227, 0.0026623753365129232, 0.0015667862026020885, 0.0], "(2, 1, 2, 1)": [-0.0005792843294329941, -0.006563502363860607, -0.0033336931373924017, -0.0025440871249884367, 0.0007122171809896827, 0.0008592554368078709, -0.0019508030964061618, 0.0003499627346172929, 0.0008579068817198277, -0.0005459393141791224, 0.010205243714153767], "(2, 1, 2, 2)": [0.0021062567830085754, 0.006323826499283314, 0.004112478345632553, 0.0033256784081459045, 0.004868192598223686, 0.006167782470583916, 0.01373366266489029, 0.0015980590833351016, 0.0031940157059580088, 0.006402638275176287, 0.004159547388553619], "(2, 1, 1, 1)": [-0.010265589691698551, -0.011539197526872158, -0.010273532941937447, -0.009707842022180557, -0.007707264740020037, -0.009296396747231483, -0.008418886922299862, -0.006571837235242128, -0.006494042929261923, -0.006460561417043209, -0.005610029213130474], "(2, 2, 2, 2)": [0.015364063903689384, 0.015799319371581078, 0.01624321937561035, 0.017332477495074272, 0.01636233553290367, 0.016392430290579796, 0.016227763146162033, 0.015917599201202393, 0.016381043940782547, 0.016692088916897774, 0.016956457868218422], "(2, 3, 2, 2)": [0.017940334975719452, 0.015629703179001808, 0.01788879558444023, 0.016948997974395752, 0.017458932474255562, 0.017964409664273262, 0.01793781667947769, 0.017866283655166626, 0.019042260944843292, 0.017943421378731728, 0.01650865003466606], "(3, 3, 2, 2)": [0.016675828024744987, 0.015363233163952827, 0.01665959134697914, 0.016786932945251465, 0.01532143447548151, 0.017057625576853752, 0.01634998247027397, 0.014298406429588795, 0.01597627066075802, 0.01740514487028122, 0.018966730684041977], "(3, 4, 2, 2)": [0.01934376358985901, 0.017993466928601265, 0.015639767050743103, 0.017283961176872253, 0.017423920333385468, 0.014035511761903763, 0.018062133342027664, 0.01725243590772152, 0.01805846206843853, 0.017593534663319588, 0.013424478471279144], "(3, 4, 2, 1)": [0.006558889988809824, 0.018766898661851883, 0.005019098054617643, 0.012587650679051876, 0.005200882442295551, 0.008999211713671684, 0.008333512581884861, 0.012047145515680313, 0.010119423270225525, 0.01147022470831871, 0.009617084637284279], "(3, 3, 1, 1)": [0.017465880140662193, 0.01710575446486473, 0.01753455586731434, 0.017469964921474457, 0.017461907118558884, 0.017726648598909378, 0.0167553573846817, 0.017598215490579605, 0.017475226894021034, 0.01655369997024536, 0.0178238358348608], "(3, 2, 1, 1)": [0.011602206155657768, 0.008412674069404602, 0.012880814261734486, 0.012798508629202843, 0.01251613162457943, 0.014661911875009537, 0.015106125734746456, 0.013929852284491062, 0.013083238154649734, 0.013848693110048771, 0.014696892350912094], "(3, 2, 2, 1)": [0.013707642443478107, 0.013475330546498299, 0.015347992070019245, 0.014579801820218563, 0.01546892337501049, 0.016435446217656136, 0.014829614199697971, 0.013570430688560009, 0.016422251239418983, 0.01735357753932476, 0.01579415611922741], "(3, 1, 1, 1)": [-0.01012471504509449, -0.005337521433830261, -0.00716387527063489, -0.006542650051414967, -0.008923354558646679, -0.006840005982667208, -0.007787385955452919, -0.007083078846335411, -0.004107922315597534, -0.007141020614653826, -0.0022302381694316864], "(3, 8, 1, 2)": [0.005719568580389023, 0.005487333983182907, 0.0039435760118067265, 0.011312454007565975, 0.007152695674449205, 0.0052840132266283035, 0.008188779465854168, 0.0061528729274868965, 0.00786362774670124, 0.008728611283004284, 0.01664401777088642], "(3, 7, 1, 1)": [0.017050249502062798, 0.015444527380168438, 0.015300472266972065, 0.014590896666049957, 0.01617416739463806, 0.015799373388290405, 0.016195615753531456, 0.016665562987327576, 0.015780437737703323, 0.015415014699101448, 0.01935889571905136], "(3, 7, 2, 2)": [0.019000845029950142, 0.019134296104311943, 0.017856379970908165, 0.01889137364923954, 0.019238412380218506, 0.019075853750109673, 0.019109424203634262, 0.018966838717460632, 0.01889362372457981, 0.01916927471756935, 0.01840209774672985], "(3, 8, 2, 2)": [0.01768738403916359, 0.01787472516298294, 0.017772972583770752, 0.017896847799420357, 0.017568297684192657, 0.01790698617696762, 0.01810023933649063, 0.017676768824458122, 0.018276697024703026, 0.01781630516052246, 0.01734285056591034], "(3, 8, 1, 1)": [0.015182284638285637, 0.016857149079442024, 0.018810154870152473, 0.01647237129509449, 0.013813811354339123, 0.012093340046703815, 0.012568043544888496, 0.013332073576748371, 0.011870087124407291, 0.014962530694901943, 0.01659294031560421], "(3, 9, 2, 2)": [0.013653196394443512, 0.015123305842280388, 0.016228536143898964, 0.013380544260144234, 0.013512409292161465, 0.014421108178794384, 0.01194174773991108, 0.01514691486954689, 0.014968138188123703, 0.012656728737056255, 0.013982661068439484],