{"q_values": {"(2, 6, 2, 2)": [0.018944822251796722, 0.018307702615857124, 0.01809459552168846, 0.017890824005007744, 0.01877862960100174, 0.018914759159088135, 0.019003042951226234, 0.019010193645954132, 0.01863774284720421, 0.01853238046169281, 0.01933731511235237], "(2, 6, 1, 1)": [0.01971493661403656, 0.01923361048102379, 0.01961548812687397, 0.01923937350511551, 0.01956002600491047, 0.019524795934557915, 0.019480057060718536, 0.019030503928661346, 0.01893828809261322, 0.018634289503097534, 0.01810990832746029], "(2, 5, 1, 1)": [0.019467398524284363, 0.01928076334297657, 0.019128886982798576, 0.019459407776594162, 0.018653003498911858, 0.019419414922595024, 0.01932433806359768, 0.018515650182962418, 0.019076285883784294, 0.019129663705825806, 0.01882416382431984], "(2, 4, 1, 1)": [0.018456317484378815, 0.01892661489546299, 0.018360042944550514, 0.018383795395493507, 0.018797466531395912, 0.01845637336373329, 0.018417440354824066, 0.018944572657346725, 0.018382061272859573, 0.01838413067162037, 0.01866931840777397], "(2, 3, 1, 1)": [0.016296712681651115, 0.016993487253785133, 0.016972506418824196, 0.017703644931316376, 0.016763705760240555, 0.017878344282507896, 0.017690101638436317, 0.01815256103873253, 0.017364535480737686, 0.016919929534196854, 0.017715536057949066], "(2, 3, 2, 2)": [0.0171799473464489, 0.01639944314956665, 0.017190532758831978, 0.017631132155656815, 0.016642669215798378, 0.017977634444832802, 0.01715013012290001, 0.01786613278090954, 0.01851465553045273, 0.018239900469779968, 0.018151601776480675], "(2, 4, 2, 2)": [0.01847926713526249, 0.018820054829120636, 0.016507616266608238, 0.01860395446419716, 0.018311262130737305, 0.01880454272031784, 0.0191445741802454, 0.01884496957063675, 0.018991753458976746, 0.018841411918401718, 0.018880560994148254], "(2, 5, 2, 2)": [0.01740511693060398, 0.01926548220217228, 0.01828375831246376, 0.01942090317606926, 0.01941053755581379, 0.019573278725147247, 0.019275657832622528, 0.019344370812177658, 0.019209692254662514, 0.019296735525131226, 0.01949235051870346], "(2, 7, 2, 2)": [0.01711595244705677, 0.015812642872333527, 0.016952071338891983, 0.016662150621414185, 0.017571642994880676, 0.01722588762640953, 0.018177732825279236, 0.01717183366417885, 0.01795542798936367, 0.018406180664896965, 0.016699329018592834], "(2, 8, 2, 2)": [0.0163745004683733, 0.014970021322369576, 0.015647415071725845, 0.01690381020307541, 0.016700290143489838, 0.016866620630025864, 0.016367832198739052, 0.01616556942462921, 0.016119254752993584, 0.016762979328632355, 0.013448136858642101], "(3, 8, 2, 2)": [0.016913337633013725, 0.016002338379621506, 0.016432778909802437, 0.016858363524079323, 0.01648445799946785, 0.016170842573046684, 0.017586849629878998, 0.016237029805779457, 0.016969338059425354, 0.01610305719077587, 0.01711972802877426], "(3, 9, 2, 2)": [0.009495642967522144, 0.009890012443065643, 0.007377899717539549, 0.009244929999113083, 0.009087704122066498, 0.0005712988786399364, 0.01086236909031868, 0.01093751098960638, 0.011239797808229923, 0.010679176077246666, 0.008895610459148884], "(3, 10, 2, 2)": [-0.007507631555199623, -0.013450350612401962, -0.016269352287054062, -0.0023581504356116056, -0.008326818235218525, -0.012499058619141579, -0.012002835050225258, -0.015839839354157448, -0.013529269024729729, -0.01325452420860529, -0.012315097264945507], "(3, 4, 1, 2)": [0.0034596140030771494, 0.014798104763031006, 0.005399560090154409, 0.005402307026088238, 0.007724751718342304, 0.006627567112445831, 0.0, 0.0, 0.0, 0.008509605191648006, 0.0], "(2, 1, 2, 2)": [-0.004081260412931442, 0.004247488919645548, 0.004540519788861275, 0.002483019372448325, 0.0025212999898940325, 0.005293360911309719, 0.006440986879169941, 0.0, 0.0046384865418076515, 0.0043832468800246716, 0.007887857966125011], "(2, 1, 1, 1)": [-0.01191653124988079, -0.015248636715114117, -0.01620868779718876, -0.013181543909013271, -0.015023290179669857, -0.007971594110131264, -0.01687394641339779, -0.015707911923527718, -0.014950307086110115, -0.010109431110322475, -0.014532715082168579], "(2, 2, 2, 1)": [0.013322731480002403, 0.013185929507017136, 0.012422392144799232, 0.01257759053260088, 0.011784158647060394, 0.015640364959836006, 0.013938255608081818, 0.01339669432491064, 0.01562635973095894, 0.012645768001675606, 0.015579907223582268], "(2, 2, 2, 2)": [0.01533089205622673, 0.013732094317674637, 0.016264645382761955, 0.015738990157842636, 0.016871269792318344, 0.016738859936594963, 0.016259748488664627, 0.01633637771010399, 0.016092123463749886, 0.016627976670861244, 0.01618245244026184], "(2, 2, 1, 1)": [0.012696068733930588, 0.007518271915614605, 0.01323118805885315, 0.004701209254562855, 0.0038138320669531822, 0.01084226742386818, 0.013498961925506592, 0.013359246775507927, 0.010065799579024315, 0.015314970165491104, 0.014133037067949772], "(3, 8, 1, 2)": [0.008511330001056194, 0.013329963199794292, 0.013282960280776024, 0.015165077522397041, 0.010194734670221806, 0.009687479585409164, 0.01271175779402256, 0.012528156861662865, 0.016291841864585876, 0.016835123300552368, 0.008653389289975166], "(3, 8, 1, 1)": [0.017169807106256485, 0.017465464770793915, 0.01606549695134163, 0.017279665917158127, 0.0168155450373888, 0.014777829870581627, 0.017146598547697067, 0.01716553419828415, 0.013470557518303394, 0.015857739374041557, 0.017607906833291054], "(3, 7, 1, 1)": [0.018813926726579666, 0.018532563000917435, 0.01860187202692032, 0.01792335696518421, 0.018421676009893417, 0.01738244853913784, 0.017925644293427467, 0.01658577285706997, 0.017675025388598442, 0.01807170920073986, 0.018476739525794983], "(3, 6, 1, 1)": [0.018707692623138428, 0.018813535571098328, 0.018622001633048058, 0.018845409154891968, 0.01888669654726982, 0.018184073269367218, 0.017577216029167175, 0.01920318976044655, 0.016861900687217712, 0.01861085742712021, 0.01854027435183525], "(3, 5, 1, 1)": [0.018511217087507248, 0.018329478800296783, 0.017888905480504036, 0.01847226917743683, 0.018675867468118668, 0.018747491762042046, 0.018479298800230026, 0.017958149313926697, 0.016298586502671242, 0.018618876114487648, 0.018455620855093002], "(3, 5, 1, 2)": [0.010514452122151852, 0.0049215699546039104, 0.0, 0.00935402326285839, 0.0, 0.007885243743658066, 0.006820743903517723, 0.014883257448673248, 0.007175716571509838, 0.005831094458699226, 0.009294500574469566], "(3, 4, 1, 1)": [0.018107609823346138, 0.017728669568896294, 0.017513465136289597, 0.017909273505210876, 0.017401382327079773, 0.018100297078490257, 0.016926225274801254, 0.01785830780863762, 0.017432695254683495, 0.01732897013425827, 0.016366057097911835], "(2, 8, 2, 1)": [0.0053086350671947, 0.007875687442719936, 0.0, 0.0028523746877908707, 0.008220482617616653, 0.003460594220086932, 0.008439809083938599, 0.0, 0.008770855143666267, 0.007764812558889389, 0.005084802396595478], "(3, 3, 2, 2)": [0.01726212166249752, 0.016901088878512383, 0.01705874130129814, 0.01751057058572769, 0.01789253205060959, 0.01719473861157894, 0.01843547821044922, 0.018456196412444115, 0.017966728657484055, 0.018357781693339348, 0.017880570143461227], "(3, 3, 1, 2)": [0.0, 0.0, 0.0049166250973939896, 0.0, 0.004395803902298212, 0.0, 0.0028457357548177242, 0.013520268723368645, 0.0, 0.0, 0.0046767001040279865], "(3, 3, 1, 1)": [0.0165670458227396, 0.01655462197959423, 0.01654687151312828, 0.01697060465812683, 0.016269655898213387, 0.01689416728913784, 0.015971828252077103, 0.015591143630445004, 0.01744271069765091, 0.015710610896348953, 0.016829581931233406], "(2, 3, 2, 1)": [0.014326932840049267, 0.015988610684871674, 0.014239219948649406, 0.011497827246785164, 0.01358389388769865, 0.013326507061719894, 0.012929785996675491, 0.012270032428205013, 0.016926154494285583, 0.014347587712109089, 0.016591137275099754],