{"q_values": {"(2, 6, 2, 2)": [0.010999281890690327, 0.010982749052345753, 0.010994190350174904, 0.010945415124297142, 0.011048558168113232, 0.011033114045858383, 0.011007076129317284, 0.011038899421691895, 0.011041882447898388, 0.011029421351850033, 0.011001348495483398], "(2, 6, 1, 1)": [0.011076141148805618, 0.011077175848186016, 0.011076796799898148, 0.011088494211435318, 0.011086591519415379, 0.011083346791565418, 0.011024306528270245, 0.010964317247271538, 0.011020287871360779, 0.011068606749176979, 0.01107738446444273], "(2, 5, 1, 1)": [0.011020087637007236, 0.010972470976412296, 0.01103033684194088, 0.011019567027688026, 0.01101993303745985, 0.011031879112124443, 0.01102124061435461, 0.010905502364039421, 0.010996521450579166, 0.01098392903804779, 0.010969605296850204], "(2, 4, 1, 1)": [0.010694464668631554, 0.010743734426796436, 0.010761532001197338, 0.010769258253276348, 0.010764876380562782, 0.0107202660292387, 0.010811869986355305, 0.010801411233842373, 0.010708507150411606, 0.010711442679166794, 0.010757469572126865], "(2, 3, 1, 1)": [0.010138108395040035, 0.010091504082083702, 0.010189964435994625, 0.010226717218756676, 0.010226109065115452, 0.010164890438318253, 0.010205419734120369, 0.010262805968523026, 0.010129912756383419, 0.010176659561693668, 0.00998905673623085], "(2, 3, 2, 2)": [0.010403339751064777, 0.010328038595616817, 0.010374665260314941, 0.010404746048152447, 0.010289443656802177, 0.010484824888408184, 0.010417336598038673, 0.010431230068206787, 0.010481308214366436, 0.010471385903656483, 0.01044018566608429], "(2, 4, 2, 2)": [0.010771561414003372, 0.010893461294472218, 0.010832572355866432, 0.010932482779026031, 0.010850456543266773, 0.010880191810429096, 0.010886739008128643, 0.010895082727074623, 0.010889348573982716, 0.010909881442785263, 0.010893764905631542], "(2, 5, 2, 2)": [0.011035630479454994, 0.01103364396840334, 0.011054811999201775, 0.011069036088883877, 0.010968521237373352, 0.01105192769318819, 0.011072486639022827, 0.0110810287296772, 0.011081265285611153, 0.011074854992330074, 0.011075924150645733], "(2, 7, 2, 2)": [0.010579071007668972, 0.010632232762873173, 0.010790683329105377, 0.010669955983757973, 0.010710102505981922, 0.010729734785854816, 0.010711286216974258, 0.01062784530222416, 0.010703452862799168, 0.010679191909730434, 0.010699581354856491], "(2, 8, 2, 2)": [0.010196407325565815, 0.01019005011767149, 0.010124720633029938, 0.010001405142247677, 0.010271327570080757, 0.010158930905163288, 0.010102194733917713, 0.010134607553482056, 0.009818843565881252, 0.009893189184367657, 0.009918007999658585], "(3, 8, 2, 2)": [0.010201280936598778, 0.010287673212587833, 0.009997044689953327, 0.010217875242233276, 0.01026711892336607, 0.0102455522865057, 0.01020284928381443, 0.010178262367844582, 0.010221394710242748, 0.010230875574052334, 0.01001698151230812], "(3, 9, 2, 2)": [0.006269307807087898, 0.00883709080517292, 0.009462145157158375, 0.008652009069919586, 0.008942957036197186, 0.007475053425878286, 0.007119009271264076, 0.008997608907520771, -0.004185910802334547, 0.0025691729970276356, 0.008862435817718506], "(3, 10, 2, 2)": [-0.01704947091639042, -0.004662781022489071, -0.01124648842960596, -0.016187870875000954, -0.016466397792100906, -0.018641255795955658, -0.0203733928501606, -0.017632173374295235, -0.02092149294912815, -0.020319024100899696, -0.020789895206689835], "(3, 4, 1, 2)": [0.005406966432929039, 0.0055451178923249245, 0.0, 0.003200856503099203, 0.0030635118018835783, 0.005116966553032398, 0.0, 0.005533271003514528, 0.0032705783378332853, 0.009997709654271603, 0.0], "(2, 1, 2, 2)": [-9.726639837026596e-05, 0.0025163351092487574, 0.00578012689948082, 0.002514628693461418, 0.004394750110805035, 0.004332488868385553, 0.007762139663100243, 0.004807106219232082, 0.0044083488173782825, 0.004504247102886438, 0.00837789848446846], "(2, 1, 1, 1)": [-0.011829579249024391, -0.011553516611456871, -0.01973438821732998, -0.0126050915569067, -0.018706325441598892, -0.013592278584837914, -0.010855641216039658, -0.013869346119463444, -0.018950317054986954, -0.012392660602927208, -0.009126703254878521], "(2, 2, 2, 1)": [0.008939843624830246, 0.008887983858585358, 0.00950096920132637, 0.009553945623338223, 0.009517641738057137, 0.00966600701212883, 0.009495182894170284, 0.009470660239458084, 0.009591532871127129, 0.009631986729800701, 0.009669114835560322], "(2, 2, 2, 2)": [0.009506868198513985, 0.00962227676063776, 0.009826666675508022, 0.009718295186758041, 0.009754735045135021, 0.009821845218539238, 0.009701786562800407, 0.0100081916898489, 0.009818498976528645, 0.009901250712573528, 0.0098184859380126], "(2, 2, 1, 1)": [0.008171772584319115, 0.008698627352714539, 0.004343296866863966, 0.008500231429934502, 0.0062773567624390125, 0.008837036788463593, 0.00827141385525465, 0.008509871549904346, 0.008796591311693192, 0.005156547762453556, 0.009561486542224884], "(3, 8, 1, 2)": [0.0030385302379727364, 0.007768468931317329, 0.004868676885962486, 0.0028539723716676235, 0.006517889443784952, 0.006616434548050165, 0.007843262515962124, 0.0050333039835095406, 0.010229019448161125, 0.00944557599723339, 0.00517567154020071], "(3, 8, 1, 1)": [0.010500206612050533, 0.010545920580625534, 0.010399792343378067, 0.010358324274420738, 0.010516482405364513, 0.01040671020746231, 0.010429048910737038, 0.010442163795232773, 0.010028345510363579, 0.009836960583925247, 0.01049523614346981], "(3, 7, 1, 1)": [0.010896582156419754, 0.010859441943466663, 0.010858193971216679, 0.010864008218050003, 0.010840926319360733, 0.010893413797020912, 0.010822262614965439, 0.010913895443081856, 0.010885648429393768, 0.01067386008799076, 0.010829421691596508], "(3, 6, 1, 1)": [0.011080970987677574, 0.011084506288170815, 0.011065155267715454, 0.011055954732000828, 0.011075564660131931, 0.011076703667640686, 0.011032202281057835, 0.011056775227189064, 0.011038651689887047, 0.011027764528989792, 0.01087742205709219], "(3, 5, 1, 1)": [0.010985346511006355, 0.011007698252797127, 0.01079484447836876, 0.011004330590367317, 0.0110273826867342, 0.011060711927711964, 0.010966548696160316, 0.011009475216269493, 0.01096310280263424, 0.011013872921466827, 0.01097865030169487], "(3, 5, 1, 2)": [0.0029706954956054688, 0.0032807758543640375, 0.0, 0.0029976223595440388, 0.0, 0.00534446444362402, 0.0033011215273290873, 0.0, 0.010132839903235435, 0.0, 0.0033311268780380487], "(3, 4, 1, 1)": [0.010669957846403122, 0.010702736675739288, 0.010797408409416676, 0.010708410292863846, 0.010696092620491982, 0.010697231628000736, 0.010585745796561241, 0.010609721764922142, 0.010507853701710701, 0.010670291259884834, 0.010545225813984871], "(2, 8, 2, 1)": [0.0053016869351267815, 0.003051747102290392, 0.005230973474681377, 0.0, 0.003091219812631607, 0.002879978157579899, 0.0030941355507820845, 0.0030944766476750374, 0.0, 0.0, 0.007883820682764053], "(3, 3, 2, 2)": [0.010417163372039795, 0.0103666502982378, 0.010203301906585693, 0.010448969900608063, 0.010332954116165638, 0.010364229790866375, 0.010520980693399906, 0.010495844297111034, 0.01039705891162157, 0.010492512956261635, 0.010436500422656536], "(3, 3, 1, 2)": [0.01032935082912445, 0.0031890517566353083, 0.0031786051113158464, 0.003137095831334591, 0.003084709635004401, 0.006411784328520298, 0.007520630490034819, 0.0, 0.0031302603892982006, 0.006915809586644173, 0.0], "(3, 3, 1, 1)": [0.009995445609092712, 0.01004920806735754, 0.010031516663730145, 0.010133713483810425, 0.010338343679904938, 0.010079380124807358, 0.01020321436226368, 0.010250133462250233, 0.010119931772351265, 0.010238469578325748, 0.010228561237454414], "(2, 3, 2, 1)": [0.010248676873743534, 0.009438663721084595, 0.00984423328191042, 0.009606174193322659, 0.00943218357861042, 0.010031979531049728, 0.009516282938420773, 0.005195183679461479, 0.008578764274716377, 0.009405872784554958, 0.01020369678735733],