{"q_values": {"(2, 6, 2, 2)": [0.010704092681407928, 0.008443654514849186, 0.009555327706038952, 0.007766257040202618, 0.009265696629881859, 0.009392673149704933, 0.010448750108480453, 0.010054402984678745, 0.008573357947170734, 0.00881989672780037, 0.009890178218483925], "(2, 6, 1, 1)": [0.010893342085182667, 0.010965473018586636, 0.010734216310083866, 0.009035053662955761, 0.010493624955415726, 0.010841828770935535, 0.009799173101782799, 0.010178572498261929, 0.010419369675219059, 0.010476847179234028, 0.010454249568283558], "(2, 5, 1, 1)": [0.010854138992726803, 0.010726126842200756, 0.010480836033821106, 0.01098931860178709, 0.009911719709634781, 0.010796008631587029, 0.010537085123360157, 0.010804827325046062, 0.010552074760198593, 0.010754330083727837, 0.01081773079931736], "(2, 4, 1, 1)": [0.010619819164276123, 0.010456492193043232, 0.010558957234025002, 0.010576403699815273, 0.010584565810859203, 0.01074847299605608, 0.0106668034568429, 0.010533836670219898, 0.01063856016844511, 0.01072041504085064, 0.01016396377235651], "(2, 3, 1, 1)": [0.010186593048274517, 0.010045439936220646, 0.009395730681717396, 0.009908054955303669, 0.009779444895684719, 0.010234618559479713, 0.010164718143641949, 0.010041947476565838, 0.009057075716555119, 0.010068744421005249, 0.009154294617474079], "(2, 3, 2, 2)": [0.007613504771143198, 0.009270223788917065, 0.009617682546377182, 0.009340745396912098, 0.00978176575154066, 0.009660649113357067, 0.010099989362061024, 0.009451238438487053, 0.005190985277295113, 0.009469758719205856, 0.008858602494001389], "(2, 4, 2, 2)": [0.009862029924988747, 0.010408609174191952, 0.010332709178328514, 0.010428446345031261, 0.010484421625733376, 0.010198317468166351, 0.010098489001393318, 0.005294994451105595, 0.007909148931503296, 0.009794922545552254, 0.009244564920663834], "(2, 5, 2, 2)": [0.010973706841468811, 0.009645668789744377, 0.010300245136022568, 0.010223446413874626, 0.009932301938533783, 0.010530740953981876, 0.01046711765229702, 0.010435419157147408, 0.010725443251430988, 0.010550030507147312, 0.01098798681050539], "(2, 7, 2, 2)": [0.009259478189051151, 0.00858943723142147, 0.010345138609409332, 0.008974770084023476, 0.009211481548845768, 0.0032152829226106405, 0.005417684093117714, 0.00854413490742445, 0.007861331105232239, 0.009548043832182884, 0.009805087931454182], "(2, 8, 2, 2)": [0.009636753238737583, 0.009209249168634415, 0.007328193634748459, 0.004958653822541237, 0.0073750214651227, 0.0073618502356112, 0.007429849356412888, 0.009083636105060577, 0.009230652824044228, 0.007352623622864485, 0.007580306380987167], "(3, 8, 2, 2)": [0.009499873965978622, 0.008430077694356441, 0.009960728697478771, 0.009746881201863289, 0.009023163467645645, 0.009510966017842293, 0.009234610944986343, 0.009944618679583073, 0.010086236521601677, 0.010056417435407639, 0.007912088185548782], "(3, 9, 2, 2)": [0.008757553994655609, 0.00858372263610363, 0.008623781614005566, 0.005330878309905529, 0.008733165450394154, -0.00012338347733020782, 0.004543882794678211, -0.0026674745604395866, 0.0008865620475262403, 0.004571961238980293, -0.0009701582603156567], "(3, 10, 2, 2)": [-0.0033707115799188614, -0.0063541848212480545, -0.006429577711969614, -0.010923616588115692, -0.006665242835879326, -0.006444196216762066, -0.014092461206018925, -0.011128544807434082, -0.010872549377381802, -0.010739888995885849, -0.011183724738657475], "(3, 4, 1, 2)": [0.0030446110758930445, 0.0, 0.0, 0.0, 0.0, 0.0, 0.0, 0.0, 0.0, 0.0032356607262045145, 0.0], "(2, 1, 2, 2)": [0.002490971004590392, 0.0025163351092487574, 0.0026142490096390247, 0.0, 0.0025212999898940325, 0.0024988448712974787, 0.0, 0.0, 0.002511983271688223, 0.0, 0.002511086640879512], "(2, 1, 1, 1)": [-0.006814803462475538, -0.01430826261639595, -0.006437997799366713, -0.006284142844378948, 0.0, -0.006569359451532364, -0.0065568783320486546, -0.00398840568959713, -0.012936538085341454, -0.014637364074587822, -0.009788714349269867], "(2, 2, 2, 1)": [0.006470628548413515, 0.0059311906807124615, 0.008144023828208447, 0.007009089924395084, 0.008318575099110603, 0.0085954200476408, 0.008338235318660736, 0.004921632818877697, 0.008976563811302185, 0.009263507090508938, 0.007313868030905724], "(2, 2, 2, 2)": [0.008680378086864948, 0.007041317410767078, 0.006151384674012661, 0.006991939153522253, 0.009266144596040249, 0.008031685836613178, 0.009120929054915905, 0.007273321505635977, 0.007531439419835806, 0.008741221390664577, 0.009401589632034302], "(2, 2, 1, 1)": [-0.0003853496164083481, -6.826594471931458e-07, 0.006958795711398125, 0.007222392130643129, -0.005383915267884731, 0.008580361492931843, 0.008770173415541649, -7.76415690779686e-05, 4.268810153007507e-05, 0.008625801652669907, 0.006809083744883537], "(3, 8, 1, 2)": [0.0, 0.0028278320096433163, 0.0027655232697725296, 0.0028539723716676235, 0.0, 0.0, 0.0031486263033002615, 0.0050333039835095406, 0.006593084428459406, 0.004897225648164749, 0.0030248865950852633], "(3, 8, 1, 1)": [0.009291129186749458, 0.007429455406963825, 0.002844706643372774, 0.0029727432411164045, 0.0063151149079203606, 0.007244819775223732, 0.007391936145722866, 0.005018525291234255, 0.007775947451591492, 0.006483975797891617, 0.00767667917534709], "(3, 7, 1, 1)": [0.008626729249954224, 0.009663064032793045, 0.009512558579444885, 0.0086976895108819, 0.007914639078080654, 0.0076387436129152775, 0.0052612838335335255, 0.0, 0.009748708456754684, 0.00781745184212923, 0.003226654604077339], "(3, 6, 1, 1)": [0.009959811344742775, 0.008011624217033386, 0.008083673194050789, 0.008134974166750908, 0.008701746352016926, 0.008983067236840725, 0.00946311466395855, 0.009402222000062466, 0.010400771163403988, 0.009314263239502907, 0.009866327978670597], "(3, 5, 1, 1)": [0.008784359320998192, 0.007001349236816168, 0.006823165342211723, 0.009691641665995121, 0.010289093479514122, 0.0068793161772191525, 0.009580829180777073, 0.009462689980864525, 0.008503934368491173, 0.009143798612058163, 0.009108347818255424], "(3, 5, 1, 2)": [0.0029706954956054688, 0.0032807758543640375, 0.0, 0.0029976223595440388, 0.0, 0.0, 0.0, 0.0, 0.005464673042297363, 0.0, 0.0], "(3, 4, 1, 1)": [0.009484986774623394, 0.006585324183106422, 0.009523210115730762, 0.005216475576162338, 0.007946453988552094, 0.008624310605227947, 0.00959303230047226, 0.008980672806501389, 0.009721285663545132, 0.008921890519559383, 0.006677133031189442], "(2, 8, 2, 1)": [0.0, 0.0, 0.0, 0.0, 0.003091219812631607, 0.0, 0.0, 0.0, 0.0, 0.0, 0.0031035917345434427], "(3, 3, 2, 2)": [0.0028385636396706104, 0.01006222516298294, 0.008318430744111538, 0.008855096064507961, 0.009820673614740372, 0.010089217685163021, 0.00979016162455082, 0.009503496810793877, 0.009850411675870419, 0.01038273610174656, 0.009571311995387077], "(3, 3, 1, 2)": [0.0031056164298206568, 0.0, 0.0, 0.003137095831334591, 0.0, 0.0, 0.0028457357548177242, 0.0, 0.0, 0.0, 0.0], "(3, 3, 1, 1)": [0.008978682570159435, 0.009753309190273285, 0.008683215826749802, 0.00833294540643692, 0.009129080921411514, 0.009776998311281204, 0.009498215280473232, 0.008151770569384098, 0.008405997417867184, 0.009006790816783905, 0.008608687669038773], "(2, 3, 2, 1)": [0.00990992970764637, 0.005015372298657894, 0.008435597643256187, 0.005106124095618725, 0.004910319112241268, 0.00916112121194601, 0.009135430678725243, 0.005195183679461479, 0.005197078920900822, 0.004929647780954838, 0.008570168167352676], "(3, 4, 2, 2)": [0.01035082247108221, 0.007998121902346611, 0.010438119061291218, 0.00946840737015009, 0.009245006367564201, 0.006866196636110544, 0.009426536969840527, 0.009254742413759232, 0.00930018536746502, 0.00978908222168684, 0.009560730308294296], "(3, 3, 2, 1)": [0.002980383113026619, 0.008921119384467602, 0.008245185017585754, 0.00877379160374403, 0.004717051982879639, 0.006302143447101116, 0.00806400552392006, 0.008853824809193611, 0.007515898440033197, 0.008626719005405903, 0.007567472755908966],