{"q_values": {"(2, 6, 2, 2)": [0.010900146327912807, 0.010841919109225273, 0.01089249737560749, 0.01016467809677124, 0.010936773382127285, 0.010951654054224491, 0.010828857310116291, 0.01090153306722641, 0.0109142130240798, 0.01073959469795227, 0.010466980747878551], "(2, 6, 1, 1)": [0.011063408106565475, 0.011077429167926311, 0.011086622253060341, 0.010906273499131203, 0.01096927747130394, 0.011035235598683357, 0.011047516018152237, 0.010751830413937569, 0.011044291779398918, 0.010960309766232967, 0.011000245809555054], "(2, 5, 1, 1)": [0.011003336869180202, 0.011061365716159344, 0.010993427596986294, 0.011016813106834888, 0.01100192777812481, 0.010960166342556477, 0.010889648459851742, 0.010810501873493195, 0.011035263538360596, 0.010962559841573238, 0.011034450493752956], "(2, 4, 1, 1)": [0.010726709850132465, 0.010661106556653976, 0.010739484801888466, 0.010791143402457237, 0.010688131675124168, 0.010802463628351688, 0.010797190479934216, 0.01066514290869236, 0.01073621679097414, 0.010784960351884365, 0.010753405280411243], "(2, 3, 1, 1)": [0.01013074442744255, 0.01026131771504879, 0.010262062773108482, 0.01013361755758524, 0.010157396085560322, 0.010023117996752262, 0.010036405175924301, 0.010062546469271183, 0.01023032981902361, 0.010044056922197342, 0.010234026238322258], "(2, 3, 2, 2)": [0.009664093144237995, 0.010321423411369324, 0.0102315042167902, 0.010065348818898201, 0.010024846531450748, 0.01038786768913269, 0.010549706406891346, 0.010330994613468647, 0.010052002966403961, 0.010087222792208195, 0.01024517510086298], "(2, 4, 2, 2)": [0.010660549625754356, 0.010863741859793663, 0.01081421785056591, 0.010815316811203957, 0.010762745514512062, 0.010851182043552399, 0.010837367735803127, 0.010619777254760265, 0.010620647110044956, 0.010762354359030724, 0.010812049731612206], "(2, 5, 2, 2)": [0.011049645021557808, 0.010935183614492416, 0.010883184149861336, 0.010845756158232689, 0.01100192405283451, 0.010792520828545094, 0.010993443429470062, 0.011049231514334679, 0.010945750400424004, 0.010971657000482082, 0.0110639538615942], "(2, 7, 2, 2)": [0.010424009524285793, 0.0107493307441473, 0.010558133944869041, 0.010600391775369644, 0.010729925706982613, 0.010119753889739513, 0.010689745657145977, 0.010434236377477646, 0.010573986917734146, 0.010296112857758999, 0.010566440410912037], "(2, 8, 2, 2)": [0.010079646483063698, 0.01004293467849493, 0.009265602566301823, 0.00926510151475668, 0.009383073076605797, 0.00873455498367548, 0.009847386740148067, 0.009886239655315876, 0.010021092370152473, 0.009809249080717564, 0.010124262422323227], "(3, 8, 2, 2)": [0.010174761526286602, 0.010178642347455025, 0.010131080634891987, 0.010242663323879242, 0.009855140000581741, 0.010205327533185482, 0.00992226880043745, 0.01024081464856863, 0.010364966467022896, 0.01003334205597639, 0.010299071669578552], "(3, 9, 2, 2)": [0.006445795297622681, 0.00621860520914197, 0.008890877477824688, 0.008437919430434704, 0.005586880259215832, 0.008890172466635704, 0.004113920032978058, 0.0002934485673904419, 0.007609306834638119, 0.008955002762377262, 0.005739737302064896], "(3, 10, 2, 2)": [-0.0046662092208862305, -0.011765392497181892, -0.016215678304433823, -0.010923616588115692, -0.014362553134560585, -0.010922075249254704, -0.01784895732998848, -0.014042984694242477, -0.018638109788298607, -0.01771361380815506, -0.019305258989334106], "(3, 4, 1, 2)": [0.005406966432929039, 0.0032663573510944843, 0.0, 0.003200856503099203, 0.0030635118018835783, 0.0, 0.0, 0.0032511157914996147, 0.0032705783378332853, 0.005558779463171959, 0.0], "(2, 1, 2, 2)": [-0.0033296351321041584, 0.0025163351092487574, 0.0026142490096390247, 0.002514628693461418, 0.004394750110805035, 0.0024988448712974787, 0.004628149792551994, 0.004807106219232082, 0.002511983271688223, 0.004504247102886438, 0.007533528376370668], "(2, 1, 1, 1)": [-0.014014625921845436, -0.007619182113558054, -0.010970748960971832, -0.013993998989462852, -0.014421208761632442, -0.012070960365235806, -0.0065568783320486546, -0.009236874058842659, -0.016997065395116806, -0.016480909660458565, -0.006466611288487911], "(2, 2, 2, 1)": [0.007339203730225563, 0.007660571485757828, 0.009009837172925472, 0.008706701919436455, 0.009407399222254753, 0.00933455117046833, 0.009200320579111576, 0.008425569161772728, 0.009333573281764984, 0.009232325479388237, 0.008792642503976822], "(2, 2, 2, 2)": [0.00924637820571661, 0.009499753825366497, 0.009283900260925293, 0.00953769776970148, 0.009572727605700493, 0.009799891151487827, 0.009799028746783733, 0.009720605798065662, 0.009657779708504677, 0.009474590420722961, 0.009696666151285172], "(2, 2, 1, 1)": [-0.0055113285779953, 0.008363673463463783, 0.005695652216672897, 0.009253060445189476, 0.0048685153014957905, 0.0028136027976870537, 0.00954258069396019, 0.008263418450951576, 0.008415119722485542, 0.0047536008059978485, 0.00917124468833208], "(3, 8, 1, 2)": [0.0030385302379727364, 0.005062452517449856, 0.004868676885962486, 0.0028539723716676235, 0.004910701885819435, 0.0030195105355232954, 0.0031486263033002615, 0.0050333039835095406, 0.009223836474120617, 0.004897225648164749, 0.0030248865950852633], "(3, 8, 1, 1)": [0.01037709228694439, 0.009536344558000565, 0.00911506824195385, 0.007685949094593525, 0.009843802079558372, 0.009480629116296768, 0.00948183424770832, 0.01000462006777525, 0.009711386635899544, 0.008222326636314392, 0.00999448262155056], "(3, 7, 1, 1)": [0.010776381008327007, 0.01082177460193634, 0.01037411019206047, 0.010508027859032154, 0.01004454493522644, 0.009979486465454102, 0.009835539385676384, 0.010228902101516724, 0.010340312495827675, 0.009492813609540462, 0.010224160738289356], "(3, 6, 1, 1)": [0.010981799103319645, 0.009978332556784153, 0.010713567025959492, 0.010838371701538563, 0.009892966598272324, 0.010890020988881588, 0.010922910645604134, 0.010982896201312542, 0.01093088835477829, 0.010736050084233284, 0.011054345406591892], "(3, 5, 1, 1)": [0.009781142696738243, 0.010241519659757614, 0.00886738020926714, 0.010222029872238636, 0.01095981802791357, 0.010192785412073135, 0.010400154627859592, 0.010464671067893505, 0.009767632931470871, 0.010660942643880844, 0.010317248292267323], "(3, 5, 1, 2)": [0.0029706954956054688, 0.0032807758543640375, 0.0, 0.0029976223595440388, 0.0, 0.0, 0.0033011215273290873, 0.0, 0.007111947983503342, 0.0, 0.0], "(3, 4, 1, 1)": [0.010532396845519543, 0.010166017338633537, 0.010612589307129383, 0.008818462491035461, 0.010325026698410511, 0.010393694043159485, 0.010552353225648403, 0.010108371265232563, 0.010797745548188686, 0.010692844167351723, 0.009361507371068], "(2, 8, 2, 1)": [0.003099137218669057, 0.0, 0.0029809619300067425, 0.0, 0.003091219812631607, 0.002879978157579899, 0.0030941355507820845, 0.0030944766476750374, 0.0, 0.0, 0.0052879564464092255], "(3, 3, 2, 2)": [0.008967290632426739, 0.010330626741051674, 0.009775347076356411, 0.010218683630228043, 0.010360121726989746, 0.01044264156371355, 0.010086906142532825, 0.010338382795453072, 0.01043062936514616, 0.010452336631715298, 0.010313067585229874], "(3, 3, 1, 2)": [0.006689515896141529, 0.0, 0.0, 0.003137095831334591, 0.0, 0.0, 0.0028457357548177242, 0.0, 0.0, 0.003194950520992279, 0.0], "(3, 3, 1, 1)": [0.009815597906708717, 0.010220738127827644, 0.010041214525699615, 0.010002308525145054, 0.009570506401360035, 0.009740742854773998, 0.010211832821369171, 0.008684258908033371, 0.009883774444460869, 0.010423055849969387, 0.00955155584961176], "(2, 3, 2, 1)": [0.010181115008890629, 0.007744165137410164, 0.009488539770245552, 0.007807937916368246, 0.0077657680958509445, 0.010000000707805157, 0.009135430678725243, 0.005195183679461479, 0.005197078920900822, 0.004929647780954838, 0.0095668975263834], "(3, 4, 2, 2)": [0.010670734569430351, 0.010572654195129871, 0.010611503385007381, 0.010486402548849583, 0.010377371683716774, 0.010591728612780571, 0.010796844027936459, 0.010922419838607311, 0.010818984359502792, 0.01082248892635107, 0.010678614489734173],