{"q_values": {"(2, 10, 1, 2)": [-0.0025787651538848877, -0.00497411610558629, -0.021778494119644165, 0.0, 0.0], "(2, 10, 2, 2)": [-0.010591440415009857, -0.021826602518558502, -0.022071028128266335, -0.018130155093967915, -0.022025994956493378], "(2, 9, 2, 2)": [0.008840972299730828, 0.0067669424865230655, 0.007978265745902848, 0.009511349857727204, 0.004962034549527362], "(2, 8, 2, 2)": [0.018432274529391855, 0.018205002239368526, 0.017379565821558588, 0.017457517739087804, 0.017106527511937194], "(2, 7, 2, 2)": [0.019421951363735493, 0.01936657056227583, 0.018931449848787127, 0.019085467871654414, 0.01917310326336103], "(2, 6, 2, 2)": [0.019876460546075985, 0.019875383215937424, 0.019783634257103184, 0.019818067199519715, 0.019717162584770076], "(2, 6, 1, 1)": [0.01993601688560395, 0.019934027648455494, 0.01991682489330017, 0.019943047533676702, 0.01992497852618989], "(2, 1, 2, 1)": [-0.021798504516482353, -0.008592155296355486, -0.0025591965307344214, 0.01182359648590667, 0.016700884882788175], "(2, 1, 1, 1)": [-0.021998831536620855, -0.01952590502332896, -0.019071094558707306, -0.01225884115985986, -0.006348371561424603], "(2, 1, 2, 2)": [0.00861987718571578, 0.01669443924828875, 0.01599349356140835, 0.016880788675521848, 0.01693769394851251], "(3, 9, 2, 2)": [0.009710116320130977, 0.0075174005337195334, 0.008005773725757318, 0.005932850009157397, 0.0015965527381922584], "(3, 8, 2, 2)": [0.018329443905175227, 0.01810810985338742, 0.01772828150147834, 0.016955578211720345, 0.015965606874997037], "(3, 8, 1, 1)": [0.018925698172992465, 0.018907547725567176, 0.018859151574612133, 0.018817459335960518, 0.01863769560185011], "(3, 8, 1, 2)": [0.018624942012442292, 0.01859541291696023, 0.018667712530627677, 0.0184346139348374, 0.017957866364429767], "(3, 7, 2, 2)": [0.019384933845201163, 0.019268803301472837, 0.01917344546853591, 0.019028677919427753, 0.018967711901317224], "(3, 7, 1, 1)": [0.0196842451138756, 0.019684206818099154, 0.019619734982114376, 0.019575247119140205, 0.019539631452299457], "(2, 2, 1, 1)": [0.004821364223384676, 0.007038547310754646, 0.005192840645385578, 0.00637032528099099, 0.00906055105582193], "(3, 2, 1, 1)": [0.007648289283821378, 0.00624901384666233, 0.013027110603997557, 0.009140734194230667, 0.012668164231671717], "(3, 3, 1, 1)": [0.016497460756788544, 0.01698945471647193, 0.01764053172164024, 0.018339685111641184, 0.01782931712863699], "(3, 4, 1, 1)": [0.01898069446067211, 0.018991944175702203, 0.019279412517221897, 0.019233714132968857, 0.01950545646427476], "(3, 6, 1, 1)": [0.019944928499580385, 0.01995109890949976, 0.01994940745847403, 0.01993547150828994, 0.019928521919814084], "(3, 6, 2, 2)": [0.019882762611623556, 0.019847375963109138, 0.01983019866979483, 0.019759653919283235, 0.01970457066399635], "(3, 5, 2, 2)": [0.019930895176368712, 0.0199481707110945, 0.01994472263980477, 0.019952003062187553, 0.01994810934571042], "(3, 4, 2, 2)": [0.019572998502807453, 0.01958927769521167, 0.01966167169478219, 0.01970132688539324, 0.019739164005453533], "(3, 5, 1, 1)": [0.0197752184686422, 0.01988407220509949, 0.01982419873359757, 0.019842967545986856, 0.019909434648856965], "(3, 3, 2, 2)": [0.0187435407740933, 0.018848822269364657, 0.01884356353005686, 0.01903683275035322, 0.0189759867423278], "(3, 3, 1, 2)": [0.0, 0.0, 0.018814757563207524, 0.01925247698402487, 0.019158817622823468], "(3, 10, 2, 2)": [-0.015145864803344011, -0.01448790345706844, -0.021993143217904226, -0.020282316868278114, -0.02199499271810055], "(3, 6, 1, 2)": [0.019980528888554158, 0.019858813695719294, 0.01991062458194987, 0.01991628863406559, 0.01989442140990138], "(2, 4, 1, 1)": [0.019029352523489, 0.019028714184566434, 0.01924362905579332, 0.01937088388228908, 0.019379947798499206], "(2, 3, 1, 1)": [0.01688700956467735, 0.01729011384433599, 0.016983771579902388, 0.017990871146265502, 0.018055232699660206], "(2, 5, 2, 1)": [0.019817735034246522, 0.019932578804423468, 0.019951094168548168, 0.01994916706246294, 0.01997183789622334], "(2, 5, 2, 2)": [0.019940692492196613, 0.019938164952361035, 0.019941153935938635, 0.0199275215373714, 0.019923425082359565], "(2, 4, 2, 2)": [0.019485919897451482, 0.019555906113011477, 0.019638500142688392, 0.019636959115849294, 0.019657328280369982], "(2, 4, 2, 1)": [0.019291866347935116, 0.01927194909999678, 0.019342777812606068, 0.0194389731610149, 0.019580706708462854], "(2, 5, 1, 1)": [0.019680855055969323, 0.019787325633849585, 0.01987451702808844, 0.01982663523236759, 0.019874232437944575], "(3, 1, 1, 1)": [-0.021960360929369926, -0.01808485109359026, -0.021966248005628585, -0.016089530568569897, -0.012396345157886082], "(3, 3, 2, 1)": [0.017956308383484818, 0.018443142112588042, 0.018095857791405313, 0.01860452907259349, 0.018793705011374024], "(3, 4, 1, 2)": [0.019617660288515193, 0.01975119856728164, 0.019766078256924502, 0.01980197086862322, 0.019734245029866246], "(3, 7, 1, 2)": [0.01970000436270953, 0.019579214504517148, 0.019529956757020347, 0.019487685699450256, 0.019227282640713383], "(3, 5, 1, 2)": [0.01991469462071849, 0.01992486329530411, 0.019955396767153494, 0.019941823126087232, 0.019976198004904532], "(2, 8, 1, 2)": [0.018688062591862523, 0.018336473350073913, 0.018498108793387643, 0.018462708596554814, 0.017923444068086443], "(2, 8, 1, 1)": [0.01912466132886346, 0.019067131177534176, 0.018974905739456042, 0.018755839877874467, 0.01869043396278857], "(2, 7, 1, 1)": [0.01974576776330342, 0.019674519738373468, 0.019706146140224774, 0.01969729922144277, 0.019539186803046636], "(3, 9, 1, 1)": [0.01783114867652181, 0.01785485798152859, 0.01758420373891737, 0.01690640597921708, 0.016723288405373106], "(3, 2, 2, 2)": [0.014628366519317083, 0.01756518619659587, 0.01794869962415211, 0.017957036688728892, 0.017962852315735727], "(3, 2, 1, 2)": [0.017478758160450525, 0.01800435527750094, 0.0, 0.017700906456338115, 0.0], "(3, 4, 2, 1)": [0.019339068471607518, 0.019404072920960688, 0.019110149717231073, 0.01954240700449395, 0.019628870124833307], "(3, 2, 2, 1)": [0.0075400461604962265, 0.014910850521118846, 0.017472769014242877, 0.016038992526779892, 0.017391292057639358], "(2, 2, 2, 1)": [0.01482053924021475, 0.01618769133235255, 0.01634484406138423, 0.017636734111966833, 0.017433185998112596], "(2, 6, 2, 1)": [0.019980336312398275, 0.01993655407593317, 0.019998217093626907, 0.019886223499606642, 0.019925619171361934], "(3, 6, 2, 1)": [0.01997018330392141, 0.01994874960910662, 0.01992920410594836, 0.01995576989417033, 0.019894824587657647], "(2, 3, 2, 2)": [0.018869041712219578, 0.01878869103185734, 0.018812708392806434, 0.019000765080742735, 0.01896395169123926], "(2, 2, 2, 2)": [0.017552726411722255, 0.017095663287027663, 0.01769625965640326, 0.017622651916392344, 0.01780348241310424], "(3, 1, 2, 1)": [0.0, -0.012224989477545023, -0.012204512022435665, -0.012212268076837063, 0.0], "(3, 5, 2, 1)": [0.01988463332025714, 0.019874437882724794, 0.019898636299625527, 0.01992695127513267, 0.01994643399483262], "(2, 9, 1, 2)": [0.016389306524489864, 0.016409100256808133, 0.014879321592161432, 0.006956499836329992, 0.014970337070362303], "(2, 9, 1, 1)": [0.018093718736920932, 0.017989777058629492, 0.018131340375575105, 0.01797065072582882, 0.015804957236141982], "(2, 6, 1, 2)": [0.019897103233034286, 0.019892920426519686, 0.019890253251646853, 0.01982913341138784, 0.019798238887494372], "(3, 9, 2, 1)": [0.01792649320281482, 0.01799152322776086, 0.017951126897928747, 0.01766891210304271, 0.0], "(2, 3, 1, 2)": [0.01852662971089164, 0.0, 0.018686819493430196, 0.01875381806852225, 0.019082699596585803], "(2, 4, 1, 2)": [0.01927005847320418, 0.019331761882482073, 0.019588752142797806, 0.01968292876120322, 0.019734364725404865], "(2, 7, 1, 2)": [0.01961644186951725, 0.019542610703035555, 0.019501422645474532, 0.01942857842663399, 0.019263580165624294], "(2, 3, 2, 1)": [0.018069044083836423, 0.01856976863648587, 0.018854480655526792, 0.018567387929139697, 0.018903323390262152],