{"q_values": {"(2, 6, 2, 2)": [0.019886696711182594, 0.01998395286500454, 0.01989251747727394, 0.019671041518449783, 0.019853712990880013, 0.01996927708387375, 0.019992634654045105, 0.01994897983968258, 0.01996416039764881, 0.01997539959847927, 0.01990458182990551], "(2, 6, 1, 1)": [0.020001739263534546, 0.019986527040600777, 0.01999291218817234, 0.02000301703810692, 0.0199966412037611, 0.020006507635116577, 0.019948098808526993, 0.01999622955918312, 0.019995588809251785, 0.019952069967985153, 0.019920315593481064], "(2, 6, 1, 2)": [0.019933070987462997, 0.019915007054805756, 0.01994834467768669, 0.01995014026761055, 0.01993531547486782, 0.0199484471231699, 0.019706852734088898, 0.0199466273188591, 0.019898589700460434, 0.01998777687549591, 0.01997179538011551], "(2, 7, 2, 2)": [0.019515743479132652, 0.019617965444922447, 0.01958959922194481, 0.019431019201874733, 0.019643230363726616, 0.019445911049842834, 0.019551806151866913, 0.01934001035988331, 0.019379543140530586, 0.019439687952399254, 0.019134214147925377], "(2, 7, 1, 1)": [0.019996637478470802, 0.019582174718379974, 0.019543223083019257, 0.019647380337119102, 0.01963629014790058, 0.019613733515143394, 0.019614074379205704, 0.019660187885165215, 0.0196743905544281, 0.019493775442242622, 0.01943638175725937], "(2, 7, 1, 2)": [0.019657375290989876, 0.01959065906703472, 0.019631309434771538, 0.01959848776459694, 0.019511083140969276, 0.019579464569687843, 0.01965446025133133, 0.019610047340393066, 0.01952037587761879, 0.019338253885507584, 0.019525062292814255], "(2, 8, 1, 2)": [0.018847862258553505, 0.01876969449222088, 0.018910370767116547, 0.01802498660981655, 0.018622079864144325, 0.01863313466310501, 0.01880481466650963, 0.018698029220104218, 0.019151348620653152, 0.01893487758934498, 0.019102558493614197], "(2, 8, 2, 2)": [0.01866389997303486, 0.01901315525174141, 0.018925026059150696, 0.01899186335504055, 0.018304111436009407, 0.017911668866872787, 0.01912684552371502, 0.018705712631344795, 0.01911470666527748, 0.018858755007386208, 0.019023574888706207], "(2, 8, 1, 1)": [0.01902691274881363, 0.019506074488162994, 0.01886316016316414, 0.01919533871114254, 0.019086714833974838, 0.018978416919708252, 0.018824651837348938, 0.018573973327875137, 0.018939338624477386, 0.019065046682953835, 0.018910421058535576], "(2, 9, 2, 2)": [0.0030575862620025873, -0.0008461959660053253, 0.021762244403362274, 0.01842596009373665, 0.019770422950387, 0.01745910942554474, 0.017810838297009468, 0.017723998054862022, 0.02095779776573181, 0.017978906631469727, -0.0012245923280715942], "(2, 10, 2, 2)": [-0.01995687186717987, -0.018086161464452744, -0.017562653869390488, -0.011818141676485538, -0.01241056527942419, -0.012546838261187077, -0.011833562515676022, -0.012430385686457157, -0.012872636318206787, -0.012408270500600338, -0.011962550692260265], "(3, 4, 1, 2)": [0.019165316596627235, 0.02028210088610649, 0.01863129436969757, 0.0, 0.019680311903357506, 0.02052144519984722, 0.01890544220805168, 0.01967659220099449, 0.019673097878694534, 0.01976751536130905, 0.0], "(2, 1, 2, 1)": [-0.008228396996855736, -0.017348919063806534, 0.009933989495038986, 0.02159307710826397, -0.01912328042089939, 0.018523290753364563, 0.02012408897280693, 0.01789863221347332, 0.02225518226623535, 0.01872263289988041, 0.01809008978307247], "(2, 1, 2, 2)": [0.018511883914470673, 0.017869457602500916, -0.017936181277036667, 0.01754572056233883, 0.019221052527427673, 0.018280312418937683, 0.006159250624477863, 0.016893137246370316, 0.016628751531243324, 0.019238894805312157, 0.024427315220236778], "(2, 1, 1, 1)": [-0.01261155679821968, -0.01661660708487034, -0.01231122761964798, -0.013326356187462807, -0.012104426510632038, -0.016558920964598656, -0.01265967357903719, -0.01192332711070776, -0.012182342819869518, -0.020242802798748016, -0.018260346725583076], "(2, 2, 2, 2)": [0.017931295558810234, 0.017604148015379906, 0.018096791580319405, 0.017308233305811882, 0.018015053123235703, 0.018065208569169044, 0.017974426969885826, 0.017978746443986893, 0.018042296171188354, 0.018112050369381905, 0.018898487091064453], "(2, 3, 2, 2)": [0.018868885934352875, 0.018892088904976845, 0.01871095597743988, 0.01871868595480919, 0.019648507237434387, 0.01883232593536377, 0.018834592774510384, 0.018664473667740822, 0.018832877278327942, 0.01882362924516201, 0.01890956424176693], "(3, 3, 2, 2)": [0.01856962963938713, 0.019012905657291412, 0.019355181604623795, 0.01884911209344864, 0.01924414001405239, 0.019408879801630974, 0.019414834678173065, 0.018816474825143814, 0.019067276269197464, 0.019079260528087616, 0.018907424062490463], "(3, 4, 2, 2)": [0.01948893815279007, 0.01965433731675148, 0.01953248679637909, 0.01954115927219391, 0.0196355190128088, 0.019610311836004257, 0.019707823172211647, 0.0195019394159317, 0.019620191305875778, 0.019553573802113533, 0.01962006278336048], "(3, 4, 2, 1)": [0.01958855427801609, 0.01957719214260578, 0.019468504935503006, 0.019655684009194374, 0.019571905955672264, 0.019655359908938408, 0.019682247191667557, 0.019601600244641304, 0.019590921700000763, 0.019662488251924515, 0.01951921358704567], "(3, 3, 1, 1)": [0.01863955706357956, 0.018573051318526268, 0.01802346110343933, 0.0187319777905941, 0.018610376864671707, 0.01873389631509781, 0.018690576776862144, 0.01884649507701397, 0.018235253170132637, 0.018563473597168922, 0.021090464666485786], "(3, 2, 1, 1)": [0.01791462115943432, 0.021905800327658653, 0.0008882861584424973, 0.018185369670391083, 0.018127158284187317, -0.0022675059735774994, 0.018367832526564598, 0.025149863213300705, 0.01778983138501644, 0.01786082610487938, 0.01820472814142704], "(3, 2, 2, 1)": [0.018084602430462837, 0.017472930252552032, 0.018056757748126984, 0.01756644994020462, 0.017699455842375755, 0.018074145540595055, 0.018019866198301315, 0.016398753970861435, 0.017906151711940765, 0.01769615150988102, 0.018178876489400864], "(3, 1, 1, 1)": [-0.01218546275049448, -0.011978711001574993, -0.011860033497214317, -0.012201306410133839, -0.0128875020891428, -0.012124968692660332, -0.01562083512544632, -0.01393151842057705, -0.011890973895788193, -0.010333340615034103, -0.020079277455806732], "(3, 8, 1, 2)": [0.019281385466456413, 0.019476110115647316, 0.018704771995544434, 0.018544089049100876, 0.018607793375849724, 0.018798982724547386, 0.018693596124649048, 0.01959870383143425, 0.019734350964426994, 0.019160255789756775, 0.02087715081870556], "(3, 7, 1, 1)": [0.0197076965123415, 0.020051157101988792, 0.019673926755785942, 0.01964600570499897, 0.01971394009888172, 0.01968280039727688, 0.019742120057344437, 0.019570760428905487, 0.019532762467861176, 0.01973537541925907, 0.0197340939193964], "(3, 7, 2, 2)": [0.01962709240615368, 0.019533246755599976, 0.021064190194010735, 0.019546860828995705, 0.019323257729411125, 0.019973760470747948, 0.01951092667877674, 0.01946166157722473, 0.01950211450457573, 0.020168140530586243, 0.019662927836179733], "(3, 8, 2, 2)": [0.01916351541876793, 0.019716694951057434, 0.019915463402867317, 0.019220905378460884, 0.01892727240920067, 0.01928159035742283, 0.018895037472248077, 0.020132893696427345, 0.017845064401626587, 0.018915947526693344, 0.019243236631155014], "(3, 8, 1, 1)": [0.019048018380999565, 0.019180357456207275, 0.019114961847662926, 0.019052451476454735, 0.01890050806105137, 0.018718184903264046, 0.019075438380241394, 0.018922898918390274, 0.01900365576148033, 0.01891483925282955, 0.01889188028872013], "(3, 9, 2, 2)": [0.01764671877026558, 0.01743333786725998, -0.01931874454021454, -0.015863683074712753, 0.018184175714850426, 0.0179845429956913, 0.0018233712762594223, 1.946277916431427e-05, 4.545040428638458e-05, 0.018183160573244095, -0.00032900460064411163], "(3, 10, 2, 2)": [-0.020130464807152748, -0.01907462812960148, -0.012437039986252785, -0.011880929581820965, -0.012111006304621696, -0.013090741820633411, -0.015818437561392784, -0.01320582814514637, -0.01216542162001133, -0.012162676081061363, -0.012598501518368721],