{"q_values": {"(2, 6, 2, 2)": [0.02014119178056717, 0.020302195101976395, 0.020214514806866646, 0.020289456471800804, 0.02023649774491787, 0.02021746151149273, 0.020153267309069633, 0.020281484350562096, 0.02016286738216877, 0.019861528649926186, 0.02018127031624317], "(2, 6, 1, 1)": [0.020217744633555412, 0.020159751176834106, 0.02010287530720234, 0.02016945742070675, 0.020149659365415573, 0.02014668472111225, 0.020181195810437202, 0.020134057849645615, 0.02017359994351864, 0.020251253619790077, 0.02011158876121044], "(2, 6, 1, 2)": [0.0202589463442564, 0.0203861091285944, 0.020141152665019035, 0.02029343694448471, 0.02036716602742672, 0.020297164097428322, 0.020184287801384926, 0.020265014842152596, 0.020192088559269905, 0.020274192094802856, 0.020264221355319023], "(2, 7, 2, 2)": [0.01954098418354988, 0.019884418696165085, 0.01897476240992546, 0.019562307745218277, 0.01903863623738289, 0.01960917003452778, 0.019717639312148094, 0.019633280113339424, 0.01915259100496769, 0.019405683502554893, 0.019674688577651978], "(2, 7, 1, 1)": [0.019737914204597473, 0.020143749192357063, 0.01969468593597412, 0.019745824858546257, 0.019714226946234703, 0.019716940820217133, 0.019602453336119652, 0.019717691466212273, 0.019457105547189713, 0.01979725994169712, 0.019423680379986763], "(2, 7, 1, 2)": [0.01950187422335148, 0.01967327482998371, 0.019478557631373405, 0.019621310755610466, 0.01924082636833191, 0.019504353404045105, 0.019683456048369408, 0.019467880949378014, 0.01952504739165306, 0.019649207592010498, 0.019421705976128578], "(2, 8, 1, 2)": [0.01909613609313965, 0.019019154831767082, 0.019054817035794258, 0.019146250560879707, 0.019245339557528496, 0.019188297912478447, 0.019012577831745148, 0.019114231690764427, 0.018915439024567604, 0.019297325983643532, 0.01924358494579792], "(2, 8, 2, 2)": [0.01907251961529255, 0.018965944647789, 0.018608173355460167, 0.019187524914741516, 0.01880544424057007, 0.018099188804626465, 0.018729863688349724, 0.018494226038455963, 0.018917107954621315, 0.018683254718780518, 0.018471376970410347], "(2, 8, 1, 1)": [0.019004229456186295, 0.01981680653989315, 0.01912117376923561, 0.01897413469851017, 0.019095001742243767, 0.018681427463889122, 0.018818611279129982, 0.018724210560321808, 0.018960850313305855, 0.0188967976719141, 0.019066467881202698], "(2, 9, 2, 2)": [0.017630180343985558, 0.017759310081601143, 0.0010000001639127731, 0.01819564402103424, 0.017687315121293068, 0.017558682709932327, 0.017718661576509476, 0.01848120056092739, 0.00019552931189537048, 0.01757759600877762, 0.0002305600792169571], "(2, 10, 2, 2)": [-0.017914624884724617, 0.01894085854291916, -0.013017300516366959, -0.011536257341504097, -0.010841351002454758, -0.009546911343932152, -0.011747288517653942, -0.009156707674264908, -0.00963085051625967, -0.009235434234142303, -0.024363882839679718], "(3, 4, 1, 2)": [0.018682757392525673, 0.0, 0.02439204975962639, 0.0, 0.01958342455327511, 0.023022551089525223, 0.02299448847770691, 0.01865185610949993, 0.021352462470531464, 0.018899589776992798, 0.0], "(2, 1, 2, 1)": [-0.008228396996855736, 0.011850272305309772, 0.009933989495038986, 0.01904367096722126, -0.0016817450523376465, -0.008723743259906769, 0.019618062302470207, 0.0195469930768013, 0.0196935273706913, 0.020996039733290672, -0.011965768411755562], "(2, 1, 2, 2)": [0.02207101322710514, -0.013245448470115662, -0.013097437098622322, 0.017811782658100128, 0.021228399127721786, 0.02300495281815529, 0.006159250624477863, 0.02216462790966034, 0.0, 0.01959456130862236, 0.023873431608080864], "(2, 1, 1, 1)": [-0.008532577194273472, -0.011730927042663097, -0.01273980550467968, -0.012013658881187439, -0.010985426604747772, -0.011608192697167397, -0.011205592192709446, -0.012563307769596577, -0.012396028265357018, -0.013283886015415192, -0.016864608973264694], "(2, 2, 2, 2)": [0.0180842075496912, 0.017959507182240486, 0.017323412001132965, 0.021215207874774933, 0.018187182024121284, 0.01838734745979309, 0.018605832010507584, 0.01855156570672989, 0.018281983211636543, 0.01808503083884716, 0.018327513709664345], "(2, 3, 2, 2)": [0.018454212695360184, 0.019371967762708664, 0.019939998164772987, 0.019267259165644646, 0.018918784335255623, 0.020243598148226738, 0.019244488328695297, 0.01921200007200241, 0.02114517241716385, 0.01918887160718441, 0.019254064187407494], "(3, 3, 2, 2)": [0.019097382202744484, 0.01924179308116436, 0.018834732472896576, 0.019072506576776505, 0.01891322061419487, 0.019162079319357872, 0.01888532005250454, 0.01891278102993965, 0.01905619539320469, 0.019032102078199387, 0.018988652154803276], "(3, 4, 2, 2)": [0.0200243778526783, 0.01968485675752163, 0.01978052221238613, 0.020595824345946312, 0.019749008119106293, 0.019810669124126434, 0.01990661397576332, 0.01990019530057907, 0.019969547167420387, 0.01991274021565914, 0.020335638895630836], "(3, 4, 2, 1)": [0.0197785384953022, 0.01949671283364296, 0.019740011543035507, 0.01969045400619507, 0.01976858638226986, 0.01922321878373623, 0.019731488078832626, 0.019761281087994576, 0.0202363021671772, 0.019947567954659462, 0.019844338297843933], "(3, 3, 1, 1)": [0.01869555003941059, 0.01870742253959179, 0.018830431625247, 0.018914854153990746, 0.01876036636531353, 0.018820395693182945, 0.01855100691318512, 0.019248874858021736, 0.018924351781606674, 0.018992548808455467, 0.01882289908826351], "(3, 2, 1, 1)": [0.01785559207201004, 0.013846890069544315, -0.01808575540781021, 0.01775236614048481, 0.019403934478759766, 0.021085144951939583, 0.01932438090443611, 0.01622433215379715, 0.017988568171858788, 0.017719347029924393, 0.017895687371492386], "(3, 2, 2, 1)": [0.0010917410254478455, 0.017805378884077072, 0.017633657902479172, 0.021342558786273003, 0.0010498110204935074, 0.016983654350042343, 0.018058551475405693, 0.017664790153503418, 0.01762714982032776, 0.017972391098737717, 0.017896514385938644], "(3, 1, 1, 1)": [-0.011959703639149666, -0.010747784748673439, -0.010064234957098961, -0.009744501672685146, -0.011365044862031937, -0.01707417517900467, 0.006915554404258728, -0.008853436447679996, -0.023944152519106865, -0.01934777945280075, -0.016877882182598114], "(3, 8, 1, 2)": [0.019256915897130966, 0.01927235722541809, 0.019131077453494072, 0.018921416252851486, 0.01892281323671341, 0.019211018458008766, 0.019057709723711014, 0.019397534430027008, 0.019361430779099464, 0.019337832927703857, 0.019503744319081306], "(3, 7, 1, 1)": [0.019842416048049927, 0.019880805164575577, 0.019785206764936447, 0.019997062161564827, 0.020066598430275917, 0.020246829837560654, 0.019909899681806564, 0.01985388621687889, 0.019744694232940674, 0.01991645060479641, 0.0201336070895195], "(3, 7, 2, 2)": [0.019823284819722176, 0.019455038011074066, 0.019522378221154213, 0.01983623392879963, 0.019760556519031525, 0.01929684542119503, 0.019547108560800552, 0.019602058455348015, 0.019736476242542267, 0.019565008580684662, 0.0198112353682518], "(3, 8, 2, 2)": [0.019121095538139343, 0.018770726397633553, 0.01896851323544979, 0.019038371741771698, 0.018726633861660957, 0.019366543740034103, 0.018861258402466774, 0.018828315660357475, 0.018944496288895607, 0.019126348197460175, 0.01934950426220894], "(3, 8, 1, 1)": [0.01901559717953205, 0.019030550494790077, 0.01899426430463791, 0.01895802468061447, 0.018884217366576195, 0.01895066350698471, 0.019119836390018463, 0.018990566954016685, 0.01917608641088009, 0.018725158646702766, 0.019024914130568504], "(3, 9, 2, 2)": [0.018213802948594093, 0.018352223560214043, 0.017631633207201958, 0.019455961883068085, 0.018963642418384552, 0.018700696527957916, 0.019436029717326164, -0.01327427662909031, -0.020061777904629707, 0.018160762265324593, 0.018797803670167923], "(3, 10, 2, 2)": [0.01629629172384739, 0.01929241418838501, -0.010929088108241558, 0.01754332333803177, -0.008925913833081722, 0.016434255987405777, -0.009306753054261208, -0.008525124751031399, -0.011246336624026299, -0.009437663480639458, -0.009448093362152576],