{"q_values": {"(2, 6, 2, 2)": [0.019980888813734055, 0.019659504294395447, 0.02003582939505577, 0.019671857357025146, 0.020009363070130348, 0.01996321603655815, 0.01999375969171524, 0.02003762312233448, 0.019894741475582123, 0.019937695935368538, 0.019968301057815552], "(2, 6, 1, 1)": [0.0201119314879179, 0.020095812156796455, 0.020107775926589966, 0.020162208005785942, 0.020078785717487335, 0.02013869769871235, 0.020192157477140427, 0.020087171345949173, 0.020097557455301285, 0.02018817514181137, 0.020166773349046707], "(2, 6, 1, 2)": [0.0202589463442564, 0.02007923647761345, 0.020141152665019035, 0.020080648362636566, 0.020092366263270378, 0.020158112049102783, 0.020038211718201637, 0.01999478042125702, 0.020192088559269905, 0.020274192094802856, 0.020264221355319023], "(2, 7, 2, 2)": [0.019496750086545944, 0.019609808921813965, 0.01923409104347229, 0.01953703537583351, 0.01966184191405773, 0.019709670916199684, 0.01945643313229084, 0.01933104358613491, 0.019738923758268356, 0.019633715972304344, 0.019704800099134445], "(2, 7, 1, 1)": [0.01973615027964115, 0.019690144807100296, 0.019686592742800713, 0.019807524979114532, 0.019894933328032494, 0.0198605228215456, 0.019862782210111618, 0.019903099164366722, 0.019815919920802116, 0.019573355093598366, 0.019811635836958885], "(2, 7, 1, 2)": [0.019804729148745537, 0.01967327482998371, 0.019478557631373405, 0.019640754908323288, 0.01960466057062149, 0.019504353404045105, 0.01968359388411045, 0.01961878128349781, 0.01953776925802231, 0.019649207592010498, 0.019421705976128578], "(2, 8, 1, 2)": [0.019143711775541306, 0.019019154831767082, 0.019054817035794258, 0.01802498660981655, 0.019030651077628136, 0.018639620393514633, 0.019012577831745148, 0.01899021863937378, 0.01876966841518879, 0.018520662561058998, 0.01881406269967556], "(2, 8, 2, 2)": [0.019029375165700912, 0.017998142167925835, 0.01908414252102375, 0.017741039395332336, 0.018998831510543823, 0.019132323563098907, 0.01923290081322193, 0.019029943272471428, 0.019180474802851677, 0.019444452598690987, 0.020905151963233948], "(2, 8, 1, 1)": [0.019004229456186295, 0.01920541375875473, 0.019371813163161278, 0.019489029422402382, 0.019104909151792526, 0.019674059003591537, 0.019166182726621628, 0.018637854605913162, 0.019236024469137192, 0.01888555847108364, 0.018883774057030678], "(2, 9, 2, 2)": [0.018170706927776337, -0.017436683177947998, 0.01954338513314724, 0.017250876873731613, 0.01995539478957653, 0.020141130313277245, -0.018537266179919243, 0.021507367491722107, -0.014855876564979553, 0.021010857075452805, -0.018441975116729736], "(2, 10, 2, 2)": [-0.010378547012805939, -0.016119854524731636, -0.013017300516366959, -0.01830289140343666, -0.010841351002454758, -0.011699212715029716, -0.012339447624981403, -0.013211469165980816, -0.013009443879127502, -0.010045574977993965, -0.012317311018705368], "(3, 4, 1, 2)": [0.018682757392525673, 0.018737884238362312, 0.02439204975962639, 0.0, 0.01958342455327511, 0.023022551089525223, 0.02299448847770691, 0.01865185610949993, 0.021352462470531464, 0.018899589776992798, 0.0], "(2, 1, 2, 1)": [-0.008228396996855736, 0.011850272305309772, 0.009933989495038986, 0.01904367096722126, -0.0016817450523376465, 0.019338317215442657, 0.019618062302470207, 0.01789863221347332, 0.020296087488532066, -0.017055848613381386, -0.011965768411755562], "(2, 1, 2, 2)": [0.02207101322710514, -0.013245448470115662, -0.013097437098622322, 0.017811782658100128, 0.021228399127721786, 0.018280312418937683, 0.006159250624477863, 0.02216462790966034, 0.0, 0.01959456130862236, 0.019522618502378464], "(2, 1, 1, 1)": [-0.01261155679821968, -0.012606984935700893, -0.01273980550467968, -0.0122523233294487, -0.012015522457659245, -0.012821742333471775, -0.012335176579654217, -0.012563307769596577, -0.011974513530731201, -0.011847269721329212, -0.010496179573237896], "(2, 2, 2, 2)": [0.022693539038300514, 0.022352034226059914, 0.017323412001132965, 0.018319442868232727, 0.018187182024121284, 0.01838734745979309, 0.018180612474679947, 0.01873672753572464, 0.017959894612431526, 0.01780654489994049, 0.01766122318804264], "(2, 3, 2, 2)": [0.019042450934648514, 0.019229646772146225, 0.018954483792185783, 0.01921961084008217, 0.019248243421316147, 0.01930936612188816, 0.018937090411782265, 0.018971974030137062, 0.019265662878751755, 0.019925639033317566, 0.01890995353460312], "(3, 3, 2, 2)": [0.018863659352064133, 0.018945546820759773, 0.018943171948194504, 0.018571315333247185, 0.01890270598232746, 0.01881289854645729, 0.018888045102357864, 0.018949778750538826, 0.018864426761865616, 0.018942436203360558, 0.01893799565732479], "(3, 4, 2, 2)": [0.01994643174111843, 0.019816268235445023, 0.01995113492012024, 0.019859055057168007, 0.01985984481871128, 0.019809357821941376, 0.019985001534223557, 0.01983238197863102, 0.01978633552789688, 0.019869904965162277, 0.019903546199202538], "(3, 4, 2, 1)": [0.01960834674537182, 0.020661735907197, 0.019024483859539032, 0.019843563437461853, 0.01973768137395382, 0.01973632536828518, 0.018971895799040794, 0.01979021541774273, 0.019826170057058334, 0.019703887403011322, 0.019844338297843933], "(3, 3, 1, 1)": [0.017868099734187126, 0.01879553124308586, 0.018474118784070015, 0.018641600385308266, 0.01880551315844059, 0.01877828687429428, 0.01878182403743267, 0.018731527030467987, 0.01857972890138626, 0.01876896247267723, 0.01886119693517685], "(3, 2, 1, 1)": [-0.018586881458759308, 0.018289050087332726, -0.0183296836912632, 0.01817343197762966, 0.018535178154706955, 0.018454011529684067, 0.01803707890212536, 0.01622433215379715, 0.019024301320314407, 0.018882587552070618, 0.019141212105751038], "(3, 2, 2, 1)": [0.019692597910761833, 0.019585540518164635, 0.020498573780059814, 0.018690844997763634, 0.019128955900669098, 0.019601203501224518, 0.018465954810380936, 0.016592929139733315, 0.018124088644981384, 0.0196173544973135, 0.019384533166885376], "(3, 1, 1, 1)": [-0.01218546275049448, -0.011893522925674915, -0.01298378687351942, -0.011713202111423016, -0.011365044862031937, -0.01707417517900467, -0.01562083512544632, -0.011807436123490334, -0.011890973895788193, -0.014958422631025314, 0.02950313687324524], "(3, 8, 1, 2)": [0.01808895729482174, 0.01858576014637947, 0.018704771995544434, 0.01872558519244194, 0.018683739006519318, 0.01888446882367134, 0.018693596124649048, 0.0184594988822937, 0.018833216279745102, 0.018408622592687607, 0.018579216673970222], "(3, 7, 1, 1)": [0.01987922005355358, 0.019872233271598816, 0.01985442079603672, 0.019677141681313515, 0.019735360518097878, 0.019614312797784805, 0.019909899681806564, 0.01985388621687889, 0.019809598103165627, 0.02011551894247532, 0.019756928086280823], "(3, 7, 2, 2)": [0.0196432713419199, 0.019779236987233162, 0.019543584436178207, 0.01880204863846302, 0.019642958417534828, 0.01896893046796322, 0.01967724971473217, 0.019779860973358154, 0.01963951624929905, 0.019785204902291298, 0.019837012514472008], "(3, 8, 2, 2)": [0.01873295195400715, 0.018644191324710846, 0.018536534160375595, 0.018604131415486336, 0.01869850605726242, 0.01782067120075226, 0.017977895215153694, 0.018776221200823784, 0.01976119354367256, 0.018780676648020744, 0.018721286207437515], "(3, 8, 1, 1)": [0.01901559717953205, 0.018977181985974312, 0.018942812457680702, 0.018801847472786903, 0.01888267882168293, 0.018930450081825256, 0.018937893211841583, 0.018568972125649452, 0.018685366958379745, 0.018699882552027702, 0.01878674328327179], "(3, 9, 2, 2)": [0.017232278361916542, 0.01769036240875721, -0.01834271289408207, 0.01739126816391945, 0.017431778833270073, 0.019026830792427063, 0.019070560112595558, -0.014558939263224602, -0.018302300944924355, 0.017474431544542313, 0.017460903152823448], "(3, 10, 2, 2)": [0.018875345587730408, 0.02475130185484886, -0.01968485116958618, -0.011114057153463364, -0.011466938070952892, -0.018089644610881805, -0.011401754803955555, 0.021433528512716293, -0.008517961949110031, -0.012510345317423344, -0.011567444540560246],