{"q_values": {"(2, 6, 1, 1)": [0.037889961153268814, 0.03790312819182873, 0.03606264665722847, 0.037070680409669876, 0.03699708729982376], "(2, 6, 2, 2)": [0.034827280789613724, 0.03557921014726162, 0.037040479481220245, 0.03782048635184765, 0.037072401493787766], "(2, 7, 2, 2)": [0.03650382533669472, 0.03414648957550526, 0.03587646223604679, 0.03739580698311329, 0.03640509955585003], "(2, 8, 2, 2)": [0.03228438459336758, 0.026275496929883957, 0.0292651429772377, 0.03162479028105736, 0.033237606287002563], "(2, 9, 2, 2)": [0.021542226895689964, 0.020686562173068523, 0.02074210997670889, 0.017606069333851337, 0.01623344235122204], "(2, 10, 2, 2)": [-0.007865035440772772, -0.018031534738838673, -0.015634347219020128, -0.014602905604988337, -0.02202631812542677], "(2, 1, 2, 2)": [0.000643137376755476, 0.0, 0.004608014598488808, 0.006755836308002472, 0.004411230329424143], "(2, 1, 1, 1)": [-0.03275718539953232, -0.030216348357498646, -0.02161517273634672, -0.020915096625685692, -0.027922825887799263], "(3, 8, 1, 2)": [0.01883901283144951, 0.01340097514912486, 0.0170575063675642, 0.027919274754822254, 0.027961588464677334], "(3, 8, 2, 2)": [0.02939160168170929, 0.02823235373944044, 0.02989598549902439, 0.03235068451613188, 0.026533002965152264], "(3, 9, 2, 2)": [0.009019161923788488, 0.010893519036471844, 0.012544509023427963, 0.014968934934586287, 0.009522201173240319], "(3, 9, 1, 2)": [0.026295206509530544, 0.022840765304863453, 0.02666915487498045, 0.02009792346507311, 0.01973447296768427], "(3, 10, 1, 2)": [0.005074217915534973, 0.0028906716033816338, -0.006961957784369588, -0.0017888813745230436, 0.0008193517569452524], "(3, 10, 2, 2)": [-0.026039907708764076, -0.025400354526937008, -0.02974631078541279, -0.023294630460441113, -0.026143468916416168], "(3, 3, 1, 2)": [0.013171801809221506, 0.004853587131947279, 0.004833941347897053, 0.005130189936608076, 0.012779631651937962], "(3, 3, 1, 1)": [0.03354169987142086, 0.03418993391096592, 0.03365391865372658, 0.03204755857586861, 0.03355363942682743], "(2, 3, 1, 1)": [0.0330770518630743, 0.0350645761936903, 0.03373761475086212, 0.03239567019045353, 0.03395030088722706], "(2, 2, 1, 1)": [0.017773722764104605, 0.009902238845825195, 0.0214237617328763, 0.014044483192265034, 0.020791158080101013], "(3, 6, 1, 2)": [0.011836502933874726, 0.014518716838210821, 0.008353481069207191, 0.02013544226065278, 0.019831246696412563], "(3, 6, 1, 1)": [0.037055037915706635, 0.037529898807406425, 0.03799436613917351, 0.03724600560963154, 0.03714871406555176], "(3, 5, 1, 1)": [0.036965956911444664, 0.03545285947620869, 0.036058880388736725, 0.03352912236005068, 0.03350772336125374], "(2, 5, 1, 1)": [0.039032669737935066, 0.03878595679998398, 0.03876519575715065, 0.0387744028121233, 0.03380904346704483], "(2, 4, 1, 1)": [0.03742356412112713, 0.03725055605173111, 0.03787100315093994, 0.03406669199466705, 0.037119025364518166], "(2, 3, 2, 2)": [0.036534909158945084, 0.034220004454255104, 0.036580316722393036, 0.036602847278118134, 0.03717528656125069], "(2, 4, 2, 2)": [0.03589808568358421, 0.03627014346420765, 0.03790638409554958, 0.037044376134872437, 0.037066711112856865], "(2, 5, 2, 2)": [0.03219735808670521, 0.03717918321490288, 0.03746546804904938, 0.03904639557003975, 0.03645160421729088], "(2, 6, 2, 1)": [0.008132020942866802, 0.018348407465964556, 0.008058581501245499, 0.005566488020122051, 0.009090321138501167], "(2, 5, 2, 1)": [0.026550757698714733, 0.018529247725382447, 0.01384776271879673, 0.017675042618066072, 0.01529755163937807], "(2, 3, 2, 1)": [0.03379378467798233, 0.029680664651095867, 0.026312295347452164, 0.03339039906859398, 0.03208812698721886], "(2, 2, 2, 1)": [0.022640296258032322, 0.025442340411245823, 0.023086754605174065, 0.02208380401134491, 0.016944953007623553], "(2, 2, 2, 2)": [0.029874451458454132, 0.029026580043137074, 0.03159886971116066, 0.03444343060255051, 0.032189205288887024], "(3, 5, 2, 2)": [0.034547314047813416, 0.02739434503018856, 0.0350101999938488, 0.03222916927188635, 0.03305121138691902], "(3, 4, 1, 1)": [0.036106690764427185, 0.03579160384833813, 0.03606696240603924, 0.03510718047618866, 0.0369501207023859], "(3, 2, 1, 1)": [0.017962956801056862, 0.018675812520086765, 0.019775337539613247, 0.020195499062538147, 0.0189951965585351], "(3, 4, 1, 2)": [0.016837646253407, 0.008739504031836987, 0.003677637781947851, 0.007619352545589209, 0.0029657292179763317], "(3, 4, 2, 2)": [0.037472138181328773, 0.0350372139364481, 0.035474032163619995, 0.036619145423173904, 0.03635169006884098], "(3, 6, 2, 2)": [0.037401821464300156, 0.0381406806409359, 0.03869509510695934, 0.03833409212529659, 0.03904600627720356], "(3, 7, 2, 2)": [0.03632756881415844, 0.037429993972182274, 0.037573445588350296, 0.03704510256648064, 0.03617384657263756], "(3, 7, 1, 1)": [0.035178784281015396, 0.03863809071481228, 0.03631480038166046, 0.0359302144497633, 0.034778695553541183], "(3, 8, 1, 1)": [0.035839471966028214, 0.032143473625183105, 0.029280363582074642, 0.03223548084497452, 0.02715822122991085], "(3, 9, 1, 1)": [0.025993348099291325, 0.027092164382338524, 0.02618038933724165, 0.027641650289297104, 0.028690441511571407], "(3, 2, 1, 2)": [0.0, 0.018224478233605623, 0.0, 0.0, 0.00506649911403656], "(3, 3, 2, 2)": [0.034867364913225174, 0.034856557846069336, 0.03683145344257355, 0.03639198653399944, 0.03560789301991463], "(3, 2, 2, 1)": [0.02384850289672613, 0.019730627071112394, 0.03174474090337753, 0.02382921241223812, 0.031865980476140976], "(2, 8, 1, 1)": [0.029673774726688862, 0.03414506837725639, 0.02878173254430294, 0.028626151382923126, 0.026747112162411213], "(2, 7, 1, 1)": [0.03148191049695015, 0.036085568368434906, 0.033296238631010056, 0.03219601884484291, 0.03295033425092697], "(2, 1, 2, 1)": [-0.012925742194056511, -0.0008771657012403011, 0.0042191436514258385, 0.000500968424603343, 0.0], "(2, 7, 1, 2)": [0.02757564466446638, 0.017985466867685318, 0.020524565130472183, 0.017538547050207853, 0.015403550118207932], "(3, 3, 2, 1)": [0.029349290765821934, 0.03329761512577534, 0.028780424036085606, 0.025668581016361713, 0.032516391947865486], "(3, 2, 2, 2)": [0.02937398012727499, 0.03205173835158348, 0.03291771374642849, 0.033217187970876694, 0.03499327041208744], "(3, 4, 2, 1)": [0.03000650368630886, 0.0344113502651453, 0.02875258307904005, 0.025958234444260597, 0.028638298623263836], "(3, 1, 1, 1)": [-0.02435640525072813, -0.02700937259942293, -0.02286642976105213, -0.01217337604612112, -0.022724829614162445], "(3, 1, 2, 1)": [-0.00913353473879397, 0.0, 0.0011402163654565811, -0.010656605008989573, 0.011841843370348215], "(3, 1, 2, 2)": [0.002483468037098646, 0.0034934396389871836, 0.002482971176505089, 0.0034244388807564974, 0.01757396198809147], "(2, 6, 1, 2)": [0.016482179053127766, 0.009883820544928312, 0.010714811272919178, 0.008572903228923678, 0.026518171653151512], "(3, 9, 2, 1)": [0.0, 0.009578336495906115, 0.003246231935918331, 0.00731027708388865, 0.0], "(2, 4, 2, 1)": [0.030876598320901394, 0.025206060148775578, 0.022980932146310806, 0.025364416651427746, 0.024517547339200974], "(3, 7, 2, 1)": [0.0050030979327857494, 0.007988991215825081, 0.0029549524188041687, 0.02269075158983469, 0.017917901277542114], "(2, 7, 2, 1)": [0.00492643378674984, 0.020436804741621017, 0.007682096213102341, 0.009779638145118952, 0.0], "(2, 8, 1, 2)": [0.015330703929066658, 0.012692844262346625, 0.008670886047184467, 0.015841354615986347, 0.018576414324343204], "(2, 5, 1, 2)": [0.005415990017354488, 0.0100734643638134, 0.002999803749844432, 0.015655867755413055, 0.005916973575949669], "(3, 6, 2, 1)": [0.0170575063675642, 0.020137864165008068, 0.013781393878161907, 0.02694277372211218, 0.011950658867135644], "(3, 7, 1, 2)": [0.00509111350402236, 0.006338496692478657, 0.002925725420936942, 0.018705908209085464, 0.013010094407945871], "(2, 8, 2, 1)": [0.017150661908090115, 0.005278078839182854, 0.0028660462703555822, 0.012121339328587055, 0.007809121394529939],