{"q_values": {"(2, 6, 1, 1)": [0.03885073773562908, 0.03819827921688557, 0.03836877830326557, 0.03760966658592224, 0.03803650289773941], "(2, 6, 2, 2)": [0.038925901055336, 0.03938506171107292, 0.038933198899030685, 0.03884637914597988, 0.03878449276089668], "(2, 7, 2, 2)": [0.0361008420586586, 0.03615730628371239, 0.03601384907960892, 0.03781774081289768, 0.03611212968826294], "(2, 8, 2, 2)": [0.03685883991420269, 0.03145053796470165, 0.030607792548835278, 0.03202333673834801, 0.0301047395914793], "(2, 9, 2, 2)": [0.028392167761921883, 0.009523594984784722, 0.013900842051953077, 0.01193059142678976, 0.012269288301467896], "(2, 10, 2, 2)": [-0.02006836561486125, -0.02109693083912134, -0.019646880216896534, -0.02409185841679573, -0.01851804554462433], "(2, 1, 2, 2)": [0.015771140344440937, 0.007368988823145628, 0.011728159617632627, 0.0198164414614439, 0.034723592922091484], "(2, 1, 1, 1)": [-0.021692441776394844, -0.02128619607537985, -0.021423551253974438, 0.0033923203591257334, -0.0238944785669446], "(3, 8, 1, 2)": [0.037871288135647774, 0.03735870122909546, 0.0373848844319582, 0.03718655928969383, 0.03560429811477661], "(3, 8, 2, 2)": [0.033097533509135246, 0.03715743310749531, 0.03238056320697069, 0.03175248019397259, 0.03158863354474306], "(3, 9, 2, 2)": [0.03573283553123474, 0.007607998326420784, 0.0092309033498168, 0.01918585831299424, 0.012739161029458046], "(3, 9, 1, 2)": [0.03571288846433163, 0.034334056079387665, 0.03393744118511677, 0.02734412159770727, 0.026323196478188038], "(3, 10, 1, 2)": [0.028045631013810635, 0.010387887712568045, 0.009230575058609247, -0.012421153020113707, -0.008023061964195222], "(3, 10, 2, 2)": [-0.003639643080532551, -0.021934980526566505, -0.021526627242565155, -0.02278975397348404, -0.02719963900744915], "(3, 3, 1, 2)": [0.02847268618643284, 0.020598146598786116, 0.02592732384800911, 0.017797629348933697, 0.03746810555458069], "(3, 3, 1, 1)": [0.031572326086461544, 0.031610156409442425, 0.036227768287062645, 0.031070051714777946, 0.030821931548416615], "(2, 3, 1, 1)": [0.026533091440796852, 0.028469574637711048, 0.028817757964134216, 0.02687860280275345, 0.0359632633626461], "(2, 2, 1, 1)": [0.00298119243234396, 0.004576530307531357, 0.004099420737475157, 0.03442753851413727, 0.004244115203619003], "(3, 6, 1, 2)": [0.0396826583892107, 0.03951207548379898, 0.039338281378149986, 0.039341291412711143, 0.03920995444059372], "(3, 6, 1, 1)": [0.03922787122428417, 0.03947087377309799, 0.03925236128270626, 0.039052657783031464, 0.039218394085764885], "(3, 5, 1, 1)": [0.03839011862874031, 0.03889789059758186, 0.03883138671517372, 0.03833262622356415, 0.038366297259926796], "(2, 5, 1, 1)": [0.037750229239463806, 0.03780229389667511, 0.037731677293777466, 0.03776504099369049, 0.03751055337488651], "(2, 4, 1, 1)": [0.035194650292396545, 0.03580644354224205, 0.037091901525855064, 0.03508675843477249, 0.036213984712958336], "(2, 3, 2, 2)": [0.03754638321697712, 0.037474241107702255, 0.037664033472537994, 0.03735141083598137, 0.03818420507013798], "(2, 4, 2, 2)": [0.03855409286916256, 0.03850885108113289, 0.03846787288784981, 0.03857902064919472, 0.039022421464324], "(2, 5, 2, 2)": [0.03782738000154495, 0.0395644586533308, 0.03863120637834072, 0.038650212809443474, 0.03860491327941418], "(2, 6, 2, 1)": [0.03928734175860882, 0.03936704248189926, 0.03920771926641464, 0.03969894349575043, 0.039189064875245094], "(2, 5, 2, 1)": [0.03900536336004734, 0.03900803625583649, 0.03930066525936127, 0.039057960733771324, 0.03899231366813183], "(2, 3, 2, 1)": [0.035944290459156036, 0.03665417805314064, 0.03683830238878727, 0.03717000037431717, 0.03661927953362465], "(2, 2, 2, 1)": [0.026445134542882442, 0.03223506361246109, 0.03410758078098297, 0.03515050373971462, 0.03395448997616768], "(2, 2, 2, 2)": [0.03365289978682995, 0.03476209565997124, 0.034816572442650795, 0.03627604618668556, 0.035119496285915375], "(3, 5, 2, 2)": [0.03677911497652531, 0.036805879324674606, 0.03671909123659134, 0.0392608605325222, 0.03640124201774597], "(3, 4, 1, 1)": [0.03621642664074898, 0.03713012672960758, 0.036866774782538414, 0.03699634410440922, 0.03781159594655037], "(3, 2, 1, 1)": [0.011687112972140312, 0.013210429809987545, 0.014022762421518564, 0.006583223585039377, 0.03428923897445202], "(3, 4, 1, 2)": [0.03852328099310398, 0.03802010230720043, 0.037566132843494415, 0.0371962059289217, 0.0380643792450428], "(3, 4, 2, 2)": [0.03607332706451416, 0.03704467602074146, 0.03898530267179012, 0.03629636578261852, 0.035856541246175766], "(3, 6, 2, 2)": [0.037479521706700325, 0.03729422204196453, 0.03770315647125244, 0.03797140717506409, 0.03715445287525654], "(3, 7, 2, 2)": [0.03932793624699116, 0.03673451021313667, 0.0362521018832922, 0.03664257004857063, 0.03655700758099556], "(3, 7, 1, 1)": [0.039357757195830345, 0.03900577686727047, 0.03902978450059891, 0.038982709869742393, 0.039015963673591614], "(3, 8, 1, 1)": [0.03758639469742775, 0.03818595036864281, 0.037748755887150764, 0.03738781251013279, 0.03758327476680279], "(3, 9, 1, 1)": [0.034882714971899986, 0.03673333674669266, 0.03507191687822342, 0.03528369776904583, 0.03349495306611061], "(3, 2, 1, 2)": [0.0034774502273648977, 0.029882052913308144, 0.013035505078732967, 0.01648852415382862, 0.01835751812905073], "(3, 3, 2, 2)": [0.03480117581784725, 0.03468499518930912, 0.03463740646839142, 0.034934088587760925, 0.03779399394989014], "(3, 2, 2, 1)": [0.02125426009297371, 0.01889783702790737, 0.01937688747420907, 0.0236654169857502, 0.033258821815252304], "(2, 8, 1, 1)": [0.03862374648451805, 0.034815896302461624, 0.03497821092605591, 0.034937310963869095, 0.03556280396878719], "(2, 7, 1, 1)": [0.03937726095318794, 0.03853803314268589, 0.03879590705037117, 0.03880582936108112, 0.038764920085668564], "(2, 1, 2, 1)": [-0.017121747136116028, -0.013441499322652817, 0.002582673681899905, 0.00392997357994318, 0.02806640975177288], "(2, 7, 1, 2)": [0.038820140063762665, 0.03808560222387314, 0.03704237379133701, 0.03792637959122658, 0.03741515055298805], "(3, 3, 2, 1)": [0.03437730483710766, 0.034292541444301605, 0.0337201040238142, 0.03672369010746479, 0.034411825239658356], "(3, 2, 2, 2)": [0.03233470395207405, 0.03222137689590454, 0.0320392744615674, 0.03329014033079147, 0.03504812531173229], "(3, 4, 2, 1)": [0.037841642275452614, 0.036229753866791725, 0.03560570068657398, 0.03620591759681702, 0.03626319579780102], "(3, 1, 1, 1)": [-0.025413728319108486, -0.028639212250709534, -0.021850908175110817, -0.026315147057175636, -0.02662786189466715], "(3, 1, 2, 1)": [-0.022564238868653774, -0.009751856327056885, -0.010930899647064507, -0.005317745730280876, 0.006635108031332493], "(3, 1, 2, 2)": [0.015557010658085346, 0.0165209686383605, 0.01461049821227789, 0.02231950592249632, 0.034494850784540176], "(2, 6, 1, 2)": [0.03925951197743416, 0.038785532116889954, 0.038810718804597855, 0.03869537264108658, 0.03848325461149216], "(3, 9, 2, 1)": [0.016915319953113794, 0.03610382415354252, 0.02783755213022232, 0.020766201429069042, 0.025850487872958183], "(2, 4, 2, 1)": [0.03854005225002766, 0.03853839263319969, 0.03848230838775635, 0.038563137874007225, 0.038506366312503815], "(3, 7, 2, 1)": [0.039404088631272316, 0.03888140991330147, 0.038874976336956024, 0.038660578429698944, 0.038945579901337624], "(2, 7, 2, 1)": [0.037255482748150826, 0.03907432220876217, 0.03315524570643902, 0.03489714674651623, 0.03135343827307224], "(2, 8, 1, 2)": [0.033491574227809906, 0.03270546346902847, 0.033259352669119835, 0.03585059009492397, 0.032814616337418556], "(2, 5, 1, 2)": [0.03863023221492767, 0.03879833407700062, 0.03982933796942234, 0.038915324956178665, 0.038942400366067886], "(3, 6, 2, 1)": [0.03950032405555248, 0.03913887217640877, 0.03800617717206478, 0.03909597732126713, 0.03808775544166565], "(3, 7, 1, 2)": [0.03930331952869892, 0.03895200043916702, 0.038676533848047256, 0.038558902218937874, 0.03863392397761345],