{"q_values": {"(2, 6, 1, 1)": [0.03910355269908905, 0.039036160334944725, 0.03897913731634617, 0.039242351427674294, 0.038661666214466095], "(2, 6, 2, 2)": [0.03921451419591904, 0.039235424250364304, 0.039209142327308655, 0.03922165371477604, 0.038894444704055786], "(2, 7, 2, 2)": [0.0385690126568079, 0.038018662482500076, 0.037766825407743454, 0.03791791945695877, 0.03758177347481251], "(2, 8, 2, 2)": [0.03728986531496048, 0.03255346044898033, 0.030809061601758003, 0.032406446523964405, 0.030549930408596992], "(2, 9, 2, 2)": [0.027544565498828888, 0.009504180168733, 0.008291894104331732, 0.009565126150846481, 0.012926783878356218], "(2, 10, 2, 2)": [-0.01052675535902381, -0.01881452975794673, -0.01819866942241788, -0.02409185841679573, -0.02159905433654785], "(2, 1, 2, 2)": [0.015771140344440937, 0.007368988823145628, 0.011728159617632627, 0.0198164414614439, 0.0338873490691185], "(2, 1, 1, 1)": [-0.024119636975228786, -0.020983540453016758, -0.01874586846679449, -0.019451387226581573, -0.005374786909669638], "(3, 8, 1, 2)": [0.037674564868211746, 0.03804847225546837, 0.0370346549898386, 0.03711416386067867, 0.03478764556348324], "(3, 8, 2, 2)": [0.03758351691067219, 0.030803216621279716, 0.03139325603842735, 0.03124556504189968, 0.03173759486526251], "(3, 9, 2, 2)": [0.0336188655346632, 0.00971667468547821, 0.009720821399241686, 0.006424372084438801, 0.012121141888201237], "(3, 9, 1, 2)": [0.035587508231401443, 0.0347926989197731, 0.03325884789228439, 0.027059064246714115, 0.02768333163112402], "(3, 10, 1, 2)": [0.032895028591156006, 0.010387887712568045, 0.009230575058609247, -0.012421153020113707, -0.008023061964195222], "(3, 10, 2, 2)": [-0.0038985363207757473, -0.021934980526566505, -0.021526627242565155, -0.02278975397348404, -0.027310951612889767], "(3, 3, 1, 2)": [0.02847268618643284, 0.015091262757778168, 0.02592732384800911, 0.017797629348933697, 0.03829748183488846], "(3, 3, 1, 1)": [0.029841601848602295, 0.029700438492000103, 0.029392996802926064, 0.032279808074235916, 0.030034451745450497], "(2, 3, 1, 1)": [0.028797236271202564, 0.03357752971351147, 0.031083679758012295, 0.03152881935238838, 0.03733132593333721], "(2, 2, 1, 1)": [0.011905469931662083, 0.01581659447401762, 0.016806759871542454, 0.01600312627851963, 0.011937060859054327], "(3, 6, 1, 2)": [0.039532383903861046, 0.039576033130288124, 0.03982356749475002, 0.039356205612421036, 0.039380861446261406], "(3, 6, 1, 1)": [0.03938797302544117, 0.03942469134926796, 0.039897480979561806, 0.03935782425105572, 0.039467714726924896], "(3, 5, 1, 1)": [0.03874397277832031, 0.03831177577376366, 0.03868975676596165, 0.03820066712796688, 0.039805009961128235], "(2, 5, 1, 1)": [0.038803670555353165, 0.03899710439145565, 0.03868328966200352, 0.03882554732263088, 0.03952627256512642], "(2, 4, 1, 1)": [0.03726034052670002, 0.03640652261674404, 0.037097470834851265, 0.037013500928878784, 0.03918897174298763], "(2, 3, 2, 2)": [0.03781746327877045, 0.0376424640417099, 0.03782971203327179, 0.037931835278868675, 0.03824503719806671], "(2, 4, 2, 2)": [0.03901022858917713, 0.039130862802267075, 0.039290353655815125, 0.03964325040578842, 0.039371952414512634], "(2, 5, 2, 2)": [0.03969786502420902, 0.03972206450998783, 0.03976384550333023, 0.039562877267599106, 0.03963321074843407], "(2, 6, 2, 1)": [0.03966298699378967, 0.039276544004678726, 0.03991334140300751, 0.03949087671935558, 0.03955311328172684], "(2, 5, 2, 1)": [0.03941188380122185, 0.039843374863266945, 0.039324479177594185, 0.03950335271656513, 0.03959955275058746], "(2, 3, 2, 1)": [0.03565402142703533, 0.03665417805314064, 0.0369320809841156, 0.038154687732458115, 0.036476919427514076], "(2, 2, 2, 1)": [0.026445134542882442, 0.031754747964441776, 0.03410758078098297, 0.03435701131820679, 0.03395448997616768], "(2, 2, 2, 2)": [0.03471411392092705, 0.0347219854593277, 0.03469317592680454, 0.035707179456949234, 0.03474689647555351], "(3, 5, 2, 2)": [0.038621582090854645, 0.03855331428349018, 0.03858356364071369, 0.03876756317913532, 0.03954636491835117], "(3, 4, 1, 1)": [0.03629600070416927, 0.036393288522958755, 0.0364344697445631, 0.03634123131632805, 0.03847876191139221], "(3, 2, 1, 1)": [0.008769783657044172, 0.006941822357475758, 0.009381075855344534, 0.014377920073457062, 0.008563606068491936], "(3, 4, 1, 2)": [0.03884006291627884, 0.037794070318341255, 0.037598634138703346, 0.0371962059289217, 0.038012800738215446], "(3, 4, 2, 2)": [0.038106927648186684, 0.03785897232592106, 0.03845103457570076, 0.03862610273063183, 0.03943030536174774], "(3, 6, 2, 2)": [0.038962727412581444, 0.038921058177948, 0.038969071581959724, 0.03924701176583767, 0.03897319734096527], "(3, 7, 2, 2)": [0.03892003372311592, 0.03822893090546131, 0.03830941393971443, 0.03802759572863579, 0.03675944358110428], "(3, 7, 1, 1)": [0.03917356953024864, 0.03955806791782379, 0.0392052736133337, 0.03911328688263893, 0.03893895447254181], "(3, 8, 1, 1)": [0.03859515301883221, 0.03807075880467892, 0.03791115619242191, 0.03808528184890747, 0.03794749267399311], "(3, 9, 1, 1)": [0.035681942477822304, 0.035273585468530655, 0.03542048670351505, 0.03414769284427166, 0.0326757924631238], "(3, 2, 1, 2)": [0.0034774502273648977, 0.022933783009648323, 0.007469582371413708, 0.01648852415382862, 0.01835751812905073], "(3, 3, 2, 2)": [0.03690309077501297, 0.03751843050122261, 0.03695466183125973, 0.03773145377635956, 0.038387054577469826], "(3, 2, 2, 1)": [0.022064151242375374, 0.029307859018445015, 0.026644203811883926, 0.02981578651815653, 0.03308134898543358], "(2, 8, 1, 1)": [0.03620092198252678, 0.037253400310873985, 0.03607979789376259, 0.03599799610674381, 0.03635402023792267], "(2, 7, 1, 1)": [0.03768795169889927, 0.03807169198989868, 0.038589440286159515, 0.03804914094507694, 0.03764713555574417], "(2, 1, 2, 1)": [-0.016176115721464157, -0.013441499322652817, 0.002582673681899905, 0.00392997357994318, 0.029585370793938637], "(2, 7, 1, 2)": [0.037292035296559334, 0.0377341341227293, 0.03811377100646496, 0.0375910010188818, 0.03841771371662617], "(3, 3, 2, 1)": [0.03309588320553303, 0.03281447570770979, 0.033038290217518806, 0.03565572015941143, 0.03438686579465866], "(3, 2, 2, 2)": [0.03380289115011692, 0.03346128202974796, 0.03440335392951965, 0.03574665077030659, 0.03687863610684872], "(3, 4, 2, 1)": [0.03746441565454006, 0.03759410418570042, 0.03759751841425896, 0.037710681557655334, 0.03901929780840874], "(3, 1, 1, 1)": [-0.025413728319108486, -0.028639212250709534, -0.02483325731009245, -0.010077192448079586, -0.02662786189466715], "(3, 1, 2, 1)": [-0.0221878532320261, -0.009751856327056885, -0.010930899647064507, -0.005317745730280876, 0.013220123946666718], "(3, 1, 2, 2)": [0.005650293081998825, 0.0165209686383605, 0.009490055963397026, 0.02231950592249632, 0.03473951295018196], "(2, 6, 1, 2)": [0.03900817967951298, 0.03843257203698158, 0.03878186643123627, 0.039314109832048416, 0.03919864818453789], "(3, 9, 2, 1)": [0.016915319953113794, 0.03591030836105347, 0.02783755213022232, 0.020766201429069042, 0.025850487872958183], "(2, 4, 2, 1)": [0.038878267630934715, 0.03903963789343834, 0.03902033716440201, 0.03892700560390949, 0.0392900425940752], "(3, 7, 2, 1)": [0.03915163315832615, 0.03874414227902889, 0.038821032270789146, 0.03890310414135456, 0.03884812444448471], "(2, 7, 2, 1)": [0.03621467389166355, 0.038426723331213, 0.03250117786228657, 0.03460188768804073, 0.031079936772584915], "(2, 8, 1, 2)": [0.03683205507695675, 0.03593009151518345, 0.034434204921126366, 0.03518148884177208, 0.03505207970738411], "(2, 5, 1, 2)": [0.038078734651207924, 0.038868796080350876, 0.039246780797839165, 0.03929055109620094, 0.03981359489262104], "(3, 6, 2, 1)": [0.039499327540397644, 0.03946739807724953, 0.03979727439582348, 0.03861883096396923, 0.039051737636327744], "(3, 7, 1, 2)": [0.039091743528842926, 0.03885657154023647, 0.03883121535181999, 0.03882015123963356, 0.03873003274202347],