{"q_values": {"(2, 6, 1, 1)": [0.0389255415648222, 0.03819771856069565, 0.03892046958208084, 0.038986582309007645, 0.03892140835523605], "(2, 6, 2, 2)": [0.03917781449854374, 0.03926144540309906, 0.03912469744682312, 0.03919665329158306, 0.039116138592362404], "(2, 7, 2, 2)": [0.0377582348883152, 0.03736846707761288, 0.03766059689223766, 0.03726997412741184, 0.037293652072548866], "(2, 8, 2, 2)": [0.032923927530646324, 0.03267177939414978, 0.03270888514816761, 0.032109545543789864, 0.03152686823159456], "(2, 9, 2, 2)": [0.019957209937274456, 0.017714960500597954, 0.017534133978188038, 0.017634154297411442, 0.018550589680671692], "(2, 10, 2, 2)": [-0.0139354660641402, -0.01376658771187067, -0.01819866942241788, -0.02409185841679573, -0.02159905433654785], "(2, 1, 2, 2)": [0.015771140344440937, 0.007368988823145628, 0.011728159617632627, 0.0198164414614439, 0.03381800651550293], "(2, 1, 1, 1)": [-0.024119636975228786, -0.020983540453016758, -0.014653163030743599, -0.018334287218749523, -0.01216260064393282], "(3, 8, 1, 2)": [0.03818463534116745, 0.0378547590225935, 0.0370346549898386, 0.03711416386067867, 0.03478764556348324], "(3, 8, 2, 2)": [0.03734667971730232, 0.03355054557323456, 0.0307991961017251, 0.033779945224523544, 0.03305170312523842], "(3, 9, 2, 2)": [0.018158119171857834, 0.021474311128258705, 0.017134783789515495, 0.009687415789812803, 0.019440509378910065], "(3, 9, 1, 2)": [0.036150114610791206, 0.0347926989197731, 0.03325884789228439, 0.027059064246714115, 0.02768333163112402], "(3, 10, 1, 2)": [0.03171925153583288, 0.010387887712568045, 0.009230575058609247, -0.012421153020113707, -0.008023061964195222], "(3, 10, 2, 2)": [-0.02029332146048546, -0.021934980526566505, -0.021526627242565155, -0.02278975397348404, -0.027310951612889767], "(3, 3, 1, 2)": [0.02847268618643284, 0.015091262757778168, 0.02592732384800911, 0.017797629348933697, 0.03822823613882065], "(3, 3, 1, 1)": [0.03318413253873587, 0.03328938037157059, 0.030690325424075127, 0.03271597810089588, 0.03733874298632145], "(2, 3, 1, 1)": [0.035435399040579796, 0.035358479246497154, 0.03513103537261486, 0.03468305803835392, 0.03764808736741543], "(2, 2, 1, 1)": [0.02156979776918888, 0.0243295943364501, 0.020370185375213623, 0.024763084016740322, 0.03500901721417904], "(3, 6, 1, 2)": [0.03984909877181053, 0.0397306252270937, 0.03972826339304447, 0.03955978341400623, 0.0395961981266737], "(3, 6, 1, 1)": [0.03966492973268032, 0.039683083072304726, 0.03967316076159477, 0.03964805044233799, 0.03951866365969181], "(3, 5, 1, 1)": [0.039213474839925766, 0.03928238898515701, 0.03917304240167141, 0.039225704967975616, 0.03919745050370693], "(2, 5, 1, 1)": [0.03952799551188946, 0.03945712372660637, 0.039554933086037636, 0.0395644586533308, 0.03958852402865887], "(2, 4, 1, 1)": [0.038314338773489, 0.038108767941594124, 0.03822939284145832, 0.03833783604204655, 0.03893268667161465], "(2, 3, 2, 2)": [0.03795373626053333, 0.037359852343797684, 0.03794041648507118, 0.03837041184306145, 0.03800894133746624], "(2, 4, 2, 2)": [0.03920342959463596, 0.039180904626846313, 0.03938828967511654, 0.039274707436561584, 0.03929251432418823], "(2, 5, 2, 2)": [0.03967597149312496, 0.03970691002905369, 0.039698392152786255, 0.03966434672474861, 0.039599018171429634], "(2, 6, 2, 1)": [0.039641907438635826, 0.03981282748281956, 0.0398633424192667, 0.039769042283296585, 0.0397458840161562], "(2, 5, 2, 1)": [0.039571406319737434, 0.03965293802320957, 0.03967897593975067, 0.039666105061769485, 0.03971015475690365], "(2, 3, 2, 1)": [0.03565402142703533, 0.03665417805314064, 0.0367585513740778, 0.03792125545442104, 0.036476919427514076], "(2, 2, 2, 1)": [0.026445134542882442, 0.031754747964441776, 0.03410758078098297, 0.035880399867892265, 0.03395448997616768], "(2, 2, 2, 2)": [0.03528086096048355, 0.03407111205160618, 0.03534082695841789, 0.03602663800120354, 0.03599013388156891], "(3, 5, 2, 2)": [0.03926149569451809, 0.0394569206982851, 0.03903130255639553, 0.03878833167254925, 0.0387117825448513], "(3, 4, 1, 1)": [0.03807614557445049, 0.038066376000642776, 0.038067685440182686, 0.038058361038565636, 0.038053279742598534], "(3, 2, 1, 1)": [0.012941961642354727, 0.01603148691356182, 0.012273591011762619, 0.010335275903344154, 0.032571010291576385], "(3, 4, 1, 2)": [0.039145056158304214, 0.037794070318341255, 0.037598634138703346, 0.0371962059289217, 0.038012800738215446], "(3, 4, 2, 2)": [0.03806675411760807, 0.03754584677517414, 0.03790533356368542, 0.037873074412345886, 0.037822090089321136], "(3, 6, 2, 2)": [0.03979835659265518, 0.03910527192056179, 0.039370378479361534, 0.03896428644657135, 0.03868814744055271], "(3, 7, 2, 2)": [0.039297644048929214, 0.03789844363927841, 0.03758757375180721, 0.037741636857390404, 0.03758049197494984], "(3, 7, 1, 1)": [0.039610566571354866, 0.03922082856297493, 0.03919433057308197, 0.03913842514157295, 0.039142752066254616], "(3, 8, 1, 1)": [0.03801996633410454, 0.03794302046298981, 0.03791159763932228, 0.03810538910329342, 0.03777842037379742], "(3, 9, 1, 1)": [0.03693125396966934, 0.035435741767287254, 0.03539805859327316, 0.034769998863339424, 0.035419734194874763], "(3, 2, 1, 2)": [0.0034774502273648977, 0.025078737176954746, 0.004580128937959671, 0.01367939542979002, 0.01835751812905073], "(3, 3, 2, 2)": [0.03715595416724682, 0.03718430548906326, 0.03690069541335106, 0.03744276612997055, 0.037577010691165924], "(3, 2, 2, 1)": [0.02836867980659008, 0.026099429465830326, 0.025250017642974854, 0.024773928336799145, 0.0340824443846941], "(2, 8, 1, 1)": [0.03749343007802963, 0.03667174279689789, 0.03628223203122616, 0.03659358248114586, 0.036649907007813454], "(2, 7, 1, 1)": [0.03870612010359764, 0.03783401660621166, 0.038034310564398766, 0.037960123270750046, 0.0380366425961256], "(2, 1, 2, 1)": [-0.016176115721464157, -0.013441499322652817, 0.002582673681899905, 0.00392997357994318, 0.02851248811930418], "(2, 7, 1, 2)": [0.03825963847339153, 0.037019357085227966, 0.03779917396605015, 0.03782607801258564, 0.037983525544404984], "(3, 3, 2, 1)": [0.03525845520198345, 0.0363791286945343, 0.035801347345113754, 0.036925384774804115, 0.03730159252882004], "(3, 2, 2, 2)": [0.03144173789769411, 0.03216098994016647, 0.033743102103471756, 0.0358187910169363, 0.035181013867259026], "(3, 4, 2, 1)": [0.03797375038266182, 0.03795577026903629, 0.037843137979507446, 0.037716832011938095, 0.037930380553007126], "(3, 1, 1, 1)": [-0.025413728319108486, -0.028639212250709534, -0.02483325731009245, -0.005835417658090591, -0.02662786189466715], "(3, 1, 2, 1)": [-0.0221878532320261, -0.009751856327056885, -0.010930899647064507, -0.005317745730280876, 0.016516169533133507], "(3, 1, 2, 2)": [0.005650293081998825, 0.0165209686383605, 0.009490055963397026, 0.02231950592249632, 0.03438341245055199], "(2, 6, 1, 2)": [0.03904089517891407, 0.03901040367782116, 0.03911683149635792, 0.03906930424273014, 0.03890863060951233], "(3, 9, 2, 1)": [0.016915319953113794, 0.036295944824814796, 0.02783755213022232, 0.020766201429069042, 0.025850487872958183], "(2, 4, 2, 1)": [0.03867851011455059, 0.03892304189503193, 0.03909895196557045, 0.03907047212123871, 0.039306363090872765], "(3, 7, 2, 1)": [0.0394422709941864, 0.03874414227902889, 0.03874654695391655, 0.03890310414135456, 0.03895801678299904], "(2, 7, 2, 1)": [0.03621467389166355, 0.03892203979194164, 0.03250117786228657, 0.03460188768804073, 0.031079936772584915], "(2, 8, 1, 2)": [0.03593547083437443, 0.03557893447577953, 0.035213399678468704, 0.03551178798079491, 0.03529763221740723], "(2, 5, 1, 2)": [0.03976207785308361, 0.039626093581318855, 0.039750222116708755, 0.03977336548268795, 0.03973698429763317], "(3, 6, 2, 1)": [0.039732323959469795, 0.03960619494318962, 0.039448998868465424, 0.03959978558123112, 0.03943934664130211], "(3, 7, 1, 2)": [0.03900798410177231, 0.038995394483208656, 0.03900741785764694, 0.038971029222011566, 0.03867903910577297],