{"q_values": {"(2, 6, 1, 1)": [0.039605747908353806, 0.038830894976854324, 0.03900919668376446, 0.03911181911826134, 0.039191653952002525], "(2, 6, 2, 2)": [0.03909711912274361, 0.03884596563875675, 0.038829505443573, 0.03883437439799309, 0.0388041976839304], "(2, 7, 2, 2)": [0.03729771263897419, 0.03779107704758644, 0.03697269409894943, 0.03670869022607803, 0.03645361587405205], "(2, 8, 2, 2)": [0.03258673846721649, 0.036380164325237274, 0.0326937735080719, 0.03301213122904301, 0.030085847713053226], "(2, 9, 2, 2)": [0.03293779864907265, 0.004745814250782132, 0.013900842051953077, 0.012738693505525589, 0.012269288301467896], "(2, 10, 2, 2)": [-0.011987931560724974, -0.02109693083912134, -0.019646880216896534, -0.02409185841679573, -0.02159905433654785], "(2, 1, 2, 2)": [0.015771140344440937, 0.007368988823145628, 0.011728159617632627, 0.0198164414614439, 0.03449326194822788], "(2, 1, 1, 1)": [-0.01741128833964467, -0.020983540453016758, -0.01874586846679449, -0.019451387226581573, 0.004747665952891111], "(3, 8, 1, 2)": [0.03751268610358238, 0.038065677508711815, 0.037496695294976234, 0.03718655928969383, 0.03557097353041172], "(3, 8, 2, 2)": [0.030147267505526543, 0.030590111389756203, 0.030008617788553238, 0.02987499162554741, 0.029575285501778126], "(3, 9, 2, 2)": [0.010791345965117216, 0.006161409430205822, 0.010496503673493862, 0.009222897700965405, 0.011196691077202559], "(3, 9, 1, 2)": [0.03430452011525631, 0.03404628671705723, 0.033779799938201904, 0.02734412159770727, 0.028676806017756462], "(3, 10, 1, 2)": [0.0334955807775259, 0.010387887712568045, 0.009230575058609247, -0.012421153020113707, -0.008023061964195222], "(3, 10, 2, 2)": [-0.012836117763072252, -0.021934980526566505, -0.021526627242565155, -0.02278975397348404, -0.02719963900744915], "(3, 3, 1, 2)": [0.02847268618643284, 0.020598146598786116, 0.02592732384800911, 0.017797629348933697, 0.03769894503057003], "(3, 3, 1, 1)": [0.030654831789433956, 0.03261423856019974, 0.03071777429431677, 0.03134513646364212, 0.031178642064332962], "(2, 3, 1, 1)": [0.035150522366166115, 0.032922690734267235, 0.031048500910401344, 0.03351239673793316, 0.03744084946811199], "(2, 2, 1, 1)": [0.011905469931662083, 0.01581659447401762, 0.018768268637359142, 0.014170167967677116, 0.034474389627575874], "(3, 6, 1, 2)": [0.038886891677975655, 0.03949274495244026, 0.03906981088221073, 0.039008209481835365, 0.03904346004128456], "(3, 6, 1, 1)": [0.03928285837173462, 0.03916553594172001, 0.03945177234709263, 0.03909756802022457, 0.03926934115588665], "(3, 5, 1, 1)": [0.03862009942531586, 0.03858989477157593, 0.03862188383936882, 0.03900052234530449, 0.03847067430615425], "(2, 5, 1, 1)": [0.03872955031692982, 0.0375736840069294, 0.038813188672065735, 0.03837893158197403, 0.03913840465247631], "(2, 4, 1, 1)": [0.03758017532527447, 0.037613557651638985, 0.036688681691884995, 0.03767641447484493, 0.03915449604392052], "(2, 3, 2, 2)": [0.037632714956998825, 0.03778740204870701, 0.03765936195850372, 0.03765598498284817, 0.038714999333024025], "(2, 4, 2, 2)": [0.03898749314248562, 0.03900787979364395, 0.03908783756196499, 0.03916875645518303, 0.039460767060518265], "(2, 5, 2, 2)": [0.0394113902002573, 0.039461612701416016, 0.03942415677011013, 0.03944561444222927, 0.039468664675951004], "(2, 6, 2, 1)": [0.03970409743487835, 0.039551809430122375, 0.03973439335823059, 0.03972018323838711, 0.03964504599571228], "(2, 5, 2, 1)": [0.03966132551431656, 0.03955378383398056, 0.039663104340434074, 0.03963295556604862, 0.039781857281923294], "(2, 3, 2, 1)": [0.0359408725053072, 0.03665417805314064, 0.03711968846619129, 0.03786955215036869, 0.036476919427514076], "(2, 2, 2, 1)": [0.026445134542882442, 0.031754747964441776, 0.03410758078098297, 0.03511880896985531, 0.03395448997616768], "(2, 2, 2, 2)": [0.034741904586553574, 0.03443433716893196, 0.034996744245290756, 0.036510150879621506, 0.03471818380057812], "(3, 5, 2, 2)": [0.038808420300483704, 0.03883719630539417, 0.03881530091166496, 0.03882499411702156, 0.038916898891329765], "(3, 4, 1, 1)": [0.03637070395052433, 0.03653679974377155, 0.036637697368860245, 0.036249687895178795, 0.037468431517481804], "(3, 2, 1, 1)": [0.016209756024181843, 0.01488920021802187, 0.013685464393347502, 0.028319028206169605, 0.00954527361318469], "(3, 4, 1, 2)": [0.03830927051603794, 0.03814442828297615, 0.037566132843494415, 0.0371962059289217, 0.03847567364573479], "(3, 4, 2, 2)": [0.03837892785668373, 0.038217296823859215, 0.0384394247084856, 0.03847791999578476, 0.03888502158224583], "(3, 6, 2, 2)": [0.03790983743965626, 0.03746480122208595, 0.03817556984722614, 0.038106296211481094, 0.03808252140879631], "(3, 7, 2, 2)": [0.03647886589169502, 0.03609034791588783, 0.036370547488331795, 0.036316774785518646, 0.03583140857517719], "(3, 7, 1, 1)": [0.03892423398792744, 0.03931587561964989, 0.038977136835455894, 0.03896564058959484, 0.038964586332440376], "(3, 8, 1, 1)": [0.03846535086631775, 0.037790628150105476, 0.0379568487405777, 0.037629855796694756, 0.03669804148375988], "(3, 9, 1, 1)": [0.03450239822268486, 0.03561589866876602, 0.0345002431422472, 0.03414769284427166, 0.034237369894981384], "(3, 2, 1, 2)": [0.0034774502273648977, 0.030551004223525524, 0.007469582371413708, 0.01648852415382862, 0.01835751812905073], "(3, 3, 2, 2)": [0.03665238805115223, 0.03664182685315609, 0.03651922196149826, 0.03696594014763832, 0.03631305508315563], "(3, 2, 2, 1)": [0.022898158058524132, 0.02902787085622549, 0.026644203811883926, 0.033919623121619225, 0.02976332511752844], "(2, 8, 1, 1)": [0.038468921557068825, 0.03601109981536865, 0.03619920834898949, 0.036412619054317474, 0.03627824783325195], "(2, 7, 1, 1)": [0.03771357797086239, 0.03797941096127033, 0.03913882374763489, 0.03774167038500309, 0.03716077841818333], "(2, 1, 2, 1)": [-0.016176115721464157, -0.013441499322652817, 0.002582673681899905, 0.00392997357994318, 0.03300671651959419], "(2, 7, 1, 2)": [0.039344919845461845, 0.03676083870232105, 0.03762425109744072, 0.03666127473115921, 0.03767632134258747], "(3, 3, 2, 1)": [0.03351848013699055, 0.0340613666921854, 0.03311837650835514, 0.03411104157567024, 0.03668384067714214], "(3, 2, 2, 2)": [0.03385383449494839, 0.03388495184481144, 0.03455648012459278, 0.035726429894566536, 0.0343767125159502], "(3, 4, 2, 1)": [0.036750102415680885, 0.03708439692854881, 0.03706176206469536, 0.03667643293738365, 0.038444219157099724], "(3, 1, 1, 1)": [-0.025413728319108486, -0.028639212250709534, -0.02483325731009245, -0.014001155737787485, -0.02662786189466715], "(3, 1, 2, 1)": [-0.022564238868653774, -0.009751856327056885, -0.010930899647064507, -0.005317745730280876, 0.01999777089804411], "(3, 1, 2, 2)": [0.014128936920315027, 0.0165209686383605, 0.01461049821227789, 0.02231950592249632, 0.034812185913324356], "(2, 6, 1, 2)": [0.03885535150766373, 0.03891757316887379, 0.03875281848013401, 0.03895550221204758, 0.039051804691553116], "(3, 9, 2, 1)": [0.016915319953113794, 0.035032154992222786, 0.02783755213022232, 0.020766201429069042, 0.025850487872958183], "(2, 4, 2, 1)": [0.038878267630934715, 0.03906915709376335, 0.03902033716440201, 0.03892700560390949, 0.03920101374387741], "(3, 7, 2, 1)": [0.039127759635448456, 0.03915734961628914, 0.03884994983673096, 0.03877387382090092, 0.03894156776368618], "(2, 7, 2, 1)": [0.037255482748150826, 0.038097793236374855, 0.03250117786228657, 0.03489714674651623, 0.03135343827307224], "(2, 8, 1, 2)": [0.03710498660802841, 0.03385758772492409, 0.033285513520240784, 0.03430932201445103, 0.03374912403523922], "(2, 5, 1, 2)": [0.03845704905688763, 0.03939214162528515, 0.03942340053617954, 0.03943032957613468, 0.039420098066329956], "(3, 6, 2, 1)": [0.039551762863993645, 0.039434321224689484, 0.03940611891448498, 0.03942491486668587, 0.039324842393398285], "(3, 7, 1, 2)": [0.03900427557528019, 0.038745567202568054, 0.038562873378396034, 0.038558902218937874, 0.038543304428458214],