{"q_values": {"(2, 6, 1, 1)": [0.03969802148640156, 0.039690639823675156, 0.03970089927315712, 0.039669161662459373, 0.03971060924232006], "(2, 6, 2, 2)": [0.03965325094759464, 0.03961494751274586, 0.03959953039884567, 0.03958306089043617, 0.039509646594524384], "(2, 7, 2, 2)": [0.038864778354763985, 0.038585903123021126, 0.03801734745502472, 0.03819998912513256, 0.038168711587786674], "(2, 8, 2, 2)": [0.03795235604047775, 0.03335228841751814, 0.036111580207943916, 0.03422764502465725, 0.03367345780134201], "(2, 9, 2, 2)": [0.022711312398314476, 0.014792075846344233, 0.007660037837922573, 0.007930132560431957, 0.004903483437374234], "(2, 10, 2, 2)": [-0.007494330871850252, -0.02118808403611183, -0.01819866942241788, -0.02409185841679573, -0.02159905433654785], "(2, 1, 2, 2)": [0.015771140344440937, 0.007368988823145628, 0.011728159617632627, 0.013604410458356142, 0.03460490144789219], "(2, 1, 1, 1)": [-0.024328108876943588, -0.020983540453016758, -0.01956287119537592, -0.015976833645254374, -0.015997163951396942], "(3, 8, 1, 2)": [0.038109736517071724, 0.037422675639390945, 0.03706096485257149, 0.03696387633681297, 0.03478764556348324], "(3, 8, 2, 2)": [0.037751443684101105, 0.0341904666274786, 0.034311043098568916, 0.03476146422326565, 0.03544764779508114], "(3, 9, 2, 2)": [0.03228265419602394, 0.021179741248488426, 0.0238787354901433, 0.023073886521160603, 0.020080440677702427], "(3, 9, 1, 2)": [0.035546546801924706, 0.03440180420875549, 0.03325884789228439, 0.027606554329395294, 0.02768333163112402], "(3, 10, 1, 2)": [0.02928827330470085, 0.010387887712568045, 0.009230575058609247, -0.012421153020113707, -0.008023061964195222], "(3, 10, 2, 2)": [-0.020534376613795757, -0.011911168228834867, -0.021526627242565155, -0.02278975397348404, -0.027310951612889767], "(3, 3, 1, 2)": [0.02847268618643284, 0.013517333194613457, 0.023561714217066765, 0.017797629348933697, 0.03795011714100838], "(3, 3, 1, 1)": [0.032785591669380665, 0.03303363732993603, 0.03454930707812309, 0.03188472334295511, 0.03560683690011501], "(2, 3, 1, 1)": [0.03471674211323261, 0.03565609082579613, 0.035588137805461884, 0.0354135874658823, 0.03758706524968147], "(2, 2, 1, 1)": [0.01649827929213643, 0.018630513921380043, 0.018356594257056713, 0.02084663836285472, 0.03532523661851883], "(3, 6, 1, 2)": [0.03980176895856857, 0.039945920929312706, 0.039734212681651115, 0.03981500491499901, 0.03966544009745121], "(3, 6, 1, 1)": [0.03970056213438511, 0.039722902700304985, 0.0398492980748415, 0.03965236432850361, 0.03948249854147434], "(3, 5, 1, 1)": [0.039426399394869804, 0.03918083570897579, 0.03931695222854614, 0.039304569363594055, 0.03976964391767979], "(2, 5, 1, 1)": [0.0394781120121479, 0.0395476371049881, 0.03949829004704952, 0.03959647938609123, 0.039585720747709274], "(2, 4, 1, 1)": [0.03846532478928566, 0.03838777169585228, 0.03846393898129463, 0.03812948055565357, 0.03872274234890938], "(2, 3, 2, 2)": [0.03791316784918308, 0.03781174309551716, 0.037770895287394524, 0.037921248003840446, 0.03819931112229824], "(2, 4, 2, 2)": [0.03915134444832802, 0.03897278197109699, 0.03938181512057781, 0.03915489464998245, 0.03906312957406044], "(2, 5, 2, 2)": [0.039836497977375984, 0.03984115272760391, 0.039842089638113976, 0.03974865563213825, 0.039844103157520294], "(2, 6, 2, 1)": [0.039885321632027626, 0.03983362577855587, 0.03975274972617626, 0.03973192162811756, 0.0396014079451561], "(2, 5, 2, 1)": [0.03981880843639374, 0.03981044515967369, 0.039813682436943054, 0.039943089708685875, 0.03980252519249916], "(2, 3, 2, 1)": [0.035480620339512825, 0.03656610660254955, 0.03746381960809231, 0.03782264702022076, 0.03352217189967632], "(2, 2, 2, 1)": [0.026814435608685017, 0.031013584695756435, 0.034209901466965675, 0.03558213822543621, 0.03395448997616768], "(2, 2, 2, 2)": [0.03493878245353699, 0.035846197977662086, 0.03596057742834091, 0.036248303949832916, 0.036064768210053444], "(3, 5, 2, 2)": [0.03962173871695995, 0.03988400101661682, 0.03958413191139698, 0.03928942792117596, 0.03960048779845238], "(3, 4, 1, 1)": [0.03725782223045826, 0.03746271878480911, 0.03740485571324825, 0.03765757568180561, 0.03770306892693043], "(3, 2, 1, 1)": [0.008751671761274338, 0.014739383477717638, 0.020744210109114647, 0.016233548987656832, 0.011022785678505898], "(3, 4, 1, 2)": [0.03864492103457451, 0.035746337845921516, 0.037585025653243065, 0.03601678088307381, 0.03803110681474209], "(3, 4, 2, 2)": [0.03782314248383045, 0.03883935697376728, 0.03782831318676472, 0.03758100047707558, 0.03790700249373913], "(3, 6, 2, 2)": [0.03890684433281422, 0.03969212807714939, 0.03924601897597313, 0.03922850266098976, 0.039259061217308044], "(3, 7, 2, 2)": [0.03937300108373165, 0.038730792701244354, 0.03857641480863094, 0.03874022699892521, 0.03856143541634083], "(3, 7, 1, 1)": [0.03962784446775913, 0.039347635582089424, 0.039358824491500854, 0.03943118080496788, 0.03920312784612179], "(3, 8, 1, 1)": [0.03835101053118706, 0.03798776492476463, 0.03799376077950001, 0.038325048983097076, 0.03771618753671646], "(3, 9, 1, 1)": [0.03580532968044281, 0.03612489253282547, 0.03568692319095135, 0.03560776636004448, 0.03536835126578808], "(3, 2, 1, 2)": [0.0034774502273648977, 0.025182328186929226, 0.004580128937959671, 0.01017768308520317, 0.01835751812905073], "(3, 3, 2, 2)": [0.03619822859764099, 0.036056434735655785, 0.03619522042572498, 0.03589938208460808, 0.03602164424955845], "(3, 2, 2, 1)": [0.02910630125552416, 0.03206850029528141, 0.03164061438292265, 0.03190930001437664, 0.03502338007092476], "(2, 8, 1, 1)": [0.03830108046531677, 0.03747233562171459, 0.03712672181427479, 0.03762781247496605, 0.03791511803865433], "(2, 7, 1, 1)": [0.03917113319039345, 0.03943027928471565, 0.03897545859217644, 0.0390807818621397, 0.03883450664579868], "(2, 1, 2, 1)": [-0.016176115721464157, -0.013441499322652817, 0.002582673681899905, 0.00392997357994318, 0.018703457433730364], "(2, 7, 1, 2)": [0.03866564482450485, 0.03818988427519798, 0.038570674136281013, 0.03864722512662411, 0.03818630799651146], "(3, 3, 2, 1)": [0.03567935712635517, 0.0355763491243124, 0.03482460975646973, 0.03599594347178936, 0.03542419336736202], "(3, 2, 2, 2)": [0.031938981264829636, 0.034246064722537994, 0.03352770581841469, 0.0345943458378315, 0.03507973439991474], "(3, 4, 2, 1)": [0.03760123439133167, 0.03778361342847347, 0.03797421604394913, 0.037259843200445175, 0.03872393071651459], "(3, 1, 1, 1)": [-0.025498424656689167, -0.028917700052261353, -0.02483325731009245, -0.018128151074051857, -0.02662786189466715], "(3, 1, 2, 1)": [-0.01974439900368452, -0.009751856327056885, -0.010930899647064507, -0.005317745730280876, 0.007690255530178547], "(3, 1, 2, 2)": [0.004536703694611788, 0.0157462852075696, 0.006453458219766617, 0.020787919871509075, 0.03404207155108452], "(2, 6, 1, 2)": [0.03974783793091774, 0.03976316936314106, 0.03970145620405674, 0.03974849171936512, 0.039633581414818764], "(3, 9, 2, 1)": [0.016915319953113794, 0.03603325039148331, 0.024161088280379772, 0.020766201429069042, 0.025850487872958183], "(2, 4, 2, 1)": [0.038820868358016014, 0.0389246940612793, 0.03890972398221493, 0.039191922172904015, 0.03917047940194607], "(3, 7, 2, 1)": [0.03949008695781231, 0.03931688517332077, 0.03928351774811745, 0.0391116738319397, 0.03897586651146412], "(2, 7, 2, 1)": [0.03584006242454052, 0.03907370567321777, 0.0316879078745842, 0.03226017951965332, 0.030676210299134254], "(2, 8, 1, 2)": [0.038075266405940056, 0.03683280386030674, 0.03689844533801079, 0.036977820098400116, 0.03632325865328312], "(2, 5, 1, 2)": [0.03984508477151394, 0.03984363004565239, 0.03985268995165825, 0.03984769247472286, 0.039859820157289505], "(3, 6, 2, 1)": [0.039747465401887894, 0.03988024778664112, 0.03978556953370571, 0.03954952955245972, 0.03880377858877182], "(3, 7, 1, 2)": [0.03935850225389004, 0.038941044360399246, 0.03900415636599064, 0.03867505118250847, 0.038506852462887764],