{"q_values": {"(2, 6, 1, 1)": [0.03993275947868824, 0.03990410082042217, 0.03998362645506859, 0.039880428463220596, 0.03989965468645096], "(2, 6, 2, 2)": [0.03996519185602665, 0.03974411450326443, 0.03974568098783493, 0.03959227353334427, 0.0395104568451643], "(2, 7, 2, 2)": [0.03718939237296581, 0.038498131558299065, 0.036159614101052284, 0.03713063523173332, 0.03725537285208702], "(2, 8, 2, 2)": [0.03578570298850536, 0.0294891819357872, 0.031139682978391647, 0.028914553113281727, 0.02980275172740221], "(2, 9, 2, 2)": [0.03192926850169897, 0.01071396074257791, 0.013900842051953077, 0.012738693505525589, 0.012269288301467896], "(2, 10, 2, 2)": [-0.017478838562965393, -0.02109693083912134, -0.019646880216896534, -0.02409185841679573, -0.02159905433654785], "(2, 1, 2, 2)": [0.015771140344440937, 0.007368988823145628, 0.011728159617632627, 0.0198164414614439, 0.03400799632072449], "(2, 1, 1, 1)": [-0.01741128833964467, -0.020983540453016758, -0.01874586846679449, -0.019451387226581573, 0.0020033596083521843], "(3, 8, 1, 2)": [0.0375982653349638, 0.03809514455497265, 0.037496695294976234, 0.03716412931680679, 0.03557097353041172], "(3, 8, 2, 2)": [0.03759525157511234, 0.03144249506294727, 0.03032106813043356, 0.03114408813416958, 0.03131073899567127], "(3, 9, 2, 2)": [0.017535247839987278, 0.013048639986664057, 0.009720821399241686, 0.006424372084438801, 0.011196691077202559], "(3, 9, 1, 2)": [0.0348421111702919, 0.03453357703983784, 0.033779799938201904, 0.027059064246714115, 0.02768333163112402], "(3, 10, 1, 2)": [0.03314834274351597, 0.010387887712568045, 0.009230575058609247, -0.012421153020113707, -0.008023061964195222], "(3, 10, 2, 2)": [-0.007932658307254314, -0.021934980526566505, -0.021526627242565155, -0.02278975397348404, -0.02719963900744915], "(3, 3, 1, 2)": [0.02847268618643284, 0.020598146598786116, 0.02592732384800911, 0.017797629348933697, 0.038294872269034386], "(3, 3, 1, 1)": [0.03232183866202831, 0.032239519990980625, 0.03220770042389631, 0.03474821522831917, 0.03144026827067137], "(2, 3, 1, 1)": [0.03211748693138361, 0.03254855237901211, 0.031048500910401344, 0.03351239673793316, 0.03737384267151356], "(2, 2, 1, 1)": [0.011905469931662083, 0.01581659447401762, 0.018768268637359142, 0.015014576725661755, 0.03519841656088829], "(3, 6, 1, 2)": [0.038891421630978584, 0.038885703310370445, 0.039079029113054276, 0.03907844237983227, 0.03927299752831459], "(3, 6, 1, 1)": [0.03975767828524113, 0.03887558542191982, 0.039388297125697136, 0.03892499580979347, 0.03886779025197029], "(3, 5, 1, 1)": [0.03875022940337658, 0.03883269056677818, 0.039048727601766586, 0.03885403834283352, 0.03909599967300892], "(2, 5, 1, 1)": [0.03967664763331413, 0.03968680649995804, 0.039602816104888916, 0.03972171060740948, 0.03997347876429558], "(2, 4, 1, 1)": [0.03807423822581768, 0.03781050071120262, 0.038321446627378464, 0.038274167105555534, 0.03911866806447506], "(2, 3, 2, 2)": [0.038039544597268105, 0.03792252391576767, 0.03794425539672375, 0.038477376103401184, 0.038071077316999435], "(2, 4, 2, 2)": [0.03925485722720623, 0.0392630435526371, 0.03925972059369087, 0.03926408104598522, 0.039532385766506195], "(2, 5, 2, 2)": [0.03983679227530956, 0.03997522406280041, 0.03980877064168453, 0.039733465760946274, 0.03983013890683651], "(2, 6, 2, 1)": [0.03997199423611164, 0.03944265656173229, 0.03963111713528633, 0.03972018323838711, 0.039545219391584396], "(2, 5, 2, 1)": [0.039477040991187096, 0.03964375704526901, 0.03934166952967644, 0.03950335271656513, 0.039924122393131256], "(2, 3, 2, 1)": [0.03565402142703533, 0.03665417805314064, 0.0369320809841156, 0.03787232004106045, 0.036476919427514076], "(2, 2, 2, 1)": [0.026445134542882442, 0.031754747964441776, 0.03410758078098297, 0.03532575070858002, 0.03395448997616768], "(2, 2, 2, 2)": [0.034741904586553574, 0.03443433716893196, 0.03490874916315079, 0.036182722076773643, 0.03471818380057812], "(3, 5, 2, 2)": [0.039146894589066505, 0.03927246667444706, 0.03943203575909138, 0.0396756324917078, 0.03940251097083092], "(3, 4, 1, 1)": [0.03737781383097172, 0.03717120178043842, 0.037292566150426865, 0.03917142190039158, 0.037265388295054436], "(3, 2, 1, 1)": [0.014505541883409023, 0.010785186663269997, 0.02204788289964199, 0.015924155712127686, 0.012751615606248379], "(3, 4, 1, 2)": [0.038564424961805344, 0.037794070318341255, 0.03759996220469475, 0.0371962059289217, 0.03836959972977638], "(3, 4, 2, 2)": [0.03909345902502537, 0.03911368362605572, 0.039097631350159645, 0.03952028974890709, 0.03909848444163799], "(3, 6, 2, 2)": [0.03897316753864288, 0.039487678557634354, 0.03915236331522465, 0.039047276601195335, 0.03898586146533489], "(3, 7, 2, 2)": [0.03950657323002815, 0.03711576759815216, 0.03666703589260578, 0.03708609193563461, 0.03662361390888691], "(3, 7, 1, 1)": [0.03884590230882168, 0.039611199870705605, 0.03918010555207729, 0.039084287360310555, 0.03882517106831074], "(3, 8, 1, 1)": [0.03865300863981247, 0.03807622939348221, 0.038105759769678116, 0.0381197165697813, 0.03669804148375988], "(3, 9, 1, 1)": [0.035935355350375175, 0.034977346658706665, 0.03526577353477478, 0.03414769284427166, 0.03406796418130398], "(3, 2, 1, 2)": [0.0034774502273648977, 0.032592713832855225, 0.007469582371413708, 0.01648852415382862, 0.01835751812905073], "(3, 3, 2, 2)": [0.03729205206036568, 0.03734941966831684, 0.0375210028141737, 0.03797481767833233, 0.0375648457556963], "(3, 2, 2, 1)": [0.022064151242375374, 0.029307859018445015, 0.026644203811883926, 0.03023016545921564, 0.03550582565367222], "(2, 8, 1, 1)": [0.03516913391649723, 0.03835307992994785, 0.03529531694948673, 0.03521433845162392, 0.03493078425526619], "(2, 7, 1, 1)": [0.03960177302360535, 0.039220694452524185, 0.039059095084667206, 0.039241986349225044, 0.039214735850691795], "(2, 1, 2, 1)": [-0.016176115721464157, -0.013441499322652817, 0.002582673681899905, 0.00392997357994318, 0.03252033703029156], "(2, 7, 1, 2)": [0.03869877755641937, 0.037674469873309135, 0.037807613611221313, 0.037826066836714745, 0.0376767311245203], "(3, 3, 2, 1)": [0.033875105902552605, 0.03427799418568611, 0.03311837650835514, 0.036740051582455635, 0.03438686579465866], "(3, 2, 2, 2)": [0.03412310965359211, 0.0340295284986496, 0.03482813946902752, 0.03441310487687588, 0.0357204657047987], "(3, 4, 2, 1)": [0.03746125288307667, 0.03796191327273846, 0.037776630371809006, 0.037710681557655334, 0.03932281583547592], "(3, 1, 1, 1)": [-0.025413728319108486, -0.028639212250709534, -0.02483325731009245, -0.003574056550860405, -0.02662786189466715], "(3, 1, 2, 1)": [-0.0221878532320261, -0.009751856327056885, -0.010930899647064507, -0.005317745730280876, 0.022946672514081], "(3, 1, 2, 2)": [0.014128936920315027, 0.0165209686383605, 0.01461049821227789, 0.02231950592249632, 0.034930646419525146], "(2, 6, 1, 2)": [0.039967309683561325, 0.039821986109018326, 0.039817674085497856, 0.03971415385603905, 0.03980671986937523], "(3, 9, 2, 1)": [0.016915319953113794, 0.03618330508470535, 0.02783755213022232, 0.020766201429069042, 0.025850487872958183], "(2, 4, 2, 1)": [0.038878267630934715, 0.03903963789343834, 0.03902033716440201, 0.03892700560390949, 0.03938068822026253], "(3, 7, 2, 1)": [0.03877999447286129, 0.03942522406578064, 0.03884994983673096, 0.03876061365008354, 0.03885772079229355], "(2, 7, 2, 1)": [0.03709256090223789, 0.03901256248354912, 0.03250117786228657, 0.03489714674651623, 0.031079936772584915], "(2, 8, 1, 2)": [0.03131906408816576, 0.031084105372428894, 0.034656088799238205, 0.033372433856129646, 0.03185916133224964], "(2, 5, 1, 2)": [0.03978405147790909, 0.03980343043804169, 0.039893656969070435, 0.03989574685692787, 0.039977144449949265], "(3, 6, 2, 1)": [0.039191341027617455, 0.03986137546598911, 0.039142753928899765, 0.03915193863213062, 0.03911823034286499], "(3, 7, 1, 2)": [0.039415523409843445, 0.03866727091372013, 0.038562873378396034, 0.03841669112443924, 0.03850015066564083],