{"q_values": {"(2, 6, 1, 1)": [0.0398498959839344, 0.03988770768046379, 0.039782507345080376, 0.03986760787665844, 0.03986632078886032], "(2, 6, 2, 2)": [0.03968681953847408, 0.039738936349749565, 0.03966560214757919, 0.03975974954664707, 0.03975360840559006], "(2, 7, 2, 2)": [0.03878604248166084, 0.03873454965651035, 0.03881099447607994, 0.03843041881918907, 0.03874196670949459], "(2, 8, 2, 2)": [0.03757370822131634, 0.03313781879842281, 0.03512810729444027, 0.03200160153210163, 0.03600253164768219], "(2, 9, 2, 2)": [0.03197702020406723, 0.013896373100578785, 0.009944883175194263, 0.009492618963122368, 0.011874503456056118], "(2, 10, 2, 2)": [-0.012853166088461876, -0.02118808403611183, -0.013448571786284447, -0.02409185841679573, -0.02159905433654785], "(2, 1, 2, 2)": [0.011269672075286508, 0.003253011032938957, 0.011728159617632627, 0.013604410458356142, 0.03432655707001686], "(2, 1, 1, 1)": [-0.024328108876943588, -0.020983540453016758, -0.016464535146951675, -0.023843256756663322, -0.001670651137828827], "(3, 8, 1, 2)": [0.03792634978890419, 0.03691479191184044, 0.036956073716282845, 0.036853862926363945, 0.03639325685799122], "(3, 8, 2, 2)": [0.03762836940586567, 0.03640743903815746, 0.0362467672675848, 0.03643856942653656, 0.03629079461097717], "(3, 9, 2, 2)": [0.032106226310133934, 0.014339932706207037, 0.02457754872739315, 0.021997096948325634, 0.01681559905409813], "(3, 9, 1, 2)": [0.03601076640188694, 0.03405711054801941, 0.03195921238511801, 0.027606554329395294, 0.026155143044888973], "(3, 10, 1, 2)": [0.024541347287595272, 0.010387887712568045, 0.009230575058609247, -0.012421153020113707, -0.008023061964195222], "(3, 10, 2, 2)": [-0.02035278733819723, -0.01861573150381446, -0.021526627242565155, -0.02278975397348404, -0.027310951612889767], "(3, 3, 1, 2)": [0.026912661269307137, 0.013517333194613457, 0.023561714217066765, 0.017797629348933697, 0.03833460435271263], "(3, 3, 1, 1)": [0.031194031238555908, 0.03126053046435118, 0.029767396859824657, 0.0330694243311882, 0.03191188536584377], "(2, 3, 1, 1)": [0.03448913246393204, 0.03525949828326702, 0.035028401762247086, 0.034546369686722755, 0.037525489926338196], "(2, 2, 1, 1)": [0.020926774479448795, 0.025969689711928368, 0.021226920187473297, 0.024249686859548092, 0.03548428229987621], "(3, 6, 1, 2)": [0.03980218060314655, 0.03991288132965565, 0.03978290781378746, 0.039812345057725906, 0.03969261795282364], "(3, 6, 1, 1)": [0.03982404060661793, 0.03981763496994972, 0.03984188288450241, 0.03985266759991646, 0.039867958053946495], "(3, 5, 1, 1)": [0.03911110199987888, 0.03949475474655628, 0.03936363011598587, 0.03949977271258831, 0.03955681808292866], "(2, 5, 1, 1)": [0.03960973769426346, 0.039726780727505684, 0.039619993418455124, 0.039692724123597145, 0.03966997191309929], "(2, 4, 1, 1)": [0.03866158425807953, 0.03815407678484917, 0.03833606839179993, 0.03867688030004501, 0.0381596963852644], "(2, 3, 2, 2)": [0.03799426928162575, 0.038047295063734055, 0.03789899870753288, 0.03835483454167843, 0.038108425214886665], "(2, 4, 2, 2)": [0.039116572588682175, 0.0393853522837162, 0.039275696501135826, 0.039306893944740295, 0.03953717090189457], "(2, 5, 2, 2)": [0.03986437991261482, 0.03985128551721573, 0.03986227512359619, 0.03986235521733761, 0.039868736639618874], "(2, 6, 2, 1)": [0.03974670544266701, 0.03988092020153999, 0.037670623511075974, 0.0396646223962307, 0.038224801421165466], "(2, 5, 2, 1)": [0.03976122476160526, 0.03982607275247574, 0.0397528912872076, 0.03976915217936039, 0.039758475497365], "(2, 3, 2, 1)": [0.03618859127163887, 0.036075593903660774, 0.03736054711043835, 0.037537772208452225, 0.03801869601011276], "(2, 2, 2, 1)": [0.02882474847137928, 0.031013584695756435, 0.0343414768576622, 0.0344885028898716, 0.03547779284417629], "(2, 2, 2, 2)": [0.03487575054168701, 0.03545455262064934, 0.0356252696365118, 0.03547796979546547, 0.035964565351605415], "(3, 5, 2, 2)": [0.039853520691394806, 0.039849963039159775, 0.03985298238694668, 0.03847951255738735, 0.03965404070913792], "(3, 4, 1, 1)": [0.036518651992082596, 0.037010375410318375, 0.03654959239065647, 0.03828717581927776, 0.03718467615544796], "(3, 2, 1, 1)": [0.012279453221708536, 0.012654455844312906, 0.016649912111461163, 0.012309279758483171, 0.02511275839060545], "(3, 4, 1, 2)": [0.03894588351249695, 0.03408004343509674, 0.03530866652727127, 0.03520921245217323, 0.03559984639286995], "(3, 4, 2, 2)": [0.03879566304385662, 0.03897223621606827, 0.0389724038541317, 0.0388155709952116, 0.039507413282990456], "(3, 6, 2, 2)": [0.039741843938827515, 0.03970757871866226, 0.03966816887259483, 0.03970428183674812, 0.03971455618739128], "(3, 7, 2, 2)": [0.039373232051730156, 0.038403235375881195, 0.038575613871216774, 0.03861715458333492, 0.03845759853720665], "(3, 7, 1, 1)": [0.039373427629470825, 0.039602141827344894, 0.039399974048137665, 0.03936885483562946, 0.0393599234521389], "(3, 8, 1, 1)": [0.03844509832561016, 0.038354676216840744, 0.03814125061035156, 0.0381813645362854, 0.038127802312374115], "(3, 9, 1, 1)": [0.03661070019006729, 0.03620368055999279, 0.0357984472066164, 0.03540569543838501, 0.033749762922525406], "(3, 2, 1, 2)": [0.0034774502273648977, 0.025334334932267666, 0.004580128937959671, 0.01017768308520317, 0.016872582957148552], "(3, 3, 2, 2)": [0.03700496628880501, 0.037588801234960556, 0.03813493810594082, 0.038044216111302376, 0.038504842668771744], "(3, 2, 2, 1)": [0.02684644516557455, 0.029932646080851555, 0.029514454305171967, 0.03145221248269081, 0.032836807891726494], "(2, 8, 1, 1)": [0.038143521174788475, 0.0376645065844059, 0.037834784016013145, 0.03782430849969387, 0.03779059462249279], "(2, 7, 1, 1)": [0.03943617455661297, 0.03946484625339508, 0.039446452632546425, 0.03944268077611923, 0.039286183193325996], "(2, 1, 2, 1)": [-0.016176115721464157, -0.013441499322652817, 0.002582673681899905, 0.00392997357994318, 0.01200603460893035], "(2, 7, 1, 2)": [0.03935486450791359, 0.03920590505003929, 0.039213091135025024, 0.03907644562423229, 0.039100682362914085], "(3, 3, 2, 1)": [0.03676097095012665, 0.036339616402983665, 0.037212589755654335, 0.037099581211805344, 0.03816670551896095], "(3, 2, 2, 2)": [0.033162004314363, 0.03383689001202583, 0.03354718163609505, 0.03465685620903969, 0.03367958404123783], "(3, 4, 2, 1)": [0.03817439824342728, 0.038042692467570305, 0.03860620781779289, 0.03826293908059597, 0.039066435769200325], "(3, 1, 1, 1)": [-0.025498424656689167, -0.028917700052261353, -0.02483325731009245, -0.0241667702794075, -0.02662786189466715], "(3, 1, 2, 1)": [-0.01974439900368452, -0.009751856327056885, -0.010930899647064507, -0.011873819399625063, 0.021763083525002003], "(3, 1, 2, 2)": [0.004536703694611788, 0.0157462852075696, 0.006453458219766617, 0.01879460085183382, 0.032966528087854385], "(2, 6, 1, 2)": [0.03986969403922558, 0.039859822019934654, 0.03985639475286007, 0.039810964837670326, 0.03983701393008232], "(3, 9, 2, 1)": [0.016915319953113794, 0.03585834614932537, 0.024161088280379772, 0.020766201429069042, 0.025850487872958183], "(2, 4, 2, 1)": [0.03850397653877735, 0.0387368556112051, 0.038758695125579834, 0.03912592679262161, 0.039219923317432404], "(3, 7, 2, 1)": [0.03953714296221733, 0.03931903466582298, 0.039244648069143295, 0.03908280283212662, 0.03887483663856983], "(2, 7, 2, 1)": [0.03443668223917484, 0.039416100829839706, 0.0316879078745842, 0.02908477373421192, 0.023751010186970234], "(2, 8, 1, 2)": [0.03731825202703476, 0.03731897473335266, 0.037294842302799225, 0.03623380698263645, 0.03555035963654518], "(2, 5, 1, 2)": [0.0398357305675745, 0.03986970707774162, 0.03986974433064461, 0.03994331322610378, 0.039843423292040825], "(3, 6, 2, 1)": [0.039827996864914894, 0.03987823612987995, 0.03987814113497734, 0.03985327482223511, 0.039876796305179596], "(3, 7, 1, 2)": [0.039399875327944756, 0.038813844323158264, 0.03907846286892891, 0.038668299093842506, 0.03806900233030319],