{"q_values": {"(2, 6, 1, 1)": [0.039323991164565086, 0.03863701410591602, 0.039210911840200424, 0.03882887586951256, 0.039156340062618256], "(2, 6, 2, 2)": [0.0393946748226881, 0.03947131149470806, 0.03925526328384876, 0.0393939595669508, 0.03925701975822449], "(2, 7, 2, 2)": [0.03928137570619583, 0.03772732615470886, 0.03728456795215607, 0.037904512137174606, 0.037508269771933556], "(2, 8, 2, 2)": [0.03438321687281132, 0.03360116109251976, 0.03463517129421234, 0.033756718039512634, 0.032147462479770184], "(2, 9, 2, 2)": [0.03439405933022499, 0.017765413969755173, 0.01902579329907894, 0.01375793106853962, 0.017157649621367455], "(2, 10, 2, 2)": [-0.0074824802577495575, -0.02118808403611183, -0.01819866942241788, -0.02409185841679573, -0.02159905433654785], "(2, 1, 2, 2)": [0.015771140344440937, 0.007368988823145628, 0.011728159617632627, 0.0198164414614439, 0.03328303061425686], "(2, 1, 1, 1)": [-0.024119636975228786, -0.020983540453016758, -0.014653163030743599, -0.016950256656855345, -0.010775094851851463], "(3, 8, 1, 2)": [0.03785708546638489, 0.037627000361680984, 0.0370975024998188, 0.03696387633681297, 0.03478764556348324], "(3, 8, 2, 2)": [0.037406062707304955, 0.03676027990877628, 0.035695360973477364, 0.0367087721824646, 0.03654453717172146], "(3, 9, 2, 2)": [0.03543580882251263, 0.023661257699131966, 0.024858495220541954, 0.029329797253012657, 0.022602543234825134], "(3, 9, 1, 2)": [0.03579476475715637, 0.0345032662153244, 0.03325884789228439, 0.027606554329395294, 0.02768333163112402], "(3, 10, 1, 2)": [0.029553422704339027, 0.010387887712568045, 0.009230575058609247, -0.012421153020113707, -0.008023061964195222], "(3, 10, 2, 2)": [-0.020534376613795757, -0.01562735252082348, -0.021526627242565155, -0.02278975397348404, -0.027310951612889767], "(3, 3, 1, 2)": [0.02847268618643284, 0.013517333194613457, 0.02592732384800911, 0.017797629348933697, 0.037955598905682564], "(3, 3, 1, 1)": [0.03205462172627449, 0.029442633502185345, 0.03114413656294346, 0.03243903908878565, 0.036553675308823586], "(2, 3, 1, 1)": [0.03257264569401741, 0.03231145814061165, 0.03257950022816658, 0.032651991583406925, 0.03448217175900936], "(2, 2, 1, 1)": [0.018109826371073723, 0.01633874513208866, 0.016811502166092396, 0.01611275365576148, 0.025001498870551586], "(3, 6, 1, 2)": [0.03986370749771595, 0.0398530550301075, 0.03985377587378025, 0.03982806205749512, 0.039835087954998016], "(3, 6, 1, 1)": [0.039680225774645805, 0.03968933969736099, 0.039550695568323135, 0.039626097306609154, 0.03957777097821236], "(3, 5, 1, 1)": [0.039114488288760185, 0.03916454315185547, 0.03922535292804241, 0.0391467846930027, 0.039032429456710815], "(2, 5, 1, 1)": [0.039495211094617844, 0.03957364894449711, 0.039369113743305206, 0.03925904259085655, 0.03977956809103489], "(2, 4, 1, 1)": [0.037287672981619835, 0.03763891011476517, 0.03713306412100792, 0.0388688538223505, 0.03730624169111252], "(2, 3, 2, 2)": [0.03755688667297363, 0.03787634335458279, 0.03763044998049736, 0.03809424117207527, 0.0375535786151886], "(2, 4, 2, 2)": [0.039027001708745956, 0.039230287075042725, 0.0392689798027277, 0.03931710869073868, 0.03928085044026375], "(2, 5, 2, 2)": [0.03974170237779617, 0.039802372455596924, 0.03971436806023121, 0.03984287939965725, 0.03985023684799671], "(2, 6, 2, 1)": [0.03984254598617554, 0.039754291996359825, 0.039927830919623375, 0.03977734409272671, 0.03978879749774933], "(2, 5, 2, 1)": [0.039738843217492104, 0.039792370051145554, 0.03979927487671375, 0.03983348235487938, 0.03995889239013195], "(2, 3, 2, 1)": [0.035480620339512825, 0.036673251539468765, 0.03697318769991398, 0.03754961118102074, 0.035754965618252754], "(2, 2, 2, 1)": [0.026445134542882442, 0.031754747964441776, 0.03410758078098297, 0.034830743446946144, 0.03395448997616768], "(2, 2, 2, 2)": [0.03433576971292496, 0.0325651690363884, 0.034314848482608795, 0.03457721695303917, 0.03621908277273178], "(3, 5, 2, 2)": [0.03923757188022137, 0.03893185779452324, 0.039068667218089104, 0.03906012140214443, 0.03900313563644886], "(3, 4, 1, 1)": [0.03809717297554016, 0.0377387311309576, 0.03815067186951637, 0.03814251348376274, 0.03770570643246174], "(3, 2, 1, 1)": [0.0038645239546895027, 0.0052345371805131435, 0.011778001673519611, 0.028379082679748535, 0.01148992171511054], "(3, 4, 1, 2)": [0.03851717710494995, 0.035746337845921516, 0.037585025653243065, 0.03601678088307381, 0.03803110681474209], "(3, 4, 2, 2)": [0.03892010822892189, 0.03894880972802639, 0.039003171026706696, 0.03922906890511513, 0.038659702986478806], "(3, 6, 2, 2)": [0.03921782411634922, 0.038726866245269775, 0.03916294500231743, 0.03920749016106129, 0.03918895311653614], "(3, 7, 2, 2)": [0.03896653465926647, 0.03881325572729111, 0.03861107490956783, 0.038401173427700996, 0.03852955251932144], "(3, 7, 1, 1)": [0.03924568556249142, 0.039439767599105835, 0.039344098418951035, 0.03924493305385113, 0.03921208530664444], "(3, 8, 1, 1)": [0.03802037984132767, 0.038142165169119835, 0.03808564506471157, 0.038013266399502754, 0.03773650340735912], "(3, 9, 1, 1)": [0.03542367182672024, 0.03558785654604435, 0.035805292427539825, 0.03562786243855953, 0.03558814711868763], "(3, 2, 1, 2)": [0.0034774502273648977, 0.028574788942933083, 0.004580128937959671, 0.01367939542979002, 0.01835751812905073], "(3, 3, 2, 2)": [0.036599176004529, 0.037385404109954834, 0.036793509498238564, 0.03671075031161308, 0.03817841596901417], "(3, 2, 2, 1)": [0.02900795266032219, 0.02931638341397047, 0.028279155492782593, 0.019761482253670692, 0.02709115482866764], "(2, 8, 1, 1)": [0.037046778947114944, 0.03780285827815533, 0.036317864432930946, 0.03709058091044426, 0.036598965525627136], "(2, 7, 1, 1)": [0.039113206788897514, 0.03882191888988018, 0.03917272947728634, 0.03943243436515331, 0.03901267237961292], "(2, 1, 2, 1)": [-0.016176115721464157, -0.013441499322652817, 0.002582673681899905, 0.00392997357994318, 0.02741972077637911], "(2, 7, 1, 2)": [0.039430173113942146, 0.038755230605602264, 0.03874918073415756, 0.03862002491950989, 0.03837879002094269], "(3, 3, 2, 1)": [0.035078391432762146, 0.034723564982414246, 0.035199398174881935, 0.03738134354352951, 0.03494032099843025], "(3, 2, 2, 2)": [0.02949644811451435, 0.030142661184072495, 0.03290632274001837, 0.03435462340712547, 0.03288211300969124], "(3, 4, 2, 1)": [0.03807657025754452, 0.03813418932259083, 0.038204582408070564, 0.03803342394530773, 0.03818817436695099], "(3, 1, 1, 1)": [-0.025498424656689167, -0.028639212250709534, -0.02483325731009245, -0.005596912931650877, -0.02662786189466715], "(3, 1, 2, 1)": [-0.020402966998517513, -0.009751856327056885, -0.010930899647064507, -0.005317745730280876, 0.010710762813687325], "(3, 1, 2, 2)": [0.005650293081998825, 0.0165209686383605, 0.009490055963397026, 0.020787919871509075, 0.033287568017840385], "(2, 6, 1, 2)": [0.039134420454502106, 0.0392279289662838, 0.039381036534905434, 0.0392996184527874, 0.03925377503037453], "(3, 9, 2, 1)": [0.016915319953113794, 0.03601191192865372, 0.024161088280379772, 0.020766201429069042, 0.025850487872958183], "(2, 4, 2, 1)": [0.03876507468521595, 0.0389246940612793, 0.03907551430165768, 0.03916291147470474, 0.03925812616944313], "(3, 7, 2, 1)": [0.03944234363734722, 0.03812121041119099, 0.03911557048559189, 0.03912193700671196, 0.03897586651146412], "(2, 7, 2, 1)": [0.03584006242454052, 0.039235662668943405, 0.0316879078745842, 0.034207697957754135, 0.030676210299134254], "(2, 8, 1, 2)": [0.0367434024810791, 0.036089327186346054, 0.03600485250353813, 0.03620094247162342, 0.03614853695034981], "(2, 5, 1, 2)": [0.03968951851129532, 0.03961440920829773, 0.03976487182080746, 0.03998824767768383, 0.03969154879450798], "(3, 6, 2, 1)": [0.0397946760058403, 0.03981214389204979, 0.039821697399020195, 0.03972255997359753, 0.039795590564608574], "(3, 7, 1, 2)": [0.03924335911870003, 0.03906971029937267, 0.03910736367106438, 0.03887100704014301, 0.038506852462887764],