{"q_values": {"(2, 6, 1, 1)": [0.0, 0.0, 0.0, 0.0, 0.00298250000923872], "(2, 6, 2, 2)": [0.0, 0.0, 0.002956148935481906, 0.0, 0.0029721802566200495], "(2, 7, 2, 2)": [0.0, 0.0, 0.00293783494271338, 0.0057934250216931105, 0.0], "(2, 8, 2, 2)": [0.0, 0.0, 0.0027604943607002497, 0.0026803084183484316, 0.0028275134973227978], "(2, 9, 2, 2)": [0.0025063438806682825, 0.0, 0.002587954280897975, 0.0, 0.0], "(2, 10, 2, 2)": [0.0, 0.0, 0.0, 0.0, -0.00658302241936326]}}