{"q_values": {"(2, 6, 1, 1)": [0.03990495949983597, 0.03864282928407192, 0.039314933121204376, 0.03908352367579937, 0.03926142863929272], "(2, 6, 2, 2)": [0.03980902396142483, 0.03916281275451183, 0.03912733681499958, 0.039173537865281105, 0.03923576511442661], "(2, 7, 2, 2)": [0.03754745237529278, 0.038553353399038315, 0.03746973164379597, 0.03724668174982071, 0.037251172587275505], "(2, 8, 2, 2)": [0.034805821254849434, 0.03429734334349632, 0.03408992104232311, 0.033567605540156364, 0.03332500718533993], "(2, 9, 2, 2)": [0.02607571240514517, 0.010793559718877077, 0.013711408246308565, 0.0185407567769289, 0.009599395329132676], "(2, 10, 2, 2)": [-0.0074824802577495575, -0.02118808403611183, -0.01819866942241788, -0.02409185841679573, -0.02159905433654785], "(2, 1, 2, 2)": [0.015771140344440937, 0.007368988823145628, 0.011728159617632627, 0.015993493143469095, 0.034043220803141594], "(2, 1, 1, 1)": [-0.024328108876943588, -0.020983540453016758, -0.01956287119537592, -0.016950256656855345, -0.007272236980497837], "(3, 8, 1, 2)": [0.03793465159833431, 0.037627000361680984, 0.0370975024998188, 0.03696387633681297, 0.03478764556348324], "(3, 8, 2, 2)": [0.03751969151198864, 0.035988232120871544, 0.034311043098568916, 0.035918647423386574, 0.0360895711928606], "(3, 9, 2, 2)": [0.035251518711447716, 0.021179741248488426, 0.024858495220541954, 0.02680276706814766, 0.020080440677702427], "(3, 9, 1, 2)": [0.03562558628618717, 0.0345032662153244, 0.03325884789228439, 0.027606554329395294, 0.02768333163112402], "(3, 10, 1, 2)": [0.02928827330470085, 0.010387887712568045, 0.009230575058609247, -0.012421153020113707, -0.008023061964195222], "(3, 10, 2, 2)": [-0.020534376613795757, -0.01562735252082348, -0.021526627242565155, -0.02278975397348404, -0.027310951612889767], "(3, 3, 1, 2)": [0.02847268618643284, 0.013517333194613457, 0.023561714217066765, 0.017797629348933697, 0.03787043131887913], "(3, 3, 1, 1)": [0.030005695298314095, 0.026420160196721554, 0.03007624950259924, 0.03195162955671549, 0.03508465178310871], "(2, 3, 1, 1)": [0.03482097573578358, 0.035714106634259224, 0.03388489969074726, 0.03383156657218933, 0.03751550242304802], "(2, 2, 1, 1)": [0.01649827929213643, 0.018202582374215126, 0.018356594257056713, 0.0248428238555789, 0.03148546162992716], "(3, 6, 1, 2)": [0.03982866182923317, 0.039889805018901825, 0.03985016979277134, 0.03983711637556553, 0.039862729609012604], "(3, 6, 1, 1)": [0.03983263671398163, 0.03990057483315468, 0.03983422555029392, 0.0398307628929615, 0.039832187816500664], "(3, 5, 1, 1)": [0.03952852450311184, 0.039661891758441925, 0.03967621363699436, 0.039714887738227844, 0.03968989662826061], "(2, 5, 1, 1)": [0.03945790231227875, 0.03953241556882858, 0.03961351327598095, 0.03960445336997509, 0.03977900184690952], "(2, 4, 1, 1)": [0.03862955793738365, 0.03828708454966545, 0.03843719698488712, 0.03858480975031853, 0.03925170376896858], "(2, 3, 2, 2)": [0.037556903436779976, 0.037655215710401535, 0.03785107843577862, 0.038030847907066345, 0.03782096691429615], "(2, 4, 2, 2)": [0.03920440003275871, 0.03920876421034336, 0.039258332923054695, 0.039425065740942955, 0.03953530080616474], "(2, 5, 2, 2)": [0.03963064029812813, 0.039787622168660164, 0.03987116180360317, 0.03973236307501793, 0.03968886844813824], "(2, 6, 2, 1)": [0.03969915397465229, 0.039781369268894196, 0.039810970425605774, 0.0396877396851778, 0.0396014079451561], "(2, 5, 2, 1)": [0.039689505472779274, 0.03972785361111164, 0.03977852873504162, 0.039893271401524544, 0.03977927565574646], "(2, 3, 2, 1)": [0.035480620339512825, 0.036673251539468765, 0.03697318769991398, 0.03704475797712803, 0.035754965618252754], "(2, 2, 2, 1)": [0.02692021057009697, 0.031754747964441776, 0.03413693793118, 0.03431148640811443, 0.03395448997616768], "(2, 2, 2, 2)": [0.03449069336056709, 0.033808132633566856, 0.03450840339064598, 0.0341006126254797, 0.03556152433156967], "(3, 5, 2, 2)": [0.0397801548242569, 0.03978380933403969, 0.03981929458677769, 0.03981884568929672, 0.039814190939068794], "(3, 4, 1, 1)": [0.03709455952048302, 0.03738601319491863, 0.037450315430760384, 0.03758113272488117, 0.03896610625088215], "(3, 2, 1, 1)": [0.0038645239546895027, 0.0052345371805131435, 0.0069345710799098015, 0.023910924792289734, 0.006300829816609621], "(3, 4, 1, 2)": [0.03858933970332146, 0.035746337845921516, 0.037585025653243065, 0.03601678088307381, 0.03803110681474209], "(3, 4, 2, 2)": [0.03893624246120453, 0.03904113546013832, 0.03888330236077309, 0.03925691545009613, 0.03954634070396423], "(3, 6, 2, 2)": [0.03989276476204395, 0.03969985246658325, 0.03966580145061016, 0.039718011394143105, 0.039735568687319756], "(3, 7, 2, 2)": [0.03873302973806858, 0.03862216882407665, 0.038618676364421844, 0.03846466541290283, 0.03849477134644985], "(3, 7, 1, 1)": [0.03927580453455448, 0.03954639099538326, 0.039105793461203575, 0.03928820788860321, 0.03919043950736523], "(3, 8, 1, 1)": [0.03837518021464348, 0.03805600292980671, 0.038029368966817856, 0.03806125931441784, 0.03764711506664753], "(3, 9, 1, 1)": [0.0357138030230999, 0.036060458049178123, 0.03570481017231941, 0.03557407483458519, 0.03563614934682846], "(3, 2, 1, 2)": [0.0034774502273648977, 0.02653463650494814, 0.004580128937959671, 0.01017768308520317, 0.01835751812905073], "(3, 3, 2, 2)": [0.03598650172352791, 0.03636540099978447, 0.037280961871147156, 0.03691900335252285, 0.03824566304683685], "(3, 2, 2, 1)": [0.027933165431022644, 0.029507103376090527, 0.03135247342288494, 0.032843876630067825, 0.031567150726914406], "(2, 8, 1, 1)": [0.036225294694304466, 0.03745609149336815, 0.03606683760881424, 0.03691280633211136, 0.03633439168334007], "(2, 7, 1, 1)": [0.038253890350461006, 0.03835182078182697, 0.03882446698844433, 0.0384247824549675, 0.03793732821941376], "(2, 1, 2, 1)": [-0.016176115721464157, -0.013441499322652817, 0.002582673681899905, 0.00392997357994318, 0.026422866620123386], "(2, 7, 1, 2)": [0.037807511165738106, 0.037376536056399345, 0.03845533728599548, 0.03766246698796749, 0.037900686264038086], "(3, 3, 2, 1)": [0.03434542007744312, 0.03564317524433136, 0.03605755977332592, 0.03726490028202534, 0.03423359803855419], "(3, 2, 2, 2)": [0.02857356332242489, 0.0307808518409729, 0.032848918810486794, 0.03401464968919754, 0.03284083306789398], "(3, 4, 2, 1)": [0.0378885418176651, 0.03791272081434727, 0.038246264681220055, 0.03923341631889343, 0.03848716802895069], "(3, 1, 1, 1)": [-0.025498424656689167, -0.028639212250709534, -0.02483325731009245, 0.0024597644805908203, -0.02662786189466715], "(3, 1, 2, 1)": [-0.01974439900368452, -0.009751856327056885, -0.010930899647064507, -0.005317745730280876, 0.010710762813687325], "(3, 1, 2, 2)": [0.004536703694611788, 0.0165209686383605, 0.006453458219766617, 0.020787919871509075, 0.033287568017840385], "(2, 6, 1, 2)": [0.039066968485713005, 0.038817331194877625, 0.03907565772533417, 0.03900589421391487, 0.0394681915640831], "(3, 9, 2, 1)": [0.016915319953113794, 0.03600672446191311, 0.024161088280379772, 0.020766201429069042, 0.025850487872958183], "(2, 4, 2, 1)": [0.038753852248191833, 0.0389246940612793, 0.03897819668054581, 0.03928491286933422, 0.03909127414226532], "(3, 7, 2, 1)": [0.03915020078420639, 0.0393492728471756, 0.03914399445056915, 0.0392643678933382, 0.03897586651146412], "(2, 7, 2, 1)": [0.03584006242454052, 0.039152586832642555, 0.0316879078745842, 0.03226017951965332, 0.030676210299134254], "(2, 8, 1, 2)": [0.03623611107468605, 0.03683309815824032, 0.03583196736872196, 0.0362103171646595, 0.03597083128988743], "(2, 5, 1, 2)": [0.03963090479373932, 0.039686787873506546, 0.039718905463814735, 0.03965977393090725, 0.03982505388557911], "(3, 6, 2, 1)": [0.039914755150675774, 0.03989139199256897, 0.03995200805366039, 0.039873264729976654, 0.03991081938147545], "(3, 7, 1, 2)": [0.03917880542576313, 0.03903430327773094, 0.03910736367106438, 0.0387736726552248, 0.038506852462887764],