{"q_values": {"(2, 6, 1, 1)": [0.03986268490552902, 0.039793526753783226, 0.039793893694877625, 0.03978254273533821, 0.03977339714765549], "(2, 6, 2, 2)": [0.03972410596907139, 0.03968827985227108, 0.03966161236166954, 0.039589572697877884, 0.0395262036472559], "(2, 7, 2, 2)": [0.038669146597385406, 0.03854743018746376, 0.038371965289115906, 0.03860822133719921, 0.03859408758580685], "(2, 8, 2, 2)": [0.03500322066247463, 0.035207344219088554, 0.03311724402010441, 0.035903556272387505, 0.034024400636553764], "(2, 9, 2, 2)": [0.029522608034312725, 0.01879455056041479, 0.021675757132470608, 0.015282637905329466, 0.019173057284206152], "(2, 10, 2, 2)": [-0.015949871856719255, -0.014404251240193844, -0.019198290072381496, -0.02387585397809744, -0.020178554579615593], "(2, 1, 2, 2)": [0.011269672075286508, 0.0010091913864016533, 0.011728159617632627, 0.013604410458356142, 0.031182441860437393], "(2, 1, 1, 1)": [-0.023999321274459362, -0.019647552631795406, -0.017368938773870468, -0.023524834774434566, -0.002642294391989708], "(3, 8, 1, 2)": [0.03795901499688625, 0.03483702801167965, 0.03642640821635723, 0.03653351590037346, 0.03653587028384209], "(3, 8, 2, 2)": [0.03694690577685833, 0.03661632910370827, 0.03595117665827274, 0.035213224589824677, 0.03550909459590912], "(3, 9, 2, 2)": [0.03453597612679005, 0.01768892165273428, 0.02467861771583557, 0.02550981007516384, 0.0172452162951231], "(3, 9, 1, 2)": [0.034067532047629356, 0.03464805334806442, 0.03466604836285114, 0.0301883677020669, 0.02640077006071806], "(3, 10, 1, 2)": [0.01908716280013323, 0.010902004782110453, 0.0005278962198644876, -0.01155403396114707, -0.007088162936270237], "(3, 10, 2, 2)": [-0.002388331340625882, -0.019664952997118235, -0.020145202055573463, -0.019905637484043837, -0.028271452523767948], "(3, 3, 1, 2)": [0.026912661269307137, 0.013517333194613457, 0.01111258938908577, 0.014851553365588188, 0.03745583817362785], "(3, 3, 1, 1)": [0.03294285200536251, 0.03032199665904045, 0.032838571816682816, 0.03206443693488836, 0.03541497141122818], "(2, 3, 1, 1)": [0.03528722561895847, 0.03517671301960945, 0.03668808564543724, 0.036209866404533386, 0.036371899768710136], "(2, 2, 1, 1)": [0.020575198344886303, 0.024978237226605415, 0.025093956850469112, 0.02694509271532297, 0.035386571660637856], "(3, 6, 1, 2)": [0.03841908648610115, 0.038039010018110275, 0.03927682153880596, 0.03965461999177933, 0.039588311687111855], "(3, 6, 1, 1)": [0.03977062180638313, 0.039836591109633446, 0.03978399373590946, 0.03976971469819546, 0.0398106724023819], "(3, 5, 1, 1)": [0.03963163681328297, 0.039667604491114616, 0.03955637849867344, 0.039715733379125595, 0.039538558572530746], "(2, 5, 1, 1)": [0.03941921703517437, 0.0395561084151268, 0.03960718773305416, 0.03963081166148186, 0.039833178743720055], "(2, 4, 1, 1)": [0.038465362042188644, 0.03852522186934948, 0.03827019967138767, 0.038708075881004333, 0.03902905620634556], "(2, 3, 2, 2)": [0.0378962978720665, 0.037885336205363274, 0.03787236660718918, 0.038005515933036804, 0.03813456930220127], "(2, 4, 2, 2)": [0.03905616141855717, 0.039244936779141426, 0.03946830704808235, 0.039575232192873955, 0.03944920375943184], "(2, 5, 2, 2)": [0.039815500378608704, 0.03979317098855972, 0.0398431122303009, 0.03981739282608032, 0.039850667119026184], "(2, 6, 2, 1)": [0.03759339824318886, 0.03986310213804245, 0.028446139767766, 0.03797297365963459, 0.03278832882642746], "(2, 5, 2, 1)": [0.03951452672481537, 0.03557044640183449, 0.0385778546333313, 0.039506616070866585, 0.038946256041526794], "(2, 3, 2, 1)": [0.035956837236881256, 0.03574901819229126, 0.03736054711043835, 0.03763885051012039, 0.037879759445786476], "(2, 2, 2, 1)": [0.026620730757713318, 0.03091739397495985, 0.03425309434533119, 0.033292755484580994, 0.03562667407095432], "(2, 2, 2, 2)": [0.03283284418284893, 0.03451979160308838, 0.035150330513715744, 0.03649663180112839, 0.03552689217031002], "(3, 5, 2, 2)": [0.03984210081398487, 0.03982316516339779, 0.03986859321594238, 0.03986251726746559, 0.03986629098653793], "(3, 4, 1, 1)": [0.03809386491775513, 0.03849663771688938, 0.03801116161048412, 0.03816886059939861, 0.03908982314169407], "(3, 2, 1, 1)": [0.010065888054668903, 0.011279746424406767, 0.011253292672336102, 0.008124957326799631, 0.012103699147701263], "(3, 4, 1, 2)": [0.0379281435161829, 0.02994324080646038, 0.019181755371391773, 0.027870817109942436, 0.015625672414898872], "(3, 4, 2, 2)": [0.039252350106835365, 0.0393962487578392, 0.03935101255774498, 0.03940245509147644, 0.03952708840370178], "(3, 6, 2, 2)": [0.03976801224052906, 0.0396695751696825, 0.039521556347608566, 0.039660533890128136, 0.039689548313617706], "(3, 7, 2, 2)": [0.03713727183640003, 0.03849610313773155, 0.03831876255571842, 0.038388682529330254, 0.03841537423431873], "(3, 7, 1, 1)": [0.03947758115828037, 0.03925694152712822, 0.03937148675322533, 0.03934262692928314, 0.03923857770860195], "(3, 8, 1, 1)": [0.038116682320833206, 0.038307659327983856, 0.03815150447189808, 0.03803296945989132, 0.037538936361670494], "(3, 9, 1, 1)": [0.035634128376841545, 0.034748975187540054, 0.03471107967197895, 0.03497618809342384, 0.0333755724132061], "(3, 2, 1, 2)": [0.0034774502273648977, 0.02673082798719406, 0.0, 0.005341563373804092, 0.014234339818358421], "(3, 3, 2, 2)": [0.038162657991051674, 0.03771815076470375, 0.03802274912595749, 0.03826434165239334, 0.03854730166494846], "(3, 2, 2, 1)": [0.027647798880934715, 0.027716542594134808, 0.032681332901120186, 0.033062998205423355, 0.034178657457232475], "(2, 8, 1, 1)": [0.03823576681315899, 0.03798167407512665, 0.03812635876238346, 0.03797145001590252, 0.03810213319957256], "(2, 7, 1, 1)": [0.03934173472225666, 0.039546553045511246, 0.039356548339128494, 0.03931640461087227, 0.039366789162158966], "(2, 1, 2, 1)": [-0.016176115721464157, -0.008373521966859698, 0.002582673681899905, -0.0022636251524090767, 0.007093443418852985], "(2, 7, 1, 2)": [0.0394266452640295, 0.03916485980153084, 0.039249155670404434, 0.039097391068935394, 0.03882911801338196], "(3, 3, 2, 1)": [0.0365380235016346, 0.03377233259379864, 0.03753621131181717, 0.037767715752124786, 0.03784831427037716], "(3, 2, 2, 2)": [0.034115271642804146, 0.035082362592220306, 0.035399679094552994, 0.03603384084999561, 0.035710493102669716], "(3, 4, 2, 1)": [0.03874201327562332, 0.03904169239103794, 0.038918016478419304, 0.03925011493265629, 0.0393460001796484], "(3, 1, 1, 1)": [-0.025498424656689167, -0.029280483722686768, -0.0227298466488719, -0.021702016703784466, -0.026583921164274216], "(3, 1, 2, 1)": [-0.01974439900368452, -0.009751856327056885, -0.010930899647064507, -0.011873819399625063, 0.019662667997181416], "(3, 1, 2, 2)": [0.0013616690412163734, 0.012828897684812546, 0.006453458219766617, 0.016068583354353905, 0.032348757609725], "(2, 6, 1, 2)": [0.03982408531010151, 0.03979727625846863, 0.0397588312625885, 0.03974703140556812, 0.03976590372622013], "(3, 9, 2, 1)": [0.011490404605865479, 0.03561609238386154, 0.021022481843829155, 0.015786376781761646, 0.02394389733672142], "(2, 4, 2, 1)": [0.03838713653385639, 0.03810971975326538, 0.03781089372932911, 0.03937679901719093, 0.038369063287973404], "(3, 7, 2, 1)": [0.03913863189518452, 0.03942050412297249, 0.039062196388840675, 0.039025384932756424, 0.0387949850410223], "(2, 7, 2, 1)": [0.033761221915483475, 0.03941216878592968, 0.030231001786887646, 0.024612244218587875, 0.015687418170273304], "(2, 8, 1, 2)": [0.03758481331169605, 0.03738287650048733, 0.03716460056602955, 0.03681561537086964, 0.03594243340194225], "(2, 5, 1, 2)": [0.03974633850157261, 0.03988420218229294, 0.03990636020898819, 0.03987504541873932, 0.039854831993579865], "(3, 6, 2, 1)": [0.03986889310181141, 0.03988213278353214, 0.039908796548843384, 0.039852892979979515, 0.039858898147940636], "(3, 7, 1, 2)": [0.03830250911414623, 0.037133676931262016, 0.038271209225058556, 0.03893319517374039, 0.0368000864982605],