{"q_values": {"(2, 6, 1, 1)": [0.03988861106336117, 0.03991246409714222, 0.03990446589887142, 0.03985343128442764, 0.03988087736070156], "(2, 6, 2, 2)": [0.039890458807349205, 0.03965803235769272, 0.03961382061243057, 0.03973500803112984, 0.039686741307377815], "(2, 7, 2, 2)": [0.03852178528904915, 0.036830417811870575, 0.0377917792648077, 0.036637403070926666, 0.037385350093245506], "(2, 8, 2, 2)": [0.03717679716646671, 0.029404280707240105, 0.030996881425380707, 0.029405376873910427, 0.031352266669273376], "(2, 9, 2, 2)": [0.020159765146672726, 0.007079883012920618, 0.007660037837922573, 0.007930132560431957, 0.004903483437374234], "(2, 10, 2, 2)": [-0.007494330871850252, -0.02118808403611183, -0.01819866942241788, -0.02409185841679573, -0.02159905433654785], "(2, 1, 2, 2)": [0.015771140344440937, 0.007368988823145628, 0.011728159617632627, 0.013604410458356142, 0.03460490144789219], "(2, 1, 1, 1)": [-0.024328108876943588, -0.020983540453016758, -0.01956287119537592, -0.015976833645254374, -0.015997163951396942], "(3, 8, 1, 2)": [0.03802540525794029, 0.037422675639390945, 0.03706096485257149, 0.03696387633681297, 0.034740887582302094], "(3, 8, 2, 2)": [0.034776441752910614, 0.03383432514965534, 0.03359694220125675, 0.03425479121506214, 0.034718943759799004], "(3, 9, 2, 2)": [0.031019341200590134, 0.01603283081203699, 0.0238787354901433, 0.021036684047430754, 0.020080440677702427], "(3, 9, 1, 2)": [0.035697611048817635, 0.03440180420875549, 0.033116281032562256, 0.027606554329395294, 0.027690517716109753], "(3, 10, 1, 2)": [0.0273667024448514, 0.010387887712568045, 0.009230575058609247, -0.012421153020113707, -0.008023061964195222], "(3, 10, 2, 2)": [-0.020534376613795757, -0.01786680705845356, -0.021526627242565155, -0.02278975397348404, -0.027310951612889767], "(3, 3, 1, 2)": [0.02847268618643284, 0.013517333194613457, 0.023561714217066765, 0.017797629348933697, 0.03806505165994167], "(3, 3, 1, 1)": [0.034025875851511955, 0.03523814119398594, 0.03378118947148323, 0.03428717330098152, 0.03736136853694916], "(2, 3, 1, 1)": [0.03421011194586754, 0.034730998799204826, 0.035344161093235016, 0.03441452607512474, 0.037985557690262794], "(2, 2, 1, 1)": [0.01649827929213643, 0.018630513921380043, 0.018356594257056713, 0.01440439559519291, 0.03500177338719368], "(3, 6, 1, 2)": [0.03986080177128315, 0.039780234917998314, 0.03988780826330185, 0.03976522013545036, 0.039628710597753525], "(3, 6, 1, 1)": [0.03978114202618599, 0.03981276415288448, 0.039810191839933395, 0.039932601153850555, 0.03982284478843212], "(3, 5, 1, 1)": [0.039586612954735756, 0.03957724943757057, 0.039555300027132034, 0.03987964801490307, 0.0395781472325325], "(2, 5, 1, 1)": [0.039600733667612076, 0.039659108966588974, 0.03970417566597462, 0.03985048830509186, 0.03968465141952038], "(2, 4, 1, 1)": [0.03786974772810936, 0.03820133954286575, 0.03799836151301861, 0.03851890191435814, 0.03842519782483578], "(2, 3, 2, 2)": [0.037697046995162964, 0.037670329213142395, 0.038053497672080994, 0.03794759511947632, 0.038574932143092155], "(2, 4, 2, 2)": [0.03911817632615566, 0.03921635262668133, 0.03929504379630089, 0.03918924741446972, 0.03940260037779808], "(2, 5, 2, 2)": [0.03987485356628895, 0.039877818897366524, 0.039927996695041656, 0.03984683007001877, 0.039857592433691025], "(2, 6, 2, 1)": [0.03988396190106869, 0.039820294827222824, 0.039555514231324196, 0.03973192162811756, 0.039333608001470566], "(2, 5, 2, 1)": [0.03977549076080322, 0.03966807574033737, 0.03978646360337734, 0.0397979561239481, 0.0399215929210186], "(2, 3, 2, 1)": [0.035480620339512825, 0.03656610660254955, 0.037336571142077446, 0.03760307654738426, 0.03352217189967632], "(2, 2, 2, 1)": [0.02486489899456501, 0.031013584695756435, 0.034209901466965675, 0.03555477410554886, 0.03395448997616768], "(2, 2, 2, 2)": [0.034985996782779694, 0.03555549494922161, 0.036088977009058, 0.036044891923666, 0.03690416179597378], "(3, 5, 2, 2)": [0.03984120860695839, 0.03985394723713398, 0.03996197506785393, 0.039857640862464905, 0.03985351510345936], "(3, 4, 1, 1)": [0.03834162652492523, 0.03837917372584343, 0.03826216794550419, 0.03858349844813347, 0.03888671472668648], "(3, 2, 1, 1)": [0.01634805090725422, 0.0167206316255033, 0.010396901983767748, 0.011321649886667728, 0.031749931164085865], "(3, 4, 1, 2)": [0.03888395242393017, 0.035746337845921516, 0.037412285804748535, 0.03601678088307381, 0.037482503801584244], "(3, 4, 2, 2)": [0.0392325334250927, 0.03915410488843918, 0.039333971217274666, 0.039440443739295006, 0.03955995291471481], "(3, 6, 2, 2)": [0.039940809831023216, 0.03970417380332947, 0.039742182940244675, 0.03970317542552948, 0.03954157792031765], "(3, 7, 2, 2)": [0.03906792216002941, 0.038230208680033684, 0.03836379945278168, 0.03801333159208298, 0.038042645901441574], "(3, 7, 1, 1)": [0.03903571330010891, 0.039197156205773354, 0.03945478983223438, 0.0391216054558754, 0.03907010704278946], "(3, 8, 1, 1)": [0.03820732794702053, 0.037891291081905365, 0.03792073577642441, 0.03788731060922146, 0.03765142522752285], "(3, 9, 1, 1)": [0.03569840081036091, 0.03651205450296402, 0.035698939114809036, 0.035657379776239395, 0.03494793921709061], "(3, 2, 1, 2)": [0.0034774502273648977, 0.026125429198145866, 0.004580128937959671, 0.01017768308520317, 0.016872582957148552], "(3, 3, 2, 2)": [0.037420157343149185, 0.03772652521729469, 0.03765008598566055, 0.037646159529685974, 0.037168215960264206], "(3, 2, 2, 1)": [0.02684644516557455, 0.031400166451931, 0.03138850722461939, 0.03169888723641634, 0.03542892634868622], "(2, 8, 1, 1)": [0.036405049264431, 0.036867110058665276, 0.036694133654236794, 0.03726484812796116, 0.03669331781566143], "(2, 7, 1, 1)": [0.037713831290602684, 0.037653848528862, 0.03664644807577133, 0.03839895874261856, 0.03766380064189434], "(2, 1, 2, 1)": [-0.016176115721464157, -0.013441499322652817, 0.002582673681899905, 0.00392997357994318, 0.018703457433730364], "(2, 7, 1, 2)": [0.03713096119463444, 0.037511371076107025, 0.03717871010303497, 0.03789047710597515, 0.038194144144654274], "(3, 3, 2, 1)": [0.036802032962441444, 0.036342596635222435, 0.03722722269594669, 0.03721304051578045, 0.037675097584724426], "(3, 2, 2, 2)": [0.03213128075003624, 0.03405110538005829, 0.035076236352324486, 0.03522000275552273, 0.03659413009881973], "(3, 4, 2, 1)": [0.03861037641763687, 0.038595184683799744, 0.038508109748363495, 0.038998356088995934, 0.03837931901216507], "(3, 1, 1, 1)": [-0.025498424656689167, -0.028917700052261353, -0.02483325731009245, -0.004808587022125721, -0.02662786189466715], "(3, 1, 2, 1)": [-0.01974439900368452, -0.009751856327056885, -0.010930899647064507, -0.005317745730280876, 0.0121331880800426], "(3, 1, 2, 2)": [0.004536703694611788, 0.0157462852075696, 0.006453458219766617, 0.01879460085183382, 0.03404207155108452], "(2, 6, 1, 2)": [0.03998515382409096, 0.03985339775681496, 0.03984878398478031, 0.03983895294368267, 0.0398885291069746], "(3, 9, 2, 1)": [0.016915319953113794, 0.03614896349608898, 0.024161088280379772, 0.020766201429069042, 0.025850487872958183], "(2, 4, 2, 1)": [0.0387252401560545, 0.038814956322312355, 0.03890972398221493, 0.039191922172904015, 0.039245400577783585], "(3, 7, 2, 1)": [0.039306020364165306, 0.03938121721148491, 0.03928351774811745, 0.0391116738319397, 0.03905977122485638], "(2, 7, 2, 1)": [0.03584006242454052, 0.03913396969437599, 0.0316879078745842, 0.03148162551224232, 0.027910804376006126], "(2, 8, 1, 2)": [0.03645341284573078, 0.03663823939859867, 0.03646598756313324, 0.03515002690255642, 0.035447947680950165], "(2, 5, 1, 2)": [0.03974989242851734, 0.03982348553836346, 0.039688579738140106, 0.039861757308244705, 0.039977941662073135], "(3, 6, 2, 1)": [0.03983617201447487, 0.03983337618410587, 0.0399610809981823, 0.039887212216854095, 0.039820339530706406], "(3, 7, 1, 2)": [0.039135368540883064, 0.038941044360399246, 0.038878099992871284, 0.03867505118250847, 0.038330402225255966],