{"q_values": {"(2, 6, 1, 1)": [0.03733653761446476, 0.0372943039983511, 0.03521919995546341, 0.03718327917158604, 0.037549931555986404], "(2, 6, 2, 2)": [0.03846221789717674, 0.03852824494242668, 0.0385297704488039, 0.03848244436085224, 0.038692619651556015], "(2, 7, 2, 2)": [0.03764268942177296, 0.03642348200082779, 0.036193136125802994, 0.036153724417090416, 0.03611212968826294], "(2, 8, 2, 2)": [0.037443919107317924, 0.03145053796470165, 0.030607792548835278, 0.030887865461409092, 0.03152999747544527], "(2, 9, 2, 2)": [0.010039185639470816, 0.020470954477787018, 0.011847145389765501, 0.01193059142678976, 0.012269288301467896], "(2, 10, 2, 2)": [-0.01131748827174306, -0.02109693083912134, -0.019646880216896534, -0.02409185841679573, -0.01851804554462433], "(2, 1, 2, 2)": [0.015771140344440937, 0.007368988823145628, 0.011728159617632627, 0.0198164414614439, 0.03468302823603153], "(2, 1, 1, 1)": [-0.021692441776394844, -0.02128619607537985, -0.021423551253974438, 0.018724048510193825, -0.0238944785669446], "(3, 8, 1, 2)": [0.037948839366436005, 0.03735870122909546, 0.0373848844319582, 0.03718655928969383, 0.03560429811477661], "(3, 8, 2, 2)": [0.033097533509135246, 0.03761974908411503, 0.03238056320697069, 0.03175248019397259, 0.03158863354474306], "(3, 9, 2, 2)": [0.035417113453149796, 0.007607998326420784, 0.01301971822977066, 0.01918585831299424, 0.012739161029458046], "(3, 9, 1, 2)": [0.035746993497014046, 0.034334056079387665, 0.03393744118511677, 0.02734412159770727, 0.026323196478188038], "(3, 10, 1, 2)": [0.02112196059897542, 0.010387887712568045, 0.009230575058609247, -0.012421153020113707, -0.008023061964195222], "(3, 10, 2, 2)": [-0.003639643080532551, -0.021934980526566505, -0.021526627242565155, -0.02278975397348404, -0.02719963900744915], "(3, 3, 1, 2)": [0.02847268618643284, 0.020598146598786116, 0.02592732384800911, 0.017797629348933697, 0.03744765557348728], "(3, 3, 1, 1)": [0.031572326086461544, 0.031610156409442425, 0.03301329351961613, 0.031070051714777946, 0.030821931548416615], "(2, 3, 1, 1)": [0.026533091440796852, 0.028469574637711048, 0.029404571279883385, 0.028055951930582523, 0.03784383833408356], "(2, 2, 1, 1)": [0.00298119243234396, 0.004576530307531357, 0.004099420737475157, 0.035161932930350304, 0.004244115203619003], "(3, 6, 1, 2)": [0.03941497951745987, 0.039371712133288383, 0.039338281378149986, 0.039341291412711143, 0.03920995444059372], "(3, 6, 1, 1)": [0.039112815633416176, 0.03883854113519192, 0.03907142020761967, 0.039052657783031464, 0.0387644749134779], "(3, 5, 1, 1)": [0.03842276148498058, 0.03871852532029152, 0.039483727887272835, 0.03819894976913929, 0.038666458800435066], "(2, 5, 1, 1)": [0.03841733746230602, 0.038369977846741676, 0.037894124165177345, 0.038626477122306824, 0.038339318707585335], "(2, 4, 1, 1)": [0.03623048961162567, 0.03580644354224205, 0.03766169957816601, 0.03508675843477249, 0.03651808574795723], "(2, 3, 2, 2)": [0.03754638321697712, 0.037474241107702255, 0.037664033472537994, 0.03746885806322098, 0.03814554214477539], "(2, 4, 2, 2)": [0.03844756260514259, 0.03822462633252144, 0.03874582052230835, 0.038448480889201164, 0.038184529170393944], "(2, 5, 2, 2)": [0.037909070029854774, 0.039110880345106125, 0.03853415884077549, 0.03868529759347439, 0.038667257875204086], "(2, 6, 2, 1)": [0.0390524547547102, 0.03873954713344574, 0.03920771926641464, 0.039226168766617775, 0.039189064875245094], "(2, 5, 2, 1)": [0.03900536336004734, 0.03898034431040287, 0.03919871337711811, 0.03896590135991573, 0.03899231366813183], "(2, 3, 2, 1)": [0.035944290459156036, 0.03665417805314064, 0.03683830238878727, 0.0378172155469656, 0.03661927953362465], "(2, 2, 2, 1)": [0.026445134542882442, 0.03223506361246109, 0.03400650434195995, 0.03371871076524258, 0.035082828253507614], "(2, 2, 2, 2)": [0.03365289978682995, 0.03476209565997124, 0.034816572442650795, 0.03649159520864487, 0.035119496285915375], "(3, 5, 2, 2)": [0.037325628101825714, 0.03957744874060154, 0.03671909123659134, 0.03725968301296234, 0.036346156150102615], "(3, 4, 1, 1)": [0.03621642664074898, 0.036836083978414536, 0.03705739788711071, 0.03699634410440922, 0.03940321318805218], "(3, 2, 1, 1)": [0.011687112972140312, 0.013210429809987545, 0.014022762421518564, 0.006583223585039377, 0.02780619915574789], "(3, 4, 1, 2)": [0.03879914991557598, 0.03802010230720043, 0.037566132843494415, 0.0371962059289217, 0.0380643792450428], "(3, 4, 2, 2)": [0.03650246001780033, 0.0395249854773283, 0.037159305065870285, 0.03643755801022053, 0.03558671660721302], "(3, 6, 2, 2)": [0.037479521706700325, 0.03750252537429333, 0.03954060934484005, 0.036883771419525146, 0.03715445287525654], "(3, 7, 2, 2)": [0.0391448512673378, 0.03673451021313667, 0.0362521018832922, 0.03649882599711418, 0.03703663311898708], "(3, 7, 1, 1)": [0.03905671834945679, 0.03900287300348282, 0.03856411203742027, 0.038982709869742393, 0.03902982547879219], "(3, 8, 1, 1)": [0.03758639469742775, 0.03791801258921623, 0.03793082758784294, 0.03750053606927395, 0.03758327476680279], "(3, 9, 1, 1)": [0.034882714971899986, 0.03629281371831894, 0.03507191687822342, 0.03528369776904583, 0.03383973427116871], "(3, 2, 1, 2)": [0.0034774502273648977, 0.030824702233076096, 0.013035505078732967, 0.01648852415382862, 0.01835751812905073], "(3, 3, 2, 2)": [0.03480117581784725, 0.03468499518930912, 0.03463740646839142, 0.03455789014697075, 0.03835555166006088], "(3, 2, 2, 1)": [0.02125426009297371, 0.022770702838897705, 0.020371914375573397, 0.0236654169857502, 0.03114950656890869], "(2, 8, 1, 1)": [0.03765562176704407, 0.03557041473686695, 0.035443492233753204, 0.034937310963869095, 0.036151107400655746], "(2, 7, 1, 1)": [0.03713642247021198, 0.037251509726047516, 0.03732169419527054, 0.03728636913001537, 0.03725854493677616], "(2, 1, 2, 1)": [-0.017121747136116028, -0.013441499322652817, 0.002582673681899905, 0.00392997357994318, 0.028526002541184425], "(2, 7, 1, 2)": [0.03746826387941837, 0.036771565675735474, 0.03746447153389454, 0.03742178902029991, 0.03770587220788002], "(3, 3, 2, 1)": [0.0343967080116272, 0.034292541444301605, 0.0337201040238142, 0.03414999693632126, 0.0355807151645422], "(3, 2, 2, 2)": [0.032745957374572754, 0.031466322019696236, 0.0320392744615674, 0.03539602644741535, 0.03239824436604977], "(3, 4, 2, 1)": [0.037152497097849846, 0.03648146241903305, 0.036996809765696526, 0.03723505698144436, 0.03952745534479618], "(3, 1, 1, 1)": [-0.025413728319108486, -0.028639212250709534, -0.021850908175110817, -0.026315147057175636, -0.02662786189466715], "(3, 1, 2, 1)": [-0.022564238868653774, -0.009751856327056885, -0.010930899647064507, -0.005317745730280876, 0.0056208891328424215], "(3, 1, 2, 2)": [0.015557010658085346, 0.0165209686383605, 0.01461049821227789, 0.02231950592249632, 0.033705079928040504], "(2, 6, 1, 2)": [0.038254568353295326, 0.03814169019460678, 0.03742236644029617, 0.038417791947722435, 0.03853088617324829], "(3, 9, 2, 1)": [0.016915319953113794, 0.03610382415354252, 0.02783755213022232, 0.020766201429069042, 0.025850487872958183], "(2, 4, 2, 1)": [0.03854005225002766, 0.03853839263319969, 0.03848230838775635, 0.038988957181572914, 0.038506366312503815], "(3, 7, 2, 1)": [0.03930382430553436, 0.03888140991330147, 0.038874976336956024, 0.038660578429698944, 0.038945579901337624], "(2, 7, 2, 1)": [0.037255482748150826, 0.0386972576379776, 0.03315524570643902, 0.03489714674651623, 0.03135343827307224], "(2, 8, 1, 2)": [0.033491574227809906, 0.0369056835770607, 0.033259352669119835, 0.033824967220425606, 0.033109184354543686], "(2, 5, 1, 2)": [0.03851400502026081, 0.03903375007212162, 0.03943687118589878, 0.038915324956178665, 0.03918570280075073], "(3, 6, 2, 1)": [0.03910121135413647, 0.03938949294388294, 0.03800617717206478, 0.03909597732126713, 0.03808775544166565], "(3, 7, 1, 2)": [0.038782039657235146, 0.03895772248506546, 0.038676533848047256, 0.038558902218937874, 0.03863392397761345],