{"q_values": {"(2, 6, 1, 1)": [0.03950939700007439, 0.03910580091178417, 0.0394827201962471, 0.0387070681899786, 0.03770728223025799], "(2, 6, 2, 2)": [0.03952523693442345, 0.03907672502100468, 0.03909190185368061, 0.03933476842939854, 0.03952025808393955], "(2, 7, 2, 2)": [0.037557292729616165, 0.038870615884661674, 0.03746782802045345, 0.03714897111058235, 0.037216272205114365], "(2, 8, 2, 2)": [0.03726137615740299, 0.03338126465678215, 0.033475711941719055, 0.03281540423631668, 0.03431016951799393], "(2, 9, 2, 2)": [0.03165894187986851, 0.004745814250782132, 0.013900842051953077, 0.01729375496506691, 0.012269288301467896], "(2, 10, 2, 2)": [-0.02006836561486125, -0.02109693083912134, -0.019646880216896534, -0.02409185841679573, -0.018763267435133457], "(2, 1, 2, 2)": [0.015771140344440937, 0.007368988823145628, 0.011728159617632627, 0.0198164414614439, 0.03458738327026367], "(2, 1, 1, 1)": [-0.01805592654272914, -0.02128619607537985, -0.01999330148100853, -0.02009153924882412, -0.009991174098104239], "(3, 8, 1, 2)": [0.03842386417090893, 0.03735870122909546, 0.0373848844319582, 0.03718655928969383, 0.03560429811477661], "(3, 8, 2, 2)": [0.03700602427124977, 0.03139645606279373, 0.03164053149521351, 0.031819526106119156, 0.033527495339512825], "(3, 9, 2, 2)": [0.035375239327549934, 0.006161409430205822, 0.0092309033498168, 0.01918585831299424, 0.012739161029458046], "(3, 9, 1, 2)": [0.035828420892357826, 0.034334056079387665, 0.03393744118511677, 0.02734412159770727, 0.026323196478188038], "(3, 10, 1, 2)": [0.025244691409170628, 0.010387887712568045, 0.009230575058609247, -0.012421153020113707, -0.008023061964195222], "(3, 10, 2, 2)": [0.02481225971132517, -0.021934980526566505, -0.021526627242565155, -0.02278975397348404, -0.02719963900744915], "(3, 3, 1, 2)": [0.02847268618643284, 0.020598146598786116, 0.02592732384800911, 0.017797629348933697, 0.037662165239453316], "(3, 3, 1, 1)": [0.03010939061641693, 0.028988412581384182, 0.029701070860028267, 0.03525620698928833, 0.029791491106152534], "(2, 3, 1, 1)": [0.026789969764649868, 0.02565966360270977, 0.025360035710036755, 0.026261975057423115, 0.0266915000975132], "(2, 2, 1, 1)": [0.00298119243234396, 0.006436499301344156, 0.005828038556501269, 0.0057381633669137955, 0.008925879839807749], "(3, 6, 1, 2)": [0.039721084758639336, 0.03958425112068653, 0.039338281378149986, 0.039341291412711143, 0.03920995444059372], "(3, 6, 1, 1)": [0.03948834724724293, 0.03942771255970001, 0.03961881622672081, 0.039409734308719635, 0.03957780450582504], "(3, 5, 1, 1)": [0.0388801172375679, 0.03823915868997574, 0.03854501061141491, 0.038706256076693535, 0.0384491179138422], "(2, 5, 1, 1)": [0.038974154740571976, 0.038929253816604614, 0.03892010264098644, 0.03890368714928627, 0.03934670239686966], "(2, 4, 1, 1)": [0.03628751449286938, 0.035648683086037636, 0.03520924597978592, 0.035126736387610435, 0.03802027739584446], "(2, 3, 2, 2)": [0.037632714956998825, 0.037596842274069786, 0.037357015535235405, 0.037611790001392365, 0.038542596623301506], "(2, 4, 2, 2)": [0.039022047072649, 0.03893326222896576, 0.039242200553417206, 0.03901025839149952, 0.03890644200146198], "(2, 5, 2, 2)": [0.039412492886185646, 0.039323657751083374, 0.03950142860412598, 0.03941266983747482, 0.039411623030900955], "(2, 6, 2, 1)": [0.039503270760178566, 0.03965884819626808, 0.03920771926641464, 0.03966607339680195, 0.03965757228434086], "(2, 5, 2, 1)": [0.039374297484755516, 0.03928183577954769, 0.039402617141604424, 0.039436617866158485, 0.039504943415522575], "(2, 3, 2, 1)": [0.0359408725053072, 0.03665417805314064, 0.03711968846619129, 0.038007304072380066, 0.036476919427514076], "(2, 2, 2, 1)": [0.026445134542882442, 0.03223506361246109, 0.03410758078098297, 0.03568970784544945, 0.03395448997616768], "(2, 2, 2, 2)": [0.03365289978682995, 0.03476209565997124, 0.034816572442650795, 0.03640563786029816, 0.03524341620504856], "(3, 5, 2, 2)": [0.037718942388892174, 0.03867747075855732, 0.037732215598225594, 0.039306869730353355, 0.03771761432290077], "(3, 4, 1, 1)": [0.03623703308403492, 0.036011794582009315, 0.036562927067279816, 0.036325059831142426, 0.03762668929994106], "(3, 2, 1, 1)": [0.00859386008232832, 0.008318735286593437, 0.011919431388378143, 0.006583223585039377, 0.027415189892053604], "(3, 4, 1, 2)": [0.03812585957348347, 0.03814442828297615, 0.037566132843494415, 0.0371962059289217, 0.038268500939011574], "(3, 4, 2, 2)": [0.03653574362397194, 0.03744482807815075, 0.037625597789883614, 0.03848389908671379, 0.03735633194446564], "(3, 6, 2, 2)": [0.039570266380906105, 0.03815377503633499, 0.03797859326004982, 0.03887435235083103, 0.03853513300418854], "(3, 7, 2, 2)": [0.03763490542769432, 0.037045955657958984, 0.03748828358948231, 0.03757755272090435, 0.037695132195949554], "(3, 7, 1, 1)": [0.03946251422166824, 0.039168499410152435, 0.039349038153886795, 0.03934058919548988, 0.03916782699525356], "(3, 8, 1, 1)": [0.03860190510749817, 0.037789223715662956, 0.038110461086034775, 0.03776545636355877, 0.03758327476680279], "(3, 9, 1, 1)": [0.034882714971899986, 0.0367828868329525, 0.03507191687822342, 0.03528369776904583, 0.03349495306611061], "(3, 2, 1, 2)": [0.0034774502273648977, 0.027243158780038357, 0.013035505078732967, 0.01648852415382862, 0.01835751812905073], "(3, 3, 2, 2)": [0.03551488555967808, 0.03509003855288029, 0.03521134331822395, 0.035568494349718094, 0.0377887524664402], "(3, 2, 2, 1)": [0.023358937352895737, 0.029975416138768196, 0.027133727446198463, 0.03152525890618563, 0.030176231637597084], "(2, 8, 1, 1)": [0.0358218289911747, 0.03847065567970276, 0.03514285758137703, 0.035839347168803215, 0.03597061336040497], "(2, 7, 1, 1)": [0.03951961360871792, 0.03861379437148571, 0.03831578977406025, 0.03865771368145943, 0.03863882087171078], "(2, 1, 2, 1)": [-0.017121747136116028, -0.013441499322652817, 0.002582673681899905, 0.00392997357994318, 0.014641470275819302], "(2, 7, 1, 2)": [0.03952457383275032, 0.03808560222387314, 0.03704237379133701, 0.03792637959122658, 0.03703041560947895], "(3, 3, 2, 1)": [0.03354530967772007, 0.03508848696947098, 0.03455090895295143, 0.03387120179831982, 0.036582836881279945], "(3, 2, 2, 2)": [0.032129080966115, 0.03222137689590454, 0.033815694972872734, 0.03487198054790497, 0.03368689492344856], "(3, 4, 2, 1)": [0.03688223473727703, 0.037485044449567795, 0.037583157420158386, 0.036567820236086845, 0.037194376811385155], "(3, 1, 1, 1)": [-0.025413728319108486, -0.028639212250709534, -0.015019514597952366, -0.026315147057175636, -0.02662786189466715], "(3, 1, 2, 1)": [-0.022564238868653774, -0.009751856327056885, -0.010930899647064507, -0.005317745730280876, 0.023020140826702118], "(3, 1, 2, 2)": [0.015557010658085346, 0.0165209686383605, 0.01461049821227789, 0.02231950592249632, 0.033617956563830376], "(2, 6, 1, 2)": [0.03879215940833092, 0.03848831169307232, 0.03864138573408127, 0.03974566236138344, 0.03848325461149216], "(3, 9, 2, 1)": [0.016915319953113794, 0.036362674087285995, 0.02783755213022232, 0.020766201429069042, 0.025850487872958183], "(2, 4, 2, 1)": [0.038878267630934715, 0.03889034315943718, 0.038904862478375435, 0.03912891447544098, 0.03895963355898857], "(3, 7, 2, 1)": [0.03899059817194939, 0.03927377611398697, 0.038874976336956024, 0.03856787830591202, 0.03890548646450043], "(2, 7, 2, 1)": [0.037255482748150826, 0.03940695710480213, 0.03315524570643902, 0.03489714674651623, 0.03135343827307224], "(2, 8, 1, 2)": [0.03498330898582935, 0.03454815782606602, 0.03512355871498585, 0.03351868502795696, 0.034268204122781754], "(2, 5, 1, 2)": [0.039226509630680084, 0.039229970425367355, 0.03923066891729832, 0.0396073292940855, 0.03921938315033913], "(3, 6, 2, 1)": [0.03918779082596302, 0.03924848139286041, 0.03800617717206478, 0.03909597732126713, 0.03808775544166565], "(3, 7, 1, 2)": [0.03932215832173824, 0.03887823969125748, 0.038676533848047256, 0.038558902218937874, 0.03863392397761345],