{"q_values": {"(2, 6, 1, 1)": [0.038803163915872574, 0.038778938353061676, 0.03874132037162781, 0.0392538458108902, 0.03815719857811928], "(2, 6, 2, 2)": [0.038987984880805016, 0.03896408900618553, 0.03900142386555672, 0.03906485065817833, 0.03857801668345928], "(2, 7, 2, 2)": [0.03757532313466072, 0.03775825351476669, 0.03782924637198448, 0.03685400448739529, 0.03730934485793114], "(2, 8, 2, 2)": [0.03341067209839821, 0.0366045068949461, 0.034711115062236786, 0.03356214426457882, 0.03165201283991337], "(2, 9, 2, 2)": [0.03484993055462837, 0.004745814250782132, 0.013900842051953077, 0.012738693505525589, 0.012269288301467896], "(2, 10, 2, 2)": [-0.011987931560724974, -0.02109693083912134, -0.019646880216896534, -0.02409185841679573, -0.02159905433654785], "(2, 1, 2, 2)": [0.015771140344440937, 0.007368988823145628, 0.011728159617632627, 0.0198164414614439, 0.034858645871281624], "(2, 1, 1, 1)": [-0.01741128833964467, -0.020983540453016758, -0.01874586846679449, -0.019451387226581573, -0.00841064052656293], "(3, 8, 1, 2)": [0.03751268610358238, 0.03754584491252899, 0.037496695294976234, 0.03718655928969383, 0.03557097353041172], "(3, 8, 2, 2)": [0.03751394897699356, 0.029990438371896744, 0.0295967236161232, 0.02987499162554741, 0.03125490061938763], "(3, 9, 2, 2)": [0.0322330454364419, 0.006161409430205822, 0.0092309033498168, 0.009222897700965405, 0.007739024702459574], "(3, 9, 1, 2)": [0.03427329659461975, 0.03404628671705723, 0.033779799938201904, 0.02734412159770727, 0.026323196478188038], "(3, 10, 1, 2)": [0.0335246566683054, 0.010387887712568045, 0.009230575058609247, -0.012421153020113707, -0.008023061964195222], "(3, 10, 2, 2)": [-0.01596197858452797, -0.021934980526566505, -0.021526627242565155, -0.02278975397348404, -0.02719963900744915], "(3, 3, 1, 2)": [0.02847268618643284, 0.020598146598786116, 0.02592732384800911, 0.017797629348933697, 0.037969401106238365], "(3, 3, 1, 1)": [0.03033705148845911, 0.030131668783724308, 0.030322677455842495, 0.03513742424547672, 0.029791491106152534], "(2, 3, 1, 1)": [0.03190286457538605, 0.03184782154858112, 0.031013231724500656, 0.03122379444539547, 0.0312684653326869], "(2, 2, 1, 1)": [0.011905469931662083, 0.018381707835942507, 0.018768268637359142, 0.014170167967677116, 0.027784546837210655], "(3, 6, 1, 2)": [0.038886891677975655, 0.039443401619791985, 0.03906981088221073, 0.039008209481835365, 0.03917967528104782], "(3, 6, 1, 1)": [0.03943168371915817, 0.03973117284476757, 0.03937063366174698, 0.03943761810660362, 0.039341045543551445], "(3, 5, 1, 1)": [0.03849254734814167, 0.038291556760668755, 0.03861820697784424, 0.038462620228528976, 0.03984004445374012], "(2, 5, 1, 1)": [0.03830394893884659, 0.037905242294073105, 0.03767818957567215, 0.037300679832696915, 0.03954433090984821], "(2, 4, 1, 1)": [0.03644251637160778, 0.036982374265789986, 0.03618006408214569, 0.036678535863757133, 0.03919804096221924], "(2, 3, 2, 2)": [0.037632714956998825, 0.03778740204870701, 0.03778259642422199, 0.03768565319478512, 0.038252364844083786], "(2, 4, 2, 2)": [0.039140017703175545, 0.039121152833104134, 0.039256779477000237, 0.03919760510325432, 0.0393561627715826], "(2, 5, 2, 2)": [0.03907136432826519, 0.03938858583569527, 0.03939723037183285, 0.039589233696460724, 0.03937423229217529], "(2, 6, 2, 1)": [0.03972620517015457, 0.03968085162341595, 0.039950890466570854, 0.0396567415446043, 0.03964504599571228], "(2, 5, 2, 1)": [0.039467763155698776, 0.03938041627407074, 0.03949657827615738, 0.039921959862113, 0.03961242735385895], "(2, 3, 2, 1)": [0.0359408725053072, 0.03665417805314064, 0.03711968846619129, 0.037816381081938744, 0.036476919427514076], "(2, 2, 2, 1)": [0.026445134542882442, 0.03223506361246109, 0.03410758078098297, 0.03506704419851303, 0.03395448997616768], "(2, 2, 2, 2)": [0.034741904586553574, 0.03443433716893196, 0.034996744245290756, 0.036378681659698486, 0.034983718767762184], "(3, 5, 2, 2)": [0.03890155255794525, 0.03908076882362366, 0.03906400129199028, 0.037824079394340515, 0.039774106815457344], "(3, 4, 1, 1)": [0.03609656170010567, 0.035836245864629745, 0.035393986850976944, 0.03812667727470398, 0.03569379448890686], "(3, 2, 1, 1)": [0.013482378330081701, 0.009429661557078362, 0.013685464393347502, 0.014231317676603794, 0.00896609341725707], "(3, 4, 1, 2)": [0.03830927051603794, 0.03814442828297615, 0.037566132843494415, 0.0371962059289217, 0.0388967040926218], "(3, 4, 2, 2)": [0.03851086646318436, 0.03835338167846203, 0.03855341859161854, 0.038596464321017265, 0.03905036486685276], "(3, 6, 2, 2)": [0.039000775665044785, 0.0381415169686079, 0.03809935227036476, 0.03838426247239113, 0.03810918517410755], "(3, 7, 2, 2)": [0.036376819014549255, 0.03624253533780575, 0.03651386313140392, 0.03716236911714077, 0.036314988508820534], "(3, 7, 1, 1)": [0.03892277367413044, 0.03944653831422329, 0.03896906226873398, 0.03890376351773739, 0.038882775232195854], "(3, 8, 1, 1)": [0.03828386589884758, 0.037971172481775284, 0.03802121803164482, 0.037629855796694756, 0.03696557693183422], "(3, 9, 1, 1)": [0.03450239822268486, 0.035045238211750984, 0.0345002431422472, 0.034366145730018616, 0.03362850844860077], "(3, 2, 1, 2)": [0.0034774502273648977, 0.03069918602705002, 0.007469582371413708, 0.01648852415382862, 0.01835751812905073], "(3, 3, 2, 2)": [0.03672407940030098, 0.03664182685315609, 0.03651922196149826, 0.03828292898833752, 0.03675156459212303], "(3, 2, 2, 1)": [0.022898158058524132, 0.02902787085622549, 0.026644203811883926, 0.03513415530323982, 0.030549101531505585], "(2, 8, 1, 1)": [0.03828509710729122, 0.036272378638386726, 0.036598220467567444, 0.036412619054317474, 0.0365322083234787], "(2, 7, 1, 1)": [0.03872975893318653, 0.03729448653757572, 0.037785282358527184, 0.03784976527094841, 0.03687750734388828], "(2, 1, 2, 1)": [-0.016176115721464157, -0.013441499322652817, 0.002582673681899905, 0.00392997357994318, 0.03357312269508839], "(2, 7, 1, 2)": [0.036862654611468315, 0.03653761185705662, 0.036877216771245, 0.036808112636208534, 0.03800804354250431], "(3, 3, 2, 1)": [0.03351848013699055, 0.03437007777392864, 0.03311837650835514, 0.03411104157567024, 0.03767392784357071], "(3, 2, 2, 2)": [0.03400467149913311, 0.03388495184481144, 0.03455648012459278, 0.036440787836909294, 0.0343767125159502], "(3, 4, 2, 1)": [0.036750102415680885, 0.03708439692854881, 0.03706176206469536, 0.03799893148243427, 0.0392978023737669], "(3, 1, 1, 1)": [-0.025413728319108486, -0.028639212250709534, -0.02483325731009245, -0.021391402930021286, -0.02662786189466715], "(3, 1, 2, 1)": [-0.022564238868653774, -0.009751856327056885, -0.010930899647064507, -0.005317745730280876, 0.01719988277181983], "(3, 1, 2, 2)": [0.014128936920315027, 0.0165209686383605, 0.01461049821227789, 0.02231950592249632, 0.03481394983828068], "(2, 6, 1, 2)": [0.03867873176932335, 0.03827843815088272, 0.038728995248675346, 0.038460589945316315, 0.039281152188777924], "(3, 9, 2, 1)": [0.016915319953113794, 0.03480115160346031, 0.02783755213022232, 0.020766201429069042, 0.025850487872958183], "(2, 4, 2, 1)": [0.038878267630934715, 0.03889034315943718, 0.038979100063443184, 0.03892700560390949, 0.03913149610161781], "(3, 7, 2, 1)": [0.039063142612576485, 0.03939845226705074, 0.03884994983673096, 0.03877387382090092, 0.03890548646450043], "(2, 7, 2, 1)": [0.037255482748150826, 0.038300372660160065, 0.03250117786228657, 0.03489714674651623, 0.03135343827307224], "(2, 8, 1, 2)": [0.03754083625972271, 0.03514135628938675, 0.03574289195239544, 0.03612905368208885, 0.03498968109488487], "(2, 5, 1, 2)": [0.038761647418141365, 0.039181699976325035, 0.03925957344472408, 0.03917970694601536, 0.03950134664773941], "(3, 6, 2, 1)": [0.03958620876073837, 0.039455557242035866, 0.03940611891448498, 0.03935014270246029, 0.039324842393398285], "(3, 7, 1, 2)": [0.03868846595287323, 0.03932216204702854, 0.038562873378396034, 0.038558902218937874, 0.038543304428458214],