{"q_values": {"(2, 6, 1, 1)": [0.03960595466196537, 0.039522409439086914, 0.03958681598305702, 0.039394572377204895, 0.03927377052605152], "(2, 6, 2, 2)": [0.039031000807881355, 0.03917665407061577, 0.0391752477735281, 0.039137858897447586, 0.038824863731861115], "(2, 7, 2, 2)": [0.037505945190787315, 0.03803837113082409, 0.0373533871024847, 0.037538448348641396, 0.03761220537126064], "(2, 8, 2, 2)": [0.03318775072693825, 0.031390922144055367, 0.03408338315784931, 0.03204429242759943, 0.03516636602580547], "(2, 9, 2, 2)": [0.018916810862720013, 0.02655978873372078, 0.014196607284247875, 0.013584220316261053, 0.01791069470345974], "(2, 10, 2, 2)": [-0.02108862344175577, -0.013041194528341293, -0.018393167294561863, -0.023218907415866852, -0.020178554579615593], "(2, 1, 2, 2)": [0.006942152511328459, 0.0, 0.012418873142451048, 0.011245307978242636, 0.024329987354576588], "(2, 1, 1, 1)": [-0.029161219485104084, -0.01765715377405286, -0.028825687244534492, -0.017621861770749092, -0.003593035042285919], "(3, 8, 1, 2)": [0.029041362926363945, 0.020934218540787697, 0.024162800051271915, 0.0306897833943367, 0.03577318787574768], "(3, 8, 2, 2)": [0.0368933379650116, 0.035296015441417694, 0.03564370982348919, 0.03518904000520706, 0.032872927375137806], "(3, 9, 2, 2)": [0.029461157508194447, 0.02174452506005764, 0.019815311767160892, 0.01875110622495413, 0.0032573030330240726], "(3, 9, 1, 2)": [0.035910895094275475, 0.0334415677934885, 0.033767035230994225, 0.026840535923838615, 0.02307810541242361], "(3, 10, 1, 2)": [0.01405697874724865, 0.015868219546973705, -0.00482653290964663, -0.006872719153761864, -0.010581650538370013], "(3, 10, 2, 2)": [-0.02206982858479023, -0.02444186806678772, -0.025929794646799564, -0.0253454577177763, -0.028364344500005245], "(3, 3, 1, 2)": [0.018318671267479658, 0.013517333194613457, 0.007969735190272331, 0.010730755981057882, 0.03275199979543686], "(3, 3, 1, 1)": [0.0302978977560997, 0.03124774806201458, 0.03205167502164841, 0.03140439558774233, 0.03420794941484928], "(2, 3, 1, 1)": [0.03451794944703579, 0.030502508394420147, 0.0336096566170454, 0.03588514029979706, 0.03486938588321209], "(2, 2, 1, 1)": [0.00807922426611185, 0.018750276416540146, 0.013649289030581713, 0.017040024511516094, 0.016194422729313374], "(3, 6, 1, 2)": [0.022560357116162777, 0.025042079389095306, 0.022222045809030533, 0.03901187889277935, 0.024084871634840965], "(3, 6, 1, 1)": [0.03963570296764374, 0.0396703165024519, 0.03959218971431255, 0.0394709687680006, 0.03965845890343189], "(3, 5, 1, 1)": [0.03913336060941219, 0.038758791983127594, 0.03884248621761799, 0.03870289400219917, 0.03947800025343895], "(2, 5, 1, 1)": [0.039117611944675446, 0.038809340447187424, 0.038700563833117485, 0.03814294561743736, 0.038570625707507133], "(2, 4, 1, 1)": [0.037980398163199425, 0.03778224438428879, 0.03767111524939537, 0.037394190207123756, 0.03807574883103371], "(2, 3, 2, 2)": [0.037802113220095634, 0.03767969645559788, 0.03801915422081947, 0.03775387443602085, 0.037832533940672874], "(2, 4, 2, 2)": [0.038517214357852936, 0.03813372738659382, 0.038715191185474396, 0.03884158097207546, 0.038927989080548286], "(2, 5, 2, 2)": [0.038714004680514336, 0.03855295851826668, 0.03888670727610588, 0.0387900285422802, 0.03946947492659092], "(2, 6, 2, 1)": [0.008132020942866802, 0.02922834362834692, 0.008058581501245499, 0.013394177425652742, 0.024958820082247257], "(2, 5, 2, 1)": [0.03715074621140957, 0.01971714966930449, 0.024326743558049202, 0.026469078846275806, 0.025746681727468967], "(2, 3, 2, 1)": [0.0360104963183403, 0.03652152046561241, 0.031432866118848324, 0.037765294313430786, 0.036889199167490005], "(2, 2, 2, 1)": [0.022710207849740982, 0.027839447371661663, 0.03299957513809204, 0.03028674889355898, 0.03562500700354576], "(2, 2, 2, 2)": [0.032265402376651764, 0.03350280225276947, 0.0355699248611927, 0.03595171496272087, 0.035730376839637756], "(3, 5, 2, 2)": [0.03923812508583069, 0.03950490802526474, 0.03938170149922371, 0.03923728130757809, 0.03955539129674435], "(3, 4, 1, 1)": [0.037166593596339226, 0.0369546040892601, 0.03707469440996647, 0.03687160834670067, 0.036820463836193085], "(3, 2, 1, 1)": [0.013710578437894583, 0.009533911943435669, 0.019121735356748104, 0.017537479288876057, 0.02884917613118887], "(3, 4, 1, 2)": [0.029039121232926846, 0.011869163252413273, 0.012200645171105862, 0.012073555495589972, 0.0029657292179763317], "(3, 4, 2, 2)": [0.03907128609716892, 0.039170416072010994, 0.03927392326295376, 0.03851833753287792, 0.03937641903758049], "(3, 6, 2, 2)": [0.039314864203333855, 0.03933580778539181, 0.03928055800497532, 0.039249926805496216, 0.03888888470828533], "(3, 7, 2, 2)": [0.03817584179341793, 0.03803992457687855, 0.037051308900117874, 0.03787626326084137, 0.0379644650965929], "(3, 7, 1, 1)": [0.03937383182346821, 0.03929436765611172, 0.039402423426508904, 0.039275988936424255, 0.038803452625870705], "(3, 8, 1, 1)": [0.038036949932575226, 0.0377544779330492, 0.037879977375268936, 0.03778781741857529, 0.0376773327589035], "(3, 9, 1, 1)": [0.036672016605734825, 0.035771435126662254, 0.03600701503455639, 0.03298408351838589, 0.0329904742538929], "(3, 2, 1, 2)": [0.0034774502273648977, 0.023060625419020653, 0.0, 0.005341563373804092, 0.010513756889849901], "(3, 3, 2, 2)": [0.037043334916234016, 0.03795274719595909, 0.03742108680307865, 0.03815118968486786, 0.038309333845973015], "(3, 2, 2, 1)": [0.023061100393533707, 0.02029187884181738, 0.031568639911711216, 0.029133453965187073, 0.02996617928147316], "(2, 8, 1, 1)": [0.0384183581918478, 0.0381260197609663, 0.038204362615942955, 0.03746809810400009, 0.03684760630130768], "(2, 7, 1, 1)": [0.0388958714902401, 0.03928234800696373, 0.03941025026142597, 0.038987237960100174, 0.03854264132678509], "(2, 1, 2, 1)": [-0.014209317043423653, -0.004354035947471857, 0.006975721335038543, 0.0028298748657107353, 0.0018357381923124194], "(2, 7, 1, 2)": [0.039158040657639503, 0.0338352769613266, 0.03616957738995552, 0.03326454944908619, 0.03261083737015724], "(3, 3, 2, 1)": [0.0342220775783062, 0.03680895268917084, 0.03682888112962246, 0.037062736228108406, 0.03772701323032379], "(3, 2, 2, 2)": [0.033266033977270126, 0.03177006356418133, 0.03351598046720028, 0.03530243784189224, 0.03308296576142311], "(3, 4, 2, 1)": [0.038560446351766586, 0.03868340142071247, 0.03890474885702133, 0.03891967236995697, 0.03897612914443016], "(3, 1, 1, 1)": [-0.019141406752169132, -0.03131369687616825, -0.024741608649492264, -0.02051609754562378, -0.024675173684954643], "(3, 1, 2, 1)": [-0.017603018321096897, -0.006814774125814438, -0.002009195857681334, -0.011873819399625063, -0.01010665437206626], "(3, 1, 2, 2)": [0.000330592505633831, 0.007562578655779362, 0.002482971176505089, 0.008699859259650111, 0.02454950287938118], "(2, 6, 1, 2)": [0.03558419086039066, 0.029760698787868023, 0.03363716043531895, 0.026268267072737217, 0.0390377938747406], "(3, 9, 2, 1)": [0.008837168104946613, 0.033933768048882484, 0.003246231935918331, 0.00731027708388865, 0.0045600878074765205], "(2, 4, 2, 1)": [0.03739736042916775, 0.03392387554049492, 0.03045662399381399, 0.03529045172035694, 0.03220284450799227], "(3, 7, 2, 1)": [0.03643481060862541, 0.03616250865161419, 0.033755458891391754, 0.03844650834798813, 0.03660043142735958], "(2, 7, 2, 1)": [0.018353077117353678, 0.033147331327199936, 0.023162064142525196, 0.009779638145118952, 0.015687418170273304], "(2, 8, 1, 2)": [0.03378402814269066, 0.03349619545042515, 0.025804835371673107, 0.03183570224791765, 0.03210922051221132], "(2, 5, 1, 2)": [0.019561557099223137, 0.018582595977932215, 0.013288221089169383, 0.0329186636954546, 0.024903670884668827], "(3, 6, 2, 1)": [0.0397157147526741, 0.03943108394742012, 0.03889070078730583, 0.03952058032155037, 0.03932650201022625], "(3, 7, 1, 2)": [0.03106047213077545, 0.02232090849429369, 0.021013634279370308, 0.036564990878105164, 0.020127802155911922],