{"q_values": {"(2, 6, 1, 1)": [0.03865759074687958, 0.038632091134786606, 0.03788183256983757, 0.038677698001265526, 0.0388554148375988], "(2, 6, 2, 2)": [0.038644662126898766, 0.03912884183228016, 0.03846760652959347, 0.038748396560549736, 0.038449861109256744], "(2, 7, 2, 2)": [0.03913644701242447, 0.037048742175102234, 0.037033120170235634, 0.03705105185508728, 0.03699001111090183], "(2, 8, 2, 2)": [0.03495663218200207, 0.034099141135811806, 0.03441719710826874, 0.03409866243600845, 0.0331481508910656], "(2, 9, 2, 2)": [0.02936725504696369, 0.004745814250782132, 0.013900842051953077, 0.01729375496506691, 0.012269288301467896], "(2, 10, 2, 2)": [-0.0175541490316391, -0.02109693083912134, -0.019646880216896534, -0.02409185841679573, -0.016833625733852386], "(2, 1, 2, 2)": [0.015771140344440937, 0.007368988823145628, 0.011728159617632627, 0.0198164414614439, 0.03459228575229645], "(2, 1, 1, 1)": [-0.01805592654272914, -0.020983540453016758, -0.01874586846679449, -0.02009153924882412, 0.002005737740546465], "(3, 8, 1, 2)": [0.03796468675136566, 0.03749011270701885, 0.03748117387294769, 0.03718655928969383, 0.03557097353041172], "(3, 8, 2, 2)": [0.03635684959590435, 0.031005432829260826, 0.0295967236161232, 0.02987499162554741, 0.03125490061938763], "(3, 9, 2, 2)": [0.035487839952111244, 0.006161409430205822, 0.0092309033498168, 0.009222897700965405, 0.007739024702459574], "(3, 9, 1, 2)": [0.03529920056462288, 0.03404628671705723, 0.033779799938201904, 0.02734412159770727, 0.026323196478188038], "(3, 10, 1, 2)": [0.0335246566683054, 0.010387887712568045, 0.009230575058609247, -0.012421153020113707, -0.008023061964195222], "(3, 10, 2, 2)": [0.0025504613295197487, -0.021934980526566505, -0.021526627242565155, -0.02278975397348404, -0.02719963900744915], "(3, 3, 1, 2)": [0.02847268618643284, 0.020598146598786116, 0.02592732384800911, 0.017797629348933697, 0.037795573472976685], "(3, 3, 1, 1)": [0.030648251995444298, 0.030579629354178905, 0.029701070860028267, 0.033980075269937515, 0.029791491106152534], "(2, 3, 1, 1)": [0.028609718196094036, 0.02874901983886957, 0.02951431181281805, 0.036221034824848175, 0.02796194516122341], "(2, 2, 1, 1)": [0.011905469931662083, 0.014301631599664688, 0.010845839977264404, 0.02392928395420313, 0.012931328034028411], "(3, 6, 1, 2)": [0.03928578644990921, 0.03961057402193546, 0.03906981088221073, 0.03914216347038746, 0.03930110111832619], "(3, 6, 1, 1)": [0.03909105248749256, 0.039067137986421585, 0.039081644266843796, 0.03937945142388344, 0.0390938688069582], "(3, 5, 1, 1)": [0.037984101101756096, 0.03802166134119034, 0.03801961615681648, 0.03811506927013397, 0.03851085714995861], "(2, 5, 1, 1)": [0.03794979490339756, 0.03748932294547558, 0.03784249536693096, 0.03820397891104221, 0.03925080969929695], "(2, 4, 1, 1)": [0.035899693146348, 0.0363977812230587, 0.035392435267567635, 0.03643045201897621, 0.03796642832458019], "(2, 3, 2, 2)": [0.037632714956998825, 0.03764810040593147, 0.03767126984894276, 0.03781987726688385, 0.0376413706690073], "(2, 4, 2, 2)": [0.038960615172982216, 0.038886744529008865, 0.0389072485268116, 0.038906918838620186, 0.03894514590501785], "(2, 5, 2, 2)": [0.03913962468504906, 0.0392630510032177, 0.03950407914817333, 0.03923870623111725, 0.03927123360335827], "(2, 6, 2, 1)": [0.03935879282653332, 0.03968085162341595, 0.03995296359062195, 0.03967275843024254, 0.039717912673950195], "(2, 5, 2, 1)": [0.039467763155698776, 0.03938041627407074, 0.03949657827615738, 0.039479730650782585, 0.03955155424773693], "(2, 3, 2, 1)": [0.0359408725053072, 0.03665417805314064, 0.03711968846619129, 0.03802172839641571, 0.036476919427514076], "(2, 2, 2, 1)": [0.026445134542882442, 0.03223506361246109, 0.03410758078098297, 0.035639164969325066, 0.03395448997616768], "(2, 2, 2, 2)": [0.03372306935489178, 0.03476209565997124, 0.034996744245290756, 0.03640609048306942, 0.034983718767762184], "(3, 5, 2, 2)": [0.03816171549260616, 0.038211071863770485, 0.03817143850028515, 0.03767334669828415, 0.038373084738850594], "(3, 4, 1, 1)": [0.03581935539841652, 0.03565596230328083, 0.035950664430856705, 0.036903467029333115, 0.03608745150268078], "(3, 2, 1, 1)": [0.013482378330081701, 0.011366374790668488, 0.01917611202225089, 0.02617709431797266, 0.00896609341725707], "(3, 4, 1, 2)": [0.03812585957348347, 0.03814442828297615, 0.037566132843494415, 0.0371962059289217, 0.03834613598883152], "(3, 4, 2, 2)": [0.03744335286319256, 0.03706643544137478, 0.037586310878396034, 0.037780286744236946, 0.038192788138985634], "(3, 6, 2, 2)": [0.03733951225876808, 0.03739822283387184, 0.03739905171096325, 0.037329407408833504, 0.03767941892147064], "(3, 7, 2, 2)": [0.03685222752392292, 0.03702219016849995, 0.03590351529419422, 0.035912126302719116, 0.03625003807246685], "(3, 7, 1, 1)": [0.039398640394210815, 0.03908988833427429, 0.03899974562227726, 0.03899630717933178, 0.03902319632470608], "(3, 8, 1, 1)": [0.03826191835105419, 0.037906261160969734, 0.03792252950370312, 0.03764781169593334, 0.03696557693183422], "(3, 9, 1, 1)": [0.034581953659653664, 0.036702314391732216, 0.034791942685842514, 0.03492383100092411, 0.03299290873110294], "(3, 2, 1, 2)": [0.0034774502273648977, 0.031523906625807285, 0.013035505078732967, 0.01648852415382862, 0.01835751812905073], "(3, 3, 2, 2)": [0.036986930295825005, 0.03699692524969578, 0.03674114681780338, 0.03610372729599476, 0.03784231282770634], "(3, 2, 2, 1)": [0.022898158058524132, 0.029975416138768196, 0.025565646588802338, 0.034197818487882614, 0.030960502102971077], "(2, 8, 1, 1)": [0.03556142933666706, 0.03733391873538494, 0.03624003008008003, 0.0361144132912159, 0.03457320109009743], "(2, 7, 1, 1)": [0.037577856332063675, 0.03740962594747543, 0.03761587664484978, 0.037222571671009064, 0.03797948732972145], "(2, 1, 2, 1)": [-0.016176115721464157, -0.013441499322652817, 0.002582673681899905, 0.00392997357994318, 0.033721284940838814], "(2, 7, 1, 2)": [0.037451960146427155, 0.0378164853900671, 0.03766401670873165, 0.037172235548496246, 0.03752683848142624], "(3, 3, 2, 1)": [0.0354726929217577, 0.03448648005723953, 0.03449498116970062, 0.035111185163259506, 0.037468429654836655], "(3, 2, 2, 2)": [0.032129080966115, 0.03222137689590454, 0.03327104728668928, 0.035423826426267624, 0.03314279019832611], "(3, 4, 2, 1)": [0.03724628873169422, 0.03778577409684658, 0.03721131570637226, 0.036914968863129616, 0.03733620420098305], "(3, 1, 1, 1)": [-0.025413728319108486, -0.028639212250709534, -0.02483325731009245, -0.02459410484880209, -0.02662786189466715], "(3, 1, 2, 1)": [-0.022564238868653774, -0.009751856327056885, -0.010930899647064507, -0.005317745730280876, 0.012151042465120554], "(3, 1, 2, 2)": [0.014128936920315027, 0.0165209686383605, 0.01461049821227789, 0.02231950592249632, 0.034145694226026535], "(2, 6, 1, 2)": [0.03877386078238487, 0.03861749731004238, 0.03864869847893715, 0.03921383246779442, 0.03875431418418884], "(3, 9, 2, 1)": [0.016915319953113794, 0.03526732325553894, 0.02783755213022232, 0.020766201429069042, 0.025850487872958183], "(2, 4, 2, 1)": [0.038878267630934715, 0.03889034315943718, 0.038904862478375435, 0.03892700560390949, 0.03901069797575474], "(3, 7, 2, 1)": [0.039063142612576485, 0.03922205604612827, 0.038874976336956024, 0.03856787830591202, 0.03890548646450043], "(2, 7, 2, 1)": [0.037255482748150826, 0.03838696703314781, 0.03250117786228657, 0.03489714674651623, 0.03135343827307224], "(2, 8, 1, 2)": [0.037823520600795746, 0.034318648278713226, 0.034305429086089134, 0.034658364951610565, 0.03458179906010628], "(2, 5, 1, 2)": [0.038761647418141365, 0.03917239420115948, 0.03918489255011082, 0.03917970694601536, 0.03937857411801815], "(3, 6, 2, 1)": [0.03918779082596302, 0.039628906175494194, 0.03933110274374485, 0.03909597732126713, 0.03808775544166565], "(3, 7, 1, 2)": [0.03868846595287323, 0.03882536664605141, 0.038562873378396034, 0.038558902218937874, 0.03863392397761345],