{"q_values": {"(2, 6, 1, 1)": [0.03754676319658756, 0.0389169342815876, 0.03875225409865379, 0.0387070681899786, 0.0382695309817791], "(2, 6, 2, 2)": [0.038854675367474556, 0.03845972567796707, 0.038500621914863586, 0.0384794007986784, 0.03852125443518162], "(2, 7, 2, 2)": [0.03837300278246403, 0.036484358832240105, 0.036582596600055695, 0.03655685670673847, 0.03649483993649483], "(2, 8, 2, 2)": [0.03238949552178383, 0.029542790725827217, 0.030607792548835278, 0.030224865302443504, 0.0301047395914793], "(2, 9, 2, 2)": [0.024979679845273495, 0.004745814250782132, 0.013900842051953077, 0.01193059142678976, 0.012269288301467896], "(2, 10, 2, 2)": [-0.02006836561486125, -0.02109693083912134, -0.019646880216896534, -0.02409185841679573, -0.018532825633883476], "(2, 1, 2, 2)": [0.015771140344440937, 0.007368988823145628, 0.011728159617632627, 0.0198164414614439, 0.034638434648513794], "(2, 1, 1, 1)": [-0.02048831433057785, -0.02128619607537985, -0.020570555701851845, -0.020749484188854694, -0.0238944785669446], "(3, 8, 1, 2)": [0.0378403514623642, 0.03735870122909546, 0.0373848844319582, 0.03718655928969383, 0.03560429811477661], "(3, 8, 2, 2)": [0.031133441254496574, 0.03568115271627903, 0.030951068736612797, 0.03175248019397259, 0.03158863354474306], "(3, 9, 2, 2)": [0.02343176957219839, 0.007607998326420784, 0.0092309033498168, 0.01918585831299424, 0.012739161029458046], "(3, 9, 1, 2)": [0.035871800035238266, 0.034334056079387665, 0.03393744118511677, 0.02734412159770727, 0.026323196478188038], "(3, 10, 1, 2)": [0.028045631013810635, 0.010387887712568045, 0.009230575058609247, -0.012421153020113707, -0.008023061964195222], "(3, 10, 2, 2)": [-0.003639643080532551, -0.021934980526566505, -0.021526627242565155, -0.02278975397348404, -0.02719963900744915], "(3, 3, 1, 2)": [0.02847268618643284, 0.020598146598786116, 0.02592732384800911, 0.017797629348933697, 0.03740411065518856], "(3, 3, 1, 1)": [0.03010939061641693, 0.030204367823898792, 0.029701070860028267, 0.03787369281053543, 0.029791491106152534], "(2, 3, 1, 1)": [0.02422688901424408, 0.02565966360270977, 0.025360035710036755, 0.02783466037362814, 0.037623850628733635], "(2, 2, 1, 1)": [0.00298119243234396, 0.011372290551662445, 0.005828038556501269, 0.0057381633669137955, 0.004244115203619003], "(3, 6, 1, 2)": [0.03956260345876217, 0.039591724053025246, 0.039338281378149986, 0.039341291412711143, 0.03920995444059372], "(3, 6, 1, 1)": [0.039382800459861755, 0.0392808485776186, 0.039245035499334335, 0.03929628245532513, 0.039190446957945824], "(3, 5, 1, 1)": [0.03852187097072601, 0.038251278921961784, 0.0383699256926775, 0.03869748115539551, 0.03854343108832836], "(2, 5, 1, 1)": [0.03865544870495796, 0.03864814341068268, 0.03807671368122101, 0.0392304677516222, 0.03864005580544472], "(2, 4, 1, 1)": [0.036979490891098976, 0.03639798425137997, 0.03554370626807213, 0.03590349107980728, 0.039021434262394905], "(2, 3, 2, 2)": [0.0375907476991415, 0.037596842274069786, 0.037357015535235405, 0.037611790001392365, 0.03857526183128357], "(2, 4, 2, 2)": [0.03910016641020775, 0.038642438128590584, 0.0384728591889143, 0.038500817492604256, 0.038678813725709915], "(2, 5, 2, 2)": [0.03913415968418121, 0.039030736312270164, 0.039805952459573746, 0.039147162809967995, 0.03913583606481552], "(2, 6, 2, 1)": [0.03928734175860882, 0.03936704248189926, 0.03920771926641464, 0.03952449932694435, 0.039189064875245094], "(2, 5, 2, 1)": [0.03909878246486187, 0.03923363797366619, 0.03945614956319332, 0.039241086691617966, 0.039276715368032455], "(2, 3, 2, 1)": [0.0359408725053072, 0.03665417805314064, 0.03715653344988823, 0.03756585903465748, 0.036476919427514076], "(2, 2, 2, 1)": [0.026445134542882442, 0.03223506361246109, 0.03410758078098297, 0.03591330163180828, 0.03395448997616768], "(2, 2, 2, 2)": [0.03365289978682995, 0.03476209565997124, 0.034816572442650795, 0.03669994696974754, 0.03524341620504856], "(3, 5, 2, 2)": [0.037795739248394966, 0.03773050010204315, 0.038050856441259384, 0.03840893879532814, 0.03771761432290077], "(3, 4, 1, 1)": [0.03658118098974228, 0.036643264815211296, 0.038376566022634506, 0.03671627677977085, 0.03700273297727108], "(3, 2, 1, 1)": [0.011687112972140312, 0.008318735286593437, 0.011919431388378143, 0.006583223585039377, 0.029739797115325928], "(3, 4, 1, 2)": [0.03827182576060295, 0.03802010230720043, 0.037566132843494415, 0.0371962059289217, 0.0380643792450428], "(3, 4, 2, 2)": [0.038235317915678024, 0.03636046126484871, 0.03694747947156429, 0.037057289853692055, 0.03706098347902298], "(3, 6, 2, 2)": [0.03780578263103962, 0.03809143602848053, 0.03809484653174877, 0.038140689954161644, 0.038094986230134964], "(3, 7, 2, 2)": [0.03758196718990803, 0.03633350133895874, 0.0362521018832922, 0.03664257004857063, 0.03625143878161907], "(3, 7, 1, 1)": [0.03941556066274643, 0.03900577686727047, 0.03901773504912853, 0.03879118710756302, 0.03887390159070492], "(3, 8, 1, 1)": [0.03843875415623188, 0.03789889067411423, 0.03787861950695515, 0.037900783121585846, 0.03758327476680279], "(3, 9, 1, 1)": [0.034882714971899986, 0.0363532155752182, 0.03507191687822342, 0.03528369776904583, 0.03349495306611061], "(3, 2, 1, 2)": [0.0034774502273648977, 0.02882906049489975, 0.013035505078732967, 0.01648852415382862, 0.01835751812905073], "(3, 3, 2, 2)": [0.03595264256000519, 0.038052234798669815, 0.03580160811543465, 0.03577128425240517, 0.03601847589015961], "(3, 2, 2, 1)": [0.023358937352895737, 0.02553247194737196, 0.027133727446198463, 0.026794430799782276, 0.029848607257008553], "(2, 8, 1, 1)": [0.036963239312171936, 0.03505559451878071, 0.03544251434504986, 0.035839347168803215, 0.03597061336040497], "(2, 7, 1, 1)": [0.038699621334671974, 0.03853803314268589, 0.03831578977406025, 0.038567639887332916, 0.038605090230703354], "(2, 1, 2, 1)": [-0.017121747136116028, -0.013441499322652817, 0.002582673681899905, 0.00392997357994318, 0.016499695368111134], "(2, 7, 1, 2)": [0.03847945109009743, 0.03808560222387314, 0.03704237379133701, 0.03792637959122658, 0.03703041560947895], "(3, 3, 2, 1)": [0.03453068062663078, 0.035337239503860474, 0.033850908279418945, 0.03548791445791721, 0.03656022250652313], "(3, 2, 2, 2)": [0.032129080966115, 0.03222137689590454, 0.03207927383482456, 0.03329014033079147, 0.03571072220802307], "(3, 4, 2, 1)": [0.03687463141977787, 0.038142818957567215, 0.0368561539798975, 0.036606987938284874, 0.0370704997330904], "(3, 1, 1, 1)": [-0.025413728319108486, -0.028639212250709534, -0.018918421119451523, -0.026315147057175636, -0.02662786189466715], "(3, 1, 2, 1)": [-0.022564238868653774, -0.009751856327056885, -0.010930899647064507, -0.005317745730280876, 0.005523180589079857], "(3, 1, 2, 2)": [0.015557010658085346, 0.0165209686383605, 0.01461049821227789, 0.02231950592249632, 0.03353348188102245], "(2, 6, 1, 2)": [0.038888558745384216, 0.03848831169307232, 0.03888176195323467, 0.039130060002207756, 0.03848325461149216], "(3, 9, 2, 1)": [0.016915319953113794, 0.0360853411257267, 0.02783755213022232, 0.020766201429069042, 0.025850487872958183], "(2, 4, 2, 1)": [0.03862057253718376, 0.03876054473221302, 0.03868238627910614, 0.03877508081495762, 0.038922812789678574], "(3, 7, 2, 1)": [0.039012616500258446, 0.03888140991330147, 0.038874976336956024, 0.03856787830591202, 0.03890548646450043], "(2, 7, 2, 1)": [0.037255482748150826, 0.039216093719005585, 0.03315524570643902, 0.03489714674651623, 0.03135343827307224], "(2, 8, 1, 2)": [0.03498330898582935, 0.03454815782606602, 0.035275256261229515, 0.03351868502795696, 0.034268204122781754], "(2, 5, 1, 2)": [0.03935105726122856, 0.039229970425367355, 0.03922349028289318, 0.03953230008482933, 0.03921938315033913], "(3, 6, 2, 1)": [0.03959057666361332, 0.039110446348786354, 0.03800617717206478, 0.03909597732126713, 0.03808775544166565], "(3, 7, 1, 2)": [0.0392602663487196, 0.03887823969125748, 0.038676533848047256, 0.038558902218937874, 0.03863392397761345],