{"q_values": {"(2, 6, 1, 1)": [0.039804885163903236, 0.03973890282213688, 0.03969494253396988, 0.039779191836714745, 0.039786141365766525], "(2, 6, 2, 2)": [0.03972712531685829, 0.039632419124245644, 0.03958583436906338, 0.03951548784971237, 0.03964082524180412], "(2, 7, 2, 2)": [0.03873619623482227, 0.037737516686320305, 0.03772353567183018, 0.037572525441646576, 0.03705471009016037], "(2, 8, 2, 2)": [0.030524280853569508, 0.03395695984363556, 0.030627183616161346, 0.031024535186588764, 0.02967513632029295], "(2, 9, 2, 2)": [0.01460758363828063, 0.013220549561083317, 0.017105706967413425, 0.011722538154572248, 0.008488927502185106], "(2, 10, 2, 2)": [-0.012452736496925354, -0.02118808403611183, -0.01819866942241788, -0.02409185841679573, -0.02159905433654785], "(2, 1, 2, 2)": [0.015771140344440937, 0.007368988823145628, 0.011728159617632627, 0.013604410458356142, 0.03460490144789219], "(2, 1, 1, 1)": [-0.024328108876943588, -0.020983540453016758, -0.017112192697823048, -0.009789908770471811, -0.015997163951396942], "(3, 8, 1, 2)": [0.037855932489037514, 0.037234870716929436, 0.03706096485257149, 0.036853862926363945, 0.03639325685799122], "(3, 8, 2, 2)": [0.037256982177495956, 0.035832272842526436, 0.03601463325321674, 0.035889074206352234, 0.03624080307781696], "(3, 9, 2, 2)": [0.03387994505465031, 0.020708545576781034, 0.02734872791916132, 0.021036684047430754, 0.01808719988912344], "(3, 9, 1, 2)": [0.03596806712448597, 0.03405711054801941, 0.03195921238511801, 0.027606554329395294, 0.026155143044888973], "(3, 10, 1, 2)": [0.0273667024448514, 0.010387887712568045, 0.009230575058609247, -0.012421153020113707, -0.008023061964195222], "(3, 10, 2, 2)": [-0.020534376613795757, -0.013245734386146069, -0.021526627242565155, -0.02278975397348404, -0.027310951612889767], "(3, 3, 1, 2)": [0.02847268618643284, 0.013517333194613457, 0.023561714217066765, 0.017797629348933697, 0.03787396289408207], "(3, 3, 1, 1)": [0.031068445183336735, 0.031945789232850075, 0.03268244117498398, 0.0317076425999403, 0.03568387217819691], "(2, 3, 1, 1)": [0.03232046589255333, 0.03158104233443737, 0.03100984264165163, 0.03128807805478573, 0.03795695677399635], "(2, 2, 1, 1)": [0.01649827929213643, 0.018630513921380043, 0.017472293227910995, 0.01441213395446539, 0.03272059001028538], "(3, 6, 1, 2)": [0.03985568508505821, 0.039781561121344566, 0.03975069150328636, 0.03966490365564823, 0.03944982960820198], "(3, 6, 1, 1)": [0.03981791436672211, 0.0397877711802721, 0.03978343494236469, 0.039768023416399956, 0.03977053984999657], "(3, 5, 1, 1)": [0.03929473087191582, 0.039311470463871956, 0.039496200159192085, 0.039488859474658966, 0.03970899060368538], "(2, 5, 1, 1)": [0.03957834839820862, 0.03957234509289265, 0.0396274346858263, 0.03962041437625885, 0.03957991860806942], "(2, 4, 1, 1)": [0.038371291011571884, 0.0375676229596138, 0.03763786889612675, 0.038527827709913254, 0.03809661976993084], "(2, 3, 2, 2)": [0.03695319592952728, 0.0378776416182518, 0.03802632354199886, 0.03844059631228447, 0.038745246827602386], "(2, 4, 2, 2)": [0.03910709545016289, 0.039387455210089684, 0.03941488824784756, 0.03942348435521126, 0.03952372632920742], "(2, 5, 2, 2)": [0.039819544181227684, 0.039846472442150116, 0.03982632793486118, 0.039832524955272675, 0.03986949659883976], "(2, 6, 2, 1)": [0.03978606499731541, 0.039876921102404594, 0.03942741081118584, 0.039738571271300316, 0.03932270407676697], "(2, 5, 2, 1)": [0.03973307088017464, 0.039727915078401566, 0.03978860378265381, 0.03979669138789177, 0.03982091322541237], "(2, 3, 2, 1)": [0.034887658432126045, 0.03656610660254955, 0.037336571142077446, 0.037594061344861984, 0.03794453293085098], "(2, 2, 2, 1)": [0.02882474847137928, 0.031013584695756435, 0.03427455760538578, 0.034908195957541466, 0.03395448997616768], "(2, 2, 2, 2)": [0.035142719745635986, 0.03555549494922161, 0.03593658469617367, 0.035751136019825935, 0.036600859835743904], "(3, 5, 2, 2)": [0.03973000310361385, 0.039748478680849075, 0.03976619802415371, 0.03948361985385418, 0.039808643981814384], "(3, 4, 1, 1)": [0.03736382909119129, 0.03760605305433273, 0.03784102946519852, 0.038355790078639984, 0.03725959360599518], "(3, 2, 1, 1)": [0.01615854725241661, 0.0167206316255033, 0.010396901983767748, 0.011321649886667728, 0.027624187991023064], "(3, 4, 1, 2)": [0.038416435942053795, 0.03530885465443134, 0.03609158284962177, 0.03601678088307381, 0.037092968821525574], "(3, 4, 2, 2)": [0.039028383791446686, 0.03915400989353657, 0.039421571418643, 0.039134563878178596, 0.0390968956053257], "(3, 6, 2, 2)": [0.039780281484127045, 0.03966196067631245, 0.03970314748585224, 0.03950589336454868, 0.03951257839798927], "(3, 7, 2, 2)": [0.03867656923830509, 0.03744130954146385, 0.03822184540331364, 0.03749479167163372, 0.0378457959741354], "(3, 7, 1, 1)": [0.03947955183684826, 0.03928967006504536, 0.03922683000564575, 0.03932561166584492, 0.039150796830654144], "(3, 8, 1, 1)": [0.0386702585965395, 0.03781231865286827, 0.03799932636320591, 0.037924958392977715, 0.037828998640179634], "(3, 9, 1, 1)": [0.03639797680079937, 0.03608532249927521, 0.03563629649579525, 0.03581351414322853, 0.03473980724811554], "(3, 2, 1, 2)": [0.0034774502273648977, 0.023274593986570835, 0.004580128937959671, 0.01017768308520317, 0.016872582957148552], "(3, 3, 2, 2)": [0.03708501532673836, 0.03732138127088547, 0.038028910756111145, 0.03789346665143967, 0.0385555736720562], "(3, 2, 2, 1)": [0.02684644516557455, 0.031400166451931, 0.03138850722461939, 0.03169888723641634, 0.03473246283829212], "(2, 8, 1, 1)": [0.03857053816318512, 0.03810550831258297, 0.037733474746346474, 0.037787433713674545, 0.0348668098449707], "(2, 7, 1, 1)": [0.03929029032588005, 0.03941180929541588, 0.03948787786066532, 0.03926278278231621, 0.039231833070516586], "(2, 1, 2, 1)": [-0.016176115721464157, -0.013441499322652817, 0.002582673681899905, 0.00392997357994318, 0.018703457433730364], "(2, 7, 1, 2)": [0.03937019221484661, 0.03823883645236492, 0.038307975977659225, 0.03862837329506874, 0.03814411722123623], "(3, 3, 2, 1)": [0.03647400438785553, 0.03613814897835255, 0.03725230507552624, 0.03721304051578045, 0.037704527378082275], "(3, 2, 2, 2)": [0.029281310737133026, 0.03405110538005829, 0.03437996469438076, 0.03485823795199394, 0.03479635715484619], "(3, 4, 2, 1)": [0.03876912407577038, 0.038780702278018, 0.038827067241072655, 0.03876684233546257, 0.03898579999804497], "(3, 1, 1, 1)": [-0.025498424656689167, -0.028917700052261353, -0.02483325731009245, -0.0243634395301342, -0.02662786189466715], "(3, 1, 2, 1)": [-0.01974439900368452, -0.009751856327056885, -0.010930899647064507, -0.011873819399625063, 0.007696423679590225], "(3, 1, 2, 2)": [0.004536703694611788, 0.0157462852075696, 0.006453458219766617, 0.01879460085183382, 0.032966528087854385], "(2, 6, 1, 2)": [0.03981282375752926, 0.03942386247217655, 0.03961108811199665, 0.039502864703536034, 0.03955744206905365], "(3, 9, 2, 1)": [0.016915319953113794, 0.03617553040385246, 0.024161088280379772, 0.020766201429069042, 0.025850487872958183], "(2, 4, 2, 1)": [0.03860078006982803, 0.038770392537117004, 0.03886696882545948, 0.03919970244169235, 0.03942454978823662], "(3, 7, 2, 1)": [0.0393114797770977, 0.03950536251068115, 0.039283016696572304, 0.0391116738319397, 0.03905977122485638], "(2, 7, 2, 1)": [0.03584006242454052, 0.0393912848085165, 0.0316879078745842, 0.030539680272340775, 0.027910804376006126], "(2, 8, 1, 2)": [0.03706715442240238, 0.0377268772572279, 0.037183599546551704, 0.036763353273272514, 0.03410939686000347], "(2, 5, 1, 2)": [0.0389361884444952, 0.03977731987833977, 0.03972163796424866, 0.03979630209505558, 0.039866579696536064], "(3, 6, 2, 1)": [0.039807312190532684, 0.039774930104613304, 0.03983810730278492, 0.039778418838977814, 0.03972517512738705], "(3, 7, 1, 2)": [0.039046429097652435, 0.0388086661696434, 0.039042651653289795, 0.038668299093842506, 0.038330402225255966],