{"q_values": {"(2, 6, 1, 1)": [0.03831443563103676, 0.03784044273197651, 0.039348699152469635, 0.0387494508177042, 0.0381869375705719], "(2, 6, 2, 2)": [0.03842514380812645, 0.03839063458144665, 0.03838204778730869, 0.03851785883307457, 0.03836086578667164], "(2, 7, 2, 2)": [0.0361008420586586, 0.03615730628371239, 0.03601384907960892, 0.03648118115961552, 0.03611212968826294], "(2, 8, 2, 2)": [0.034052107483148575, 0.030430519953370094, 0.030607792548835278, 0.029871812090277672, 0.0301047395914793], "(2, 9, 2, 2)": [0.028317310847342014, 0.004745814250782132, 0.013900842051953077, 0.01193059142678976, 0.012269288301467896], "(2, 10, 2, 2)": [-0.02006836561486125, -0.02109693083912134, -0.019646880216896534, -0.02409185841679573, -0.01851804554462433], "(2, 1, 2, 2)": [0.015771140344440937, 0.007368988823145628, 0.011728159617632627, 0.0198164414614439, 0.03478015772998333], "(2, 1, 1, 1)": [-0.020677347667515278, -0.02128619607537985, -0.0085507333278656, -0.020749484188854694, -0.0238944785669446], "(3, 8, 1, 2)": [0.037953343242406845, 0.03735870122909546, 0.0373848844319582, 0.03718655928969383, 0.03560429811477661], "(3, 8, 2, 2)": [0.031133441254496574, 0.03745313175022602, 0.03184912633150816, 0.03175248019397259, 0.03158863354474306], "(3, 9, 2, 2)": [0.02939239889383316, 0.007607998326420784, 0.0092309033498168, 0.01918585831299424, 0.012739161029458046], "(3, 9, 1, 2)": [0.03581983409821987, 0.034334056079387665, 0.03393744118511677, 0.02734412159770727, 0.026323196478188038], "(3, 10, 1, 2)": [0.028045631013810635, 0.010387887712568045, 0.009230575058609247, -0.012421153020113707, -0.008023061964195222], "(3, 10, 2, 2)": [-0.003639643080532551, -0.021934980526566505, -0.021526627242565155, -0.02278975397348404, -0.02719963900744915], "(3, 3, 1, 2)": [0.02847268618643284, 0.020598146598786116, 0.02592732384800911, 0.017797629348933697, 0.03718375228345394], "(3, 3, 1, 1)": [0.030353382229804993, 0.030204367823898792, 0.03169866465032101, 0.03694632090628147, 0.029791491106152534], "(2, 3, 1, 1)": [0.02422688901424408, 0.02565966360270977, 0.025360035710036755, 0.02783466037362814, 0.03784389793872833], "(2, 2, 1, 1)": [0.00298119243234396, 0.006344313733279705, 0.005828038556501269, 0.0057381633669137955, 0.004244115203619003], "(3, 6, 1, 2)": [0.03956260345876217, 0.03972185403108597, 0.039338281378149986, 0.039341291412711143, 0.03920995444059372], "(3, 6, 1, 1)": [0.039393654093146324, 0.039293162524700165, 0.03925236128270626, 0.03930200636386871, 0.03924151882529259], "(3, 5, 1, 1)": [0.038338759914040565, 0.038437673822045326, 0.03844958171248436, 0.03838493302464485, 0.03859169967472553], "(2, 5, 1, 1)": [0.03849358484148979, 0.038529157638549805, 0.038294022902846336, 0.03867866471409798, 0.03959404304623604], "(2, 4, 1, 1)": [0.037356553599238396, 0.0366398598998785, 0.03554370626807213, 0.03628413565456867, 0.03932408429682255], "(2, 3, 2, 2)": [0.0375907476991415, 0.037596842274069786, 0.037357015535235405, 0.037611790001392365, 0.037989936769008636], "(2, 4, 2, 2)": [0.038718998432159424, 0.03863678127527237, 0.03868400678038597, 0.03861813433468342, 0.03950592130422592], "(2, 5, 2, 2)": [0.03955802880227566, 0.0391111895442009, 0.03915984556078911, 0.03910013101994991, 0.03914809040725231], "(2, 6, 2, 1)": [0.03928734175860882, 0.03936704248189926, 0.03920771926641464, 0.039639463648200035, 0.039189064875245094], "(2, 5, 2, 1)": [0.03909352608025074, 0.03931192681193352, 0.039352720603346825, 0.03954263590276241, 0.0393445398658514], "(2, 3, 2, 1)": [0.0359408725053072, 0.03665417805314064, 0.03715653344988823, 0.03812749683856964, 0.036476919427514076], "(2, 2, 2, 1)": [0.026445134542882442, 0.03223506361246109, 0.03410758078098297, 0.03584351949393749, 0.03395448997616768], "(2, 2, 2, 2)": [0.03365289978682995, 0.03476209565997124, 0.034816572442650795, 0.036462048068642616, 0.03524341620504856], "(3, 5, 2, 2)": [0.03770660050213337, 0.037603577598929405, 0.03779073990881443, 0.03866363875567913, 0.038193922489881516], "(3, 4, 1, 1)": [0.03691823594272137, 0.037067824974656105, 0.03712593764066696, 0.036652516573667526, 0.03791912458837032], "(3, 2, 1, 1)": [0.011687112972140312, 0.013210429809987545, 0.014022762421518564, 0.006583223585039377, 0.03202629368752241], "(3, 4, 1, 2)": [0.038155172020196915, 0.03802010230720043, 0.037566132843494415, 0.0371962059289217, 0.0380643792450428], "(3, 4, 2, 2)": [0.03826196677982807, 0.0369173102080822, 0.036761218681931496, 0.03663237206637859, 0.03714788518846035], "(3, 6, 2, 2)": [0.03780578263103962, 0.038222718983888626, 0.03881705366075039, 0.03756388649344444, 0.03715445287525654], "(3, 7, 2, 2)": [0.038950107991695404, 0.03633350133895874, 0.0362521018832922, 0.03664257004857063, 0.03651096113026142], "(3, 7, 1, 1)": [0.03937435708940029, 0.03900577686727047, 0.03902978450059891, 0.03893106244504452, 0.03892138972878456], "(3, 8, 1, 1)": [0.03758639469742775, 0.03789889067411423, 0.03787861950695515, 0.03808538801968098, 0.03758327476680279], "(3, 9, 1, 1)": [0.034882714971899986, 0.03651498816907406, 0.03507191687822342, 0.03528369776904583, 0.03349495306611061], "(3, 2, 1, 2)": [0.0034774502273648977, 0.02962247096002102, 0.013035505078732967, 0.01648852415382862, 0.01835751812905073], "(3, 3, 2, 2)": [0.035399116575717926, 0.035211341455578804, 0.03554694913327694, 0.038265498355031013, 0.03544257953763008], "(3, 2, 2, 1)": [0.023358937352895737, 0.02553247194737196, 0.01937688747420907, 0.03119497559964657, 0.02513727080076933], "(2, 8, 1, 1)": [0.03711465932428837, 0.03505559451878071, 0.03544251434504986, 0.03568141907453537, 0.03557300753891468], "(2, 7, 1, 1)": [0.038792312145233154, 0.03853803314268589, 0.03831578977406025, 0.03858482465147972, 0.038605090230703354], "(2, 1, 2, 1)": [-0.017121747136116028, -0.013441499322652817, 0.002582673681899905, 0.00392997357994318, 0.016499695368111134], "(2, 7, 1, 2)": [0.03868376091122627, 0.03808560222387314, 0.03704237379133701, 0.03792637959122658, 0.03741515055298805], "(3, 3, 2, 1)": [0.035125335678458214, 0.03470377437770367, 0.03342784754931927, 0.0381008330732584, 0.034438133239746094], "(3, 2, 2, 2)": [0.032129080966115, 0.03222137689590454, 0.03320499695837498, 0.03329014033079147, 0.035965561866760254], "(3, 4, 2, 1)": [0.03708083555102348, 0.03559105657041073, 0.03744478151202202, 0.036652758717536926, 0.03714821860194206], "(3, 1, 1, 1)": [-0.025413728319108486, -0.028639212250709534, -0.019897950813174248, -0.026315147057175636, -0.02662786189466715], "(3, 1, 2, 1)": [-0.022564238868653774, -0.009751856327056885, -0.010930899647064507, -0.005317745730280876, 0.015037515200674534], "(3, 1, 2, 2)": [0.015557010658085346, 0.0165209686383605, 0.01461049821227789, 0.02231950592249632, 0.0341448076069355], "(2, 6, 1, 2)": [0.03892681747674942, 0.03848831169307232, 0.03884234093129635, 0.03869537264108658, 0.03848325461149216], "(3, 9, 2, 1)": [0.016915319953113794, 0.03592788800597191, 0.02783755213022232, 0.020766201429069042, 0.025850487872958183], "(2, 4, 2, 1)": [0.03862057253718376, 0.038611531257629395, 0.03868238627910614, 0.03864448890089989, 0.039177751168608665], "(3, 7, 2, 1)": [0.039357634261250496, 0.03888140991330147, 0.038874976336956024, 0.038660578429698944, 0.03890548646450043], "(2, 7, 2, 1)": [0.037255482748150826, 0.03884611837565899, 0.03315524570643902, 0.03489714674651623, 0.03135343827307224], "(2, 8, 1, 2)": [0.03470074012875557, 0.03459499217569828, 0.03519031032919884, 0.03351868502795696, 0.034268204122781754], "(2, 5, 1, 2)": [0.0382209662348032, 0.0391081478446722, 0.03922349028289318, 0.039224181324243546, 0.03931606933474541], "(3, 6, 2, 1)": [0.03955700062215328, 0.039110446348786354, 0.03800617717206478, 0.03909597732126713, 0.03808775544166565], "(3, 7, 1, 2)": [0.03930965065956116, 0.03895200043916702, 0.038676533848047256, 0.038558902218937874, 0.03863392397761345],