{"q_values": {"(2, 6, 1, 1)": [0.012189739273425046, 0.011346579641744277, 0.010430486227013277, 0.009852177007410829, 0.008897269127848476, 0.009225693202463883, 0.010513698722680759, 0.00632067232770639, 0.0052014385231954, 0.006203610110257011, 0.006807201705437233], "(2, 5, 1, 1)": [0.018912667319931437, 0.018846907346858125, 0.018886162406662636, 0.018841439438737517, 0.018683476334378588, 0.01866018437047335, 0.018513075438132104, 0.01856007465105098, 0.018530692972231748, 0.018448305231572946, 0.018472220106010302], "(1, 5, 1, 1)": [0.01895451880835404, 0.018773259744483458, 0.018535336390958456, 0.01891326097942916, 0.018605031323954007, 0.01871422869652954, 0.018598903233562378, 0.018568033736562996, 0.018350130578997544, 0.01834983900260114, 0.018296996920109103], "(1, 4, 1, 1)": [0.01986617013943244, 0.019845888799257142, 0.019826153574270863, 0.019835002122680277, 0.01982152239241582, 0.019821468219573483, 0.019810495748414897, 0.019751632521291234, 0.019789257213943902, 0.019728256737983122, 0.019761735743092965], "(1, 3, 1, 1)": [0.019664208206929837, 0.019733890754310614, 0.01976804322839429, 0.019793717933577815, 0.019787588488526606, 0.01978305635232532, 0.019807767994861506, 0.019806047406466517, 0.019804922208965008, 0.01980846226566484, 0.01980844586679946], "(1, 2, 1, 1)": [0.018334481844861802, 0.01842074472298395, 0.018524214741374813, 0.018602484357695473, 0.018632204842089363, 0.018681288909816136, 0.018870218106038124, 0.018873441012084408, 0.018780367519650964, 0.018857444520289302, 0.01892214562944502], "(1, 1, 1, 1)": [0.005029588718932037, 0.007565065483922271, 0.009311155418008739, 0.009437552775742927, 0.011118214292358665, 0.009993511552857517, 0.010831547118767201, 0.011530562416650379, 0.012540734608206998, 0.011456601544585625, 0.011978299207061841], "(2, 3, 1, 1)": [0.019739436470228505, 0.019757953623075454, 0.019786158121239905, 0.019803667904124397, 0.019751066327414614, 0.019800894704215855, 0.019823350682498866, 0.019837133246777973, 0.019791476808675237, 0.019835923046800617, 0.01985776078486929], "(2, 4, 1, 1)": [0.01979921416067706, 0.019799113003190462, 0.019782474037069217, 0.019798205432310798, 0.019760486518566014, 0.019744062124047817, 0.019787619558578422, 0.019748757860699753, 0.019746546250615553, 0.019697224609444407, 0.01972754915628263], "(2, 2, 1, 1)": [0.01838054929042404, 0.018319503000567228, 0.018521713532385853, 0.018631266062802264, 0.018635069267067695, 0.018649839207935223, 0.01874734344193826, 0.018754071682902888, 0.018828057944359374, 0.018791340842498765, 0.018928954557721568], "(2, 1, 1, 1)": [0.0062370401265442335, 0.008060572941550147, 0.008060785870869367, 0.008355001458702242, 0.00778943783891138, 0.0097923471349664, 0.010559228697496462, 0.008288003693885219, 0.01130728585085819, 0.012445663523481611, 0.011121579610051507], "(1, 6, 1, 1)": [0.009082905566491686, 0.011884343893641252, 0.009196090040798667, 0.010303658816511865, 0.008147099949910492, 0.005728355060766883, 0.008741651237265677, 0.0062430168596928765, 0.006388742544114625, 0.006608945378284872, 0.004689757481795569]}, "n_values": {"(2, 6, 1, 1)": [339.0, 154.0, 95.0, 101.0, 115.0, 109.0, 110.0, 107.0, 121.0, 103.0, 113.0], "(2, 5, 1, 1)": [991.0, 525.0, 536.0, 552.0, 524.0, 501.0, 519.0, 495.0, 509.0, 525.0, 507.0], "(1, 5, 1, 1)": [718.0, 369.0, 376.0, 355.0, 375.0, 374.0, 362.0, 367.0, 383.0, 372.0, 364.0], "(1, 4, 1, 1)": [946.0, 763.0, 756.0, 839.0, 759.0, 770.0, 759.0, 764.0, 767.0, 756.0, 780.0], "(1, 3, 1, 1)": [841.0, 855.0, 846.0, 841.0, 830.0, 839.0, 846.0, 863.0, 846.0, 913.0, 964.0], "(1, 2, 1, 1)": [467.0, 478.0, 448.0, 473.0, 477.0, 467.0, 487.0, 459.0, 640.0, 492.0, 788.0], "(1, 1, 1, 1)": [110.0, 104.0, 131.0, 103.0, 105.0, 119.0, 120.0, 109.0, 195.0, 104.0, 307.0], "(2, 3, 1, 1)": [832.0, 825.0, 819.0, 807.0, 827.0, 834.0, 829.0, 843.0, 837.0, 837.0, 1025.0], "(2, 4, 1, 1)": [1004.0, 945.0, 916.0, 908.0, 902.0, 930.0, 909.0, 897.0, 908.0, 907.0, 902.0], "(2, 2, 1, 1)": [417.0, 399.0, 427.0, 407.0, 408.0, 403.0, 413.0, 412.0, 436.0, 435.0, 800.0], "(2, 1, 1, 1)": [106.0, 101.0, 101.0, 104.0, 108.0, 78.0, 98.0, 88.0, 108.0, 316.0, 103.0], "(1, 6, 1, 1)": [96.0, 242.0, 117.0, 82.0, 114.0, 94.0, 97.0, 89.0, 93.0, 107.0, 82.0]}}