{"q_values": {"(2, 6, 1, 1)": [0.011982976990055131, 0.011346579641744277, 0.010196399064186396, 0.009730454174371107, 0.008824416140201559, 0.009055949776502772, 0.010385323495455888, 0.006216667739267717, 0.005371023275221746, 0.006086925492231611, 0.006711186600403476], "(2, 5, 1, 1)": [0.01889067708300113, 0.01884406675609056, 0.018863183758855713, 0.0188269941608918, 0.018648150732049035, 0.018636469831558245, 0.01848798091200309, 0.018566544858063853, 0.018584908205883762, 0.018399831249212694, 0.018439122042480605], "(1, 5, 1, 1)": [0.01894401328819964, 0.01876420362803925, 0.01851414693315822, 0.018906194048519547, 0.018568567004585187, 0.018707204705630837, 0.01858827366097468, 0.018553385671545287, 0.01832852858377883, 0.018331413365916868, 0.0183061774532261], "(1, 4, 1, 1)": [0.0198651414996797, 0.019843952351360557, 0.019824199449949453, 0.01983628103191529, 0.01981950803472807, 0.019820888855521687, 0.019807683833593683, 0.019747103293539996, 0.019788607128084158, 0.019720970626188116, 0.019760329802488957], "(1, 3, 1, 1)": [0.019683505575386923, 0.0197331021509767, 0.0197665545675157, 0.019793270006289675, 0.019788046481381612, 0.01978518606024677, 0.019809101718139436, 0.01980633069038805, 0.019805003610888543, 0.019807512548576656, 0.019808906440353054], "(1, 2, 1, 1)": [0.018294783641870024, 0.018384588660278634, 0.01849612269388321, 0.018574074272669494, 0.018612905850992283, 0.01865642339196258, 0.01884689616854178, 0.01885657284067049, 0.018761045383370124, 0.018836084061850528, 0.01890135256581633], "(1, 1, 1, 1)": [0.004800030989205637, 0.007199438085190171, 0.009489712360298639, 0.009437552775742927, 0.011250598390689715, 0.009993511552857517, 0.010717742382181773, 0.01137119597676639, 0.012580907186941919, 0.011456601544585625, 0.011959951579974102], "(2, 3, 1, 1)": [0.019742592997948723, 0.019756130477385295, 0.019787005694214346, 0.019810529445143433, 0.019746011329290096, 0.01982453296717102, 0.019828241557502253, 0.019834188382567335, 0.019792269012383568, 0.019847799174222965, 0.019858702059560765], "(2, 4, 1, 1)": [0.019798493532047757, 0.019797688487236335, 0.01977784555529265, 0.019796340843893718, 0.019768177715540857, 0.019736715605152493, 0.019787184211550984, 0.019751528228624315, 0.019746792093752207, 0.019687772800092082, 0.019723864727472024], "(2, 2, 1, 1)": [0.018344420672875048, 0.018284633519528175, 0.01848428128353279, 0.018608903778781185, 0.01863564685028493, 0.0186126559329989, 0.01872658519457805, 0.018728573682229147, 0.018817333933696983, 0.018760351163019454, 0.018903777158404248], "(2, 1, 1, 1)": [0.006023812394127073, 0.008069873951070524, 0.00796608970322359, 0.00831701775237085, 0.007603134010558208, 0.009684174053108787, 0.010559228697496462, 0.008072862299603785, 0.011248943874806424, 0.012259452184751555, 0.010926064172372726], "(1, 6, 1, 1)": [0.008998121161163771, 0.011925160326270124, 0.009196090040798667, 0.010213101203767757, 0.008084700325901239, 0.005600444823325292, 0.008647755526202606, 0.006114218846272163, 0.006388742544114625, 0.0064040243280517085, 0.004858244209294983]}, "n_values": {"(2, 6, 1, 1)": [319.0, 154.0, 92.0, 98.0, 114.0, 107.0, 108.0, 106.0, 119.0, 102.0, 112.0], "(2, 5, 1, 1)": [896.0, 501.0, 505.0, 524.0, 492.0, 474.0, 496.0, 468.0, 487.0, 493.0, 479.0], "(1, 5, 1, 1)": [676.0, 360.0, 364.0, 345.0, 357.0, 365.0, 351.0, 358.0, 372.0, 362.0, 352.0], "(1, 4, 1, 1)": [874.0, 717.0, 711.0, 782.0, 709.0, 723.0, 711.0, 715.0, 717.0, 712.0, 732.0], "(1, 3, 1, 1)": [780.0, 796.0, 787.0, 777.0, 773.0, 779.0, 782.0, 800.0, 788.0, 850.0, 902.0], "(1, 2, 1, 1)": [444.0, 451.0, 424.0, 448.0, 456.0, 438.0, 462.0, 438.0, 615.0, 466.0, 711.0], "(1, 1, 1, 1)": [108.0, 100.0, 129.0, 103.0, 104.0, 119.0, 118.0, 106.0, 188.0, 104.0, 306.0], "(2, 3, 1, 1)": [749.0, 746.0, 746.0, 729.0, 745.0, 753.0, 753.0, 762.0, 759.0, 761.0, 932.0], "(2, 4, 1, 1)": [913.0, 862.0, 834.0, 819.0, 819.0, 852.0, 826.0, 815.0, 834.0, 828.0, 820.0], "(2, 2, 1, 1)": [390.0, 377.0, 393.0, 379.0, 378.0, 376.0, 379.0, 386.0, 405.0, 400.0, 719.0], "(2, 1, 1, 1)": [104.0, 100.0, 100.0, 103.0, 106.0, 77.0, 98.0, 86.0, 107.0, 301.0, 100.0], "(1, 6, 1, 1)": [95.0, 233.0, 117.0, 81.0, 111.0, 93.0, 96.0, 88.0, 93.0, 105.0, 80.0]}}