{"q_values": {"(2, 6, 1, 1)": [0.012508773368181653, 0.011428973627149185, 0.010643983162361668, 0.009925066942924506, 0.008897269127848476, 0.009377220189352024, 0.010576294803640052, 0.00632067232770639, 0.0052014385231954, 0.006203610110257011, 0.006903710995918994], "(2, 5, 1, 1)": [0.018963235237480374, 0.018889831832939727, 0.018921594111389384, 0.018877953570825796, 0.01873759259481939, 0.01871027917271177, 0.018589977446623093, 0.018619196037800267, 0.018592664320938618, 0.01851681456985907, 0.018519941309892343], "(1, 5, 1, 1)": [0.018974959240494672, 0.018799417819927437, 0.01853825497055824, 0.018947215403135053, 0.018640229564014104, 0.018750869796165328, 0.01862513849812874, 0.018609159380857644, 0.018386940710079937, 0.018399123602784024, 0.018302910252450663], "(1, 4, 1, 1)": [0.019865991397003045, 0.019844665377610694, 0.019785942494871037, 0.01983596701783621, 0.019827881544526596, 0.019821811730474318, 0.01981124609548444, 0.01976038271227311, 0.01979269186705486, 0.019737426812709524, 0.019761046000251803], "(1, 3, 1, 1)": [0.019681734743324603, 0.019736172319121975, 0.019767740730870516, 0.019789547546880653, 0.0197883999856695, 0.019785563128339463, 0.01980528273638953, 0.019804821722768023, 0.019805210483583736, 0.019804954683761353, 0.01980579934096449], "(1, 2, 1, 1)": [0.018405690418954054, 0.018466217634911124, 0.018586533226128892, 0.01864678670483784, 0.018661452529413904, 0.018730285414877174, 0.01889890350425263, 0.01890749598418524, 0.01879585849289402, 0.01890391112955597, 0.018966118230502173], "(1, 1, 1, 1)": [0.005118177218413384, 0.00774057857919736, 0.009195269560031508, 0.009218895079359251, 0.011285044931761625, 0.01030395624452079, 0.010589264954546231, 0.0118380000965867, 0.012874608650067629, 0.011682745319360982, 0.0120967176594425], "(2, 3, 1, 1)": [0.01974736760651111, 0.01976005626519883, 0.019783973947381284, 0.019800657532161862, 0.01976333966214198, 0.019807021819356712, 0.01982152110426111, 0.01982037076619431, 0.01976349833356635, 0.01978167358829496, 0.019859730506363332], "(2, 4, 1, 1)": [0.01979924350869545, 0.019799612284354215, 0.019795114779246236, 0.019782258465480682, 0.019761221073286022, 0.01975354952837468, 0.01978692224835455, 0.019759881074740485, 0.01972004161946698, 0.01971164812756042, 0.01973482792281433], "(2, 2, 1, 1)": [0.018410455880774362, 0.018414628390322, 0.01858625851263663, 0.018550560503133594, 0.01868236444277557, 0.018663186728993284, 0.018765075089527697, 0.018802542903275873, 0.018846475631664, 0.01884114296716939, 0.018972815253177594], "(2, 1, 1, 1)": [0.006346939810026384, 0.008186755614829525, 0.00849374354485079, 0.007962743436357703, 0.008085552722739605, 0.010144112198705379, 0.010764048233969028, 0.008752793315357785, 0.01130728585085819, 0.01258422938891867, 0.0112972777632445], "(1, 6, 1, 1)": [0.009296550880591021, 0.0124521207532344, 0.009401534825848797, 0.010317991274439442, 0.008476063837448315, 0.0056914315846951, 0.008898782108294338, 0.006677740535325202, 0.006503088228309793, 0.0067249901980329565, 0.004903284919634328]}, "n_values": {"(2, 6, 1, 1)": [365.0, 156.0, 98.0, 102.0, 115.0, 111.0, 111.0, 107.0, 121.0, 103.0, 114.0], "(2, 5, 1, 1)": [1234.0, 593.0, 599.0, 607.0, 586.0, 559.0, 586.0, 551.0, 576.0, 584.0, 563.0], "(1, 5, 1, 1)": [876.0, 415.0, 411.0, 395.0, 407.0, 411.0, 396.0, 411.0, 419.0, 413.0, 406.0], "(1, 4, 1, 1)": [1182.0, 921.0, 923.0, 996.0, 921.0, 926.0, 917.0, 914.0, 927.0, 925.0, 939.0], "(1, 3, 1, 1)": [1035.0, 1048.0, 1039.0, 1017.0, 1021.0, 1027.0, 1044.0, 1064.0, 1040.0, 1104.0, 1174.0], "(1, 2, 1, 1)": [529.0, 529.0, 507.0, 533.0, 539.0, 527.0, 542.0, 513.0, 706.0, 557.0, 1030.0], "(1, 1, 1, 1)": [114.0, 107.0, 134.0, 105.0, 108.0, 124.0, 123.0, 115.0, 238.0, 108.0, 314.0], "(2, 3, 1, 1)": [1047.0, 1040.0, 1039.0, 1025.0, 1031.0, 1041.0, 1044.0, 1057.0, 1048.0, 1049.0, 1282.0], "(2, 4, 1, 1)": [1253.0, 1185.0, 1138.0, 1136.0, 1127.0, 1150.0, 1137.0, 1126.0, 1126.0, 1126.0, 1127.0], "(2, 2, 1, 1)": [486.0, 455.0, 482.0, 477.0, 452.0, 468.0, 475.0, 475.0, 501.0, 511.0, 1012.0], "(2, 1, 1, 1)": [107.0, 103.0, 106.0, 108.0, 112.0, 82.0, 101.0, 94.0, 108.0, 358.0, 106.0], "(1, 6, 1, 1)": [103.0, 278.0, 120.0, 85.0, 118.0, 97.0, 100.0, 98.0, 94.0, 110.0, 85.0]}}