{"q_values": {"(2, 6, 1, 1)": [0.013524352085725765, 0.009275607230808091, 0.007301373861004235, 0.0052241831765820635, 0.0031606581775672623, 0.007778013839138948, 0.009344354262365465, -0.0032432155602093978, 0.003478194375056664, 0.0017761111587524245, -4.3341309808492354e-05], "(2, 5, 1, 1)": [0.01839376937045645, 0.0184113175537969, 0.018286795153691835, 0.0186362050563768, 0.017899000142839114, 0.01639261721020142, 0.01755013170102289, 0.017637391496457183, 0.017744180350176938, 0.016764862128173273, 0.016756813935696547], "(1, 5, 1, 1)": [0.018547742909460825, 0.01809027116035889, 0.01867663922486186, 0.018619194281011654, 0.018511739388034267, 0.018707749105504955, 0.017995015751462576, 0.01799777200069352, 0.01765778273799466, 0.017406634903860532, 0.017785395594094595], "(1, 4, 1, 1)": [0.019858490898919598, 0.019767186998241707, 0.019804979011507642, 0.01983495345934956, 0.019757508736418416, 0.01978252205681569, 0.01980267101450702, 0.019729011865486847, 0.0197064509662144, 0.019792245642773793, 0.019813029486828018], "(1, 3, 1, 1)": [0.01957097612026574, 0.019566289319725497, 0.01962661576092254, 0.01972848191300921, 0.019728971048635233, 0.01972650227299951, 0.0196618626317665, 0.019807541316309414, 0.019774651796834145, 0.01979906421347746, 0.01983601798181862], "(1, 2, 1, 1)": [0.01609905683568696, 0.018050622383944354, 0.01704002805969098, 0.017541898029343136, 0.018184396139624446, 0.018031631875430772, 0.018382501187691455, 0.017642400941105595, 0.01869448625771365, 0.018400412162429602, 0.018554918394823275], "(1, 1, 1, 1)": [-0.008778251583302895, 0.0030925868165070374, 0.005224086811351733, 0.004787374472231921, 0.005123330637732572, 0.0016633421268116896, 0.0027614637999497727, 0.0031308742656181877, 0.0074633684661504105, 2.972491932045913e-05, 0.009069176378746175], "(2, 3, 1, 1)": [0.019706398980061348, 0.01981855521919668, 0.01974075595368436, 0.019748310219169944, 0.019810922244500873, 0.019815542612434307, 0.01979837612230415, 0.019796999569168056, 0.019853207041977284, 0.019802522365375188, 0.01986761198306272], "(2, 4, 1, 1)": [0.019773721849637098, 0.01979263724184512, 0.01971305971129666, 0.019762706415309857, 0.019662121131166627, 0.01969924686984027, 0.01972357439447177, 0.01958538019967548, 0.019697186570787575, 0.019599661279677508, 0.019565636536282554], "(2, 2, 1, 1)": [0.01815911000233248, 0.018477348507158563, 0.018303776731701693, 0.01851839002786497, 0.018256891483813906, 0.018179450757598047, 0.01866339978297698, 0.018579353953577137, 0.01874840560368118, 0.01897258954722933, 0.01860828399015984], "(2, 1, 1, 1)": [0.006289701032419289, 0.0018547860786921303, 0.006671855514112405, 0.00043214983499037084, 0.008574388393845469, 0.0022312517245180376, 0.014134152836995205, 0.004409531967549318, 0.009738357708375871, 0.016650147236012262, 0.004424070005768639], "(1, 6, 1, 1)": [0.008151946179438182, 0.006835902550479255, 0.007262673049259076, -0.0024354686775956147, 0.008625111049545657, 0.008433385091008883, 0.013073169041825398, 0.006750119827620039, 0.009260243776225252, 8.861578632544248e-05, 0.009638798352490596]}, "n_values": {"(2, 6, 1, 1)": [7.0, 11.0, 13.0, 11.0, 12.0, 10.0, 9.0, 14.0, 11.0, 8.0, 18.0], "(2, 5, 1, 1)": [19.0, 17.0, 15.0, 15.0, 21.0, 19.0, 21.0, 13.0, 16.0, 19.0, 16.0], "(1, 5, 1, 1)": [13.0, 17.0, 19.0, 16.0, 12.0, 14.0, 12.0, 12.0, 16.0, 14.0, 14.0], "(1, 4, 1, 1)": [19.0, 16.0, 19.0, 20.0, 19.0, 18.0, 15.0, 16.0, 18.0, 16.0, 20.0], "(1, 3, 1, 1)": [28.0, 20.0, 27.0, 28.0, 22.0, 26.0, 30.0, 28.0, 23.0, 28.0, 25.0], "(1, 2, 1, 1)": [23.0, 20.0, 17.0, 23.0, 18.0, 22.0, 21.0, 22.0, 23.0, 23.0, 20.0], "(1, 1, 1, 1)": [13.0, 12.0, 20.0, 15.0, 12.0, 15.0, 11.0, 15.0, 15.0, 10.0, 11.0], "(2, 3, 1, 1)": [18.0, 14.0, 15.0, 11.0, 18.0, 13.0, 20.0, 11.0, 17.0, 19.0, 21.0], "(2, 4, 1, 1)": [21.0, 17.0, 19.0, 20.0, 24.0, 22.0, 20.0, 20.0, 19.0, 28.0, 15.0], "(2, 2, 1, 1)": [17.0, 14.0, 9.0, 14.0, 16.0, 14.0, 15.0, 17.0, 15.0, 14.0, 12.0], "(2, 1, 1, 1)": [7.0, 8.0, 8.0, 7.0, 6.0, 8.0, 6.0, 5.0, 10.0, 5.0, 5.0], "(1, 6, 1, 1)": [6.0, 6.0, 7.0, 10.0, 8.0, 8.0, 6.0, 9.0, 8.0, 8.0, 4.0]}}