{"q_values": {"(2, 6, 1, 1)": [0.012324904075997099, 0.011346579641744277, 0.010503653561323106, 0.009852177007410829, 0.008897269127848476, 0.009225693202463883, 0.010576294803640052, 0.00632067232770639, 0.0052014385231954, 0.006203610110257011, 0.006903710995918994], "(2, 5, 1, 1)": [0.018933212977112382, 0.018859990212404462, 0.018899552496071913, 0.018853628139419737, 0.01870171411162808, 0.018674944446014346, 0.01853666908247173, 0.01858397797914105, 0.01855756890374429, 0.018470385756712573, 0.01848530544730416], "(1, 5, 1, 1)": [0.018949779307160287, 0.018776863512218543, 0.018499600930976395, 0.018928435860137583, 0.018625668471156397, 0.018726888957036055, 0.018602484025850543, 0.018586093508632006, 0.01834918153871212, 0.018381276558018918, 0.018287368625982185], "(1, 4, 1, 1)": [0.019867423490751407, 0.019843444933780135, 0.0198275668923836, 0.019833699151291836, 0.019823418066737063, 0.019822434905671153, 0.01981078709849641, 0.019754329068538762, 0.019789836806739954, 0.01973208982301767, 0.01975966593486815], "(1, 3, 1, 1)": [0.019669561631075718, 0.019733778453149314, 0.019769126492419, 0.019790894004212408, 0.01978836579457567, 0.01978392797266978, 0.01980607719454259, 0.019805629327935833, 0.019805851228471057, 0.019804893207257656, 0.019806305653598144], "(1, 2, 1, 1)": [0.018361064085268452, 0.01843793628625341, 0.018547750527618017, 0.018616179697592806, 0.018646974273691375, 0.01868913971648043, 0.01887906203925637, 0.01888467495639245, 0.018792850974636347, 0.018873628312479646, 0.018945680312646745], "(1, 1, 1, 1)": [0.005011812901514325, 0.0076986933498816345, 0.009133038680135703, 0.00913631970265965, 0.011229460302284984, 0.010180505163163744, 0.010802071685522892, 0.011734158397204389, 0.012526184796289346, 0.01163116864740866, 0.01204476759075465], "(2, 3, 1, 1)": [0.0197407077425906, 0.019757680725522732, 0.019781416756998762, 0.01980467753048621, 0.019753324235729213, 0.019804794519075915, 0.019824170963420287, 0.01982189999518844, 0.01977274440038819, 0.019836062308323948, 0.019858118975678834], "(2, 4, 1, 1)": [0.01980007054086714, 0.019800183980024748, 0.019785119512331896, 0.019799189030453013, 0.01975449682086531, 0.019747556447403548, 0.019783452455790624, 0.019751668230869615, 0.019749526576305507, 0.01970108279159044, 0.019730160047505114], "(2, 2, 1, 1)": [0.018396211085617644, 0.018352155644493683, 0.0185410578659984, 0.018624386634204834, 0.018651035887779784, 0.018666894631852508, 0.018740632672027236, 0.0187748550896461, 0.01884134887781108, 0.01881368907749355, 0.018943234082551847], "(2, 1, 1, 1)": [0.0062370401265442335, 0.008060572941550147, 0.008152254093332572, 0.008355001458702242, 0.007910370104927102, 0.009970669176084771, 0.010764048233969028, 0.008372485054445673, 0.01130728585085819, 0.012460458410799765, 0.011180496447429375], "(1, 6, 1, 1)": [0.00921461936762237, 0.0121968215549761, 0.009271664869467355, 0.010317991274439442, 0.008234056878288867, 0.0056914315846951, 0.008898782108294338, 0.006522164774209505, 0.006388742544114625, 0.0065233078955635486, 0.004992693816998927]}, "n_values": {"(2, 6, 1, 1)": [348.0, 154.0, 96.0, 101.0, 115.0, 109.0, 111.0, 107.0, 121.0, 103.0, 114.0], "(2, 5, 1, 1)": [1065.0, 546.0, 556.0, 571.0, 543.0, 519.0, 538.0, 513.0, 533.0, 543.0, 523.0], "(1, 5, 1, 1)": [784.0, 390.0, 390.0, 372.0, 388.0, 387.0, 378.0, 392.0, 398.0, 389.0, 384.0], "(1, 4, 1, 1)": [1030.0, 820.0, 819.0, 898.0, 819.0, 828.0, 815.0, 817.0, 826.0, 821.0, 842.0], "(1, 3, 1, 1)": [910.0, 924.0, 918.0, 904.0, 895.0, 907.0, 914.0, 926.0, 909.0, 986.0, 1041.0], "(1, 2, 1, 1)": [490.0, 499.0, 469.0, 494.0, 500.0, 487.0, 505.0, 481.0, 662.0, 516.0, 873.0], "(1, 1, 1, 1)": [113.0, 106.0, 133.0, 104.0, 107.0, 122.0, 121.0, 113.0, 211.0, 107.0, 311.0], "(2, 3, 1, 1)": [893.0, 891.0, 888.0, 878.0, 890.0, 899.0, 894.0, 908.0, 905.0, 901.0, 1104.0], "(2, 4, 1, 1)": [1080.0, 1018.0, 984.0, 979.0, 969.0, 996.0, 975.0, 965.0, 971.0, 972.0, 972.0], "(2, 2, 1, 1)": [442.0, 416.0, 442.0, 431.0, 421.0, 425.0, 430.0, 439.0, 462.0, 463.0, 866.0], "(2, 1, 1, 1)": [106.0, 101.0, 102.0, 104.0, 110.0, 80.0, 101.0, 90.0, 108.0, 329.0, 104.0], "(1, 6, 1, 1)": [102.0, 261.0, 118.0, 85.0, 115.0, 97.0, 100.0, 93.0, 93.0, 108.0, 84.0]}}