{"q_values": {"(2, 6, 1, 1)": [0.011820714290539998, 0.01118028403826189, 0.010016954375614581, 0.009604496880553818, 0.009217922469794254, 0.008458837185670792, 0.010490542602522876, 0.005656295624488761, 0.005319249140166298, 0.006074865926187598, 0.006002140157340739], "(2, 5, 1, 1)": [0.01887015112034681, 0.018795714136597756, 0.018816836961485478, 0.018789900881622787, 0.018576705742666896, 0.01857936064034225, 0.01851571479090999, 0.018490211487162397, 0.018514111816131266, 0.018351556922896556, 0.018435136230714133], "(1, 5, 1, 1)": [0.01891364701910935, 0.01872797397222605, 0.018445749131006058, 0.018868362947612044, 0.018545374653990643, 0.018649881761464253, 0.018530762874205232, 0.018468321347854037, 0.018223074861510626, 0.01821303384486186, 0.018240992190956175], "(1, 4, 1, 1)": [0.019863907920720104, 0.01984322763821118, 0.019837656750268603, 0.01983586359989778, 0.019818377369333787, 0.01981661210680311, 0.01980728593547395, 0.019733410375351538, 0.01978707136252925, 0.019712146929290242, 0.019757811303773194], "(1, 3, 1, 1)": [0.019735089486872553, 0.019730190237774836, 0.019764554854404415, 0.019795703452707057, 0.019792420488107653, 0.01977789262225541, 0.019807219917580745, 0.019806025788037585, 0.019807882129256858, 0.01980764725124064, 0.01980721971947063], "(1, 2, 1, 1)": [0.01820760775278329, 0.018301019708441942, 0.018455250095101267, 0.018515135370626202, 0.018563301735971895, 0.018609545690199212, 0.018815708840488644, 0.018821675781153843, 0.018710801854819624, 0.018784263056002448, 0.01883749714114347], "(1, 1, 1, 1)": [0.0047001433253720335, 0.007100591001179578, 0.009294151271281373, 0.009600175814648369, 0.010998835097907424, 0.00987321805846891, 0.010403449561759865, 0.011253215076494212, 0.012190376476761806, 0.011207400353255303, 0.011948938541507258], "(2, 3, 1, 1)": [0.019733527367561395, 0.019741515613379366, 0.01978133260481706, 0.019807028157106506, 0.01973254672930457, 0.01982505022258794, 0.019830753078529377, 0.019835083210039146, 0.019842333710117305, 0.019844565289988642, 0.01985903485706483], "(2, 4, 1, 1)": [0.01980171475519903, 0.01980017609353023, 0.019801801441640756, 0.01979990369630267, 0.019790851110823127, 0.019740081676718774, 0.01978534379587545, 0.019762513011777186, 0.019745428406904016, 0.01967488139077051, 0.01971780497905469], "(2, 2, 1, 1)": [0.018301654140595976, 0.0181811642821541, 0.01842454374140745, 0.018551634558168318, 0.01859936309424969, 0.018563737062863305, 0.018666266827166014, 0.01870313432327824, 0.018774325705363273, 0.018722212971497797, 0.018856204265645965], "(2, 1, 1, 1)": [0.005691124304465947, 0.007476111105006508, 0.007906013663920864, 0.007839683869513227, 0.007408634589920035, 0.00936763124212521, 0.010264889362725262, 0.00796165612892392, 0.011125075984514078, 0.011938530540871373, 0.010859034237156201], "(1, 6, 1, 1)": [0.008611564843476756, 0.011390606835561999, 0.008892429138104391, 0.010123029037189268, 0.007812995933711478, 0.005462654922888826, 0.00877997722361688, 0.005965611989261787, 0.0058703857446350816, 0.006241744805620255, 0.004858244209294983]}, "n_values": {"(2, 6, 1, 1)": [278.0, 150.0, 90.0, 94.0, 110.0, 100.0, 101.0, 101.0, 112.0, 98.0, 105.0], "(2, 5, 1, 1)": [725.0, 443.0, 440.0, 463.0, 428.0, 412.0, 423.0, 410.0, 425.0, 428.0, 409.0], "(1, 5, 1, 1)": [541.0, 312.0, 319.0, 296.0, 304.0, 314.0, 301.0, 308.0, 320.0, 314.0, 302.0], "(1, 4, 1, 1)": [710.0, 588.0, 574.0, 644.0, 579.0, 586.0, 573.0, 580.0, 580.0, 574.0, 598.0], "(1, 3, 1, 1)": [625.0, 648.0, 639.0, 629.0, 631.0, 633.0, 635.0, 654.0, 641.0, 704.0, 737.0], "(1, 2, 1, 1)": [394.0, 393.0, 371.0, 390.0, 398.0, 384.0, 411.0, 383.0, 549.0, 408.0, 543.0], "(1, 1, 1, 1)": [104.0, 99.0, 126.0, 100.0, 100.0, 117.0, 113.0, 104.0, 156.0, 100.0, 302.0], "(2, 3, 1, 1)": [628.0, 624.0, 618.0, 602.0, 615.0, 626.0, 632.0, 635.0, 635.0, 633.0, 769.0], "(2, 4, 1, 1)": [763.0, 715.0, 697.0, 670.0, 675.0, 709.0, 683.0, 682.0, 699.0, 691.0, 682.0], "(2, 2, 1, 1)": [353.0, 333.0, 351.0, 339.0, 341.0, 330.0, 337.0, 342.0, 359.0, 359.0, 601.0], "(2, 1, 1, 1)": [101.0, 92.0, 95.0, 98.0, 104.0, 74.0, 94.0, 85.0, 105.0, 275.0, 99.0], "(1, 6, 1, 1)": [91.0, 198.0, 113.0, 80.0, 108.0, 92.0, 93.0, 86.0, 88.0, 100.0, 80.0]}}