{"q_values": {"(2, 6, 1, 1)": [0.011097509072846606, 0.010620427235491324, 0.009144009644467982, 0.008556356338813308, 0.0085161795584448, 0.00778078307993235, 0.01010952133861709, 0.005197738135195346, 0.005145220583670917, 0.005647453756715932, 0.0062946545510463225], "(2, 5, 1, 1)": [0.018798617641267522, 0.018684757078789475, 0.018730132222471458, 0.01871619095466387, 0.018404304916479788, 0.018485801827109564, 0.0184825504272596, 0.018434374485673297, 0.018411951701932026, 0.01831338875313045, 0.018281931739240677], "(1, 5, 1, 1)": [0.018832986074478666, 0.018744068118533425, 0.018428487897026717, 0.018810252622497404, 0.018542098899133986, 0.01864575494828644, 0.018461027420426046, 0.018342563765156934, 0.018139093172695367, 0.01826374679662545, 0.01813751302883531], "(1, 4, 1, 1)": [0.019854871812277304, 0.019839682067522603, 0.01983971116481584, 0.01983663264739185, 0.019797914879684166, 0.019810471618373477, 0.01979175568252456, 0.019688602560687177, 0.019767081213830386, 0.019781532508508403, 0.019740705815181222], "(1, 3, 1, 1)": [0.019730693674224118, 0.019748985073734092, 0.019753428521839905, 0.019795212535415725, 0.019789061646130476, 0.01977438975995622, 0.019808608935679314, 0.019812493237098175, 0.019808935686448596, 0.019813447629383665, 0.01981406635152014], "(1, 2, 1, 1)": [0.018048563267702985, 0.01825290295450192, 0.018229413394538735, 0.018414582545400855, 0.018595437029336113, 0.01859785758609002, 0.01872374765727144, 0.018714423382703335, 0.018762659310787314, 0.018661978449317666, 0.01875543124950911], "(1, 1, 1, 1)": [0.0038663177198624867, 0.006776088842837596, 0.00910220763852592, 0.008656248518404361, 0.011028302316282703, 0.009175734920874186, 0.009989509332235134, 0.01083566341697215, 0.011854151210878171, 0.011044470050406268, 0.01219274757680982], "(2, 3, 1, 1)": [0.01973419982235996, 0.019741080265994672, 0.019773862903795555, 0.01979507435659473, 0.019786912155544015, 0.019818524930782812, 0.019840894203510026, 0.01984305152600207, 0.019837879116060587, 0.019848713335643624, 0.019855927478692203], "(2, 4, 1, 1)": [0.019796359144011424, 0.019796543285251433, 0.019798718930534902, 0.019795361323079252, 0.01978461360884312, 0.019791751632112387, 0.019786719358790037, 0.019751874881139813, 0.019724601529396278, 0.01967091050907533, 0.019721047167330887], "(2, 2, 1, 1)": [0.018155906556253827, 0.0180306173079834, 0.018329183343115358, 0.01848286700253345, 0.018438352823192162, 0.018571073784315398, 0.018599460776040768, 0.018627712005364713, 0.01870286968322771, 0.01860835096495293, 0.01874471067102426], "(2, 1, 1, 1)": [0.005203114471684062, 0.006977681167945069, 0.006680835479918259, 0.007196073191088988, 0.006867637719122658, 0.010060546851147706, 0.009413762392349612, 0.008398600052244048, 0.010633525950893532, 0.011064308406103708, 0.010619557069225507], "(1, 6, 1, 1)": [0.00813112415070365, 0.01072556654122563, 0.00909386425067194, 0.009158980440634363, 0.007433131467789379, 0.00526567149588646, 0.008428639303777791, 0.0049842867473729405, 0.004670285847645722, 0.005407639051417808, 0.00513763191507861]}, "n_values": {"(2, 6, 1, 1)": [207.0, 135.0, 76.0, 78.0, 97.0, 93.0, 89.0, 93.0, 98.0, 91.0, 97.0], "(2, 5, 1, 1)": [477.0, 339.0, 328.0, 349.0, 307.0, 297.0, 325.0, 307.0, 317.0, 317.0, 295.0], "(1, 5, 1, 1)": [359.0, 243.0, 256.0, 241.0, 237.0, 240.0, 239.0, 239.0, 258.0, 244.0, 229.0], "(1, 4, 1, 1)": [462.0, 399.0, 388.0, 455.0, 396.0, 392.0, 377.0, 382.0, 390.0, 382.0, 407.0], "(1, 3, 1, 1)": [401.0, 426.0, 422.0, 421.0, 425.0, 422.0, 424.0, 430.0, 417.0, 480.0, 503.0], "(1, 2, 1, 1)": [276.0, 280.0, 261.0, 264.0, 270.0, 262.0, 294.0, 269.0, 407.0, 292.0, 312.0], "(1, 1, 1, 1)": [87.0, 81.0, 109.0, 88.0, 88.0, 102.0, 100.0, 91.0, 102.0, 90.0, 259.0], "(2, 3, 1, 1)": [427.0, 420.0, 421.0, 410.0, 416.0, 418.0, 434.0, 433.0, 429.0, 426.0, 528.0], "(2, 4, 1, 1)": [541.0, 487.0, 471.0, 455.0, 457.0, 490.0, 461.0, 468.0, 476.0, 470.0, 465.0], "(2, 2, 1, 1)": [266.0, 247.0, 253.0, 250.0, 250.0, 250.0, 250.0, 257.0, 270.0, 267.0, 397.0], "(2, 1, 1, 1)": [90.0, 80.0, 83.0, 88.0, 95.0, 66.0, 82.0, 74.0, 93.0, 211.0, 84.0], "(1, 6, 1, 1)": [84.0, 151.0, 104.0, 71.0, 100.0, 84.0, 85.0, 75.0, 78.0, 93.0, 77.0]}}