{"q_values": {"(2, 6, 1, 1)": [0.01198406836636286, 0.011303898574387244, 0.010016954375614581, 0.00976829510526564, 0.008824416140201559, 0.008725458519832212, 0.010376378318945792, 0.005880269751302713, 0.005571543151329155, 0.006254171335635824, 0.006413424350888385], "(2, 5, 1, 1)": [0.018887733427699428, 0.01882145338691566, 0.01884457343833385, 0.018814055381421904, 0.018614067094370797, 0.018603310243311293, 0.01844847748092587, 0.01852925819430842, 0.018556757438074906, 0.018349356558248892, 0.018468678143176112], "(1, 5, 1, 1)": [0.018921495696342886, 0.01875165458118963, 0.01849334885553297, 0.018890025562295864, 0.018533776871980465, 0.0186825032919733, 0.01855021414855419, 0.018505980507544914, 0.01825623084479036, 0.01826121990510827, 0.01824848955672994], "(1, 4, 1, 1)": [0.019864577181702123, 0.019841323656799772, 0.019838918030173514, 0.019833757568394592, 0.019820219733346058, 0.01981753127545663, 0.01981020002085571, 0.019741123183035218, 0.019790710822738315, 0.01971752024044695, 0.01975853935622146], "(1, 3, 1, 1)": [0.019734337752189392, 0.01972768409709465, 0.019765079438018123, 0.019795520324864795, 0.019789350892803124, 0.01977793481856286, 0.019805442376134658, 0.019804179127403603, 0.01980807486006838, 0.01980754109021553, 0.019808430902860545], "(1, 2, 1, 1)": [0.018254566417351237, 0.018332760296282103, 0.01846412542918915, 0.018548911263199207, 0.018579222229730234, 0.018627612843199397, 0.018823078089271833, 0.01884471219023794, 0.018739653131227614, 0.01881932055740115, 0.018872973315599572], "(1, 1, 1, 1)": [0.004685507064349321, 0.007199438085190171, 0.009353987538122971, 0.009437552775742927, 0.011184531498917008, 0.00987321805846891, 0.010532786843178725, 0.011313912166588207, 0.012190605026770834, 0.011333312128681739, 0.011918523480433754], "(2, 3, 1, 1)": [0.019738236499980095, 0.019751596141316077, 0.019782207025533106, 0.019806044809188513, 0.019740559633664983, 0.019823866642598695, 0.019827321042917883, 0.019830436520621796, 0.019844935665602484, 0.019844888049636824, 0.01986014237899842], "(2, 4, 1, 1)": [0.01979985839593414, 0.019799406977170527, 0.01977484030982418, 0.01979976685993996, 0.019763082922912595, 0.019733601718600467, 0.019785191181280855, 0.01974931284702268, 0.019747378252992782, 0.019685720364770655, 0.019718525415776057], "(2, 2, 1, 1)": [0.018337630027363043, 0.018246436904100844, 0.018468398963802937, 0.018586362150763362, 0.018629595898347753, 0.018593958864118822, 0.018711248631236375, 0.01871511532126531, 0.018804845893313573, 0.018747380117254474, 0.01888837647781266], "(2, 1, 1, 1)": [0.006023812394127073, 0.007883659917972446, 0.007871946870651184, 0.00813388432448879, 0.007603134010558208, 0.009684174053108787, 0.01049111727946302, 0.008072862299603785, 0.011189093388136522, 0.012192858198650916, 0.010926064172372726], "(1, 6, 1, 1)": [0.008898849343663152, 0.011567194802908251, 0.008970068546942211, 0.010123029037189268, 0.007812995933711478, 0.005600444823325292, 0.008454970803083361, 0.005979737015139771, 0.006146158208238887, 0.0064674839369413565, 0.004858244209294983]}, "n_values": {"(2, 6, 1, 1)": [301.0, 153.0, 90.0, 96.0, 114.0, 103.0, 105.0, 103.0, 116.0, 100.0, 109.0], "(2, 5, 1, 1)": [809.0, 473.0, 473.0, 495.0, 462.0, 441.0, 462.0, 440.0, 456.0, 461.0, 447.0], "(1, 5, 1, 1)": [599.0, 332.0, 340.0, 315.0, 327.0, 335.0, 327.0, 329.0, 340.0, 336.0, 322.0], "(1, 4, 1, 1)": [788.0, 645.0, 636.0, 703.0, 634.0, 651.0, 632.0, 640.0, 640.0, 634.0, 655.0], "(1, 3, 1, 1)": [699.0, 715.0, 706.0, 696.0, 698.0, 700.0, 705.0, 721.0, 712.0, 772.0, 814.0], "(1, 2, 1, 1)": [421.0, 420.0, 402.0, 424.0, 428.0, 413.0, 438.0, 414.0, 583.0, 443.0, 625.0], "(1, 1, 1, 1)": [107.0, 100.0, 127.0, 103.0, 103.0, 117.0, 115.0, 105.0, 174.0, 102.0, 304.0], "(2, 3, 1, 1)": [694.0, 691.0, 688.0, 668.0, 685.0, 693.0, 697.0, 703.0, 703.0, 702.0, 852.0], "(2, 4, 1, 1)": [845.0, 791.0, 774.0, 747.0, 749.0, 788.0, 758.0, 752.0, 770.0, 763.0, 754.0], "(2, 2, 1, 1)": [379.0, 362.0, 379.0, 368.0, 367.0, 362.0, 368.0, 374.0, 391.0, 384.0, 670.0], "(2, 1, 1, 1)": [104.0, 96.0, 99.0, 101.0, 106.0, 77.0, 97.0, 86.0, 106.0, 290.0, 100.0], "(1, 6, 1, 1)": [94.0, 214.0, 114.0, 80.0, 108.0, 93.0, 94.0, 87.0, 91.0, 102.0, 80.0]}}