{"q_values": {"(2, 6, 1, 1)": [0.013012954465646848, 0.011428973627149185, 0.010780434232136512, 0.009925066942924506, 0.009053543403372975, 0.009518867151846135, 0.010703253413823234, 0.00632067232770639, 0.0052014385231954, 0.006310476107852978, 0.007089108720830227], "(2, 5, 1, 1)": [0.01904974281463539, 0.018921492147046755, 0.018979282769411795, 0.01891730230982648, 0.018813068799429174, 0.01873052156614346, 0.018657830720818207, 0.018634242409208687, 0.01865609150330754, 0.018591727084506734, 0.018606329916738645], "(1, 5, 1, 1)": [0.019027502189795167, 0.01885380279354133, 0.01862482033086951, 0.01898641050416181, 0.01871156700942115, 0.018801278587838016, 0.018689649861525135, 0.018680316111430787, 0.01847141855667848, 0.018456058797522032, 0.0183680409015236], "(1, 4, 1, 1)": [0.01986689291954182, 0.01984841249072427, 0.019776074497624915, 0.01982896847747683, 0.019805227512964624, 0.019808585616645908, 0.019815926391695476, 0.019777494709812826, 0.019784537187226024, 0.019756683525247176, 0.019772307072809032], "(1, 3, 1, 1)": [0.019698723450317944, 0.019713443133445984, 0.019762009777727112, 0.019785287067132548, 0.019792236663686236, 0.01975593712443327, 0.019799338841855956, 0.019798593980378077, 0.019799389475733207, 0.0197891972712026, 0.01979934026512179], "(1, 2, 1, 1)": [0.018473114468337527, 0.018552333631778883, 0.01865752283576817, 0.018722892074340112, 0.01872561659915591, 0.01878797262211537, 0.018902721917471547, 0.01896046324501335, 0.018793820274035814, 0.018950815808368153, 0.019021605263135843], "(1, 1, 1, 1)": [0.005118177218413384, 0.007914612375821138, 0.009296657583263705, 0.009455606773111651, 0.011465940550490378, 0.010627639724348896, 0.010852600926308235, 0.012038747581009458, 0.013642910129953646, 0.011795485539436008, 0.012152268366049126], "(2, 3, 1, 1)": [0.019740282872744017, 0.01975869343641924, 0.019780766200827422, 0.019791485804767365, 0.019768687925606543, 0.01979857310259613, 0.01979351923622222, 0.01982025683758227, 0.019756311315414707, 0.019775287672915774, 0.019863042462907956], "(2, 4, 1, 1)": [0.01980529479438349, 0.01980528204185871, 0.019788985760701774, 0.019770278221627132, 0.019756906173733494, 0.01976088724948264, 0.019789421904399265, 0.019764878930758626, 0.01973939648119162, 0.019664645306045222, 0.01974619628114763], "(2, 2, 1, 1)": [0.018510847109352534, 0.018519854857654533, 0.01866156738605387, 0.01864339219522823, 0.018745752445969984, 0.01870983053521929, 0.01881973919517454, 0.018877540054799635, 0.018892976141565123, 0.018897685601162745, 0.019061240177563554], "(2, 1, 1, 1)": [0.006637910345278935, 0.008357881113805607, 0.008716414945993635, 0.007962743436357703, 0.008495847450724816, 0.01039726535975583, 0.011129205387416173, 0.008752793315357785, 0.011637764415348605, 0.013175544369268174, 0.010924779002045401], "(1, 6, 1, 1)": [0.00953393517826811, 0.013194336561397395, 0.009437943794104824, 0.010317991274439442, 0.008551964394735757, 0.006163332802372624, 0.009152242474109245, 0.006893788429714929, 0.0068437950281515164, 0.007102312511229635, 0.004903284919634328]}, "n_values": {"(2, 6, 1, 1)": [413.0, 156.0, 100.0, 102.0, 117.0, 113.0, 113.0, 107.0, 121.0, 104.0, 116.0], "(2, 5, 1, 1)": [1906.0, 679.0, 704.0, 693.0, 685.0, 652.0, 667.0, 639.0, 659.0, 669.0, 665.0], "(1, 5, 1, 1)": [1211.0, 466.0, 464.0, 450.0, 457.0, 458.0, 449.0, 464.0, 476.0, 464.0, 454.0], "(1, 4, 1, 1)": [1815.0, 1259.0, 1261.0, 1338.0, 1258.0, 1262.0, 1242.0, 1245.0, 1269.0, 1261.0, 1271.0], "(1, 3, 1, 1)": [1462.0, 1487.0, 1489.0, 1459.0, 1448.0, 1452.0, 1526.0, 1547.0, 1538.0, 1554.0, 1683.0], "(1, 2, 1, 1)": [608.0, 611.0, 593.0, 626.0, 622.0, 604.0, 622.0, 600.0, 798.0, 642.0, 1669.0], "(1, 1, 1, 1)": [114.0, 109.0, 137.0, 108.0, 111.0, 130.0, 128.0, 119.0, 298.0, 110.0, 317.0], "(2, 3, 1, 1)": [1579.0, 1563.0, 1571.0, 1568.0, 1562.0, 1575.0, 1589.0, 1612.0, 1572.0, 1583.0, 1989.0], "(2, 4, 1, 1)": [1924.0, 1810.0, 1695.0, 1670.0, 1681.0, 1711.0, 1684.0, 1677.0, 1675.0, 1667.0, 1679.0], "(2, 2, 1, 1)": [587.0, 560.0, 583.0, 579.0, 559.0, 558.0, 565.0, 580.0, 588.0, 598.0, 1610.0], "(2, 1, 1, 1)": [110.0, 105.0, 111.0, 108.0, 117.0, 85.0, 107.0, 94.0, 114.0, 437.0, 112.0], "(1, 6, 1, 1)": [106.0, 330.0, 123.0, 85.0, 119.0, 101.0, 103.0, 100.0, 97.0, 114.0, 85.0]}}