{"q_values": {"(2, 6, 1, 1)": [0.012946041503074558, 0.011428973627149185, 0.010780434232136512, 0.009925066942924506, 0.009053543403372975, 0.009518867151846135, 0.010703253413823234, 0.00632067232770639, 0.0052014385231954, 0.006310476107852978, 0.007089108720830227], "(2, 5, 1, 1)": [0.019032845536881362, 0.018910510258653663, 0.018966573147213565, 0.018907322819095986, 0.01879859128970424, 0.0187152409847837, 0.018641219347912387, 0.018620524861909613, 0.0186463491725309, 0.018584908113220618, 0.018591180434164432], "(1, 5, 1, 1)": [0.019015551207571084, 0.0188436504974996, 0.018616154444254653, 0.01897786406589575, 0.018702361002590685, 0.01879700760864679, 0.018683009632537027, 0.018668821511038214, 0.018460661289131056, 0.01844919903475437, 0.018365005034975602], "(1, 4, 1, 1)": [0.01986572369348435, 0.019846006567403214, 0.019770783538502923, 0.019825825129462515, 0.01980173639112079, 0.01980715247333059, 0.019815113769428728, 0.019773611956580645, 0.019787917015606737, 0.019752686949598523, 0.019768971872952797], "(1, 3, 1, 1)": [0.019693642101654935, 0.019707947664763508, 0.019763004504908893, 0.019784666492141854, 0.019791160328871855, 0.019750647214269442, 0.019800249391320923, 0.019800985295415123, 0.01980069034485618, 0.01978353882758425, 0.019801098015281657], "(1, 2, 1, 1)": [0.01846021386242112, 0.018537031216257424, 0.018642192819382005, 0.018710625430098767, 0.018722089018504414, 0.018777856050110873, 0.018897092616952778, 0.018947743525603807, 0.018785737899945035, 0.01894564113588417, 0.01900786163571082], "(1, 1, 1, 1)": [0.005118177218413384, 0.007829687784158738, 0.009296657583263705, 0.009380249913921512, 0.011347910688073554, 0.010573108469861207, 0.01080521480616252, 0.012038747581009458, 0.0134841461630506, 0.011742624191371306, 0.012152268366049126], "(2, 3, 1, 1)": [0.019735723277878453, 0.019756455898560888, 0.01977796374444739, 0.019788987085164245, 0.019762675371576773, 0.01979709351096101, 0.01978715755537069, 0.01981530256935952, 0.019765039201822352, 0.019767834907380856, 0.019862683996966307], "(2, 4, 1, 1)": [0.01980367104874229, 0.019803935113577312, 0.019802900248562922, 0.01976354383595003, 0.019751571613555972, 0.01977305152375175, 0.019788704268609184, 0.019759563611412713, 0.0197338510601077, 0.019668085508088552, 0.01974031453233937], "(2, 2, 1, 1)": [0.01850317723365472, 0.0185079325441768, 0.018649869968749424, 0.018636142358995602, 0.018740341580565874, 0.01869970978058304, 0.018816727943985836, 0.018872755794754614, 0.018887712146418344, 0.01889272104095205, 0.01903958724064748], "(2, 1, 1, 1)": [0.006543594857490696, 0.008357881113805607, 0.008716414945993635, 0.007962743436357703, 0.008414358893211519, 0.01039726535975583, 0.011129205387416173, 0.008752793315357785, 0.011582881684759969, 0.013068780796245304, 0.010924779002045401], "(1, 6, 1, 1)": [0.00953393517826811, 0.013011645422961373, 0.009437943794104824, 0.010317991274439442, 0.008551964394735757, 0.006163332802372624, 0.00906628729331528, 0.006893788429714929, 0.0068437950281515164, 0.007008009611880194, 0.004903284919634328]}, "n_values": {"(2, 6, 1, 1)": [403.0, 156.0, 100.0, 102.0, 117.0, 113.0, 113.0, 107.0, 121.0, 104.0, 116.0], "(2, 5, 1, 1)": [1734.0, 663.0, 682.0, 673.0, 668.0, 636.0, 650.0, 623.0, 645.0, 653.0, 647.0], "(1, 5, 1, 1)": [1136.0, 459.0, 457.0, 440.0, 450.0, 454.0, 443.0, 457.0, 469.0, 457.0, 452.0], "(1, 4, 1, 1)": [1646.0, 1179.0, 1186.0, 1254.0, 1182.0, 1176.0, 1172.0, 1166.0, 1192.0, 1184.0, 1200.0], "(1, 3, 1, 1)": [1356.0, 1377.0, 1373.0, 1348.0, 1357.0, 1345.0, 1395.0, 1427.0, 1428.0, 1437.0, 1552.0], "(1, 2, 1, 1)": [597.0, 594.0, 574.0, 610.0, 610.0, 589.0, 605.0, 580.0, 778.0, 632.0, 1504.0], "(1, 1, 1, 1)": [114.0, 108.0, 137.0, 107.0, 109.0, 129.0, 127.0, 119.0, 286.0, 109.0, 317.0], "(2, 3, 1, 1)": [1453.0, 1445.0, 1443.0, 1436.0, 1433.0, 1446.0, 1449.0, 1479.0, 1456.0, 1460.0, 1809.0], "(2, 4, 1, 1)": [1767.0, 1645.0, 1558.0, 1535.0, 1549.0, 1569.0, 1543.0, 1535.0, 1528.0, 1533.0, 1538.0], "(2, 2, 1, 1)": [579.0, 548.0, 571.0, 570.0, 550.0, 549.0, 559.0, 570.0, 579.0, 592.0, 1475.0], "(2, 1, 1, 1)": [109.0, 105.0, 111.0, 108.0, 116.0, 85.0, 107.0, 94.0, 113.0, 426.0, 112.0], "(1, 6, 1, 1)": [106.0, 317.0, 123.0, 85.0, 119.0, 101.0, 102.0, 100.0, 97.0, 113.0, 85.0]}}