{"q_values": {"(2, 6, 1, 1)": [0.012755543553585873, 0.011428973627149185, 0.010714996815269318, 0.009925066942924506, 0.009053543403372975, 0.009518867151846135, 0.01063992413159099, 0.00632067232770639, 0.0052014385231954, 0.006203610110257011, 0.006903710995918994], "(2, 5, 1, 1)": [0.018994908097932976, 0.018920161433814708, 0.018946869993348908, 0.018899822277600693, 0.018771137003479346, 0.01875364698047173, 0.018625952550973133, 0.018601298378954412, 0.018626352074302032, 0.018553884477442422, 0.01855404032157029], "(1, 5, 1, 1)": [0.018995437613565487, 0.01882421802138505, 0.018586073903563857, 0.018961685308123567, 0.01867442302898389, 0.018775223533112857, 0.018656850154403295, 0.018639024809989486, 0.018429218371011875, 0.018422222517278708, 0.018336824061961465], "(1, 4, 1, 1)": [0.019867068154770743, 0.019842521014326382, 0.01979646091618994, 0.019829139619779314, 0.019826211750833725, 0.01982095640829379, 0.019811809728593914, 0.019770102198994197, 0.019785053786802766, 0.019744628225269498, 0.01976728654679713], "(1, 3, 1, 1)": [0.019687923334304292, 0.019708134246819834, 0.019765876562217108, 0.019785027983653444, 0.019789670090813127, 0.019744928340388313, 0.019801531379964595, 0.01980179443381034, 0.01980185953755239, 0.019778014504010785, 0.019801738621006846], "(1, 2, 1, 1)": [0.018427619567790526, 0.018510473481931515, 0.018620946818031947, 0.01868533725505488, 0.018701341153141437, 0.018762248281369714, 0.01888481922452824, 0.01893379182003652, 0.018820169232535884, 0.01892621228548864, 0.018979861256385414], "(1, 1, 1, 1)": [0.005118177218413384, 0.007829687784158738, 0.009311673410608743, 0.0093035782952302, 0.011285044931761625, 0.010357908315278108, 0.010757176191559106, 0.011941452885071145, 0.013282255900538999, 0.011742624191371306, 0.012115127057161309], "(2, 3, 1, 1)": [0.019732039265094134, 0.019755160202655317, 0.019782335958626933, 0.019801450957888465, 0.01975732296550257, 0.019798217924929005, 0.019788022915855515, 0.019821765784140098, 0.019775719443699644, 0.019776113730470675, 0.01986250635234345], "(2, 4, 1, 1)": [0.019800679862344787, 0.019800802497439842, 0.01979787469170526, 0.019759280158004048, 0.01973731512755893, 0.019763971613941216, 0.019791252864417238, 0.019763909897080982, 0.01972759138697645, 0.019683836817119812, 0.01973904857501469], "(2, 2, 1, 1)": [0.018464748393165017, 0.018483802827035527, 0.018622331081067676, 0.018598292657117637, 0.018719644031562347, 0.018660679529593115, 0.01881889737876116, 0.01884599110232791, 0.018878483458614575, 0.01886832417809517, 0.019013958403123386], "(2, 1, 1, 1)": [0.006447809442663323, 0.008271212020330123, 0.008475846567754903, 0.007962743436357703, 0.008331453977667337, 0.010235211194694685, 0.01101146221217427, 0.008752793315357785, 0.011424468641783606, 0.012858227390459153, 0.011219320993591523], "(1, 6, 1, 1)": [0.009379575766879438, 0.012670391773616079, 0.009437943794104824, 0.010317991274439442, 0.008476063837448315, 0.005813928360136524, 0.00906628729331528, 0.0067876144008422725, 0.0067300155153260785, 0.0067249901980329565, 0.004903284919634328]}, "n_values": {"(2, 6, 1, 1)": [387.0, 156.0, 99.0, 102.0, 117.0, 113.0, 112.0, 107.0, 121.0, 103.0, 114.0], "(2, 5, 1, 1)": [1490.0, 632.0, 645.0, 650.0, 636.0, 606.0, 626.0, 602.0, 620.0, 624.0, 610.0], "(1, 5, 1, 1)": [1005.0, 438.0, 438.0, 420.0, 432.0, 436.0, 425.0, 434.0, 449.0, 437.0, 430.0], "(1, 4, 1, 1)": [1416.0, 1056.0, 1058.0, 1127.0, 1053.0, 1050.0, 1041.0, 1045.0, 1062.0, 1058.0, 1075.0], "(1, 3, 1, 1)": [1204.0, 1219.0, 1217.0, 1187.0, 1198.0, 1196.0, 1234.0, 1254.0, 1238.0, 1270.0, 1362.0], "(1, 2, 1, 1)": [570.0, 570.0, 546.0, 573.0, 584.0, 570.0, 579.0, 552.0, 749.0, 604.0, 1276.0], "(1, 1, 1, 1)": [114.0, 108.0, 136.0, 106.0, 108.0, 125.0, 126.0, 117.0, 271.0, 109.0, 315.0], "(2, 3, 1, 1)": [1261.0, 1251.0, 1250.0, 1241.0, 1236.0, 1251.0, 1257.0, 1279.0, 1255.0, 1262.0, 1548.0], "(2, 4, 1, 1)": [1511.0, 1426.0, 1357.0, 1349.0, 1351.0, 1365.0, 1346.0, 1341.0, 1339.0, 1343.0, 1342.0], "(2, 2, 1, 1)": [537.0, 507.0, 532.0, 530.0, 510.0, 508.0, 527.0, 526.0, 549.0, 555.0, 1250.0], "(2, 1, 1, 1)": [108.0, 104.0, 108.0, 108.0, 115.0, 83.0, 105.0, 94.0, 110.0, 398.0, 111.0], "(1, 6, 1, 1)": [104.0, 295.0, 123.0, 85.0, 118.0, 98.0, 102.0, 99.0, 96.0, 110.0, 85.0]}}