{"q_values": {"(2, 6, 1, 1)": [0.0130550495119584, 0.011428973627149185, 0.010780434232136512, 0.009925066942924506, 0.009053543403372975, 0.009518867151846135, 0.010703253413823234, 0.00632067232770639, 0.0052014385231954, 0.006310476107852978, 0.007089108720830227], "(2, 5, 1, 1)": [0.019056590288574028, 0.01892732673468255, 0.01898123924170064, 0.01891735246425088, 0.01881575331170015, 0.018735868793801735, 0.018659093715993877, 0.01864232100152311, 0.018661081870429787, 0.018595186488311495, 0.01860982751540483], "(1, 5, 1, 1)": [0.019031724194866765, 0.01885659587886574, 0.018629374733297812, 0.018989339439460254, 0.018711482685389205, 0.01880346770913446, 0.018691373599848318, 0.018680316111430787, 0.018476071080971324, 0.0184610924434954, 0.01837276611486079], "(1, 4, 1, 1)": [0.019867383192546544, 0.019849086196095527, 0.019778096032736725, 0.019829251188991273, 0.01980648041940708, 0.01980990325994335, 0.019816013438318784, 0.019778726030783313, 0.019785414084695915, 0.019756949854583733, 0.019771653620539446], "(1, 3, 1, 1)": [0.01967251471575222, 0.019714488695436374, 0.01976330933855597, 0.019785250098466992, 0.019790686700339535, 0.019755737950625667, 0.019798767812881944, 0.019798829770636576, 0.019798854660648384, 0.019790667117366424, 0.0197988116993816], "(1, 2, 1, 1)": [0.01848108419111379, 0.018555427130121708, 0.018660137611585928, 0.018730567419999018, 0.018729215418163494, 0.018791250580430612, 0.018904103988934478, 0.01895932128859905, 0.018797809924383617, 0.018951244810631873, 0.01902832602846739], "(1, 1, 1, 1)": [0.005118177218413384, 0.007914612375821138, 0.009296657583263705, 0.009455606773111651, 0.011465940550490378, 0.010627639724348896, 0.010852600926308235, 0.012038747581009458, 0.013670413112864724, 0.011795485539436008, 0.012152268366049126], "(2, 3, 1, 1)": [0.01974320262316728, 0.019760454144301984, 0.019769476164255978, 0.01979175866009251, 0.019768907004070854, 0.01979839739829319, 0.019794133917277825, 0.019808748519358578, 0.019753561029337518, 0.01977929849841805, 0.01986365412163495], "(2, 4, 1, 1)": [0.019805999971449068, 0.01980580851637126, 0.019790207982462355, 0.019750102487911994, 0.01975917457278185, 0.019763597123209225, 0.01979097436588293, 0.01976654016491872, 0.019740810226814065, 0.019657322343631718, 0.019724977895030162], "(2, 2, 1, 1)": [0.01851396593386972, 0.018526672446540354, 0.018665751027851795, 0.018645564972656868, 0.018749144054331444, 0.018714716810330306, 0.018825594940808637, 0.01888344029986654, 0.01889453450747056, 0.01889750982471391, 0.01906737641787603], "(2, 1, 1, 1)": [0.006637910345278935, 0.008451093132813337, 0.008792239422706105, 0.008144002561073291, 0.008575948068123774, 0.01039726535975583, 0.011189044974409259, 0.008752793315357785, 0.011637764415348605, 0.01325430763134612, 0.010924779002045401], "(1, 6, 1, 1)": [0.00953393517826811, 0.013234049791161821, 0.009437943794104824, 0.010317991274439442, 0.008551964394735757, 0.006163332802372624, 0.009152242474109245, 0.006893788429714929, 0.0068437950281515164, 0.007102312511229635, 0.004903284919634328]}, "n_values": {"(2, 6, 1, 1)": [417.0, 156.0, 100.0, 102.0, 117.0, 113.0, 113.0, 107.0, 121.0, 104.0, 116.0], "(2, 5, 1, 1)": [1980.0, 686.0, 710.0, 697.0, 690.0, 659.0, 668.0, 646.0, 666.0, 674.0, 669.0], "(1, 5, 1, 1)": [1249.0, 469.0, 467.0, 454.0, 458.0, 460.0, 450.0, 464.0, 478.0, 467.0, 456.0], "(1, 4, 1, 1)": [1897.0, 1287.0, 1286.0, 1370.0, 1287.0, 1288.0, 1268.0, 1269.0, 1293.0, 1285.0, 1294.0], "(1, 3, 1, 1)": [1506.0, 1528.0, 1524.0, 1498.0, 1488.0, 1494.0, 1589.0, 1582.0, 1583.0, 1594.0, 1728.0], "(1, 2, 1, 1)": [616.0, 614.0, 597.0, 636.0, 628.0, 607.0, 627.0, 608.0, 807.0, 645.0, 1750.0], "(1, 1, 1, 1)": [114.0, 109.0, 137.0, 108.0, 111.0, 130.0, 128.0, 119.0, 303.0, 110.0, 317.0], "(2, 3, 1, 1)": [1634.0, 1616.0, 1625.0, 1625.0, 1619.0, 1627.0, 1650.0, 1675.0, 1633.0, 1641.0, 2082.0], "(2, 4, 1, 1)": [2007.0, 1885.0, 1755.0, 1739.0, 1737.0, 1780.0, 1746.0, 1734.0, 1735.0, 1727.0, 1737.0], "(2, 2, 1, 1)": [590.0, 566.0, 589.0, 582.0, 562.0, 564.0, 570.0, 589.0, 594.0, 603.0, 1681.0], "(2, 1, 1, 1)": [110.0, 106.0, 112.0, 110.0, 118.0, 85.0, 108.0, 94.0, 114.0, 445.0, 112.0], "(1, 6, 1, 1)": [106.0, 333.0, 123.0, 85.0, 119.0, 101.0, 103.0, 100.0, 97.0, 114.0, 85.0]}}