{"q_values": {"(2, 6, 1, 1)": [0.012705314100405554, 0.011428973627149185, 0.010714996815269318, 0.009925066942924506, 0.009053543403372975, 0.009452982799033482, 0.01063992413159099, 0.00632067232770639, 0.0052014385231954, 0.006203610110257011, 0.006903710995918994], "(2, 5, 1, 1)": [0.018986180579897746, 0.018913266602364694, 0.018932870033831737, 0.018890899377129455, 0.018763882462487252, 0.018738295083805336, 0.018612145770575246, 0.018582281304740014, 0.018621513428202112, 0.01854427184899646, 0.018537360527764713], "(1, 5, 1, 1)": [0.018990583955367638, 0.01881745249656042, 0.018562431628390882, 0.01894951824594778, 0.018655388543945155, 0.018768953410888547, 0.01864458792120775, 0.018629882894634964, 0.01842308901048217, 0.018428192735524734, 0.01833290032570684], "(1, 4, 1, 1)": [0.01986638708476913, 0.019842492469534907, 0.019792740937935187, 0.019836633442650173, 0.01982831958528584, 0.019820743091316803, 0.01981130347687245, 0.01976828130451277, 0.01978551308883875, 0.01974248315231279, 0.01976502915589811], "(1, 3, 1, 1)": [0.019684581354916828, 0.019705931859315014, 0.019765759390583386, 0.01978628087698062, 0.019788615003624752, 0.019778365461623957, 0.019802512902653734, 0.019802526694119242, 0.019802518585101642, 0.01977544670749149, 0.0198026024131565], "(1, 2, 1, 1)": [0.018426107319029397, 0.018501856355955665, 0.018609300089598955, 0.018679145802663916, 0.01869178576139589, 0.018752324990019144, 0.018884380644248234, 0.018923877012173847, 0.018813320258151932, 0.0189212201495657, 0.018981538501318222], "(1, 1, 1, 1)": [0.005118177218413384, 0.00774057857919736, 0.009311673410608743, 0.0093035782952302, 0.011285044931761625, 0.010357908315278108, 0.010757176191559106, 0.011941452885071145, 0.013182242946715507, 0.011682745319360982, 0.012115127057161309], "(2, 3, 1, 1)": [0.019733748981347648, 0.01975578123400703, 0.019784425869047145, 0.019801457645417894, 0.01976636248988498, 0.019800151141594037, 0.019785374127633558, 0.0198214493954188, 0.01977344788566757, 0.01977247576849268, 0.01986228822366516], "(2, 4, 1, 1)": [0.01980102614868195, 0.019800870222471893, 0.019796835507011543, 0.019756566238676845, 0.019733548540764957, 0.019763151467805953, 0.01979013185421089, 0.019762667245932803, 0.019726184870585424, 0.01967921343973945, 0.019738569268057716], "(2, 2, 1, 1)": [0.018443807522930455, 0.018465847398287057, 0.01860614710217563, 0.018596428195183274, 0.018704264728198687, 0.01864934277219952, 0.018803299219835347, 0.01882916055995596, 0.01887042442288048, 0.018855437173242694, 0.019001077681942986], "(2, 1, 1, 1)": [0.006447809442663323, 0.008186755614829525, 0.00857804271722727, 0.007962743436357703, 0.008331453977667337, 0.010235211194694685, 0.010945684272777034, 0.008752793315357785, 0.011424468641783606, 0.012739870094892105, 0.011161046128060518], "(1, 6, 1, 1)": [0.009379575766879438, 0.012673808040662957, 0.009456644778001459, 0.010317991274439442, 0.008476063837448315, 0.005813928360136524, 0.00906628729331528, 0.0067876144008422725, 0.006620641351903432, 0.0067249901980329565, 0.004903284919634328]}, "n_values": {"(2, 6, 1, 1)": [383.0, 156.0, 99.0, 102.0, 117.0, 112.0, 112.0, 107.0, 121.0, 103.0, 114.0], "(2, 5, 1, 1)": [1407.0, 623.0, 630.0, 635.0, 622.0, 591.0, 609.0, 586.0, 613.0, 615.0, 591.0], "(1, 5, 1, 1)": [960.0, 428.0, 426.0, 409.0, 419.0, 431.0, 413.0, 428.0, 442.0, 434.0, 422.0], "(1, 4, 1, 1)": [1338.0, 1015.0, 1007.0, 1089.0, 1004.0, 1008.0, 1000.0, 1003.0, 1017.0, 1017.0, 1031.0], "(1, 3, 1, 1)": [1149.0, 1162.0, 1158.0, 1133.0, 1138.0, 1144.0, 1173.0, 1194.0, 1172.0, 1220.0, 1299.0], "(1, 2, 1, 1)": [559.0, 560.0, 534.0, 562.0, 572.0, 558.0, 573.0, 537.0, 733.0, 595.0, 1194.0], "(1, 1, 1, 1)": [114.0, 107.0, 136.0, 106.0, 108.0, 125.0, 126.0, 117.0, 260.0, 108.0, 315.0], "(2, 3, 1, 1)": [1190.0, 1179.0, 1181.0, 1168.0, 1172.0, 1185.0, 1186.0, 1205.0, 1190.0, 1195.0, 1461.0], "(2, 4, 1, 1)": [1427.0, 1345.0, 1287.0, 1284.0, 1275.0, 1292.0, 1281.0, 1276.0, 1268.0, 1269.0, 1270.0], "(2, 2, 1, 1)": [521.0, 493.0, 515.0, 514.0, 492.0, 498.0, 514.0, 509.0, 538.0, 541.0, 1172.0], "(2, 1, 1, 1)": [108.0, 103.0, 107.0, 108.0, 115.0, 83.0, 104.0, 94.0, 110.0, 386.0, 110.0], "(1, 6, 1, 1)": [104.0, 291.0, 122.0, 85.0, 118.0, 98.0, 102.0, 99.0, 95.0, 110.0, 85.0]}}