{"q_values": {"(2, 6, 1, 1)": [0.01320314692448845, 0.011473007624235306, 0.010780434232136512, 0.010000875395189342, 0.009130712224371436, 0.009518867151846135, 0.010703253413823234, 0.0064260498018820535, 0.005304691318996053, 0.00642099421693603, 0.007089108720830227], "(2, 5, 1, 1)": [0.01906773456225466, 0.01892974162714764, 0.018991694115022308, 0.018932658929350754, 0.0188268180501919, 0.018754220567353964, 0.018672969781853715, 0.018655351416505636, 0.01867550708129049, 0.018615114079222703, 0.018621421058778814], "(1, 5, 1, 1)": [0.01904727254145678, 0.018864386042643032, 0.018639980135345926, 0.018992363911322405, 0.018721327550236325, 0.018811178675819714, 0.01869851993388721, 0.018685474005179108, 0.01849532274909223, 0.018474235044803625, 0.01838793480454643], "(1, 4, 1, 1)": [0.019867177756057813, 0.019842641502819364, 0.01978335389268021, 0.01982956372782013, 0.019803530344857215, 0.019811945363779487, 0.019817073034103037, 0.019781530272840027, 0.019784207240357465, 0.019758670583380954, 0.019772352037448596], "(1, 3, 1, 1)": [0.01967959444947658, 0.0197168114392686, 0.019763780534814916, 0.01978370243826411, 0.019790544313025554, 0.019759134865319973, 0.019794804188206398, 0.01979454094444636, 0.019794773487548448, 0.01979460069449188, 0.019794736735360516], "(1, 2, 1, 1)": [0.018499215799746723, 0.018566499333527015, 0.018668219840786014, 0.01874155241869825, 0.01873909477542974, 0.018800062808910455, 0.018912138548946442, 0.018967166549401046, 0.018810578913853102, 0.018957453362024323, 0.019039626463344016], "(1, 1, 1, 1)": [0.005118177218413384, 0.007914612375821138, 0.009296657583263705, 0.009526242716318826, 0.011465940550490378, 0.010683310095994124, 0.010852600926308235, 0.012038747581009458, 0.014066725217558817, 0.011795485539436008, 0.012152268366049126], "(2, 3, 1, 1)": [0.019735323246180027, 0.01974839012820636, 0.019768474594986696, 0.019760660277468364, 0.019759792384388134, 0.019780835845610023, 0.01979076366575707, 0.01980923614444062, 0.019748294851314817, 0.019785806154349304, 0.019864898146875903], "(2, 4, 1, 1)": [0.01980409896106479, 0.019792777531896833, 0.019796377840608215, 0.019758847782850118, 0.019765653815937766, 0.01976974473197546, 0.01978760709330109, 0.019771901925335574, 0.019704777297459015, 0.019672515740970786, 0.019726689937341054], "(2, 2, 1, 1)": [0.01854836873212489, 0.018557171853426115, 0.018685952692375267, 0.018661606423541463, 0.018763351972933624, 0.018741005676992235, 0.018840682425149347, 0.018901740667219502, 0.018911289648399176, 0.01891465827685887, 0.01910694806802929], "(2, 1, 1, 1)": [0.006637910345278935, 0.008451093132813337, 0.008792239422706105, 0.008144002561073291, 0.008575948068123774, 0.010489528903723379, 0.011316907292814466, 0.008853612068472372, 0.011637764415348605, 0.013536902898753398, 0.01104784123323202], "(1, 6, 1, 1)": [0.00953393517826811, 0.01359260713362766, 0.009437943794104824, 0.01040563379689774, 0.008624221816727154, 0.006163332802372624, 0.009152242474109245, 0.007006440754221493, 0.0068437950281515164, 0.007196073188295937, 0.004903284919634328]}, "n_values": {"(2, 6, 1, 1)": [431.0, 157.0, 100.0, 103.0, 118.0, 113.0, 113.0, 108.0, 122.0, 105.0, 116.0], "(2, 5, 1, 1)": [2347.0, 701.0, 733.0, 719.0, 710.0, 683.0, 683.0, 663.0, 682.0, 693.0, 687.0], "(1, 5, 1, 1)": [1416.0, 475.0, 475.0, 459.0, 467.0, 469.0, 455.0, 468.0, 489.0, 473.0, 463.0], "(1, 4, 1, 1)": [2230.0, 1388.0, 1372.0, 1458.0, 1370.0, 1378.0, 1354.0, 1370.0, 1388.0, 1368.0, 1386.0], "(1, 3, 1, 1)": [1629.0, 1657.0, 1651.0, 1631.0, 1603.0, 1622.0, 1769.0, 1766.0, 1778.0, 1728.0, 1934.0], "(1, 2, 1, 1)": [632.0, 628.0, 607.0, 654.0, 638.0, 621.0, 638.0, 621.0, 825.0, 658.0, 2102.0], "(1, 1, 1, 1)": [114.0, 109.0, 137.0, 109.0, 111.0, 131.0, 128.0, 119.0, 339.0, 110.0, 317.0], "(2, 3, 1, 1)": [1879.0, 1882.0, 1884.0, 1878.0, 1870.0, 1879.0, 1894.0, 1928.0, 1877.0, 1889.0, 2535.0], "(2, 4, 1, 1)": [2470.0, 2115.0, 1995.0, 1976.0, 1968.0, 2017.0, 1989.0, 1969.0, 1998.0, 1963.0, 1975.0], "(2, 2, 1, 1)": [624.0, 594.0, 612.0, 603.0, 587.0, 593.0, 595.0, 624.0, 616.0, 625.0, 2087.0], "(2, 1, 1, 1)": [110.0, 106.0, 112.0, 110.0, 118.0, 86.0, 110.0, 95.0, 114.0, 477.0, 114.0], "(1, 6, 1, 1)": [106.0, 364.0, 123.0, 86.0, 120.0, 101.0, 103.0, 101.0, 97.0, 115.0, 85.0]}}