{"q_values": {"(2, 6, 1, 1)": [0.013474369298361556, 0.011473007624235306, 0.010780434232136512, 0.010077482034976262, 0.009130712224371436, 0.009665428269597424, 0.010703253413823234, 0.0064260498018820535, 0.005304691318996053, 0.00642099421693603, 0.007089108720830227], "(2, 5, 1, 1)": [0.019093025977586116, 0.018932767114630624, 0.018999508000319677, 0.018935764794924603, 0.018832690289992862, 0.01876249237274932, 0.01868790730572686, 0.018662088448013304, 0.018684876709746032, 0.018628201549853254, 0.018625552667311866], "(1, 5, 1, 1)": [0.01905489693312769, 0.0188655059885723, 0.018647494789639077, 0.018996506858279805, 0.01872316112454333, 0.01881278852407192, 0.01870179228273913, 0.018699197341690038, 0.01850187827495251, 0.018478744313039874, 0.018389363678519528], "(1, 4, 1, 1)": [0.019866119573173985, 0.019843153769329717, 0.019787055755769806, 0.019830443430782385, 0.01979854779442441, 0.01978467856310987, 0.019815870836601048, 0.01978535865332173, 0.019785216924729253, 0.019762147555330904, 0.019771872192181593], "(1, 3, 1, 1)": [0.019683497235864954, 0.01971870459419508, 0.01976483198519224, 0.019783811001779183, 0.019789857923361256, 0.019760267647110044, 0.019791574094469667, 0.01979149154681944, 0.019791421133258297, 0.01979158918257143, 0.019791752977819637], "(1, 2, 1, 1)": [0.018511072939521353, 0.018572724500729425, 0.018674389683584394, 0.018744937722749856, 0.018745875311012888, 0.01880716030737281, 0.018917369109306574, 0.01897128621962053, 0.01881589169056486, 0.018965266087956234, 0.019050024818201304], "(1, 1, 1, 1)": [0.005118177218413384, 0.007914612375821138, 0.009296657583263705, 0.009526242716318826, 0.011465940550490378, 0.010683310095994124, 0.010852600926308235, 0.012087866409344717, 0.014355394371990262, 0.011795485539436008, 0.012152268366049126], "(2, 3, 1, 1)": [0.019734448919007164, 0.01974666977319196, 0.019755444539447657, 0.019760727593719798, 0.019761880859583924, 0.019775883309644703, 0.019770782168250595, 0.019786166504730293, 0.01975325029069228, 0.019770621766865153, 0.019865376702057656], "(2, 4, 1, 1)": [0.019801680918288017, 0.019797141256740345, 0.019772319789555792, 0.019747269206346414, 0.019770438897381736, 0.019755301251472412, 0.019770068696005838, 0.01977704769665323, 0.01969203975148294, 0.019681303968945827, 0.01970193942770008], "(2, 2, 1, 1)": [0.018554777205486334, 0.018571366903204635, 0.01869330234228651, 0.01867280267142103, 0.018772928373949272, 0.018753185386976182, 0.01884613991643542, 0.0189076760561348, 0.01892210788863883, 0.018929870992318947, 0.019135924771132816], "(2, 1, 1, 1)": [0.006637910345278935, 0.008451093132813337, 0.008792239422706105, 0.008144002561073291, 0.008654960746546125, 0.010489528903723379, 0.011316907292814466, 0.008853612068472372, 0.011637764415348605, 0.013781703502844309, 0.01104784123323202], "(1, 6, 1, 1)": [0.00953393517826811, 0.01382479836089087, 0.009437943794104824, 0.01047996350070181, 0.008624221816727154, 0.006277658296335566, 0.009152242474109245, 0.007104523625461857, 0.0069531087371538305, 0.007196073188295937, 0.004903284919634328]}, "n_values": {"(2, 6, 1, 1)": [459.0, 157.0, 100.0, 104.0, 118.0, 115.0, 113.0, 108.0, 122.0, 105.0, 116.0], "(2, 5, 1, 1)": [2703.0, 704.0, 745.0, 725.0, 718.0, 693.0, 697.0, 670.0, 693.0, 706.0, 694.0], "(1, 5, 1, 1)": [1584.0, 477.0, 479.0, 463.0, 470.0, 473.0, 457.0, 479.0, 494.0, 477.0, 465.0], "(1, 4, 1, 1)": [2565.0, 1462.0, 1445.0, 1531.0, 1448.0, 1446.0, 1423.0, 1444.0, 1465.0, 1456.0, 1461.0], "(1, 3, 1, 1)": [1722.0, 1755.0, 1742.0, 1736.0, 1694.0, 1717.0, 1904.0, 1938.0, 1932.0, 1907.0, 2103.0], "(1, 2, 1, 1)": [642.0, 634.0, 613.0, 660.0, 647.0, 631.0, 650.0, 631.0, 834.0, 674.0, 2444.0], "(1, 1, 1, 1)": [114.0, 109.0, 137.0, 109.0, 111.0, 131.0, 128.0, 120.0, 371.0, 110.0, 317.0], "(2, 3, 1, 1)": [2065.0, 2082.0, 2091.0, 2049.0, 2071.0, 2083.0, 2095.0, 2109.0, 2093.0, 2094.0, 2990.0], "(2, 4, 1, 1)": [2935.0, 2286.0, 2195.0, 2186.0, 2156.0, 2206.0, 2195.0, 2156.0, 2190.0, 2155.0, 2161.0], "(2, 2, 1, 1)": [633.0, 609.0, 622.0, 616.0, 597.0, 607.0, 605.0, 635.0, 636.0, 644.0, 2502.0], "(2, 1, 1, 1)": [110.0, 106.0, 112.0, 110.0, 119.0, 86.0, 110.0, 95.0, 114.0, 510.0, 114.0], "(1, 6, 1, 1)": [106.0, 388.0, 123.0, 87.0, 120.0, 102.0, 103.0, 102.0, 98.0, 115.0, 85.0]}}