{"q_values": {"(2, 6, 1, 1)": [0.009443419943091625, 0.00773545308475226, 0.0037034029038032885, 0.007741228847789835, 0.004297086512326576, 0.006847826789908671, 0.008696872359196497, 0.0017828590478547192, 0.0032498420733467715, -0.0002628408602037678, -0.00022617646939867712], "(2, 5, 1, 1)": [0.018451013862000945, 0.018497776186345658, 0.018504704025261633, 0.018530839771263026, 0.017989674031359967, 0.017565317877378837, 0.017930501528598847, 0.01795490653123228, 0.017893638152724826, 0.017950655143184228, 0.01757264830514889], "(1, 5, 1, 1)": [0.018732943074301345, 0.018401078367559994, 0.018663509251421496, 0.018481509746762218, 0.018356113148631455, 0.01841624769297403, 0.01822418870278007, 0.018266134932685137, 0.017168077727960755, 0.017384405260861793, 0.017867228331465618], "(1, 4, 1, 1)": [0.01982827390826223, 0.019802965999098317, 0.019802923355528548, 0.019829044740957154, 0.019769377892498965, 0.019791491221483652, 0.01975837863850506, 0.01974442687150257, 0.019741595082566208, 0.019777564320106675, 0.019757627522068635], "(1, 3, 1, 1)": [0.019667768287051638, 0.01968026823298051, 0.019652119098979966, 0.01972634274399929, 0.019708482504153284, 0.019718217081683833, 0.01976655827408078, 0.019773958155743992, 0.019773251496032603, 0.019816791770088094, 0.0198223264086878], "(1, 2, 1, 1)": [0.01673670357978385, 0.017390631161103405, 0.017348777711640694, 0.017818722519084614, 0.01806846020699185, 0.018161258947764505, 0.01862737404672299, 0.01826644972767324, 0.018716103217521766, 0.01794613457333128, 0.018733346443462123], "(1, 1, 1, 1)": [-2.0134455847021718e-05, 0.0021000754631921035, 0.0071597879335934984, 0.004100494127259067, 0.008348271886955545, 0.0022968892163478115, 0.010163515893418323, 0.005528626392159028, 0.007450726056730584, 0.005937062650432138, 0.010356916411902692], "(2, 3, 1, 1)": [0.019708036786344925, 0.01971734092901754, 0.01973442174068146, 0.01978273423544373, 0.01977608205830127, 0.01975156738244532, 0.019808303446196742, 0.0198427777154559, 0.019824176946236834, 0.019852105002348696, 0.01985098183652714], "(2, 4, 1, 1)": [0.019795495095759216, 0.01979069161811095, 0.0197579641109406, 0.019779484502647122, 0.019729288026472034, 0.01977071712732672, 0.01971942250026964, 0.019722777555091147, 0.019712111434951426, 0.01970293004835782, 0.01971510392671741], "(2, 2, 1, 1)": [0.017947081071273616, 0.017465668110214584, 0.01822780345957507, 0.01841015546592475, 0.018071144032145138, 0.018191861360941045, 0.018547960289589965, 0.018124784258279493, 0.018720205173280213, 0.018659216084137214, 0.018683996380067014], "(2, 1, 1, 1)": [0.0043806030886452746, 0.0054270309513178745, 0.00672823906916224, 0.004753221347758185, 0.006548000069460341, 0.005452190427034306, 0.0069289566046276405, 0.005084222024940066, 0.008322857716304503, 0.00861540938510456, 0.007906158079994322], "(1, 6, 1, 1)": [0.00581996763102318, 0.004592696677475652, 0.006777777888176006, -0.002437747483272584, 0.007102769268637453, 0.004245943370170434, 0.0072880490351142115, 0.002056427805614487, 0.005215568190496096, -0.00034555746025017697, 0.004638040933341162]}, "n_values": {"(2, 6, 1, 1)": [41.0, 30.0, 31.0, 30.0, 39.0, 25.0, 30.0, 33.0, 41.0, 29.0, 35.0], "(2, 5, 1, 1)": [69.0, 61.0, 70.0, 79.0, 70.0, 58.0, 62.0, 61.0, 55.0, 68.0, 61.0], "(1, 5, 1, 1)": [35.0, 41.0, 61.0, 39.0, 45.0, 40.0, 40.0, 42.0, 49.0, 45.0, 40.0], "(1, 4, 1, 1)": [74.0, 62.0, 67.0, 80.0, 75.0, 68.0, 54.0, 56.0, 60.0, 60.0, 67.0], "(1, 3, 1, 1)": [75.0, 77.0, 74.0, 84.0, 71.0, 84.0, 80.0, 79.0, 72.0, 91.0, 92.0], "(1, 2, 1, 1)": [65.0, 60.0, 51.0, 59.0, 57.0, 60.0, 55.0, 57.0, 78.0, 68.0, 58.0], "(1, 1, 1, 1)": [37.0, 28.0, 40.0, 34.0, 29.0, 32.0, 37.0, 36.0, 36.0, 31.0, 43.0], "(2, 3, 1, 1)": [69.0, 71.0, 70.0, 74.0, 64.0, 65.0, 79.0, 64.0, 64.0, 69.0, 84.0], "(2, 4, 1, 1)": [95.0, 75.0, 71.0, 81.0, 80.0, 76.0, 76.0, 75.0, 80.0, 82.0, 69.0], "(2, 2, 1, 1)": [63.0, 63.0, 49.0, 56.0, 57.0, 57.0, 54.0, 61.0, 66.0, 55.0, 60.0], "(2, 1, 1, 1)": [32.0, 27.0, 32.0, 33.0, 38.0, 23.0, 27.0, 21.0, 31.0, 41.0, 21.0], "(1, 6, 1, 1)": [18.0, 15.0, 21.0, 20.0, 23.0, 20.0, 26.0, 25.0, 22.0, 25.0, 11.0]}}