{"q_values": {"(2, 6, 1, 1)": [0.013518812609421702, 0.011473007624235306, 0.010780434232136512, 0.010077482034976262, 0.009130712224371436, 0.009665428269597424, 0.010703253413823234, 0.0064260498018820535, 0.005304691318996053, 0.00642099421693603, 0.007089108720830227], "(2, 5, 1, 1)": [0.019097003817465468, 0.018932961295540382, 0.01899882686889709, 0.018935764794924603, 0.01883337192464149, 0.018763371008804472, 0.01868790730572686, 0.018662926773371613, 0.01868576623113234, 0.018628600943995016, 0.018627110594351612], "(1, 5, 1, 1)": [0.019057268338688937, 0.0188655059885723, 0.018647494789639077, 0.018996506858279805, 0.018726149367088458, 0.01881278852407192, 0.01870179228273913, 0.01870103539671947, 0.01850370256479858, 0.018478744313039874, 0.018393967956141715], "(1, 4, 1, 1)": [0.019865864367489543, 0.01984341532749513, 0.01978747906021335, 0.019830657987543188, 0.019798861872453312, 0.01978506821723785, 0.019815517673527117, 0.019785457961975905, 0.019785933078706533, 0.019761699462480565, 0.019772332121306753], "(1, 3, 1, 1)": [0.019684391268472854, 0.01971885803179727, 0.019765214883371837, 0.019784038103067274, 0.019790562075891246, 0.019737342559191413, 0.01979097688353351, 0.01979079845960923, 0.019790872141279992, 0.01979106425651021, 0.0197909707607097], "(1, 2, 1, 1)": [0.018515948144851056, 0.018574882720407516, 0.01867551897212461, 0.018745379750053113, 0.018746367148131923, 0.018810016192966825, 0.018917369109306574, 0.01897223455008449, 0.018816474038475587, 0.018965266087956234, 0.019053744295206128], "(1, 1, 1, 1)": [0.005118177218413384, 0.007914612375821138, 0.009296657583263705, 0.009526242716318826, 0.011465940550490378, 0.010683310095994124, 0.010852600926308235, 0.012087866409344717, 0.014397290618659882, 0.011795485539436008, 0.012152268366049126], "(2, 3, 1, 1)": [0.01973454121640947, 0.019746795874971714, 0.01975534875916376, 0.01976108338203777, 0.019762605614976378, 0.019776150346457293, 0.019771732954551265, 0.019784658866004837, 0.019745689303892314, 0.01977193508323898, 0.019865016624538507], "(2, 4, 1, 1)": [0.019800671360569733, 0.01979808129387256, 0.019773553061070842, 0.019749181841242264, 0.019771101926027625, 0.01975644214785234, 0.019770567711178633, 0.0197773159840334, 0.019692612085559773, 0.019681531549059772, 0.01970240138391942], "(2, 2, 1, 1)": [0.018559854660338916, 0.018572896804778093, 0.018697848824976087, 0.018673863828362697, 0.018773661979139065, 0.018754154563826623, 0.018848306462918248, 0.01891145719653202, 0.01892210788863883, 0.018929870992318947, 0.01914050925564672], "(2, 1, 1, 1)": [0.006637910345278935, 0.008451093132813337, 0.008792239422706105, 0.008144002561073291, 0.008654960746546125, 0.010489528903723379, 0.011316907292814466, 0.008853612068472372, 0.011637764415348605, 0.013797528773458974, 0.01104784123323202], "(1, 6, 1, 1)": [0.00953393517826811, 0.01387536317829721, 0.009437943794104824, 0.01047996350070181, 0.008624221816727154, 0.006277658296335566, 0.009152242474109245, 0.007104523625461857, 0.007066056184616129, 0.007196073188295937, 0.004903284919634328]}, "n_values": {"(2, 6, 1, 1)": [464.0, 157.0, 100.0, 104.0, 118.0, 115.0, 113.0, 108.0, 122.0, 105.0, 116.0], "(2, 5, 1, 1)": [2776.0, 706.0, 747.0, 725.0, 719.0, 694.0, 697.0, 671.0, 695.0, 707.0, 696.0], "(1, 5, 1, 1)": [1616.0, 477.0, 479.0, 463.0, 473.0, 473.0, 457.0, 480.0, 495.0, 477.0, 468.0], "(1, 4, 1, 1)": [2633.0, 1474.0, 1458.0, 1543.0, 1464.0, 1458.0, 1439.0, 1454.0, 1481.0, 1466.0, 1471.0], "(1, 3, 1, 1)": [1737.0, 1770.0, 1761.0, 1750.0, 1712.0, 1733.0, 1927.0, 1958.0, 1960.0, 1949.0, 2140.0], "(1, 2, 1, 1)": [646.0, 636.0, 614.0, 661.0, 648.0, 635.0, 650.0, 632.0, 835.0, 674.0, 2519.0], "(1, 1, 1, 1)": [114.0, 109.0, 137.0, 109.0, 111.0, 131.0, 128.0, 120.0, 376.0, 110.0, 317.0], "(2, 3, 1, 1)": [2094.0, 2113.0, 2131.0, 2082.0, 2100.0, 2122.0, 2123.0, 2141.0, 2129.0, 2125.0, 3081.0], "(2, 4, 1, 1)": [3028.0, 2321.0, 2232.0, 2219.0, 2191.0, 2236.0, 2223.0, 2197.0, 2214.0, 2190.0, 2201.0], "(2, 2, 1, 1)": [638.0, 612.0, 626.0, 618.0, 598.0, 608.0, 608.0, 639.0, 636.0, 644.0, 2584.0], "(2, 1, 1, 1)": [110.0, 106.0, 112.0, 110.0, 119.0, 86.0, 110.0, 95.0, 114.0, 512.0, 114.0], "(1, 6, 1, 1)": [106.0, 394.0, 123.0, 87.0, 120.0, 102.0, 103.0, 102.0, 99.0, 115.0, 85.0]}}