{"q_values": {"(2, 6, 1, 1)": [0.013419327835143565, 0.011473007624235306, 0.010780434232136512, 0.010077482034976262, 0.009130712224371436, 0.009591927877767553, 0.010703253413823234, 0.0064260498018820535, 0.005304691318996053, 0.00642099421693603, 0.007089108720830227], "(2, 5, 1, 1)": [0.01908745455899213, 0.01893184913598144, 0.01899714791873467, 0.018935764794924603, 0.018831630684192992, 0.01876119653312722, 0.01868719183472042, 0.018662088448013304, 0.0186846218682246, 0.0186270756805233, 0.01862478594006534], "(1, 5, 1, 1)": [0.019050425605788863, 0.0188655059885723, 0.018645139215848008, 0.018996506858279805, 0.018722221067796335, 0.01881278852407192, 0.01870179228273913, 0.018696954094036437, 0.018496506221092755, 0.018476983143987376, 0.018388939256266994], "(1, 4, 1, 1)": [0.019866456032181474, 0.019842861551172875, 0.01978634079666422, 0.019830458729791726, 0.019798389334085134, 0.019783963517704097, 0.019815808909695858, 0.01978438156014899, 0.01978571772963886, 0.01976276759662967, 0.0197749795090884], "(1, 3, 1, 1)": [0.01968308356613363, 0.019718866918765933, 0.019765080251761814, 0.019784188003061514, 0.019789560550246218, 0.01975958973440207, 0.019791747213705992, 0.019791711082692683, 0.01979174089369298, 0.019791850650159346, 0.01979162530012853], "(1, 2, 1, 1)": [0.018510435529157387, 0.018572724500729425, 0.018673159016072673, 0.01874395649196315, 0.018743644904427693, 0.01880716030737281, 0.018916602543775137, 0.018969714130050396, 0.018814223949840864, 0.018963685283936178, 0.019046766269707235], "(1, 1, 1, 1)": [0.005118177218413384, 0.007914612375821138, 0.009296657583263705, 0.009526242716318826, 0.011465940550490378, 0.010683310095994124, 0.010852600926308235, 0.012087866409344717, 0.014267025636933373, 0.011795485539436008, 0.012152268366049126], "(2, 3, 1, 1)": [0.01973564506673822, 0.01974759960825946, 0.019755725261445086, 0.019760573266508825, 0.01976123532916307, 0.019776750112813515, 0.019781459967740046, 0.01978584231312331, 0.01975411774166188, 0.01977480104535267, 0.01986506686794166], "(2, 4, 1, 1)": [0.019802442986561912, 0.019796793000143816, 0.019771812867287814, 0.01974587414241216, 0.019769948915356935, 0.01975466645560805, 0.01976994702473832, 0.01977677617748441, 0.019710987037248957, 0.019679185596136912, 0.019701320486340178], "(2, 2, 1, 1)": [0.01855423254436015, 0.01856877329487939, 0.01868861441411293, 0.018670729455473226, 0.018771571548842826, 0.01875012814718122, 0.01884613991643542, 0.0189076760561348, 0.018919853103384204, 0.01892914733972292, 0.019131117504272172], "(2, 1, 1, 1)": [0.006637910345278935, 0.008451093132813337, 0.008792239422706105, 0.008144002561073291, 0.008654960746546125, 0.010489528903723379, 0.011316907292814466, 0.008853612068472372, 0.011637764415348605, 0.013760621003660743, 0.01104784123323202], "(1, 6, 1, 1)": [0.00953393517826811, 0.013797787013896867, 0.009437943794104824, 0.01047996350070181, 0.008624221816727154, 0.006277658296335566, 0.009152242474109245, 0.007104523625461857, 0.0068437950281515164, 0.007196073188295937, 0.004903284919634328]}, "n_values": {"(2, 6, 1, 1)": [453.0, 157.0, 100.0, 104.0, 118.0, 114.0, 113.0, 108.0, 122.0, 105.0, 116.0], "(2, 5, 1, 1)": [2629.0, 703.0, 742.0, 725.0, 717.0, 692.0, 696.0, 670.0, 692.0, 705.0, 693.0], "(1, 5, 1, 1)": [1549.0, 477.0, 478.0, 463.0, 469.0, 473.0, 457.0, 477.0, 491.0, 476.0, 464.0], "(1, 4, 1, 1)": [2493.0, 1442.0, 1429.0, 1514.0, 1433.0, 1431.0, 1408.0, 1428.0, 1448.0, 1441.0, 1447.0], "(1, 3, 1, 1)": [1700.0, 1737.0, 1727.0, 1710.0, 1682.0, 1698.0, 1878.0, 1911.0, 1908.0, 1855.0, 2067.0], "(1, 2, 1, 1)": [641.0, 634.0, 612.0, 659.0, 645.0, 631.0, 649.0, 629.0, 831.0, 672.0, 2373.0], "(1, 1, 1, 1)": [114.0, 109.0, 137.0, 109.0, 111.0, 131.0, 128.0, 120.0, 360.0, 110.0, 317.0], "(2, 3, 1, 1)": [2032.0, 2052.0, 2054.0, 2026.0, 2036.0, 2058.0, 2061.0, 2077.0, 2058.0, 2053.0, 2900.0], "(2, 4, 1, 1)": [2841.0, 2256.0, 2165.0, 2153.0, 2122.0, 2171.0, 2170.0, 2127.0, 2152.0, 2127.0, 2123.0], "(2, 2, 1, 1)": [632.0, 607.0, 617.0, 613.0, 596.0, 603.0, 605.0, 635.0, 632.0, 642.0, 2427.0], "(2, 1, 1, 1)": [110.0, 106.0, 112.0, 110.0, 119.0, 86.0, 110.0, 95.0, 114.0, 507.0, 114.0], "(1, 6, 1, 1)": [106.0, 385.0, 123.0, 87.0, 120.0, 102.0, 103.0, 102.0, 97.0, 115.0, 85.0]}}