{"q_values": {"(2, 6, 1, 1)": [0.013235157599091626, 0.011473007624235306, 0.010780434232136512, 0.010077482034976262, 0.009130712224371436, 0.009518867151846135, 0.010703253413823234, 0.0064260498018820535, 0.005304691318996053, 0.00642099421693603, 0.007089108720830227], "(2, 5, 1, 1)": [0.01907336645568834, 0.018930702402185504, 0.018992934720190438, 0.0189342722386628, 0.018828839384390367, 0.018756088047077856, 0.01867817131643364, 0.0186582005886043, 0.01868054372169286, 0.018622135225792744, 0.01862112333120971], "(1, 5, 1, 1)": [0.019045813395909935, 0.018864386042643032, 0.018639980135345926, 0.018992363911322405, 0.018721327550236325, 0.018810111673795902, 0.01870065970883808, 0.018688492070666484, 0.018496057422931065, 0.018475469102957262, 0.01838793480454643], "(1, 4, 1, 1)": [0.01986700583817534, 0.0198428468689486, 0.01978383223152693, 0.019830041460936355, 0.019803380433451073, 0.01981197001521814, 0.019817250530539055, 0.01978253657538708, 0.019785005051273497, 0.019760600066320137, 0.019772652512977162], "(1, 3, 1, 1)": [0.01967982753808755, 0.019717266167595032, 0.01976340376750095, 0.019783691533523558, 0.019790504757506645, 0.01975925600677999, 0.019794045987966385, 0.01979389246336771, 0.01979385578690656, 0.019793859933569052, 0.019793568823934647], "(1, 2, 1, 1)": [0.01850065681622981, 0.018566988939829204, 0.01867011336130655, 0.01874155241869825, 0.018741700764758208, 0.01880175430039081, 0.018912901358480023, 0.018967166549401046, 0.018812456499147062, 0.018959422011466154, 0.019041598479107174], "(1, 1, 1, 1)": [0.005118177218413384, 0.007914612375821138, 0.009296657583263705, 0.009526242716318826, 0.011465940550490378, 0.010683310095994124, 0.010852600926308235, 0.012038747581009458, 0.01412753887757828, 0.011795485539436008, 0.012152268366049126], "(2, 3, 1, 1)": [0.019735553627527946, 0.0197482453412883, 0.01976518876774596, 0.01976072619770953, 0.019761164735660707, 0.01978145766541864, 0.019781224252117695, 0.019808978625820553, 0.01975010725830892, 0.019777159043780815, 0.01986497087834561], "(2, 4, 1, 1)": [0.019804502007550673, 0.01979380013122335, 0.01977775539499024, 0.019760976810628578, 0.019766779993869, 0.01977053595175843, 0.01978931979867375, 0.019773259358270276, 0.019706200817561546, 0.019676565027908564, 0.01970879750352771], "(2, 2, 1, 1)": [0.018549894114092438, 0.018561926210526363, 0.018686491413745576, 0.018664023812809464, 0.018765646694271533, 0.018744229484542792, 0.018843529756757287, 0.018904103360391788, 0.01891408275907586, 0.018916949224295054, 0.01911410401668309], "(2, 1, 1, 1)": [0.006637910345278935, 0.008451093132813337, 0.008792239422706105, 0.008144002561073291, 0.008575948068123774, 0.010489528903723379, 0.011316907292814466, 0.008853612068472372, 0.011637764415348605, 0.013575391323733787, 0.01104784123323202], "(1, 6, 1, 1)": [0.00953393517826811, 0.013652083687790494, 0.009437943794104824, 0.01040563379689774, 0.008624221816727154, 0.006163332802372624, 0.009152242474109245, 0.007104523625461857, 0.0068437950281515164, 0.007196073188295937, 0.004903284919634328]}, "n_values": {"(2, 6, 1, 1)": [434.0, 157.0, 100.0, 104.0, 118.0, 113.0, 113.0, 108.0, 122.0, 105.0, 116.0], "(2, 5, 1, 1)": [2420.0, 702.0, 735.0, 721.0, 712.0, 685.0, 688.0, 666.0, 686.0, 699.0, 688.0], "(1, 5, 1, 1)": [1444.0, 475.0, 475.0, 459.0, 467.0, 471.0, 456.0, 470.0, 490.0, 474.0, 463.0], "(1, 4, 1, 1)": [2288.0, 1396.0, 1383.0, 1465.0, 1381.0, 1386.0, 1365.0, 1383.0, 1403.0, 1385.0, 1396.0], "(1, 3, 1, 1)": [1644.0, 1677.0, 1672.0, 1648.0, 1620.0, 1642.0, 1797.0, 1806.0, 1807.0, 1756.0, 1955.0], "(1, 2, 1, 1)": [633.0, 629.0, 609.0, 654.0, 643.0, 623.0, 642.0, 621.0, 828.0, 663.0, 2168.0], "(1, 1, 1, 1)": [114.0, 109.0, 137.0, 109.0, 111.0, 131.0, 128.0, 119.0, 345.0, 110.0, 317.0], "(2, 3, 1, 1)": [1926.0, 1931.0, 1938.0, 1921.0, 1915.0, 1935.0, 1948.0, 1970.0, 1929.0, 1937.0, 2629.0], "(2, 4, 1, 1)": [2565.0, 2154.0, 2054.0, 2030.0, 2015.0, 2055.0, 2049.0, 2015.0, 2040.0, 2011.0, 2020.0], "(2, 2, 1, 1)": [626.0, 599.0, 613.0, 606.0, 590.0, 596.0, 600.0, 628.0, 622.0, 627.0, 2173.0], "(2, 1, 1, 1)": [110.0, 106.0, 112.0, 110.0, 118.0, 86.0, 110.0, 95.0, 114.0, 484.0, 114.0], "(1, 6, 1, 1)": [106.0, 370.0, 123.0, 86.0, 120.0, 101.0, 103.0, 102.0, 97.0, 115.0, 85.0]}}