{"q_values": {"(2, 6, 1, 1)": [0.013561281183828305, 0.011473007624235306, 0.010780434232136512, 0.010077482034976262, 0.009130712224371436, 0.009665428269597424, 0.010703253413823234, 0.0064260498018820535, 0.005304691318996053, 0.00642099421693603, 0.007089108720830227], "(2, 5, 1, 1)": [0.0191006065080801, 0.01893384640831203, 0.01899968609001989, 0.01893585556201988, 0.01883337192464149, 0.01876407691362968, 0.018690335790525137, 0.018664905609392064, 0.01868703942083075, 0.018629439241122644, 0.018627110594351612], "(1, 5, 1, 1)": [0.019061140037565944, 0.0188655059885723, 0.018649831039662116, 0.018997208952090016, 0.018727401148959183, 0.01881391703025028, 0.01870179228273913, 0.018704501481018123, 0.01850370256479858, 0.018478744313039874, 0.018393967956141715], "(1, 4, 1, 1)": [0.019866214219812505, 0.019843917207740796, 0.01978848887209547, 0.019829891817348556, 0.019798509531384272, 0.019784950715418935, 0.01981617540885576, 0.019785557058427945, 0.019786222392202485, 0.019761853003299808, 0.019744681073194423], "(1, 3, 1, 1)": [0.01968486173128159, 0.019718568166928494, 0.01976466726812936, 0.01978361015457192, 0.019789570662444318, 0.01973746498448808, 0.019790694763306766, 0.01979065540149415, 0.019790778333524783, 0.01979077171418863, 0.0197906961943157], "(1, 2, 1, 1)": [0.018515948144851056, 0.018575910118896213, 0.01867702041270748, 0.018745379750053113, 0.018746195299635997, 0.0188126030238989, 0.01891897896565812, 0.01897325931743817, 0.018817121691437226, 0.01896604373530386, 0.019057165693434578], "(1, 1, 1, 1)": [0.005118177218413384, 0.007914612375821138, 0.009296657583263705, 0.009526242716318826, 0.011465940550490378, 0.010683310095994124, 0.010852600926308235, 0.012087866409344717, 0.014419592498952864, 0.011795485539436008, 0.012152268366049126], "(2, 3, 1, 1)": [0.01973332989729222, 0.019747566092710164, 0.019755897826394524, 0.01976160950672576, 0.019763407074035025, 0.019776325522762025, 0.019767865972158162, 0.01978479986123616, 0.019747137677414185, 0.019768293107403804, 0.01986492131730859], "(2, 4, 1, 1)": [0.01979990000052101, 0.01979838436835062, 0.019774573914785903, 0.01974771983045973, 0.019772025927691624, 0.019757390042990573, 0.019770808492046946, 0.01977739934106528, 0.01969437557141253, 0.019683539455976656, 0.019703317267490573], "(2, 2, 1, 1)": [0.018559854660338916, 0.018573268704377758, 0.01870116161431291, 0.018675267548139234, 0.01877538411530989, 0.018756245805483737, 0.018848870635522687, 0.018913657775730425, 0.018925152138675603, 0.018931404053366588, 0.019145718710755863], "(2, 1, 1, 1)": [0.006637910345278935, 0.008451093132813337, 0.008792239422706105, 0.008144002561073291, 0.008654960746546125, 0.010489528903723379, 0.011316907292814466, 0.008937350400735723, 0.011637764415348605, 0.01383914675750525, 0.01104784123323202], "(1, 6, 1, 1)": [0.00953393517826811, 0.01390135800598783, 0.009437943794104824, 0.01047996350070181, 0.008624221816727154, 0.006277658296335566, 0.009152242474109245, 0.0068241232656915335, 0.007066056184616129, 0.007196073188295937, 0.004903284919634328]}, "n_values": {"(2, 6, 1, 1)": [469.0, 157.0, 100.0, 104.0, 118.0, 115.0, 113.0, 108.0, 122.0, 105.0, 116.0], "(2, 5, 1, 1)": [2847.0, 707.0, 748.0, 726.0, 719.0, 695.0, 699.0, 673.0, 696.0, 708.0, 696.0], "(1, 5, 1, 1)": [1643.0, 477.0, 480.0, 464.0, 474.0, 474.0, 457.0, 482.0, 495.0, 477.0, 468.0], "(1, 4, 1, 1)": [2697.0, 1488.0, 1470.0, 1551.0, 1474.0, 1470.0, 1449.0, 1464.0, 1494.0, 1477.0, 1484.0], "(1, 3, 1, 1)": [1749.0, 1785.0, 1776.0, 1763.0, 1729.0, 1741.0, 1956.0, 1972.0, 1993.0, 1965.0, 2181.0], "(1, 2, 1, 1)": [646.0, 638.0, 615.0, 661.0, 649.0, 638.0, 652.0, 634.0, 836.0, 675.0, 2579.0], "(1, 1, 1, 1)": [114.0, 109.0, 137.0, 109.0, 111.0, 131.0, 128.0, 120.0, 379.0, 110.0, 317.0], "(2, 3, 1, 1)": [2116.0, 2152.0, 2158.0, 2118.0, 2127.0, 2158.0, 2148.0, 2171.0, 2171.0, 2151.0, 3171.0], "(2, 4, 1, 1)": [3119.0, 2342.0, 2259.0, 2249.0, 2225.0, 2267.0, 2259.0, 2228.0, 2246.0, 2227.0, 2233.0], "(2, 2, 1, 1)": [638.0, 613.0, 629.0, 619.0, 601.0, 610.0, 610.0, 641.0, 640.0, 647.0, 2665.0], "(2, 1, 1, 1)": [110.0, 106.0, 112.0, 110.0, 119.0, 86.0, 110.0, 96.0, 114.0, 518.0, 114.0], "(1, 6, 1, 1)": [106.0, 397.0, 123.0, 87.0, 120.0, 102.0, 103.0, 103.0, 99.0, 115.0, 85.0]}}