{"q_values": {"(2, 6, 1, 1)": [0.0137460736402321, 0.011473007624235306, 0.010780434232136512, 0.01015275136748622, 0.009130712224371436, 0.009665428269597424, 0.010703253413823234, 0.0064260498018820535, 0.005405837787778301, 0.00642099421693603, 0.007089108720830227], "(2, 5, 1, 1)": [0.019120451168747277, 0.01893454744136711, 0.019002817778137653, 0.01893776053552458, 0.018834253816546978, 0.018767031928672306, 0.01869345605624959, 0.01867098784703995, 0.01868703942083075, 0.018631453393068695, 0.01863143956838392], "(1, 5, 1, 1)": [0.019082765693765748, 0.018871407981694795, 0.01865663818381934, 0.018997740948429737, 0.018731911647392664, 0.01881521829377838, 0.018704918729643603, 0.018704501481018123, 0.01850370256479858, 0.018480674091564727, 0.01840244556052583], "(1, 4, 1, 1)": [0.019864768130001677, 0.019844309570803347, 0.01979063544640071, 0.019823389933861395, 0.019799529590945813, 0.0197852215459153, 0.019816510671346876, 0.019778268468255176, 0.01977720036113716, 0.01976216963025245, 0.019744323116879094], "(1, 3, 1, 1)": [0.01965424817251986, 0.01971998605230734, 0.01976498430779184, 0.01978329552552055, 0.019789648554668693, 0.019740859253243617, 0.019789533256378875, 0.01978936582764323, 0.019789526328678423, 0.019785606480712873, 0.01978953872268276], "(1, 2, 1, 1)": [0.018521172257220653, 0.01857680538308412, 0.0186799750772951, 0.018747041292909734, 0.018750606137236447, 0.018815770631679017, 0.018921276139499628, 0.01897507823493601, 0.018819511544184316, 0.01896923648755981, 0.019062053809069144], "(1, 1, 1, 1)": [0.005118177218413384, 0.007914612375821138, 0.009296657583263705, 0.00960060033215536, 0.011465940550490378, 0.010683310095994124, 0.010852600926308235, 0.012087866409344717, 0.014627978464609556, 0.011795485539436008, 0.012152268366049126], "(2, 3, 1, 1)": [0.019734010714095498, 0.01974805170460609, 0.01975835493994011, 0.01976285303470344, 0.019748662825723712, 0.019772184269934732, 0.019768506775965103, 0.019785520997642306, 0.019751370310847668, 0.01975087869458239, 0.019865161130857636], "(2, 4, 1, 1)": [0.019798530311632687, 0.01979871700283749, 0.019777415770712778, 0.01973415432329194, 0.01977044666601427, 0.019759269529287513, 0.019746681144149382, 0.01977022851477803, 0.019698677519158648, 0.019687985983751752, 0.01970553622303749], "(2, 2, 1, 1)": [0.018566684892144567, 0.018576940172512692, 0.018704424502788346, 0.018680748423474055, 0.01877747929724645, 0.01876344637805154, 0.018852357480621845, 0.018915236849308986, 0.01892998389248205, 0.01893768043616876, 0.0191632723100331], "(2, 1, 1, 1)": [0.006637910345278935, 0.008451093132813337, 0.008792239422706105, 0.008144002561073291, 0.008654960746546125, 0.010568150052515757, 0.011316907292814466, 0.008937350400735723, 0.011637764415348605, 0.01401236229582246, 0.01104784123323202], "(1, 6, 1, 1)": [0.00953393517826811, 0.014136694890857638, 0.009437943794104824, 0.01047996350070181, 0.008692417745435355, 0.006277658296335566, 0.009152242474109245, 0.0068241232656915335, 0.007066056184616129, 0.007196073188295937, 0.004903284919634328]}, "n_values": {"(2, 6, 1, 1)": [492.0, 157.0, 100.0, 105.0, 118.0, 115.0, 113.0, 108.0, 123.0, 105.0, 116.0], "(2, 5, 1, 1)": [3185.0, 708.0, 752.0, 731.0, 721.0, 698.0, 702.0, 678.0, 696.0, 711.0, 703.0], "(1, 5, 1, 1)": [1855.0, 481.0, 485.0, 465.0, 478.0, 475.0, 459.0, 482.0, 495.0, 478.0, 473.0], "(1, 4, 1, 1)": [3038.0, 1547.0, 1534.0, 1616.0, 1530.0, 1531.0, 1513.0, 1530.0, 1571.0, 1526.0, 1548.0], "(1, 3, 1, 1)": [1825.0, 1861.0, 1844.0, 1843.0, 1826.0, 1818.0, 2041.0, 2091.0, 2110.0, 2054.0, 2431.0], "(1, 2, 1, 1)": [651.0, 640.0, 619.0, 664.0, 654.0, 641.0, 655.0, 637.0, 840.0, 679.0, 2922.0], "(1, 1, 1, 1)": [114.0, 109.0, 137.0, 110.0, 111.0, 131.0, 128.0, 120.0, 406.0, 110.0, 317.0], "(2, 3, 1, 1)": [2216.0, 2248.0, 2261.0, 2231.0, 2233.0, 2271.0, 2261.0, 2280.0, 2286.0, 2262.0, 3602.0], "(2, 4, 1, 1)": [3510.0, 2500.0, 2364.0, 2352.0, 2321.0, 2359.0, 2357.0, 2334.0, 2346.0, 2339.0, 2334.0], "(2, 2, 1, 1)": [644.0, 617.0, 633.0, 627.0, 605.0, 617.0, 615.0, 644.0, 646.0, 656.0, 2993.0], "(2, 1, 1, 1)": [110.0, 106.0, 112.0, 110.0, 119.0, 87.0, 110.0, 96.0, 114.0, 544.0, 114.0], "(1, 6, 1, 1)": [106.0, 425.0, 123.0, 87.0, 121.0, 102.0, 103.0, 103.0, 99.0, 115.0, 85.0]}}