{"q_values": {"(2, 6, 1, 1)": [0.013584652069008, 0.011473007624235306, 0.010780434232136512, 0.010077482034976262, 0.009130712224371436, 0.009665428269597424, 0.010703253413823234, 0.0064260498018820535, 0.005304691318996053, 0.00642099421693603, 0.007089108720830227], "(2, 5, 1, 1)": [0.0191058618680873, 0.01893384640831203, 0.019001126931653255, 0.018936277694449385, 0.01883337192464149, 0.018764786649150347, 0.018691232127265995, 0.018664905609392064, 0.01868703942083075, 0.018629439241122644, 0.01862849506089274], "(1, 5, 1, 1)": [0.019063070043125973, 0.01886656030364014, 0.018649831039662116, 0.018997208952090016, 0.018728953537010446, 0.01881391703025028, 0.01870179228273913, 0.018704501481018123, 0.01850370256479858, 0.018478744313039874, 0.018393967956141715], "(1, 4, 1, 1)": [0.019865835462044824, 0.01984437846676163, 0.019789285981708458, 0.019830080547828657, 0.019798418677423078, 0.01978506199634037, 0.019816120130432734, 0.01978607614631034, 0.019785405762476782, 0.01976206624570702, 0.01974497106976634], "(1, 3, 1, 1)": [0.019684472613196693, 0.01971862559765646, 0.019764506736400983, 0.019783622530559455, 0.01978945809206819, 0.01973843790380503, 0.01979047264128698, 0.019790403492032007, 0.019790413839942903, 0.01979037050857225, 0.01979042016735859], "(1, 2, 1, 1)": [0.018517495256361673, 0.018575910118896213, 0.018678016651193237, 0.018745379750053113, 0.018747454267189295, 0.0188134105711459, 0.01891897896565812, 0.01897325931743817, 0.018817121691437226, 0.018966650187288908, 0.019059863546047977], "(1, 1, 1, 1)": [0.005118177218413384, 0.007914612375821138, 0.009296657583263705, 0.009526242716318826, 0.011465940550490378, 0.010683310095994124, 0.010852600926308235, 0.012087866409344717, 0.014466393927700555, 0.011795485539436008, 0.012152268366049126], "(2, 3, 1, 1)": [0.01973359154280199, 0.019748518117312083, 0.019756015376855937, 0.019761980365242734, 0.01976415614134913, 0.01977679093760675, 0.01976815311615814, 0.019784833757070398, 0.019747299168806184, 0.019757532289199735, 0.01986512007938692], "(2, 4, 1, 1)": [0.01979960868164593, 0.019799229031678238, 0.019775353244200225, 0.019731409656019848, 0.019768099419220777, 0.01975830141476006, 0.019762591905968165, 0.0197731399958433, 0.01969613879517524, 0.019684399425388365, 0.019704072644776652], "(2, 2, 1, 1)": [0.018561941035986407, 0.018574964412989763, 0.01870116161431291, 0.018677015978200463, 0.01877592383833679, 0.01875769732829489, 0.018849292865409067, 0.018914463353006023, 0.018926253061391188, 0.0189328752348515, 0.019149094946058053], "(2, 1, 1, 1)": [0.006637910345278935, 0.008451093132813337, 0.008792239422706105, 0.008144002561073291, 0.008654960746546125, 0.010568150052515757, 0.011316907292814466, 0.008937350400735723, 0.011637764415348605, 0.013872781235001146, 0.01104784123323202], "(1, 6, 1, 1)": [0.00953393517826811, 0.013990983004566046, 0.009437943794104824, 0.01047996350070181, 0.008624221816727154, 0.006277658296335566, 0.009152242474109245, 0.0068241232656915335, 0.007066056184616129, 0.007196073188295937, 0.004903284919634328]}, "n_values": {"(2, 6, 1, 1)": [472.0, 157.0, 100.0, 104.0, 118.0, 115.0, 113.0, 108.0, 122.0, 105.0, 116.0], "(2, 5, 1, 1)": [2909.0, 707.0, 750.0, 727.0, 719.0, 696.0, 700.0, 673.0, 696.0, 708.0, 698.0], "(1, 5, 1, 1)": [1683.0, 478.0, 480.0, 464.0, 476.0, 474.0, 457.0, 482.0, 495.0, 477.0, 468.0], "(1, 4, 1, 1)": [2758.0, 1496.0, 1483.0, 1563.0, 1488.0, 1484.0, 1465.0, 1482.0, 1506.0, 1488.0, 1494.0], "(1, 3, 1, 1)": [1761.0, 1804.0, 1789.0, 1776.0, 1743.0, 1759.0, 1977.0, 1994.0, 2023.0, 1985.0, 2220.0], "(1, 2, 1, 1)": [648.0, 638.0, 616.0, 661.0, 650.0, 639.0, 652.0, 634.0, 836.0, 676.0, 2642.0], "(1, 1, 1, 1)": [114.0, 109.0, 137.0, 109.0, 111.0, 131.0, 128.0, 120.0, 385.0, 110.0, 317.0], "(2, 3, 1, 1)": [2135.0, 2181.0, 2181.0, 2143.0, 2149.0, 2193.0, 2177.0, 2195.0, 2192.0, 2178.0, 3263.0], "(2, 4, 1, 1)": [3212.0, 2366.0, 2282.0, 2276.0, 2249.0, 2292.0, 2285.0, 2258.0, 2272.0, 2244.0, 2259.0], "(2, 2, 1, 1)": [640.0, 615.0, 629.0, 622.0, 602.0, 612.0, 611.0, 643.0, 641.0, 650.0, 2741.0], "(2, 1, 1, 1)": [110.0, 106.0, 112.0, 110.0, 119.0, 87.0, 110.0, 96.0, 114.0, 523.0, 114.0], "(1, 6, 1, 1)": [106.0, 407.0, 123.0, 87.0, 120.0, 102.0, 103.0, 103.0, 99.0, 115.0, 85.0]}}