{"q_values": {"(2, 6, 1, 1)": [0.013830048353749434, 0.011473007624235306, 0.010780434232136512, 0.01015275136748622, 0.009130712224371436, 0.009665428269597424, 0.010703253413823234, 0.0064260498018820535, 0.005405837787778301, 0.00642099421693603, 0.007089108720830227], "(2, 5, 1, 1)": [0.019125348724754094, 0.018935877044823798, 0.01900393944374709, 0.01893776053552458, 0.018834484662151225, 0.018767031928672306, 0.01869345605624959, 0.018670381640359123, 0.01868809601640032, 0.018632052281355796, 0.01863355805979993], "(1, 5, 1, 1)": [0.019088276298661583, 0.018874255120782224, 0.01865931489740104, 0.018997740948429737, 0.018732723502813943, 0.01881521829377838, 0.018704918729643603, 0.018704501481018123, 0.01850489632128675, 0.018482574313165183, 0.01840244556052583], "(1, 4, 1, 1)": [0.019864665085390167, 0.01984441188787801, 0.01979059259939909, 0.019824034452051928, 0.019800176988100587, 0.019779873867275383, 0.01981675734254787, 0.019778115041359193, 0.019777401484957997, 0.01976156415911816, 0.019744355499617044], "(1, 3, 1, 1)": [0.019655448971385877, 0.01972013466411927, 0.019765586442870277, 0.01978374632105982, 0.019788322065755905, 0.01974130727270332, 0.01978810714610651, 0.019788358922857907, 0.01978826150771494, 0.019786650115420808, 0.019788305732922267], "(1, 2, 1, 1)": [0.018522444944170387, 0.018577355508990513, 0.01868130464826289, 0.018747831147186055, 0.018750606137236447, 0.018815770631679017, 0.018921276139499628, 0.018976141348931753, 0.018820900742292913, 0.018970142342539194, 0.019068646652162832], "(1, 1, 1, 1)": [0.005118177218413384, 0.007914612375821138, 0.009296657583263705, 0.00960060033215536, 0.011465940550490378, 0.010683310095994124, 0.010852600926308235, 0.012087866409344717, 0.014720141151537825, 0.01185305452187912, 0.012152268366049126], "(2, 3, 1, 1)": [0.019735006913439924, 0.019748395937063234, 0.019758779023766587, 0.019754272208418962, 0.01974919211510514, 0.019772829139715602, 0.01976943247630316, 0.019785797145545053, 0.01975052179890851, 0.019749749308247577, 0.019864641632490607], "(2, 4, 1, 1)": [0.01979800261578467, 0.01979773916527008, 0.019778892019659124, 0.019736643525996606, 0.019771290024487492, 0.019760267534042315, 0.01974740725025656, 0.019770266429301284, 0.019700087844546993, 0.01968755014705029, 0.019706925548976007], "(2, 2, 1, 1)": [0.018566684892144567, 0.0185794214098012, 0.018705689559731883, 0.018680748423474055, 0.01877747929724645, 0.01876344637805154, 0.018852357480621845, 0.018915236849308986, 0.018930601015693587, 0.01893768043616876, 0.01916825735058595], "(2, 1, 1, 1)": [0.006637910345278935, 0.008451093132813337, 0.008792239422706105, 0.008144002561073291, 0.008654960746546125, 0.010568150052515757, 0.011316907292814466, 0.008937350400735723, 0.011637764415348605, 0.014122166979443998, 0.01104784123323202], "(1, 6, 1, 1)": [0.00953393517826811, 0.014202839213140618, 0.009437943794104824, 0.01047996350070181, 0.008692417745435355, 0.006277658296335566, 0.009152242474109245, 0.0068241232656915335, 0.007066056184616129, 0.007196073188295937, 0.004903284919634328]}, "n_values": {"(2, 6, 1, 1)": [503.0, 157.0, 100.0, 105.0, 118.0, 115.0, 113.0, 108.0, 123.0, 105.0, 116.0], "(2, 5, 1, 1)": [3324.0, 710.0, 754.0, 731.0, 722.0, 698.0, 702.0, 679.0, 697.0, 712.0, 706.0], "(1, 5, 1, 1)": [1935.0, 483.0, 487.0, 465.0, 479.0, 475.0, 459.0, 482.0, 496.0, 479.0, 473.0], "(1, 4, 1, 1)": [3192.0, 1559.0, 1552.0, 1635.0, 1549.0, 1549.0, 1535.0, 1543.0, 1582.0, 1543.0, 1561.0], "(1, 3, 1, 1)": [1847.0, 1887.0, 1868.0, 1870.0, 1858.0, 1838.0, 2086.0, 2125.0, 2193.0, 2082.0, 2526.0], "(1, 2, 1, 1)": [652.0, 641.0, 620.0, 665.0, 654.0, 641.0, 655.0, 638.0, 842.0, 680.0, 3069.0], "(1, 1, 1, 1)": [114.0, 109.0, 137.0, 110.0, 111.0, 131.0, 128.0, 120.0, 420.0, 111.0, 317.0], "(2, 3, 1, 1)": [2252.0, 2279.0, 2290.0, 2266.0, 2266.0, 2299.0, 2293.0, 2318.0, 2324.0, 2290.0, 3774.0], "(2, 4, 1, 1)": [3641.0, 2576.0, 2401.0, 2392.0, 2357.0, 2400.0, 2382.0, 2378.0, 2383.0, 2386.0, 2367.0], "(2, 2, 1, 1)": [644.0, 620.0, 634.0, 627.0, 605.0, 617.0, 615.0, 644.0, 648.0, 656.0, 3121.0], "(2, 1, 1, 1)": [110.0, 106.0, 112.0, 110.0, 119.0, 87.0, 110.0, 96.0, 114.0, 561.0, 114.0], "(1, 6, 1, 1)": [106.0, 434.0, 123.0, 87.0, 121.0, 102.0, 103.0, 103.0, 99.0, 115.0, 85.0]}}