{"q_values": {"(2, 6, 1, 1)": [0.013867033789937429, 0.011473007624235306, 0.010780434232136512, 0.01015275136748622, 0.009130712224371436, 0.009665428269597424, 0.010703253413823234, 0.0064260498018820535, 0.005405837787778301, 0.00642099421693603, 0.007089108720830227], "(2, 5, 1, 1)": [0.019126879387407387, 0.018935877044823798, 0.01900393944374709, 0.01893776053552458, 0.018834484662151225, 0.01876782628811338, 0.01869449291795077, 0.01867126115137908, 0.01868809601640032, 0.018632052281355796, 0.018635208528487726], "(1, 5, 1, 1)": [0.019091881847642243, 0.018874255120782224, 0.01865931489740104, 0.018998677471269314, 0.018732723502813943, 0.01881521829377838, 0.018704918729643603, 0.018708279760792097, 0.01850489632128675, 0.018487201483660634, 0.01840244556052583], "(1, 4, 1, 1)": [0.019864809927688392, 0.019844765810929924, 0.019790886857988316, 0.019823791464806177, 0.01979996068704455, 0.019780374049709826, 0.01981581209151721, 0.01977811574040913, 0.019776993456491962, 0.01976201057122197, 0.01974420792525265], "(1, 3, 1, 1)": [0.01965577205107068, 0.019720246175179795, 0.01976602823576565, 0.019784152366137345, 0.019788148874583564, 0.01974172982509197, 0.019788002522397024, 0.01978791447180285, 0.01978824722825468, 0.019787206930856904, 0.019788170587421466], "(1, 2, 1, 1)": [0.018523215261205307, 0.018577450381467336, 0.01868130464826289, 0.018747831147186055, 0.01875245412147735, 0.018816605452220986, 0.018921276139499628, 0.018977045078038747, 0.018820900742292913, 0.01897043694353058, 0.019072130360647477], "(1, 1, 1, 1)": [0.005118177218413384, 0.007914612375821138, 0.009296657583263705, 0.009664197848009374, 0.011465940550490378, 0.010683310095994124, 0.010852600926308235, 0.012087866409344717, 0.014724595710991785, 0.01185305452187912, 0.012152268366049126], "(2, 3, 1, 1)": [0.0197346987496944, 0.01974893605120389, 0.019759066520451368, 0.019754495044262677, 0.019750088041332155, 0.019773557670949758, 0.019769799937572257, 0.019777774352874828, 0.01975084070155899, 0.019750595577929943, 0.019864653761234058], "(2, 4, 1, 1)": [0.019797626908987048, 0.019797325284424024, 0.019779664730543656, 0.019737072717080244, 0.019754870329992784, 0.019760516577067594, 0.01974759933050562, 0.019770195662398297, 0.019683921428840272, 0.019688067063860976, 0.019706686895918524], "(2, 2, 1, 1)": [0.018566684892144567, 0.0185794214098012, 0.0187071055380718, 0.01868226513361535, 0.01877977934439679, 0.01876344637805154, 0.018852357480621845, 0.018915236849308986, 0.018930601015693587, 0.01893768043616876, 0.019170388855710912], "(2, 1, 1, 1)": [0.006637910345278935, 0.008451093132813337, 0.008792239422706105, 0.008144002561073291, 0.008654960746546125, 0.010568150052515757, 0.011316907292814466, 0.008937350400735723, 0.011637764415348605, 0.014156558678297307, 0.01104784123323202], "(1, 6, 1, 1)": [0.00953393517826811, 0.014266404874044049, 0.009437943794104824, 0.01047996350070181, 0.008692417745435355, 0.006277658296335566, 0.009152242474109245, 0.0068241232656915335, 0.007066056184616129, 0.007196073188295937, 0.004903284919634328]}, "n_values": {"(2, 6, 1, 1)": [508.0, 157.0, 100.0, 105.0, 118.0, 115.0, 113.0, 108.0, 123.0, 105.0, 116.0], "(2, 5, 1, 1)": [3390.0, 710.0, 754.0, 731.0, 722.0, 699.0, 703.0, 680.0, 697.0, 712.0, 708.0], "(1, 5, 1, 1)": [1987.0, 483.0, 487.0, 466.0, 479.0, 475.0, 459.0, 484.0, 496.0, 481.0, 473.0], "(1, 4, 1, 1)": [3263.0, 1568.0, 1566.0, 1647.0, 1564.0, 1557.0, 1549.0, 1555.0, 1592.0, 1549.0, 1574.0], "(1, 3, 1, 1)": [1857.0, 1896.0, 1878.0, 1881.0, 1873.0, 1847.0, 2096.0, 2148.0, 2216.0, 2093.0, 2581.0], "(1, 2, 1, 1)": [653.0, 642.0, 620.0, 665.0, 656.0, 642.0, 655.0, 639.0, 842.0, 681.0, 3135.0], "(1, 1, 1, 1)": [114.0, 109.0, 137.0, 111.0, 111.0, 131.0, 128.0, 120.0, 421.0, 111.0, 317.0], "(2, 3, 1, 1)": [2268.0, 2292.0, 2307.0, 2277.0, 2282.0, 2319.0, 2307.0, 2338.0, 2341.0, 2303.0, 3859.0], "(2, 4, 1, 1)": [3709.0, 2605.0, 2420.0, 2404.0, 2370.0, 2414.0, 2393.0, 2393.0, 2397.0, 2400.0, 2381.0], "(2, 2, 1, 1)": [644.0, 620.0, 635.0, 628.0, 607.0, 617.0, 615.0, 644.0, 648.0, 656.0, 3179.0], "(2, 1, 1, 1)": [110.0, 106.0, 112.0, 110.0, 119.0, 87.0, 110.0, 96.0, 114.0, 567.0, 114.0], "(1, 6, 1, 1)": [106.0, 442.0, 123.0, 87.0, 121.0, 102.0, 103.0, 103.0, 99.0, 115.0, 85.0]}}