{"q_values": {"(2, 6, 1, 1)": [0.009934102402412597, 0.010165132379413536, 0.006455572018344061, 0.007518120636966139, 0.007512720959254091, 0.0056593141488788115, 0.009040153218633494, 0.003501361657289871, 0.005219551354093782, 0.003979098753690727, 0.005492937516967541], "(2, 5, 1, 1)": [0.01859211756894934, 0.018434551961903755, 0.01855751581758777, 0.01850385015362564, 0.018195128253587982, 0.018128948778331343, 0.018280597066305818, 0.01808213766551572, 0.017966522309031133, 0.018107455571218938, 0.018117907866670443], "(1, 5, 1, 1)": [0.01880667587275841, 0.01862496122393844, 0.01864393508526198, 0.018726621510546954, 0.01845367617779709, 0.01854872127193659, 0.01849370322779342, 0.018153269077058134, 0.01782507497474102, 0.018144912953110538, 0.017876221351441058], "(1, 4, 1, 1)": [0.019834189342553515, 0.019817309980582506, 0.019820832348717732, 0.01983645607372333, 0.01978472388567049, 0.019788979840483528, 0.019766627589012355, 0.019771070332542533, 0.01975062346403241, 0.019775921484816116, 0.019723268767153582], "(1, 3, 1, 1)": [0.019741867249890008, 0.019755054660805623, 0.01976069947337263, 0.01978120040797224, 0.019782388077962457, 0.019773211657192768, 0.019833200021472815, 0.019816352987570715, 0.01980905998478207, 0.01983429154628784, 0.01983294574237388], "(1, 2, 1, 1)": [0.017502438707614355, 0.018064220849777306, 0.01798982727149861, 0.018172231318631184, 0.018343702735031567, 0.018438639347075646, 0.018744935949525705, 0.01848527309965179, 0.018727134126053827, 0.01844749590462937, 0.018698087264931045], "(1, 1, 1, 1)": [0.0024578464694657055, 0.004108726202458178, 0.007367277635294196, 0.007429196633476152, 0.01115916914662134, 0.005878846097551763, 0.01119230277708294, 0.008401628112601178, 0.010153408351343486, 0.009357712831174293, 0.01190249587942634], "(2, 3, 1, 1)": [0.019748074012872652, 0.019727800765881622, 0.019767339578229577, 0.01979755343270421, 0.01978882697828493, 0.019791677712926583, 0.01984287883459253, 0.019844554005134775, 0.019832692948797907, 0.019826339743886413, 0.01984253993607214], "(2, 4, 1, 1)": [0.019784871600000316, 0.019781642366428757, 0.019778588636682498, 0.01977030192898128, 0.019758554536477006, 0.019768651510682078, 0.019763956184720734, 0.019721561438313245, 0.019697688313590825, 0.019710167383078257, 0.01968930407003204], "(2, 2, 1, 1)": [0.018156665735742837, 0.01787403102919719, 0.018032483102573726, 0.018469290380951485, 0.01825327928764316, 0.018532504127659954, 0.018511952762764072, 0.018445716176419828, 0.01845871346410994, 0.018654483932992863, 0.018783030527760335], "(2, 1, 1, 1)": [0.006346300501421787, 0.006247069516134086, 0.006076155874024376, 0.005494978131571319, 0.007510922676654418, 0.009118688630909904, 0.008443385284589008, 0.005598445673084219, 0.009341684693878485, 0.010925600063411776, 0.008989402381553113], "(1, 6, 1, 1)": [0.005541791590203008, 0.008264932342342242, 0.008248131982950766, 0.007167720593885176, 0.00659256214480563, 0.005233452310331931, 0.007437153857408832, 0.00408888108411561, 0.004370184659645875, 0.0036357810689823856, 0.0038405552767864157]}, "n_values": {"(2, 6, 1, 1)": [118.0, 83.0, 55.0, 62.0, 73.0, 72.0, 65.0, 71.0, 73.0, 65.0, 72.0], "(2, 5, 1, 1)": [174.0, 191.0, 176.0, 190.0, 163.0, 157.0, 155.0, 162.0, 154.0, 166.0, 159.0], "(1, 5, 1, 1)": [165.0, 138.0, 156.0, 136.0, 137.0, 134.0, 134.0, 143.0, 152.0, 142.0, 135.0], "(1, 4, 1, 1)": [203.0, 189.0, 193.0, 234.0, 198.0, 187.0, 177.0, 178.0, 187.0, 183.0, 199.0], "(1, 3, 1, 1)": [179.0, 195.0, 193.0, 195.0, 199.0, 198.0, 195.0, 198.0, 198.0, 235.0, 242.0], "(1, 2, 1, 1)": [124.0, 126.0, 113.0, 122.0, 121.0, 120.0, 126.0, 113.0, 168.0, 146.0, 138.0], "(1, 1, 1, 1)": [60.0, 47.0, 65.0, 54.0, 56.0, 55.0, 62.0, 56.0, 57.0, 53.0, 97.0], "(2, 3, 1, 1)": [166.0, 165.0, 167.0, 166.0, 160.0, 167.0, 184.0, 179.0, 164.0, 170.0, 217.0], "(2, 4, 1, 1)": [233.0, 208.0, 188.0, 196.0, 189.0, 216.0, 200.0, 195.0, 200.0, 203.0, 197.0], "(2, 2, 1, 1)": [121.0, 123.0, 108.0, 113.0, 117.0, 116.0, 117.0, 117.0, 125.0, 114.0, 162.0], "(2, 1, 1, 1)": [59.0, 49.0, 51.0, 60.0, 61.0, 43.0, 52.0, 42.0, 55.0, 86.0, 54.0], "(1, 6, 1, 1)": [62.0, 64.0, 89.0, 54.0, 79.0, 60.0, 64.0, 58.0, 59.0, 67.0, 49.0]}}