{"q_values": {"(2, 6, 1, 1)": [0.010677782396273322, 0.010298980372767759, 0.007386214921381853, 0.00809786690629386, 0.008116234827411322, 0.006061210982598042, 0.00961788613251995, 0.0038522935617351433, 0.0053338293026222615, 0.0038331474371977874, 0.006286586907363264], "(2, 5, 1, 1)": [0.018705461322681288, 0.018553979131756507, 0.01859824154966423, 0.018572600554124376, 0.01811071691807018, 0.01827024713808404, 0.018391198562571893, 0.018185638269551233, 0.01813055825238651, 0.01817875608053397, 0.018112462886623555], "(1, 5, 1, 1)": [0.018859235884843374, 0.018674940544861355, 0.018276289068927296, 0.018780573364555037, 0.0184058109006601, 0.018631703886131706, 0.018502445722163825, 0.01828406422054111, 0.017960710979885712, 0.018230692864880795, 0.01808300083591401], "(1, 4, 1, 1)": [0.0198403806069148, 0.019823421797562895, 0.019820672410973378, 0.01983556194201616, 0.01979019025098275, 0.01977592958296104, 0.01977516184321629, 0.019603975927865967, 0.019760167699903138, 0.019764824832294064, 0.01971838811771293], "(1, 3, 1, 1)": [0.019757651819679506, 0.019758495792818433, 0.01976492345758487, 0.019788468992677173, 0.019787840599334482, 0.01978890006134473, 0.01981346338427814, 0.01982638533852565, 0.01981217915076742, 0.019831028286775937, 0.01983066667398169], "(1, 2, 1, 1)": [0.017717759690001222, 0.018158229123996828, 0.01799273474692302, 0.018188435891719052, 0.018444003293980056, 0.018470835788350126, 0.01871816894875711, 0.018550018600308284, 0.018732104514525526, 0.018468904024254437, 0.018640008152157925], "(1, 1, 1, 1)": [0.004013690680345504, 0.004880297574016635, 0.007106162413705975, 0.007345339131604466, 0.01144455744795402, 0.007854133994824535, 0.010621591690057034, 0.009610276892418638, 0.010593988966072984, 0.010109625734987073, 0.012948716048106396], "(2, 3, 1, 1)": [0.019746437238597238, 0.01974858692769541, 0.019764042765395538, 0.019795970584969826, 0.01978467103114209, 0.019805175187204538, 0.01983081743823989, 0.01984553485719618, 0.01983674651970754, 0.019833479598665164, 0.019851994737535805], "(2, 4, 1, 1)": [0.019790864681893616, 0.019785721211648823, 0.0197907119137206, 0.01976596786259033, 0.01976013722583827, 0.019775063763337035, 0.019768669900312997, 0.01973049569854005, 0.01971482119778573, 0.01958213273254571, 0.01969448859550619], "(2, 2, 1, 1)": [0.018265456578398558, 0.018035129917371995, 0.0181859515410368, 0.018332783982315772, 0.01836509164793611, 0.018566662912897113, 0.018620419909042254, 0.018499414452086794, 0.018524452420046328, 0.018650080907046472, 0.018789004145418217], "(2, 1, 1, 1)": [0.004744451365971141, 0.006645757142631096, 0.005834791744405104, 0.005655444975682161, 0.007108118911368848, 0.010626434860355995, 0.009378586079918252, 0.006170335062966523, 0.010451836044453334, 0.011451082555753306, 0.010298043536446732], "(1, 6, 1, 1)": [0.00676192956428178, 0.010122478996116202, 0.00827879500225762, 0.00829986872230396, 0.0070117498634058575, 0.003658500150041899, 0.007732648827150601, 0.0038327290668484213, 0.004164496019934604, 0.004695778716173073, 0.004955322997858573]}, "n_values": {"(2, 6, 1, 1)": [135.0, 100.0, 60.0, 68.0, 81.0, 78.0, 71.0, 78.0, 79.0, 73.0, 79.0], "(2, 5, 1, 1)": [242.0, 228.0, 211.0, 225.0, 197.0, 196.0, 196.0, 193.0, 187.0, 202.0, 189.0], "(1, 5, 1, 1)": [218.0, 174.0, 191.0, 174.0, 175.0, 168.0, 170.0, 177.0, 185.0, 175.0, 171.0], "(1, 4, 1, 1)": [257.0, 242.0, 240.0, 296.0, 248.0, 234.0, 225.0, 227.0, 239.0, 233.0, 252.0], "(1, 3, 1, 1)": [227.0, 250.0, 244.0, 248.0, 247.0, 249.0, 253.0, 246.0, 245.0, 286.0, 312.0], "(1, 2, 1, 1)": [151.0, 155.0, 141.0, 153.0, 151.0, 147.0, 175.0, 147.0, 214.0, 181.0, 178.0], "(1, 1, 1, 1)": [68.0, 57.0, 72.0, 60.0, 63.0, 69.0, 76.0, 65.0, 75.0, 64.0, 133.0], "(2, 3, 1, 1)": [227.0, 221.0, 227.0, 225.0, 222.0, 227.0, 241.0, 239.0, 224.0, 230.0, 287.0], "(2, 4, 1, 1)": [306.0, 266.0, 256.0, 254.0, 246.0, 278.0, 263.0, 255.0, 260.0, 260.0, 257.0], "(2, 2, 1, 1)": [154.0, 157.0, 141.0, 150.0, 146.0, 150.0, 147.0, 146.0, 160.0, 148.0, 220.0], "(2, 1, 1, 1)": [69.0, 54.0, 61.0, 68.0, 72.0, 53.0, 62.0, 53.0, 65.0, 115.0, 64.0], "(1, 6, 1, 1)": [73.0, 93.0, 94.0, 62.0, 87.0, 72.0, 73.0, 65.0, 66.0, 78.0, 61.0]}}