{"q_values": {"(2, 6, 1, 1)": [0.01052351581072253, 0.010436243382229121, 0.008045314676995999, 0.008068394192902142, 0.008029606028570528, 0.007003860589401858, 0.00995002550681838, 0.00452545411289244, 0.005624827115021431, 0.004519685720487514, 0.006237206291934725], "(2, 5, 1, 1)": [0.01875534968449506, 0.018556135527680304, 0.018649402498448632, 0.01865074882771059, 0.018217901739975718, 0.018357482451022922, 0.018326063787634763, 0.01829621234986561, 0.018221433154122335, 0.01820127185636047, 0.018134231740227616], "(1, 5, 1, 1)": [0.018820460531885196, 0.018723999442042186, 0.018343072052491423, 0.018810877846961224, 0.018465037089312363, 0.018668805810764952, 0.018384062823517986, 0.01830932191926398, 0.01796197046417006, 0.01811395697228907, 0.018040914870449124], "(1, 4, 1, 1)": [0.019847819757794705, 0.019832124751026144, 0.0198320156793068, 0.01984005196187336, 0.01979200492877302, 0.019785242527458974, 0.01978335248596541, 0.019634422198844922, 0.019754324033631403, 0.019774842469884396, 0.019721347991263734], "(1, 3, 1, 1)": [0.019754240112696303, 0.01974522895998255, 0.019751146650630505, 0.019791108839321704, 0.019794897221045372, 0.01977439142092168, 0.019808788459654295, 0.01982045471645085, 0.019820389050996555, 0.01982005906019173, 0.019820137660969177], "(1, 2, 1, 1)": [0.01784585141264849, 0.01818594795102817, 0.018147504685662962, 0.018260633299387787, 0.018493165658208546, 0.01853257164746653, 0.018679223574604237, 0.018612648910777435, 0.018721102049324267, 0.01856649526029805, 0.01868047051159101], "(1, 1, 1, 1)": [0.004035077472820888, 0.005851349075399004, 0.007982639291675832, 0.008086727163097312, 0.01083858487372267, 0.008649667384539698, 0.01050312659316053, 0.010537680685284408, 0.011483752496435625, 0.010425167122436903, 0.012621326239428843], "(2, 3, 1, 1)": [0.019750359135907437, 0.019734737060525392, 0.019754605479552944, 0.01980034658188721, 0.019790130291842466, 0.019811312873687918, 0.019835252586174423, 0.01985020557409338, 0.019832002304940366, 0.019840737111699685, 0.019852004504997293], "(2, 4, 1, 1)": [0.019798646914539433, 0.019799071752372426, 0.019793213382888534, 0.01978010391440742, 0.019782176348975517, 0.01978726648299951, 0.01977224814337845, 0.019746198325721078, 0.019699313822081104, 0.019625128669300714, 0.019710881109133552], "(2, 2, 1, 1)": [0.018159861021211116, 0.01801788206300364, 0.018310633555527037, 0.018421880536632868, 0.018384541259288407, 0.018589495339522196, 0.01863862782113067, 0.01848938973728836, 0.018592771704555314, 0.01866265799628205, 0.01867225012145332], "(2, 1, 1, 1)": [0.004655225405245096, 0.006560130051918306, 0.005479893841893173, 0.00580246734700282, 0.006942105053151589, 0.009722330978476044, 0.00961708288297275, 0.007221045137272646, 0.010449586979724125, 0.010591035757952364, 0.009324588392099462], "(1, 6, 1, 1)": [0.0074175048832749975, 0.010157165208790033, 0.008497796784414152, 0.008710879277281664, 0.007467010121158687, 0.00431997078893374, 0.008105021604965196, 0.004408495615264125, 0.0038274018814901116, 0.004845561408337371, 0.004951436571971949]}, "n_values": {"(2, 6, 1, 1)": [152.0, 119.0, 67.0, 70.0, 90.0, 86.0, 77.0, 82.0, 86.0, 80.0, 84.0], "(2, 5, 1, 1)": [314.0, 261.0, 241.0, 268.0, 235.0, 224.0, 234.0, 227.0, 224.0, 237.0, 219.0], "(1, 5, 1, 1)": [265.0, 199.0, 212.0, 195.0, 195.0, 192.0, 191.0, 200.0, 210.0, 195.0, 191.0], "(1, 4, 1, 1)": [322.0, 295.0, 291.0, 345.0, 294.0, 289.0, 271.0, 277.0, 285.0, 278.0, 298.0], "(1, 3, 1, 1)": [278.0, 305.0, 301.0, 300.0, 302.0, 304.0, 305.0, 301.0, 294.0, 351.0, 372.0], "(1, 2, 1, 1)": [189.0, 195.0, 184.0, 195.0, 192.0, 182.0, 213.0, 184.0, 284.0, 219.0, 212.0], "(1, 1, 1, 1)": [77.0, 68.0, 84.0, 70.0, 75.0, 82.0, 86.0, 77.0, 87.0, 74.0, 178.0], "(2, 3, 1, 1)": [289.0, 283.0, 290.0, 283.0, 281.0, 287.0, 301.0, 300.0, 285.0, 291.0, 366.0], "(2, 4, 1, 1)": [387.0, 331.0, 323.0, 319.0, 314.0, 344.0, 326.0, 316.0, 330.0, 325.0, 324.0], "(2, 2, 1, 1)": [194.0, 189.0, 174.0, 187.0, 176.0, 184.0, 180.0, 186.0, 197.0, 181.0, 279.0], "(2, 1, 1, 1)": [74.0, 61.0, 66.0, 75.0, 78.0, 57.0, 69.0, 60.0, 70.0, 147.0, 71.0], "(1, 6, 1, 1)": [78.0, 112.0, 97.0, 65.0, 93.0, 76.0, 76.0, 68.0, 68.0, 84.0, 71.0]}}