{"q_values": {"(2, 6, 2, 2)": [0.017723005264997482, 0.01180861983448267, 0.009438745677471161, 0.01138458400964737, 0.013126815669238567, 0.01234341599047184, 0.009113004431128502, 0.010265578515827656, 0.01185264065861702, 0.011364233680069447, 0.01031703781336546], "(2, 6, 1, 1)": [0.016439367085695267, 0.018700208514928818, 0.01673993654549122, 0.016438402235507965, 0.016497498378157616, 0.017287185415625572, 0.016747772693634033, 0.015277235768735409, 0.016222501173615456, 0.014803391881287098, 0.015167832374572754], "(2, 5, 1, 1)": [0.0181529950350523, 0.017752548679709435, 0.017955811694264412, 0.019031759351491928, 0.01787862367928028, 0.018384847790002823, 0.018021157011389732, 0.017957350239157677, 0.01711907610297203, 0.01694963127374649, 0.01751553639769554], "(2, 4, 1, 1)": [0.018161525949835777, 0.01785491593182087, 0.018135080114006996, 0.01855369657278061, 0.018036317080259323, 0.017816415056586266, 0.017897306010127068, 0.017157820984721184, 0.017599238082766533, 0.016960229724645615, 0.016831781715154648], "(2, 3, 1, 1)": [0.01635795459151268, 0.01644223928451538, 0.015616994351148605, 0.01641589030623436, 0.016393763944506645, 0.017107050865888596, 0.01574370078742504, 0.016260219737887383, 0.016439024358987808, 0.016089586541056633, 0.016049308702349663], "(2, 3, 2, 2)": [0.014850445091724396, 0.014239468611776829, 0.016884637996554375, 0.013948783278465271, 0.01430998370051384, 0.015435141511261463, 0.01470238622277975, 0.016234343871474266, 0.015058673918247223, 0.015552261844277382, 0.015734180808067322], "(2, 4, 2, 2)": [0.0180667694658041, 0.014583134092390537, 0.014480064623057842, 0.013304423540830612, 0.01344300340861082, 0.01573384739458561, 0.013157468289136887, 0.0135063910856843, 0.014023270457983017, 0.01370256207883358, 0.014016937464475632], "(2, 5, 2, 2)": [0.017484430223703384, 0.014820532873272896, 0.013740431517362595, 0.011650615371763706, 0.012275492772459984, 0.012459678575396538, 0.014025861397385597, 0.014464565552771091, 0.01457666140049696, 0.01265658251941204, 0.013973696157336235], "(2, 7, 2, 2)": [0.010556349530816078, 0.01065174862742424, 0.00850393995642662, 0.00952234584838152, 0.007940975949168205, 0.010628975927829742, 0.010624161921441555, 0.007258878089487553, 0.008715483359992504, 0.007819218561053276, 0.014321723021566868], "(2, 8, 2, 2)": [0.013747254386544228, 0.011646230705082417, 0.01042624469846487, 0.011999004520475864, 0.010619032196700573, 0.010547890327870846, 0.010767381638288498, 0.010517092421650887, 0.012118235230445862, 0.009217916987836361, 0.008144283667206764], "(3, 8, 2, 2)": [0.014392629265785217, 0.012718462385237217, 0.01543499156832695, 0.013976417481899261, 0.015055764466524124, 0.015004349872469902, 0.01522279903292656, 0.015787508338689804, 0.014530228450894356, 0.015041830949485302, 0.014074509963393211], "(3, 9, 2, 2)": [0.01287932600826025, 0.00828646682202816, 0.011585232801735401, 0.011963607743382454, 0.01183235365897417, 0.011918589472770691, 0.00928252749145031, 0.008368016220629215, 0.01020985096693039, 0.00933984387665987, 0.01050493773072958], "(3, 10, 2, 2)": [-0.00820032600313425, -0.005965807940810919, -0.006111131981015205, -0.0064495522528886795, -0.010885358788073063, -0.008031224831938744, -0.010994214564561844, -0.006876084487885237, -0.006953475531190634, -0.008481831289827824, -0.0059046670794487], "(3, 4, 1, 2)": [0.011311841197311878, 0.0, 0.0018404482398182154, 0.0, 0.0036240271292626858, 0.0, 0.0015241479268297553, 0.0018325758865103126, 0.0013444428332149982, 0.004935367964208126, 0.0018801250262185931], "(2, 1, 2, 2)": [-0.0018098450964316726, 0.0013003943022340536, 0.001532864524051547, 0.0016782383900135756, 0.0016284146113321185, 0.003499605692923069, 0.0012293587205931544, 0.000869494688231498, 0.0023440327495336533, 0.0031383265741169453, 0.009539932012557983], "(2, 1, 1, 1)": [-0.013188893906772137, -0.014323507435619831, -0.013130285777151585, -0.011203446425497532, -0.01002749428153038, -0.010250845924019814, -0.01367968413978815, -0.009495760314166546, -0.009212051518261433, -0.009080407209694386, -0.011219030246138573], "(2, 2, 2, 1)": [0.00918623898178339, 0.00977800041437149, 0.01131962239742279, 0.012234732508659363, 0.011342894285917282, 0.011429749429225922, 0.011442895978689194, 0.015089358203113079, 0.01236170157790184, 0.010400938801467419, 0.011191689409315586], "(2, 2, 2, 2)": [0.013052305206656456, 0.013975260779261589, 0.014213119633495808, 0.012562182731926441, 0.013683881610631943, 0.014319019392132759, 0.01471226941794157, 0.016215668991208076, 0.015360955148935318, 0.01542259007692337, 0.0141099588945508], "(2, 2, 1, 1)": [0.009825785644352436, 0.010244552046060562, 0.01088518463075161, 0.011152233928442001, 0.012065988034009933, 0.010217035189270973, 0.012036385014653206, 0.009923716075718403, 0.010896111838519573, 0.009492062963545322, 0.011887547560036182], "(3, 8, 1, 2)": [0.010694392956793308, 0.005843969061970711, 0.005046594887971878, 0.015239252708852291, 0.00928106065839529, 0.007310914341360331, 0.010399088263511658, 0.01029986422508955, 0.01054191030561924, 0.008765589445829391, 0.008412031456828117], "(3, 8, 1, 1)": [0.01470922026783228, 0.013400658033788204, 0.012115229852497578, 0.01107022538781166, 0.009994469583034515, 0.014429518952965736, 0.013186492957174778, 0.013095199130475521, 0.012147663161158562, 0.009790920652449131, 0.016353052109479904], "(3, 7, 1, 1)": [0.011209553107619286, 0.016204098239541054, 0.011273013427853584, 0.010447143577039242, 0.01481037400662899, 0.012155202217400074, 0.011423107236623764, 0.012825779616832733, 0.012959831394255161, 0.012617472559213638, 0.011050723493099213], "(3, 6, 1, 1)": [0.016256147995591164, 0.015195407904684544, 0.017694657668471336, 0.01669570803642273, 0.015825094655156136, 0.015349505469202995, 0.016192549839615822, 0.01628253236413002, 0.013717344030737877, 0.01590021699666977, 0.014736486598849297], "(3, 5, 1, 1)": [0.014064229093492031, 0.015870539471507072, 0.016347190365195274, 0.018539849668741226, 0.015040580183267593, 0.013839494436979294, 0.01580534130334854, 0.013494020327925682, 0.014791755005717278, 0.012730812653899193, 0.014020196162164211], "(3, 5, 1, 2)": [0.003926556557416916, 0.0030339471995830536, 0.0, 0.002277444116771221, 0.0010498864576220512, 0.0, 0.0034713982604444027, 0.0030420483089983463, 0.004444981459528208, 0.0025737048126757145, 0.008780337870121002], "(3, 4, 1, 1)": [0.016307244077324867, 0.01661033369600773, 0.017935335636138916, 0.016605939716100693, 0.01750909350812435, 0.01594785787165165, 0.016047842800617218, 0.016427194699645042, 0.01652412675321102, 0.016465863212943077, 0.015597252175211906], "(2, 8, 2, 1)": [0.008253916166722775, 0.0015185385709628463, 0.0028640376403927803, 0.002533263061195612, 0.0, 0.0017979645635932684, 0.005440764129161835, 0.0012647592229768634, 0.0, 0.0036417609080672264, 0.001136900158599019], "(3, 3, 2, 2)": [0.016814904287457466, 0.0169705580919981, 0.017112761735916138, 0.01771603338420391, 0.01793592795729637, 0.01772269979119301, 0.01834864541888237, 0.017980821430683136, 0.01803750731050968, 0.01799806021153927, 0.01788523979485035], "(3, 3, 1, 2)": [0.0016907750396057963, 0.0, 0.0, 0.004014258272945881, 0.002848272677510977, 0.0, 0.0028333421796560287, 0.006781552918255329, 0.0, 0.0, 0.0028767483308911324], "(3, 3, 1, 1)": [0.015639914199709892, 0.016098732128739357, 0.016218531876802444, 0.015989897772669792, 0.01630442403256893, 0.016429651528596878, 0.015959961339831352, 0.015295852907001972, 0.015452311374247074, 0.017404790967702866, 0.016841739416122437], "(2, 3, 2, 1)": [0.014436597935855389, 0.01168755628168583, 0.012449681758880615, 0.012206480838358402, 0.011898170225322247, 0.015391087159514427, 0.009025965817272663, 0.01187539380043745, 0.01073677372187376, 0.012724337168037891, 0.011073131114244461],