{"q_values": {"(2, 6, 2, 2)": [0.0, 0.0, 0.0029752168338745832, 0.0029638020787388086, 0.0029773632995784283, 0.0, 0.0, 0.0, 0.0, 0.0, 0.003412724705412984], "(2, 6, 1, 1)": [0.0, 0.0, 0.0, 0.0, 0.003425672883167863, 0.0, 0.0, 0.0, 0.0, 0.003493206575512886, 0.00298250000923872], "(2, 6, 1, 2)": [0.0, 0.0, 0.0, 0.0, 0.0, 0.0, 0.0, 0.0, 0.003424542024731636, 0.0, 0.0034171200823038816], "(2, 7, 2, 2)": [0.005381166003644466, 0.0035356455482542515, 0.007293228060007095, 0.006645325105637312, 0.0, 0.0, 0.003995729144662619, 0.006776263937354088, 0.004030163399875164, 0.0, 0.0], "(2, 7, 1, 1)": [0.0, 0.005515933968126774, 0.0, 0.0, 0.0034307544119656086, 0.0034197333734482527, 0.0029476128984242678, 0.006155292969197035, 0.007701590657234192, 0.0, 0.0], "(2, 7, 1, 2)": [0.0038595078513026237, 0.0, 0.0, 0.0, 0.0, 0.0, 0.004038524813950062, 0.003540998324751854, 0.0, 0.004015738610178232, 0.004015069920569658], "(2, 8, 1, 2)": [0.0, 0.002855827333405614, 0.0, 0.0, 0.0, 0.0, 0.0, 0.0028702765703201294, 0.0, 0.0, 0.0], "(2, 8, 2, 2)": [0.0, 0.0027035274542868137, 0.0, 0.0032832578290253878, 0.0, 0.0028598590288311243, 0.0, 0.0, 0.005580207332968712, 0.003343982854858041, 0.0], "(2, 8, 1, 1)": [0.0, 0.0028709869366139174, 0.0, 0.0034049968235194683, 0.0, 0.0, 0.0, 0.0, 0.0, 0.0, 0.0], "(2, 9, 2, 2)": [0.0, 0.0, 0.0, 0.0, 0.0, 0.0, 0.002650800161063671, 0.004594120662659407, 0.0, 0.0, 0.0], "(2, 10, 2, 2)": [0.0, 0.0, -0.006574949715286493, 0.0, 0.0, 0.0, 0.0, 0.0, 0.0, 0.0, 0.0], "(3, 4, 1, 2)": [0.0, 0.0, 0.0, 0.0, 0.0, 0.0, 0.0, 0.0, 0.0, 0.0, 0.0]}}