{"q_values": {"(2, 6, 2, 2)": [0.009834161028265953, 0.013718970119953156, 0.012378644198179245, 0.014446119777858257, 0.010880540125072002, 0.011868982575833797, 0.014909283258020878, 0.012527666985988617, 0.014381789602339268, 0.010423610918223858, 0.012992526404559612], "(2, 6, 1, 1)": [0.013800708577036858, 0.018052462488412857, 0.014585746452212334, 0.01114657148718834, 0.014449603855609894, 0.00816722959280014, 0.01428293902426958, 0.013312753289937973, 0.008848409168422222, 0.016420090571045876, 0.009357599541544914], "(2, 6, 1, 2)": [0.011853091418743134, 0.0, 0.0, 0.0, 0.0, 0.0043500554747879505, 0.003953627310693264, 0.0, 0.006446941290050745, 0.0, 0.006451367866247892], "(2, 7, 2, 2)": [0.01539094652980566, 0.01018960028886795, 0.014318136498332024, 0.013887873850762844, 0.005205655936151743, 0.013339618220925331, 0.012320991605520248, 0.015133893117308617, 0.01422983966767788, 0.010582264512777328, 0.015598149970173836], "(2, 7, 1, 1)": [0.010705877095460892, 0.01423459779471159, 0.007284250110387802, 0.0, 0.009430445730686188, 0.009243661537766457, 0.012874744832515717, 0.011270632967352867, 0.012912793084979057, 0.010597584769129753, 0.0], "(2, 7, 1, 2)": [0.007124908268451691, 0.004280118737369776, 0.004728502128273249, 0.004277678672224283, 0.0, 0.004068010486662388, 0.009235581383109093, 0.006764350458979607, 0.004272441379725933, 0.008074061945080757, 0.008066641166806221], "(2, 8, 1, 2)": [0.004085371736437082, 0.002855827333405614, 0.0, 0.009340419434010983, 0.007251095958054066, 0.0, 0.0, 0.0028702765703201294, 0.008314555510878563, 0.007626157253980637, 0.010984711349010468], "(2, 8, 2, 2)": [0.012971537187695503, 0.01255254540592432, 0.009632141329348087, 0.013562537729740143, 0.016462890431284904, 0.017457105219364166, 0.01488479319959879, 0.015143264085054398, 0.01663898304104805, 0.01572498120367527, 0.012903597205877304], "(2, 8, 1, 1)": [0.013880419544875622, 0.009124042466282845, 0.004437012132257223, 0.011626887135207653, 0.010328208096325397, 0.005911956541240215, 0.0034782039001584053, 0.010972755029797554, 0.014321411959826946, 0.0067389230243861675, 0.010072564706206322], "(2, 9, 2, 2)": [0.011922648176550865, 0.014556651934981346, 0.012109171599149704, 0.011367378756403923, 0.004404963925480843, 0.011826387606561184, 0.009734539315104485, 0.010004404000937939, 0.015340050682425499, 0.012165668420493603, 0.0089968740940094], "(2, 10, 2, 2)": [0.0024813220370560884, -0.013106821104884148, -0.008675673045217991, 0.0, -0.0038706110790371895, 0.0, 0.002489490667358041, 0.0, -0.008166833780705929, -0.004094812087714672, -0.006014984101057053], "(3, 4, 1, 2)": [0.005264582112431526, 0.005265728570520878, 0.0, 0.0, 0.008095856755971909, 0.0, 0.0, 0.0, 0.0037864113692194223, 0.0, 0.0], "(2, 1, 2, 1)": [0.0033545680344104767, 0.0033470187336206436, 0.0024834973737597466, 0.00271457782946527, -0.0015702280215919018, 0.0033267310354858637, -0.0031517972238361835, -0.004250993486493826, 0.005981049500405788, 0.003597066504880786, 0.007349214982241392], "(2, 1, 2, 2)": [-0.00272681494243443, 0.0, 0.005667033605277538, 0.005355493165552616, 0.005092528648674488, 0.0034043118357658386, 0.007599469739943743, 0.0, 0.0, 0.0029236776754260063, 0.0], "(2, 1, 1, 1)": [-0.012063654139637947, -0.008044121786952019, -0.011581957340240479, -0.011598520912230015, 0.0, -0.012902655638754368, -0.012830996885895729, -0.008797870017588139, -0.006497414316982031, 0.0015193475410342216, -0.012417683377861977], "(2, 2, 2, 2)": [0.011902980506420135, 0.010070357471704483, 0.010175833478569984, 0.003112910781055689, 0.014608150348067284, 0.013454968109726906, 0.013487681746482849, 0.011534963734447956, 0.014698917977511883, 0.012899806722998619, 0.013568494468927383], "(2, 3, 2, 2)": [0.012633408419787884, 0.013295372948050499, 0.013160638511180878, 0.013160210102796555, 0.012147150002419949, 0.009356280788779259, 0.011544497683644295, 0.012396429665386677, 0.014706289395689964, 0.012707970105111599, 0.0073390379548072815], "(3, 3, 2, 2)": [0.015275638550519943, 0.007049634587019682, 0.014187073335051537, 0.012381994165480137, 0.011437579989433289, 0.014532658271491528, 0.014402826316654682, 0.011061545461416245, 0.012855228036642075, 0.012535005807876587, 0.015153452754020691], "(3, 4, 2, 2)": [0.01520312950015068, 0.010933241806924343, 0.011969009414315224, 0.004823997616767883, 0.012454811483621597, 0.0070401690900325775, 0.011927846819162369, 0.01477921474725008, 0.007485562935471535, 0.012703807093203068, 0.007881371304392815], "(3, 4, 2, 1)": [0.0028762442525476217, 0.00873060617595911, 0.0, 0.0, 0.004100408870726824, 0.0, 0.004053621087223291, 0.013312896713614464, 0.009247425943613052, 0.007581135258078575, 0.00510419299826026], "(3, 3, 1, 1)": [0.016021139919757843, 0.012685691006481647, 0.005715081002563238, 0.014355065301060677, 0.01497668493539095, 0.016485638916492462, 0.011904964223504066, 0.01274247094988823, 0.008189390413463116, 0.01348938513547182, 0.012004891410470009], "(3, 2, 1, 1)": [0.013070916756987572, 0.002260021399706602, 0.011579048819839954, 0.007825515232980251, 0.011302256025373936, 0.012605047784745693, 0.011176064610481262, 0.010373429395258427, 0.005279728677123785, 0.011677971109747887, 0.008252991363406181], "(3, 2, 2, 1)": [0.011167323216795921, 0.0069897957146167755, 0.0, 0.004130130168050528, 0.0, 0.00613807886838913, -0.0053899334743618965, 0.003410425502806902, 0.0, 0.0026268798392266035, 0.0], "(3, 1, 1, 1)": [-0.009950634092092514, -0.010293307714164257, -0.005674369167536497, -0.008943428285419941, -0.006059508305042982, -0.005136148072779179, -0.004802013747394085, -0.006573326885700226, 0.0, -0.009805308654904366, 0.0], "(3, 8, 1, 2)": [0.0043056127615273, 0.0028843902982771397, 0.0, 0.007014700211584568, 0.0059695979580283165, 0.0, 0.010510936379432678, 0.00464349240064621, 0.010688474401831627, 0.003497040830552578, 0.006469808518886566], "(3, 7, 1, 1)": [0.014970315620303154, 0.011981417424976826, 0.016135340556502342, 0.017145557329058647, 0.00827532447874546, 0.012022544629871845, 0.01224508136510849, 0.01294161006808281, 0.010525068268179893, 0.01154407113790512, 0.014178003184497356], "(3, 7, 2, 2)": [0.01166004128754139, 0.01651684194803238, 0.017280813306570053, 0.014731938019394875, 0.0176484864205122, 0.016889456659555435, 0.017296459525823593, 0.015216629952192307, 0.018297111615538597, 0.01715107075870037, 0.015372563153505325], "(3, 8, 2, 2)": [0.01587691716849804, 0.01438898965716362, 0.015231245197355747, 0.012507911771535873, 0.01063099317252636, 0.015768319368362427, 0.016559310257434845, 0.015832532197237015, 0.010402889922261238, 0.015307920053601265, 0.01466412004083395], "(3, 8, 1, 1)": [0.011458732187747955, 0.005689950659871101, 0.007286652456969023, 0.009829833172261715, 0.006827524863183498, 0.004148803185671568, 0.003680149558931589, 0.006559425033628941, 0.008774041198194027, 0.010576223954558372, 0.0032928218133747578], "(3, 9, 2, 2)": [0.013653777539730072, 0.013809029944241047, 0.012791872955858707, 0.007508688606321812, 0.011926010251045227, 0.009119071997702122, 0.012610162608325481, 0.01338268257677555, 0.003507716581225395, 0.01406921911984682, 0.006931803654879332], "(3, 10, 2, 2)": [0.0024845267180353403, -0.009043043479323387, -0.0065898955799639225, -0.005411204416304827, -0.0065779839642345905, 0.0, -0.009279832243919373, -0.010277220979332924, -0.004102512262761593, -0.005030407104641199, -0.012225612998008728], "(2, 8, 2, 1)": [0.0, 0.007670433260500431, 0.0, 0.0, 0.0, 0.0, 0.0, 0.005130341742187738, 0.0, 0.0, 0.0], "(3, 3, 1, 2)": [0.0, 0.0, 0.0, 0.0, 0.0, 0.0028436891734600067, 0.0, 0.00334219541400671, 0.005176659673452377, 0.0, 0.0], "(2, 3, 1, 1)": [0.017154429107904434, 0.01723437011241913, 0.017769036814570427, 0.01709996722638607, 0.016958272084593773, 0.017461732029914856, 0.016773436218500137, 0.017200088128447533, 0.017315290868282318, 0.015118882991373539, 0.01617976650595665],