{"q_values": {"(2, 6, 2, 2)": [0.018624398857355118, 0.018006576225161552, 0.018072430044412613, 0.01779937371611595, 0.018640639260411263, 0.018503203988075256, 0.019624818116426468, 0.017804743722081184, 0.01929965801537037, 0.017271606251597404, 0.019243232905864716], "(2, 6, 1, 1)": [0.019423572346568108, 0.019560087472200394, 0.019768914207816124, 0.017681729048490524, 0.01849459484219551, 0.018270520493388176, 0.018856950104236603, 0.0184465479105711, 0.01767277531325817, 0.01945365034043789, 0.018901444971561432], "(2, 6, 1, 2)": [0.015894591808319092, 0.0, 0.005910752806812525, 0.009807664901018143, 0.00474874721840024, 0.008174226619303226, 0.00993636529892683, 0.009403988718986511, 0.012870868667960167, 0.00992918573319912, 0.006451367866247892], "(2, 7, 2, 2)": [0.017316831275820732, 0.01807289384305477, 0.01813214085996151, 0.017645351588726044, 0.017272556200623512, 0.014969659969210625, 0.018143009394407272, 0.018774956464767456, 0.0180423092097044, 0.017079496756196022, 0.01904708705842495], "(2, 7, 1, 1)": [0.017913153395056725, 0.017581356689333916, 0.01857794262468815, 0.01584789715707302, 0.017612779513001442, 0.018605664372444153, 0.017610151320695877, 0.01858484372496605, 0.016842138022184372, 0.015048324130475521, 0.01603277213871479], "(2, 7, 1, 2)": [0.014906123280525208, 0.004280118737369776, 0.004728502128273249, 0.008593238890171051, 0.004595219157636166, 0.010378807783126831, 0.013884542509913445, 0.006764350458979607, 0.008592081256210804, 0.01713973470032215, 0.008066641166806221], "(2, 8, 1, 2)": [0.004085371736437082, 0.002855827333405614, 0.008663455955684185, 0.009340419434010983, 0.009934294037520885, 0.0, 0.0, 0.0028702765703201294, 0.008314555510878563, 0.010936394333839417, 0.014947083778679371], "(2, 8, 2, 2)": [0.01588207483291626, 0.01764482632279396, 0.015124425292015076, 0.01723395474255085, 0.017554884776473045, 0.017794182524085045, 0.017362061887979507, 0.017643898725509644, 0.01833668164908886, 0.018015511333942413, 0.015082597732543945], "(2, 8, 1, 1)": [0.018349342048168182, 0.011677810922265053, 0.013348042964935303, 0.013847704976797104, 0.010328208096325397, 0.014098618179559708, 0.010959886014461517, 0.012960519641637802, 0.017453443259000778, 0.013387192040681839, 0.012423775158822536], "(2, 9, 2, 2)": [0.014653324149549007, 0.0072861602529883385, 0.013283571228384972, 0.012910972349345684, 0.014190934598445892, 0.014124855399131775, 0.014119511470198631, 0.014186237007379532, 0.013190102763473988, 0.009021773934364319, 0.015297980979084969], "(2, 10, 2, 2)": [-0.0028179918881505728, -0.013033933006227016, -0.010032176040112972, -0.009053751826286316, -0.0071440269239246845, -0.007501170039176941, -0.0036776529159396887, -0.004335222765803337, -0.009515302255749702, -0.010780338197946548, -0.006014984101057053], "(3, 4, 1, 2)": [0.005264582112431526, 0.005265728570520878, 0.0, 0.005412632133811712, 0.008095856755971909, 0.0, 0.0043036844581365585, 0.005659730173647404, 0.008332613855600357, 0.0, 0.0], "(2, 1, 2, 1)": [0.0033545680344104767, 0.006135627161711454, 0.00553132314234972, 0.00271457782946527, -0.004692681599408388, 0.0033267310354858637, -0.0031517972238361835, -0.004250993486493826, -0.0015842653810977936, 0.003597066504880786, 0.008763580583035946], "(2, 1, 2, 2)": [-0.00272681494243443, 0.003960566595196724, 0.005667033605277538, 0.005355493165552616, 0.007419175934046507, 0.0034043118357658386, 0.008963147178292274, 0.0036326025146991014, 0.0, 0.0029236776754260063, 0.003632588079199195], "(2, 1, 1, 1)": [-0.012362677603960037, -0.008044121786952019, -0.012008527293801308, -0.013662407174706459, -0.008985073305666447, -0.012902655638754368, -0.0083256671205163, -0.012525754980742931, -0.013470263220369816, -0.009350905194878578, -0.014260460622608662], "(2, 2, 2, 2)": [0.016367560252547264, 0.01577473245561123, 0.01597106270492077, 0.014683732762932777, 0.015425736084580421, 0.014727413654327393, 0.014875072985887527, 0.015708960592746735, 0.016411809250712395, 0.015681639313697815, 0.01528295036405325], "(2, 3, 2, 2)": [0.017332959920167923, 0.017874913290143013, 0.016317198053002357, 0.01565103605389595, 0.015063405968248844, 0.017073100432753563, 0.013354292139410973, 0.01710662618279457, 0.01816657930612564, 0.017901623621582985, 0.015711504966020584], "(3, 3, 2, 2)": [0.016110925003886223, 0.01597237028181553, 0.015244496054947376, 0.014945047907531261, 0.013438417576253414, 0.01815616525709629, 0.01622333936393261, 0.017295733094215393, 0.01702108234167099, 0.015864159911870956, 0.01608702354133129], "(3, 4, 2, 2)": [0.01755145564675331, 0.01498729269951582, 0.013736788183450699, 0.0121427858248353, 0.017283618450164795, 0.01793629117310047, 0.018217915669083595, 0.018190955743193626, 0.015537080354988575, 0.016564812511205673, 0.013546353206038475], "(3, 4, 2, 1)": [0.011002506129443645, 0.00873060617595911, 0.0, 0.0, 0.011314302682876587, 0.005100300069898367, 0.004053621087223291, 0.014221711084246635, 0.009247425943613052, 0.011000104248523712, 0.01173147838562727], "(3, 3, 1, 1)": [0.016770172864198685, 0.01668725535273552, 0.01727660559117794, 0.01563950628042221, 0.017555175349116325, 0.01831258274614811, 0.017233112826943398, 0.016963668167591095, 0.014014997519552708, 0.015647418797016144, 0.015301426872611046], "(3, 2, 1, 1)": [0.009066258557140827, 0.009888888336718082, 0.013142293319106102, 0.012004823423922062, 0.015031556598842144, 0.011963499709963799, 0.014183436520397663, 0.011679954826831818, 0.014469530433416367, 0.012335469014942646, 0.015605592168867588], "(3, 2, 2, 1)": [0.015056325122714043, 0.0069897957146167755, 0.004716745112091303, 0.004130130168050528, 0.0, 0.00613807886838913, -0.0053899334743618965, 0.003410425502806902, 0.0, 0.006884083151817322, 0.0], "(3, 1, 1, 1)": [-0.013961941003799438, -0.010829322040081024, -0.010330673307180405, -0.008943428285419941, -0.006059508305042982, -0.005136148072779179, -0.0040775444358587265, -0.006573326885700226, -0.005356513429433107, -0.010729341767728329, -0.006982104852795601], "(3, 8, 1, 2)": [0.0043056127615273, 0.0067744748666882515, 0.005371795501559973, 0.010134011507034302, 0.009555710479617119, 0.00857484806329012, 0.010510936379432678, 0.008748246356844902, 0.016777969896793365, 0.003497040830552578, 0.006469808518886566], "(3, 7, 1, 1)": [0.017708830535411835, 0.01806587539613247, 0.01770276390016079, 0.01932414434850216, 0.013842464424669743, 0.01585465855896473, 0.017288804054260254, 0.015547417104244232, 0.01551807764917612, 0.015493715181946754, 0.01719624549150467], "(3, 7, 2, 2)": [0.01823458820581436, 0.018651824444532394, 0.01823250576853752, 0.01809428259730339, 0.019142545759677887, 0.019160469993948936, 0.019327955320477486, 0.018788449466228485, 0.018748536705970764, 0.018985019996762276, 0.018894262611865997], "(3, 8, 2, 2)": [0.0173404049128294, 0.01785014569759369, 0.01702946610748768, 0.017392678186297417, 0.0168768260627985, 0.017448127269744873, 0.017752597108483315, 0.017450014129281044, 0.0173216350376606, 0.01699198968708515, 0.017768405377864838], "(3, 8, 1, 1)": [0.016623610630631447, 0.00937561970204115, 0.011900280602276325, 0.016346560791134834, 0.016665952280163765, 0.013904804363846779, 0.012702545151114464, 0.016664890572428703, 0.01576635241508484, 0.017252976074814796, 0.007734938059002161], "(3, 9, 2, 2)": [0.01416535023599863, 0.011085723526775837, 0.009778520092368126, 0.013903352431952953, 0.008243335410952568, 0.006012356840074062, 0.011554820463061333, 0.006352903321385384, 0.011189710348844528, 0.011197123676538467, 0.0015891846269369125], "(3, 10, 2, 2)": [-0.007923096418380737, -0.010996617376804352, -0.004340986255556345, -0.012545564211905003, -0.008335759863257408, -0.00521176028996706, -0.007921164855360985, -0.008963536471128464, -0.010889183729887009, -0.006368281785398722, -0.012890263460576534], "(2, 8, 2, 1)": [0.0, 0.010761192999780178, 0.005396268796175718, 0.00527855334803462, 0.0, 0.0, 0.0, 0.009112192317843437, 0.0, 0.0, 0.0],