{"q_values": {"(2, 6, 2, 2)": [0.01935013383626938, 0.01916683465242386, 0.01949506439268589, 0.019215773791074753, 0.01929544284939766, 0.01952335797250271, 0.01975032314658165, 0.01900297962129116, 0.019727354869246483, 0.019653871655464172, 0.019716236740350723], "(2, 6, 1, 1)": [0.019851475954055786, 0.01988246478140354, 0.01994452252984047, 0.01935301162302494, 0.019427252933382988, 0.01978093571960926, 0.019289908930659294, 0.018856734037399292, 0.019682876765727997, 0.01943333074450493, 0.019601698964834213], "(2, 6, 1, 2)": [0.018530890345573425, 0.0, 0.005910752806812525, 0.009807664901018143, 0.00927216000854969, 0.008174226619303226, 0.00993636529892683, 0.009403988718986511, 0.012870868667960167, 0.012897921726107597, 0.006451367866247892], "(2, 7, 2, 2)": [0.017950277775526047, 0.018558308482170105, 0.018932264298200607, 0.019139258190989494, 0.01918177306652069, 0.017649225890636444, 0.018722154200077057, 0.01921069622039795, 0.018390292301774025, 0.018979201093316078, 0.01908796839416027], "(2, 7, 1, 1)": [0.01905791088938713, 0.019320789724588394, 0.019769614562392235, 0.018664440140128136, 0.018900146707892418, 0.019330862909555435, 0.018086224794387817, 0.018840426579117775, 0.01859610714018345, 0.01870180293917656, 0.018074695020914078], "(2, 7, 1, 2)": [0.014906123280525208, 0.008821450173854828, 0.004728502128273249, 0.008593238890171051, 0.004595219157636166, 0.010378807783126831, 0.013884542509913445, 0.006764350458979607, 0.008592081256210804, 0.017832670360803604, 0.008066641166806221], "(2, 8, 1, 2)": [0.004085371736437082, 0.002855827333405614, 0.008663455955684185, 0.009340419434010983, 0.009934294037520885, 0.0051019941456615925, 0.005202342290431261, 0.0028702765703201294, 0.013585060834884644, 0.014898624271154404, 0.017628300935029984], "(2, 8, 2, 2)": [0.017441337928175926, 0.017998654395341873, 0.017022449523210526, 0.0181528739631176, 0.017878470942378044, 0.01808936335146427, 0.018048562109470367, 0.017222052440047264, 0.018221376463770866, 0.017962759360671043, 0.01686396263539791], "(2, 8, 1, 1)": [0.018776223063468933, 0.016304977238178253, 0.017850352451205254, 0.018122393637895584, 0.010328208096325397, 0.01637711189687252, 0.014947653748095036, 0.015966827049851418, 0.018324701115489006, 0.017284413799643517, 0.014782845973968506], "(2, 9, 2, 2)": [0.016773436218500137, 0.013834706507623196, 0.015028906986117363, 0.015031496994197369, 0.013979253359138966, 0.016331082209944725, 0.014314467087388039, 0.014186237007379532, 0.015040144324302673, 0.01268849615007639, 0.005977564491331577], "(2, 10, 2, 2)": [0.0027806891594082117, -0.013033933006227016, -0.010032176040112972, -0.010009823366999626, -0.009882377460598946, -0.008967976085841656, -0.0068952664732933044, -0.004335222765803337, -0.009515302255749702, -0.010780338197946548, -0.007992994971573353], "(3, 4, 1, 2)": [0.00946115329861641, 0.005265728570520878, 0.0057858871296048164, 0.005412632133811712, 0.008095856755971909, 0.004179185256361961, 0.0043036844581365585, 0.005659730173647404, 0.015647057443857193, 0.0, 0.0], "(2, 1, 2, 1)": [0.0033545680344104767, 0.006135627161711454, -0.004754169844090939, 0.00271457782946527, 0.00015256553888320923, 0.0033267310354858637, -0.0031517972238361835, -0.004250993486493826, -0.0015842653810977936, 0.008301784284412861, 0.004692337941378355], "(2, 1, 2, 2)": [0.00023436849005520344, 0.003960566595196724, 0.00992505345493555, 0.005355493165552616, 0.007419175934046507, 0.0034043118357658386, 0.008963147178292274, 0.0036326025146991014, 0.0, 0.0029236776754260063, 0.003632588079199195], "(2, 1, 1, 1)": [-0.01290331780910492, -0.008044121786952019, -0.012116937898099422, -0.013239259831607342, -0.00995568372309208, -0.012641118839383125, -0.006261005066335201, -0.005764268338680267, -0.012984225526452065, -0.005506148096174002, -0.009524322114884853], "(2, 2, 2, 2)": [0.017305493354797363, 0.016911856830120087, 0.01726391911506653, 0.016755294054746628, 0.01721871644258499, 0.01729821041226387, 0.01704675331711769, 0.017194895073771477, 0.01813933439552784, 0.017435895279049873, 0.017605600878596306], "(2, 3, 2, 2)": [0.018412575125694275, 0.018673213198781013, 0.01855180226266384, 0.018277013674378395, 0.018985435366630554, 0.018794003874063492, 0.01886477880179882, 0.01877792924642563, 0.01900729164481163, 0.01900797337293625, 0.018853312358260155], "(3, 3, 2, 2)": [0.018636178225278854, 0.018496021628379822, 0.01886730268597603, 0.018400445580482483, 0.018551528453826904, 0.01884203776717186, 0.018858086317777634, 0.01903727278113365, 0.01892191916704178, 0.018990211188793182, 0.018696436658501625], "(3, 4, 2, 2)": [0.018940916284918785, 0.01916748471558094, 0.01951693557202816, 0.01950269378721714, 0.01937328465282917, 0.019605590030550957, 0.019718777388334274, 0.01962590031325817, 0.019554797559976578, 0.01934540458023548, 0.019545726478099823], "(3, 4, 2, 1)": [0.015043850988149643, 0.00873060617595911, 0.014385638758540154, 0.005825147032737732, 0.01621900498867035, 0.01137464214116335, 0.011857133358716965, 0.019187401980161667, 0.01580747216939926, 0.015223768539726734, 0.01353213656693697], "(3, 3, 1, 1)": [0.018274987116456032, 0.01819976419210434, 0.01822374016046524, 0.01803676038980484, 0.018210532143712044, 0.018238434568047523, 0.018296480178833008, 0.01814047247171402, 0.018271122127771378, 0.018231362104415894, 0.018270447850227356], "(3, 2, 1, 1)": [0.008878789842128754, 0.017158962786197662, 0.012637883424758911, 0.010894966311752796, 0.01561321597546339, 0.006337529979646206, 0.011294404044747353, 0.008160498924553394, 0.015933822840452194, 0.015062043443322182, 0.017450889572501183], "(3, 2, 2, 1)": [0.017411500215530396, 0.006930158939212561, 0.011132398620247841, 0.011414524167776108, 0.0, 0.009599895216524601, 0.0092186089605093, 0.015074559487402439, 0.013126387260854244, 0.016676930710673332, 0.005339320749044418], "(3, 1, 1, 1)": [-0.013353327289223671, -0.01253153383731842, -0.011285096406936646, -0.0070941271260380745, -0.009740464389324188, -0.007181711494922638, -0.008300636895000935, -0.011300020851194859, -0.012465564534068108, -0.013847589492797852, -0.004667962435632944], "(3, 8, 1, 2)": [0.011687535792589188, 0.0067744748666882515, 0.005371795501559973, 0.014432501047849655, 0.013760765083134174, 0.011366445571184158, 0.0156351700425148, 0.012742803432047367, 0.01746777817606926, 0.007953143678605556, 0.006469808518886566], "(3, 7, 1, 1)": [0.018673202022910118, 0.019097715616226196, 0.019287141039967537, 0.019681833684444427, 0.017758019268512726, 0.0177602618932724, 0.019300995394587517, 0.019081292673945427, 0.018325379118323326, 0.018140759319067, 0.018366791307926178], "(3, 7, 2, 2)": [0.019395820796489716, 0.019247863441705704, 0.019108206033706665, 0.019207926467061043, 0.019382428377866745, 0.019277630373835564, 0.018942970782518387, 0.019296392798423767, 0.019173070788383484, 0.01922447234392166, 0.019256407395005226], "(3, 8, 2, 2)": [0.01799124665558338, 0.017943883314728737, 0.017380215227603912, 0.017438406124711037, 0.017800945788621902, 0.01726318709552288, 0.01747877523303032, 0.018191097304224968, 0.017741609364748, 0.017914287745952606, 0.017579130828380585], "(3, 8, 1, 1)": [0.01820770651102066, 0.017932364717125893, 0.017797905951738358, 0.01900285854935646, 0.018144503235816956, 0.01833915337920189, 0.015770118683576584, 0.017487619072198868, 0.017201632261276245, 0.01810954324901104, 0.015496771782636642], "(3, 9, 2, 2)": [0.010693603195250034, 0.014741754159331322, 0.013352788984775543, 0.01456679217517376, 0.012513191439211369, 0.008164392784237862, 0.013754444196820259, 0.0072995200753211975, 0.013218551874160767, 0.013290954753756523, 0.0009824549779295921], "(3, 10, 2, 2)": [-0.011452402919530869, -0.009466077201068401, -0.01072875689715147, -0.013660957105457783, -0.011833607219159603, -0.004038983024656773, -0.009096777066588402, -0.011480054818093777, -0.012830757535994053, -0.010545763187110424, -0.013573799282312393],