{"q_values": {"(1, 6, 2, 4)": [0.9991573691368103, 0.9971200227737427, 0.9991810321807861, 0.9991715550422668, 0.9988507032394409, 0.9991014003753662, 0.9990422129631042], "(1, 6, 1, 3)": [0.998712956905365, 0.9991208910942078, 0.994972288608551, 0.9983032941818237, 0.9994658827781677, 0.9971297979354858, 0.9975502490997314], "(1, 6, 2, 5)": [0.7255932688713074, 0.9993835091590881, 0.6617618799209595, 0.7948941588401794, 0.09361812472343445, 0.32108044624328613, 0.4415370225906372], "(1, 7, 2, 4)": [0.9986569285392761, 0.9985483288764954, 0.9989643692970276, 0.9986415505409241, 0.9984406232833862, 0.9986491203308105, 0.9986047148704529], "(1, 7, 1, 3)": [0.9988234043121338, 0.9989278316497803, 0.9985189437866211, 0.9990164637565613, 0.9989169836044312, 0.9989061951637268, 0.9987083077430725], "(1, 8, 2, 5)": [0.9895387887954712, 0.597920298576355, 0.9125736355781555, 0.4868531823158264, 0.6318170428276062, 0.8146925568580627, 0.7310808300971985], "(1, 9, 2, 5)": [0.5785117149353027, 0.44873422384262085, 0.7608546614646912, 0.7085343599319458, 0.9445827007293701, 0.8050519824028015, 0.6862776875495911], "(2, 4, 1, 4)": [0.4986816942691803, 0.9990250468254089, 0.04011152684688568, 0.15827743709087372, 0.33435389399528503, 0.3892216086387634, 0.35931921005249023], "(1, 1, 1, 3)": [0.32027527689933777, 0.2843613922595978, 0.8732062578201294, 0.3456774353981018, 0.3330765962600708, 0.5203540325164795, 0.25857582688331604], "(1, 1, 2, 4)": [0.6916072368621826, 0.006255626678466797, 0.22191759943962097, 0.11067189276218414, 0.05130879208445549, 0.0, 0.09144335240125656], "(2, 8, 1, 4)": [0.9997680187225342, 0.9983454346656799, 0.9714698791503906, 0.9910263419151306, 0.9833208322525024, 0.9946872591972351, 0.9967643022537231], "(2, 7, 1, 3)": [0.9991853833198547, 0.9995896816253662, 0.9997418522834778, 0.9997155666351318, 0.999596118927002, 0.9996932148933411, 0.9997743964195251], "(2, 7, 2, 4)": [0.9992408156394958, 0.9997495412826538, 0.9997729063034058, 0.9997566342353821, 0.9982210397720337, 0.9997464418411255, 0.9997366666793823], "(2, 7, 1, 4)": [0.9997758865356445, 0.9997054934501648, 0.9997369050979614, 0.9997120499610901, 0.9997138977050781, 0.9937834143638611, 0.9997289776802063], "(2, 8, 2, 4)": [0.9997704029083252, 0.9951858520507812, 0.9952933192253113, 0.9966757893562317, 0.9893374443054199, 0.9827480912208557, 0.9911127090454102], "(2, 8, 2, 5)": [0.9961178302764893, 0.5320440530776978, 0.7758790850639343, 0.7916392087936401, 0.7341402769088745, 0.6080542206764221, 0.46760663390159607], "(2, 9, 2, 4)": [0.9971508979797363, 0.8836868405342102, 0.9616561532020569, 0.943658709526062, 0.853825569152832, 0.9105552434921265, 0.8571630120277405], "(2, 9, 2, 5)": [0.9334369897842407, 0.6663137078285217, 0.7842426300048828, 0.7424817085266113, 0.5951310396194458, 0.5553561449050903, 0.5455414652824402], "(1, 8, 2, 3)": [0.12688523530960083, 0.31777501106262207, 0.9981687664985657, 0.3788996934890747, 0.3087063133716583, 0.5845400094985962, 0.017860308289527893], "(2, 3, 1, 3)": [0.9314633011817932, 0.9560171365737915, 0.9767741560935974, 0.963691771030426, 0.986294686794281, 0.9983574151992798, 0.9881681799888611], "(2, 3, 1, 4)": [0.0, 0.3214953541755676, 0.40968042612075806, 0.33057257533073425, 0.17539210617542267, 0.9991685748100281, 0.5576977729797363], "(1, 3, 2, 4)": [0.983378529548645, 0.9955346584320068, 0.9970669746398926, 0.9937604069709778, 0.9876279234886169, 0.9925682544708252, 0.9438899755477905], "(2, 3, 2, 4)": [0.9974187612533569, 0.9965767860412598, 0.9992436170578003, 0.995976984500885, 0.9989346861839294, 0.9998564124107361, 0.9866011142730713], "(2, 4, 2, 4)": [0.9998018741607666, 0.9997520446777344, 0.9997698068618774, 0.9998108744621277, 0.9997894763946533, 0.9999150633811951, 0.9986662864685059], "(2, 5, 2, 4)": [0.9998606443405151, 0.9999013543128967, 0.9996646046638489, 0.9976930022239685, 0.999894380569458, 0.9994648098945618, 0.999599039554596], "(2, 6, 2, 5)": [0.9981645345687866, 0.5487889051437378, 0.9858200550079346, 0.911941409111023, 0.9264123439788818, 0.7929072380065918, 0.9152157306671143], "(2, 6, 2, 4)": [0.9997920989990234, 0.9678160548210144, 0.9998400807380676, 0.9998306035995483, 0.9988506436347961, 0.999156653881073, 0.9981350302696228], "(2, 7, 2, 5)": [0.9997560381889343, 0.8469184637069702, 0.7266044616699219, 0.6150796413421631, 0.678499698638916, 0.5830565094947815, 0.7435070276260376], "(2, 10, 2, 5)": [0.18345975875854492, 0.4757126569747925, 0.0, 0.3003305196762085, 0.4185807704925537, 0.3878365159034729, 0.6590948700904846], "(2, 6, 1, 3)": [0.9998635649681091, 0.9999024868011475, 0.9998859167098999, 0.9998894333839417, 0.9999061226844788, 0.9998868703842163, 0.9998608827590942], "(2, 6, 1, 4)": [0.9996098279953003, 0.9997853636741638, 0.9996598362922668, 0.9994814991950989, 0.9981397390365601, 0.9998701810836792, 0.9973849058151245], "(2, 5, 1, 3)": [0.9998781085014343, 0.9997113347053528, 0.9998405575752258, 0.9998717308044434, 0.9998449087142944, 0.9994707107543945, 0.9996923804283142], "(2, 5, 1, 4)": [0.7219364643096924, 0.7308444380760193, 0.6486033797264099, 0.8023163080215454, 0.7150035500526428, 0.9397974610328674, 0.9994087815284729], "(1, 4, 1, 3)": [0.8972679376602173, 0.9961701035499573, 0.9901978969573975, 0.9975499510765076, 0.9888551235198975, 0.9590213894844055, 0.998866617679596], "(1, 5, 1, 3)": [0.9962079524993896, 0.9975749254226685, 0.997901439666748, 0.99903804063797, 0.9994727969169617, 0.9973850250244141, 0.9906054139137268], "(1, 4, 2, 4)": [0.9992443323135376, 0.9991402626037598, 0.9980767369270325, 0.9996287226676941, 0.9968112707138062, 0.9991166591644287, 0.9994349479675293], "(1, 3, 1, 3)": [0.9407858848571777, 0.8701918125152588, 0.9233325719833374, 0.942116916179657, 0.9482435584068298, 0.9033286571502686, 0.99606853723526], "(1, 4, 2, 3)": [0.986068844795227, 0.9875969886779785, 0.9374145269393921, 0.8714452981948853, 0.9704777598381042, 0.9993211030960083, 0.8025177121162415], "(1, 5, 2, 4)": [0.9994765520095825, 0.9987543225288391, 0.9994215965270996, 0.9994519352912903, 0.9994177222251892, 0.999485433101654, 0.9993674159049988], "(1, 5, 2, 5)": [0.6384073495864868, 0.999476432800293, 0.6603564620018005, 0.802190899848938, 0.33647486567497253, 0.4015842378139496, 0.48109835386276245], "(2, 7, 2, 3)": [0.9801257252693176, 0.8969779014587402, 0.9764990210533142, 0.9906259775161743, 0.9846470952033997, 0.9948813915252686, 0.9997937679290771], "(2, 8, 1, 3)": [0.9994958639144897, 0.9997770190238953, 0.999626874923706, 0.999350905418396, 0.9995027184486389, 0.9995201230049133, 0.9994500875473022], "(2, 4, 1, 3)": [0.9909952878952026, 0.9966847896575928, 0.9988645911216736, 0.9994344711303711, 0.9993136525154114, 0.999844491481781, 0.9986119270324707], "(2, 3, 1, 2)": [0.4607112407684326, 0.4609537720680237, 0.5811265110969543, 0.6267172694206238, 0.4494754672050476, 0.9476101398468018, 0.30572429299354553], "(1, 3, 1, 2)": [0.4219774007797241, 0.415559321641922, 0.5807555913925171, 0.3715194761753082, 0.7181877493858337, 0.4958488345146179, 0.4129340946674347], "(1, 2, 1, 2)": [0.25592127442359924, 0.32839176058769226, 0.4333345890045166, 0.16470114886760712, 0.5023469924926758, 0.3132827877998352, 0.4203453063964844], "(2, 5, 1, 2)": [0.8182449340820312, 0.5812743902206421, 0.5174248814582825, 0.5162631869316101, 0.8193988800048828, 0.8287200927734375, 0.9999012351036072], "(2, 4, 1, 2)": [0.38189220428466797, 0.7475013732910156, 0.6506641507148743, 0.6390262842178345, 0.7279435396194458, 0.5235880613327026, 0.9638813138008118], "(2, 2, 1, 3)": [0.6347010135650635, 0.31540295481681824, 0.7924076914787292, 0.6824827194213867, 0.8080801367759705, 0.9431074857711792, 0.9929054379463196], "(2, 1, 1, 3)": [0.8514838814735413, 0.4012281596660614, 0.054518941789865494, 0.14193232357501984, 0.08742077648639679, 0.043420348316431046, 0.014380160719156265],