{"q_values": {"(1, 6, 2, 4)": [0.9992917776107788, 0.9993598461151123, 0.9987464547157288, 0.9992156624794006, 0.999100923538208, 0.9991229176521301, 0.9993090629577637], "(1, 6, 1, 3)": [0.9992828369140625, 0.9986602067947388, 0.9992875456809998, 0.9989936351776123, 0.9994564056396484, 0.9972696900367737, 0.9992150664329529], "(1, 6, 2, 5)": [0.7255932688713074, 0.9993836283683777, 0.8340359330177307, 0.899240255355835, 0.36541691422462463, 0.5246180891990662, 0.7257540822029114], "(1, 7, 2, 4)": [0.9974239468574524, 0.9984143376350403, 0.9981727004051208, 0.9979702830314636, 0.9965538382530212, 0.9973775744438171, 0.9976028800010681], "(1, 7, 1, 3)": [0.9982790946960449, 0.9991785287857056, 0.9993455410003662, 0.9987480044364929, 0.9958339929580688, 0.9970880746841431, 0.9985915422439575], "(1, 8, 2, 5)": [0.9964917898178101, 0.7988330125808716, 0.9125736355781555, 0.6395179033279419, 0.7404105067253113, 0.8146925568580627, 0.7310808300971985], "(1, 9, 2, 5)": [0.5785117149353027, 0.44873422384262085, 0.7608546614646912, 0.7811160087585449, 0.9105047583580017, 0.8050519824028015, 0.6862776875495911], "(2, 4, 1, 4)": [0.6490128636360168, 0.9996460676193237, 0.32794684171676636, 0.4106152653694153, 0.5339922308921814, 0.5724204778671265, 0.5514957308769226], "(1, 1, 1, 3)": [0.5148048400878906, 0.2843613922595978, 0.9530510306358337, 0.5187897682189941, 0.3330765962600708, 0.5203540325164795, 0.25857582688331604], "(1, 1, 2, 4)": [0.6916072368621826, 0.006255626678466797, 0.22191759943962097, 0.11067189276218414, 0.05130879208445549, 0.0, 0.09144335240125656], "(2, 8, 1, 4)": [0.999825656414032, 0.9994369745254517, 0.9900944232940674, 0.9983503222465515, 0.9972800612449646, 0.9993979930877686, 0.9990024566650391], "(2, 7, 1, 3)": [0.9993532299995422, 0.9996525049209595, 0.99957275390625, 0.9998957514762878, 0.9997969269752502, 0.9995570182800293, 0.9993370771408081], "(2, 7, 2, 4)": [0.9996486306190491, 0.9996746182441711, 0.9997284412384033, 0.9997276067733765, 0.9997338652610779, 0.9997443556785583, 0.9997588992118835], "(2, 7, 1, 4)": [0.999896764755249, 0.999715268611908, 0.999862551689148, 0.9998619556427002, 0.9998656511306763, 0.9998661279678345, 0.999822735786438], "(2, 8, 2, 4)": [0.9998093843460083, 0.9990214109420776, 0.9978888630867004, 0.9989616870880127, 0.997076153755188, 0.9983729124069214, 0.9988415241241455], "(2, 8, 2, 5)": [0.999738872051239, 0.5320440530776978, 0.7758790850639343, 0.7916392087936401, 0.8136349320411682, 0.6080542206764221, 0.46760663390159607], "(2, 9, 2, 4)": [0.9982414841651917, 0.8836868405342102, 0.9616561532020569, 0.943658709526062, 0.853825569152832, 0.9105552434921265, 0.8571630120277405], "(2, 9, 2, 5)": [0.9334369897842407, 0.6663137078285217, 0.7842426300048828, 0.7424817085266113, 0.5951310396194458, 0.5553561449050903, 0.5455414652824402], "(1, 8, 2, 3)": [0.12688523530960083, 0.5223163366317749, 0.9992722868919373, 0.3788996934890747, 0.3087063133716583, 0.5845400094985962, 0.017860308289527893], "(2, 3, 1, 3)": [0.9314633011817932, 0.9560171365737915, 0.9767741560935974, 0.963691771030426, 0.9897840619087219, 0.9995359778404236, 0.9916495084762573], "(2, 3, 1, 4)": [0.0, 0.3214953541755676, 0.40968042612075806, 0.33057257533073425, 0.17539210617542267, 0.9993103742599487, 0.5576977729797363], "(1, 3, 2, 4)": [0.9992634057998657, 0.9988760352134705, 0.9997265338897705, 0.998894214630127, 0.9973664879798889, 0.9989666938781738, 0.9862210154533386], "(2, 3, 2, 4)": [0.9973878264427185, 0.9983320236206055, 0.9974714517593384, 0.997234046459198, 0.99079430103302, 0.9967146515846252, 0.9999179244041443], "(2, 4, 2, 4)": [0.9998485445976257, 0.9991422891616821, 0.9999134540557861, 0.9906506538391113, 0.9998929500579834, 0.9999387860298157, 0.9998326301574707], "(2, 5, 2, 4)": [0.9999275207519531, 0.9999396204948425, 0.9933722019195557, 0.999896228313446, 0.9999262690544128, 0.9998753666877747, 0.9999271631240845], "(2, 6, 2, 5)": [0.9993337392807007, 0.9240660071372986, 0.9998869895935059, 0.9895350933074951, 0.9639021754264832, 0.9643430113792419, 0.9583669900894165], "(2, 6, 2, 4)": [0.9999051690101624, 0.9998794198036194, 0.9998816847801208, 0.9998874068260193, 0.9998676180839539, 0.9998741149902344, 0.999872088432312], "(2, 7, 2, 5)": [0.9997978210449219, 0.9248843193054199, 0.7266044616699219, 0.7304973006248474, 0.678499698638916, 0.7081096172332764, 0.8204204440116882], "(2, 10, 2, 5)": [0.18345975875854492, 0.4757126569747925, 0.0, 0.3003305196762085, 0.4185807704925537, 0.3878365159034729, 0.6590948700904846], "(2, 6, 1, 3)": [0.9997738599777222, 0.9997865557670593, 0.9995153546333313, 0.999856173992157, 0.9996958374977112, 0.9999123215675354, 0.9997990727424622], "(2, 6, 1, 4)": [0.9999140501022339, 0.9998980164527893, 0.9998979568481445, 0.9998964071273804, 0.9998002052307129, 0.9998856782913208, 0.9998703002929688], "(2, 5, 1, 3)": [0.9998698234558105, 0.9998814463615417, 0.99992835521698, 0.9999256730079651, 0.9999217987060547, 0.9999371767044067, 0.9999070167541504], "(2, 5, 1, 4)": [0.8636878132820129, 0.8680261969566345, 0.6486033797264099, 0.8615816831588745, 0.9315018057823181, 0.9792380928993225, 0.999927818775177], "(1, 4, 1, 3)": [0.9992034435272217, 0.9988680481910706, 0.989374041557312, 0.9942519664764404, 0.9996310472488403, 0.9991275668144226, 0.9976599216461182], "(1, 5, 1, 3)": [0.9994595646858215, 0.9992050528526306, 0.9995220899581909, 0.9995795488357544, 0.999092161655426, 0.9988241195678711, 0.9995265603065491], "(1, 4, 2, 4)": [0.9996801614761353, 0.9996755719184875, 0.9997780919075012, 0.9996833801269531, 0.9996740818023682, 0.9996893405914307, 0.9996960163116455], "(1, 3, 1, 3)": [0.9784865975379944, 0.9774271249771118, 0.9950969815254211, 0.9792386889457703, 0.9734652042388916, 0.9763846397399902, 0.9997284412384033], "(1, 4, 2, 3)": [0.9995088577270508, 0.9995301961898804, 0.999616265296936, 0.9996980428695679, 0.9996934533119202, 0.9997317790985107, 0.9995986819267273], "(1, 5, 2, 4)": [0.9995843172073364, 0.9996238350868225, 0.9996019601821899, 0.9995320439338684, 0.9995800852775574, 0.9995877742767334, 0.999567449092865], "(1, 5, 2, 5)": [0.746748149394989, 0.9996732473373413, 0.6603564620018005, 0.802190899848938, 0.33647486567497253, 0.4015842378139496, 0.6366778612136841], "(2, 7, 2, 3)": [0.9930891990661621, 0.975178599357605, 0.9971221685409546, 0.9983384013175964, 0.9986194968223572, 0.9908904433250427, 0.9996891021728516], "(2, 8, 1, 3)": [0.9973413944244385, 0.9996651411056519, 0.9999059438705444, 0.9995667338371277, 0.999569833278656, 0.9993141889572144, 0.9991735219955444], "(2, 4, 1, 3)": [0.982077419757843, 0.9996810555458069, 0.9978611469268799, 0.9997086524963379, 0.9996465444564819, 0.9996610879898071, 0.9999206066131592], "(2, 3, 1, 2)": [0.4607112407684326, 0.4609537720680237, 0.5811265110969543, 0.6267172694206238, 0.4494754672050476, 0.9287623763084412, 0.30572429299354553], "(1, 3, 1, 2)": [0.4219774007797241, 0.415559321641922, 0.5807555913925171, 0.3715194761753082, 0.8020790815353394, 0.4958488345146179, 0.4129340946674347], "(1, 2, 1, 2)": [0.25592127442359924, 0.32839176058769226, 0.4333345890045166, 0.16470114886760712, 0.5023469924926758, 0.3132827877998352, 0.4203453063964844], "(2, 5, 1, 2)": [0.9025006890296936, 0.5812743902206421, 0.6621582508087158, 0.5162631869316101, 0.9565062522888184, 0.8800479173660278, 0.9989490509033203], "(2, 4, 1, 2)": [0.550236165523529, 0.8223352432250977, 0.7495936155319214, 0.6390262842178345, 0.8095194697380066, 0.5235880613327026, 0.9688411355018616], "(2, 2, 1, 3)": [0.8990713953971863, 0.5194305777549744, 0.7924076914787292, 0.6824827194213867, 0.8080801367759705, 0.9753573536872864, 0.9820138812065125], "(2, 1, 1, 3)": [0.9556613564491272, 0.4012281596660614, 0.054518941789865494, 0.14193232357501984, 0.08742077648639679, 0.043420348316431046, 0.014380160719156265],