{"q_values": {"(1, 6, 2, 4)": [0.9994526505470276, 0.9994020462036133, 0.9993786811828613, 0.9992518424987793, 0.9977045655250549, 0.9990922808647156, 0.9960739612579346], "(1, 6, 1, 3)": [0.9994835257530212, 0.9904190301895142, 0.9995607137680054, 0.9994094371795654, 0.9994529485702515, 0.9994916915893555, 0.9994397163391113], "(1, 6, 2, 5)": [0.7255932688713074, 0.9962488412857056, 0.5169754028320312, 0.7073988914489746, 0.09361812472343445, 0.32108044624328613, 0.20224082469940186], "(1, 7, 2, 4)": [0.9987461566925049, 0.9987686276435852, 0.9983822107315063, 0.9988368153572083, 0.998465359210968, 0.9988281726837158, 0.997997522354126], "(1, 7, 1, 3)": [0.9975188374519348, 0.9987903833389282, 0.9983384013175964, 0.999470055103302, 0.9993873834609985, 0.9993410706520081, 0.9993558526039124], "(1, 8, 2, 5)": [0.9965079426765442, 0.597920298576355, 0.9125736355781555, 0.4868531823158264, 0.6318170428276062, 0.8146925568580627, 0.5093015432357788], "(1, 9, 2, 5)": [0.515617311000824, 0.44873422384262085, 0.6712726950645447, 0.7085343599319458, 0.9421935677528381, 0.7496395707130432, 0.6862776875495911], "(2, 4, 1, 4)": [0.4986816942691803, 0.9989606738090515, 0.04011152684688568, 0.15827743709087372, 0.33435389399528503, 0.3892216086387634, 0.35931921005249023], "(1, 1, 1, 3)": [0.32027527689933777, 0.2843613922595978, 0.8732062578201294, 0.3456774353981018, 0.3330765962600708, 0.5203540325164795, 0.25857582688331604], "(1, 1, 2, 4)": [0.6128638982772827, 0.006255626678466797, 0.22191759943962097, 0.11067189276218414, 0.05130879208445549, 0.0, 0.09144335240125656], "(2, 8, 1, 4)": [0.9997361898422241, 0.9875467419624329, 0.9714698791503906, 0.9742569923400879, 0.9662185311317444, 0.9786757230758667, 0.9836248159408569], "(2, 7, 1, 3)": [0.9996387362480164, 0.9993705749511719, 0.9994955658912659, 0.9997583031654358, 0.9997310042381287, 0.9996922016143799, 0.9998061656951904], "(2, 7, 2, 4)": [0.9997782111167908, 0.9997683763504028, 0.9997419118881226, 0.9996549487113953, 0.9996936917304993, 0.9996126294136047, 0.9969655871391296], "(2, 7, 1, 4)": [0.9998056888580322, 0.9995800256729126, 0.9991739392280579, 0.9994180798530579, 0.9997671246528625, 0.9996945858001709, 0.9980728030204773], "(2, 8, 2, 4)": [0.9997215867042542, 0.9932419061660767, 0.9817396998405457, 0.987182080745697, 0.9787569046020508, 0.9758133888244629, 0.9614500999450684], "(2, 8, 2, 5)": [0.9724067449569702, 0.5320440530776978, 0.7758790850639343, 0.7916392087936401, 0.6599122285842896, 0.6080542206764221, 0.46760663390159607], "(2, 9, 2, 4)": [0.9935477375984192, 0.8836868405342102, 0.9476731419563293, 0.943658709526062, 0.853825569152832, 0.9105552434921265, 0.8571630120277405], "(2, 9, 2, 5)": [0.9064030051231384, 0.6663137078285217, 0.7842426300048828, 0.7424817085266113, 0.5951310396194458, 0.5553561449050903, 0.5455414652824402], "(1, 8, 2, 3)": [0.12688523530960083, 0.31777501106262207, 0.9977259635925293, 0.3788996934890747, 0.012949066236615181, 0.5845400094985962, 0.017860308289527893], "(2, 3, 1, 3)": [0.9314633011817932, 0.9560171365737915, 0.9767741560935974, 0.963691771030426, 0.986294686794281, 0.998649537563324, 0.9881681799888611], "(2, 3, 1, 4)": [0.0, 0.3214953541755676, 0.40968042612075806, 0.33057257533073425, 0.17539210617542267, 0.9973753094673157, 0.5576977729797363], "(1, 3, 2, 4)": [0.9582526683807373, 0.9891790151596069, 0.995857834815979, 0.9866277575492859, 0.9372640252113342, 0.9816125631332397, 0.9438899755477905], "(2, 3, 2, 4)": [0.9974187612533569, 0.9965767860412598, 0.998416543006897, 0.995976984500885, 0.9961901903152466, 0.9996321797370911, 0.9967260360717773], "(2, 4, 2, 4)": [0.9996625781059265, 0.9996564984321594, 0.9997288584709167, 0.9997627139091492, 0.9996132850646973, 0.999716579914093, 0.9998471736907959], "(2, 5, 2, 4)": [0.9998366832733154, 0.9997900724411011, 0.9998345971107483, 0.9998437166213989, 0.99985271692276, 0.999839723110199, 0.9998396039009094], "(2, 6, 2, 5)": [0.9998394846916199, 0.5487889051437378, 0.9588557481765747, 0.8742482662200928, 0.8949205875396729, 0.7042102813720703, 0.8789350390434265], "(2, 6, 2, 4)": [0.9998493194580078, 0.9998365044593811, 0.9998321533203125, 0.9998306632041931, 0.9998329281806946, 0.9998317956924438, 0.9998321533203125], "(2, 7, 2, 5)": [0.9997529983520508, 0.8469184637069702, 0.7266044616699219, 0.6150796413421631, 0.678499698638916, 0.5830565094947815, 0.7435070276260376], "(2, 10, 2, 5)": [0.18345975875854492, 0.4757126569747925, 0.0, 0.3003305196762085, 0.4185807704925537, 0.3878365159034729, 0.6590948700904846], "(2, 6, 1, 3)": [0.9998350739479065, 0.9997997879981995, 0.9996519684791565, 0.999813973903656, 0.9998494982719421, 0.9998437762260437, 0.9998379349708557], "(2, 6, 1, 4)": [0.9994065761566162, 0.9994731545448303, 0.9994195103645325, 0.998248279094696, 0.9894798398017883, 0.9998295903205872, 0.9894437193870544], "(2, 5, 1, 3)": [0.9997807741165161, 0.999194324016571, 0.9993999600410461, 0.9998026490211487, 0.999809741973877, 0.9997321963310242, 0.9998244047164917], "(2, 5, 1, 4)": [0.7219364643096924, 0.7308444380760193, 0.6486033797264099, 0.8023163080215454, 0.7150035500526428, 0.9140425324440002, 0.9998452067375183], "(1, 4, 1, 3)": [0.9189718961715698, 0.972881019115448, 0.9721891283988953, 0.9815714955329895, 0.9362801313400269, 0.9988256096839905, 0.9260513782501221], "(1, 5, 1, 3)": [0.9993613958358765, 0.9989078044891357, 0.9991589784622192, 0.9991100430488586, 0.9988204836845398, 0.9894400238990784, 0.9978052973747253], "(1, 4, 2, 4)": [0.9922743439674377, 0.9932972192764282, 0.9868624806404114, 0.9963753819465637, 0.9879568219184875, 0.9994660019874573, 0.9956212639808655], "(1, 3, 1, 3)": [0.9172471165657043, 0.8701918125152588, 0.8923083543777466, 0.8872480392456055, 0.8995900750160217, 0.9033286571502686, 0.9938684701919556], "(1, 4, 2, 3)": [0.9602265954017639, 0.9498770236968994, 0.8182716369628906, 0.8164975643157959, 0.9401828646659851, 0.9990577697753906, 0.8025177121162415], "(1, 5, 2, 4)": [0.999068558216095, 0.999465823173523, 0.9993586540222168, 0.9994988441467285, 0.9977080225944519, 0.9993352890014648, 0.9994270205497742], "(1, 5, 2, 5)": [0.6384073495864868, 0.9994146823883057, 0.5149858593940735, 0.7177586555480957, 0.33647486567497253, 0.4015842378139496, 0.48109835386276245], "(2, 7, 2, 3)": [0.9716994762420654, 0.7899525761604309, 0.9522389769554138, 0.8882715702056885, 0.9556137919425964, 0.93999183177948, 0.999807596206665], "(2, 8, 1, 3)": [0.9976145029067993, 0.997894823551178, 0.9997442364692688, 0.9994874000549316, 0.9983338713645935, 0.997883677482605, 0.9980461597442627], "(2, 4, 1, 3)": [0.9909952878952026, 0.9966847896575928, 0.9988645911216736, 0.9992483258247375, 0.9990739822387695, 0.9991382956504822, 0.9998133778572083], "(2, 3, 1, 2)": [0.4607112407684326, 0.4609537720680237, 0.5811265110969543, 0.504510760307312, 0.4494754672050476, 0.9572901725769043, 0.30572429299354553], "(1, 3, 1, 2)": [0.4219774007797241, 0.415559321641922, 0.49920207262039185, 0.3715194761753082, 0.7687343955039978, 0.4958488345146179, 0.4129340946674347], "(1, 2, 1, 2)": [0.25592127442359924, 0.32839176058769226, 0.4333345890045166, 0.16470114886760712, 0.5023469924926758, 0.3132827877998352, 0.5962076187133789], "(2, 5, 1, 2)": [0.740427553653717, 0.40188169479370117, 0.31068864464759827, 0.5162631869316101, 0.6315490007400513, 0.8287200927734375, 0.9997867345809937], "(2, 4, 1, 2)": [0.38189220428466797, 0.6397342681884766, 0.6506641507148743, 0.5024443864822388, 0.7279435396194458, 0.5235880613327026, 0.9902040958404541], "(2, 2, 1, 3)": [0.6347010135650635, 0.31540295481681824, 0.7924076914787292, 0.6824827194213867, 0.8080801367759705, 0.9431074857711792, 0.9929054379463196], "(2, 1, 1, 3)": [0.8514838814735413, 0.4012281596660614, 0.054518941789865494, 0.14193232357501984, 0.08742077648639679, 0.043420348316431046, 0.014380160719156265],