{"q_values": {"(1, 6, 2, 4)": [0.9451998472213745, 0.9394620656967163, 0.9598342776298523, 0.9825092554092407, 0.9625288248062134, 0.9186238646507263, 0.9357303380966187], "(1, 6, 1, 3)": [0.8976197242736816, 0.9496784210205078, 0.9295000433921814, 0.9297996759414673, 0.9512089490890503, 0.9312242269515991, 0.9456369280815125], "(1, 6, 2, 5)": [0.4423119127750397, 0.8426558375358582, 0.01977841928601265, 0.4035884439945221, 0.09361812472343445, 0.32108044624328613, 0.20224082469940186], "(1, 7, 2, 4)": [0.9745140671730042, 0.9858920574188232, 0.9801920652389526, 0.9805309176445007, 0.9787051677703857, 0.9711379408836365, 0.9789242148399353], "(1, 7, 1, 3)": [0.9841569662094116, 0.9841871857643127, 0.9835065007209778, 0.9844332933425903, 0.9839157462120056, 0.9834969639778137, 0.9863478541374207], "(1, 8, 2, 5)": [0.9820703864097595, 0.597920298576355, 0.5838891267776489, 0.4868531823158264, 0.4796678423881531, 0.6207864284515381, 0.053301725536584854], "(1, 9, 2, 5)": [0.3239728808403015, 0.2542811334133148, 0.3833259344100952, 0.24127018451690674, 0.5180699825286865, 0.39323270320892334, 0.7684704661369324], "(2, 4, 1, 4)": [0.2925911843776703, 0.7968349456787109, 0.04011152684688568, 0.15827743709087372, 0.33435389399528503, 0.3892216086387634, 0.08604929596185684], "(1, 1, 1, 3)": [0.32027527689933777, 0.2843613922595978, 0.6048546433448792, 0.3456774353981018, 0.3330765962600708, 0.4377598762512207, 0.25857582688331604], "(1, 1, 2, 4)": [0.27238231897354126, 0.006255626678466797, 0.22191759943962097, 0.11067189276218414, 0.05130879208445549, 0.0, 0.09144335240125656], "(2, 8, 1, 4)": [0.9609955549240112, 0.9387853741645813, 0.9551535248756409, 0.9491318464279175, 0.928062915802002, 0.9539381265640259, 0.9336950182914734], "(2, 7, 1, 3)": [0.9040564298629761, 0.9260773658752441, 0.9325029850006104, 0.9353399276733398, 0.9395539164543152, 0.94375079870224, 0.95758056640625], "(2, 7, 2, 4)": [0.8890179395675659, 0.9345916509628296, 0.928324818611145, 0.9562461972236633, 0.9324938654899597, 0.9383927583694458, 0.9388201236724854], "(2, 7, 1, 4)": [0.9195027947425842, 0.829244077205658, 0.8718093037605286, 0.8517562747001648, 0.951788604259491, 0.8683621287345886, 0.8673087954521179], "(2, 8, 2, 4)": [0.9598082304000854, 0.9349840879440308, 0.9372692108154297, 0.9423423409461975, 0.9320420622825623, 0.8976527452468872, 0.930870771408081], "(2, 8, 2, 5)": [0.9232895970344543, 0.5320440530776978, 0.7758790850639343, 0.6386581063270569, 0.6599122285842896, 0.6080542206764221, 0.46760663390159607], "(2, 9, 2, 4)": [0.8587878346443176, 0.8317194581031799, 0.8758387565612793, 0.8520675301551819, 0.853825569152832, 0.8257137537002563, 0.8103064894676208], "(2, 9, 2, 5)": [0.8179966807365417, 0.6663137078285217, 0.7071739435195923, 0.6850351095199585, 0.5951310396194458, 0.5553561449050903, 0.5455414652824402], "(1, 8, 2, 3)": [0.12688523530960083, 0.31777501106262207, 0.9792594909667969, 0.3788996934890747, 0.012949066236615181, 0.4127708077430725, 0.017860308289527893], "(2, 3, 1, 3)": [0.6992348432540894, 0.6686990261077881, 0.5324548482894897, 0.7503756284713745, 0.7871091365814209, 0.9788256287574768, 0.588955819606781], "(2, 3, 1, 4)": [0.0, 0.0336790531873703, 0.1642957627773285, 0.05021025985479355, 0.17539210617542267, 0.9094990491867065, 0.09924095869064331], "(1, 3, 2, 4)": [0.8282291889190674, 0.8405415415763855, 0.8272683620452881, 0.8928547501564026, 0.9366361498832703, 0.886326789855957, 0.886604368686676], "(2, 3, 2, 4)": [0.9675049185752869, 0.9797204732894897, 0.9803673028945923, 0.9799954891204834, 0.9841888546943665, 0.981717586517334, 0.9800038933753967], "(2, 4, 2, 4)": [0.9862039089202881, 0.9853683710098267, 0.9779707789421082, 0.9857496023178101, 0.9869974851608276, 0.9866465330123901, 0.9857189655303955], "(2, 5, 2, 4)": [0.9856279492378235, 0.9802496433258057, 0.9709827899932861, 0.9799906611442566, 0.9797375798225403, 0.9780776500701904, 0.9715569615364075], "(2, 6, 2, 5)": [0.9541971683502197, 0.3555212616920471, 0.7578896284103394, 0.47868022322654724, 0.5669245719909668, 0.3965398073196411, 0.5843595266342163], "(2, 6, 2, 4)": [0.9676605463027954, 0.9502035975456238, 0.9537487626075745, 0.9568524360656738, 0.9556041955947876, 0.9514090418815613, 0.9334583282470703], "(2, 7, 2, 5)": [0.8974912166595459, 0.6879257559776306, 0.6374658346176147, 0.450221449136734, 0.678499698638916, 0.5830565094947815, 0.5041171312332153], "(2, 10, 2, 5)": [0.18345975875854492, 0.4757126569747925, 0.0, 0.3003305196762085, 0.4185807704925537, 0.3878365159034729, 0.5296061635017395], "(2, 6, 1, 3)": [0.9565377235412598, 0.9502419829368591, 0.975509762763977, 0.9484791159629822, 0.9577434062957764, 0.9612623453140259, 0.9574503898620605], "(2, 6, 1, 4)": [0.7419027090072632, 0.3841777443885803, 0.3544374406337738, 0.05094467103481293, 0.28607064485549927, 0.9377486705780029, 0.2693389654159546], "(2, 5, 1, 3)": [0.9777346849441528, 0.9785681366920471, 0.965388834476471, 0.9774444103240967, 0.9846785068511963, 0.9769449234008789, 0.9735991358757019], "(2, 5, 1, 4)": [0.44130939245224, 0.22226300835609436, 0.284877747297287, 0.42670851945877075, 0.4189332127571106, 0.3144091069698334, 0.9619279503822327], "(1, 4, 1, 3)": [0.7799669504165649, 0.7233818173408508, 0.8370130062103271, 0.7402642965316772, 0.7121872901916504, 0.9283440113067627, 0.7634599804878235], "(1, 5, 1, 3)": [0.7904601097106934, 0.8163537979125977, 0.8023554086685181, 0.8373963236808777, 0.7880724668502808, 0.8811042308807373, 0.9635124802589417], "(1, 4, 2, 4)": [0.8691355586051941, 0.8992674350738525, 0.8839343786239624, 0.9599332809448242, 0.8740320205688477, 0.9025985598564148, 0.8943663835525513], "(1, 3, 1, 3)": [0.7720434665679932, 0.7746062874794006, 0.705822229385376, 0.7217650413513184, 0.6460106372833252, 0.7251666188240051, 0.9235841631889343], "(1, 4, 2, 3)": [0.9069778919219971, 0.7489784955978394, 0.7478770017623901, 0.652380108833313, 0.7298802137374878, 0.7744275331497192, 0.7252877950668335], "(1, 5, 2, 4)": [0.9378433227539062, 0.9111835956573486, 0.8368357419967651, 0.941605806350708, 0.9821439385414124, 0.9027758240699768, 0.8871195316314697], "(1, 5, 2, 5)": [0.2679111361503601, 0.8407398462295532, 0.017859462648630142, 0.42528820037841797, 0.33647486567497253, 0.1455516815185547, 0.2598302662372589], "(2, 7, 2, 3)": [0.5808408260345459, 0.40595686435699463, 0.5964542031288147, 0.5376420617103577, 0.7401383519172668, 0.7577294111251831, 0.8956204652786255], "(2, 8, 1, 3)": [0.9557121396064758, 0.957795262336731, 0.9530327320098877, 0.9509609937667847, 0.9583024382591248, 0.9568145275115967, 0.9415409564971924], "(2, 4, 1, 3)": [0.8796030879020691, 0.9672234058380127, 0.9725695848464966, 0.960827112197876, 0.9624624252319336, 0.9725682139396667, 0.9862817525863647], "(2, 3, 1, 2)": [0.20403450727462769, 0.08173219859600067, 0.04412553086876869, 0.13656285405158997, 0.22743743658065796, 0.7894949316978455, 0.015274603851139545], "(1, 3, 1, 2)": [0.4219774007797241, 0.3364080786705017, 0.49920207262039185, 0.3715194761753082, 0.6868842244148254, 0.4958488345146179, 0.4129340946674347], "(1, 2, 1, 2)": [0.25592127442359924, 0.3325722813606262, 0.4333345890045166, 0.16470114886760712, 0.5023469924926758, 0.3132827877998352, 0.508039116859436], "(2, 5, 1, 2)": [0.2600102424621582, 0.14563848078250885, 0.015525642782449722, 0.021185336634516716, 0.2495221048593521, 0.2923363745212555, 0.9246392846107483], "(2, 4, 1, 2)": [0.1560196876525879, 0.03842177614569664, 0.0, 0.29053211212158203, 0.2204819619655609, 0.03638652712106705, 0.9638389348983765], "(2, 2, 1, 3)": [0.5543034076690674, 0.31540295481681824, 0.34634390473365784, 0.36324915289878845, 0.4859338402748108, 0.565957248210907, 0.9456983804702759], "(2, 1, 1, 3)": [0.7487672567367554, 0.16285447776317596, 0.054518941789865494, 0.14193232357501984, 0.08742077648639679, 0.043420348316431046, 0.014380160719156265],