{"q_values": {"(1, 6, 2, 4)": [0.2902887761592865, 0.22627386450767517, 0.22318485379219055, 0.20075035095214844, 0.20654989778995514, 0.16003385186195374, 0.19125144183635712], "(1, 6, 1, 3)": [0.2810122072696686, 0.2514299750328064, 0.28145384788513184, 0.30219143629074097, 0.2654154598712921, 0.2797451317310333, 0.26970311999320984], "(1, 6, 2, 5)": [0.02974577248096466, 0.1317366361618042, 0.01977841928601265, 0.021024318411946297, 0.04490672051906586, 0.035475846379995346, 0.022664226591587067], "(1, 7, 2, 4)": [0.20016595721244812, 0.12091244757175446, 0.1324862688779831, 0.14966048300266266, 0.12047141790390015, 0.11442126333713531, 0.12239967286586761], "(1, 7, 1, 3)": [0.25696396827697754, 0.2585335373878479, 0.25912895798683167, 0.21043291687965393, 0.2231341004371643, 0.2563484013080597, 0.14131933450698853], "(1, 8, 2, 5)": [0.06898340582847595, 0.08035377413034439, 0.06685532629489899, 0.015963079407811165, 0.00868858303874731, 0.003000000026077032, 0.02111617475748062], "(1, 9, 2, 5)": [0.05740636587142944, -0.006000000052154064, 0.059213072061538696, 0.030357055366039276, 0.07588651776313782, 0.03880378231406212, 0.0131304282695055], "(2, 4, 1, 4)": [0.05053998902440071, 0.14069631695747375, 0.04011152684688568, 0.0604967325925827, 0.05230676010251045, 0.036092616617679596, 0.08604929596185684], "(1, 1, 1, 3)": [0.05534057691693306, 0.15784971415996552, 0.09492505341768265, 0.16095338761806488, 0.0813673734664917, 0.08423230051994324, 0.07635845243930817], "(1, 1, 2, 4)": [0.06231705844402313, 0.006255626678466797, 0.09826316684484482, 0.016221148893237114, 0.05130879208445549, 0.0, 0.09144335240125656], "(2, 8, 1, 4)": [0.1645561009645462, 0.14029046893119812, 0.16100256145000458, 0.13463255763053894, 0.2273186445236206, 0.14378313720226288, 0.17104707658290863], "(2, 7, 1, 3)": [0.21498927474021912, 0.14642184972763062, 0.13619932532310486, 0.1731703132390976, 0.19637565314769745, 0.16133911907672882, 0.22127845883369446], "(2, 7, 2, 4)": [0.23883531987667084, 0.22527219355106354, 0.24172262847423553, 0.23629359900951385, 0.25885844230651855, 0.23579032719135284, 0.23508518934249878], "(2, 7, 1, 4)": [0.05866974964737892, 0.09521783888339996, 0.00497795082628727, 0.04326815903186798, 0.2060289978981018, 0.039808277040719986, 0.06998379528522491], "(2, 8, 2, 4)": [0.214481920003891, 0.21661819517612457, 0.20849338173866272, 0.21401479840278625, 0.22271044552326202, 0.21433643996715546, 0.20226745307445526], "(2, 8, 2, 5)": [0.20472101867198944, 0.165542870759964, 0.17228955030441284, 0.09379322826862335, 0.13632208108901978, 0.13722966611385345, 0.1531088948249817], "(2, 9, 2, 4)": [0.19331040978431702, 0.2073381245136261, 0.21826161444187164, 0.1981850266456604, 0.19729533791542053, 0.20321491360664368, 0.15270738303661346], "(2, 9, 2, 5)": [0.11725850403308868, 0.11395356059074402, 0.1232023760676384, 0.13850177824497223, 0.11316284537315369, 0.05181382969021797, 0.19524899125099182], "(1, 8, 2, 3)": [0.12688523530960083, 0.03658907115459442, 0.05153381824493408, 0.022504106163978577, 0.012949066236615181, 0.014326861128211021, 0.017860308289527893], "(2, 3, 1, 3)": [0.16793370246887207, 0.1413528025150299, 0.1810186803340912, 0.14161626994609833, 0.17368373274803162, 0.15435203909873962, 0.22943350672721863], "(2, 3, 1, 4)": [0.0, 0.0336790531873703, 0.0, 0.05021025985479355, 0.03602353110909462, 0.1344141811132431, 0.09924095869064331], "(1, 3, 2, 4)": [0.2809465825557709, 0.22625645995140076, 0.24737082421779633, 0.2704043686389923, 0.25740182399749756, 0.2520110011100769, 0.1834738403558731], "(2, 3, 2, 4)": [0.22174237668514252, 0.20497353374958038, 0.2230023890733719, 0.2564713656902313, 0.2322038859128952, 0.22301462292671204, 0.2201673686504364], "(2, 4, 2, 4)": [0.24197320640087128, 0.2433621734380722, 0.23908944427967072, 0.26976072788238525, 0.24070347845554352, 0.2620421051979065, 0.22878484427928925], "(2, 5, 2, 4)": [0.19949617981910706, 0.25560426712036133, 0.2527461349964142, 0.255793035030365, 0.2674936056137085, 0.2505606412887573, 0.23208528757095337], "(2, 6, 2, 5)": [0.2290467470884323, 0.16946722567081451, 0.17061954736709595, 0.18376046419143677, 0.049218419939279556, 0.13508638739585876, 0.14138586819171906], "(2, 6, 2, 4)": [0.22953756153583527, 0.2265988141298294, 0.24899199604988098, 0.2648240327835083, 0.2565169334411621, 0.253728449344635, 0.23816941678524017], "(2, 7, 2, 5)": [0.2102544903755188, 0.13028806447982788, 0.11996132135391235, 0.16783712804317474, 0.15423311293125153, 0.12086233496665955, 0.0878431424498558], "(2, 10, 2, 5)": [0.03344598412513733, 0.08775150775909424, 0.0, 0.08672671765089035, 0.06140579283237457, 0.04235850274562836, 0.06371952593326569], "(2, 6, 1, 3)": [0.0964973121881485, 0.11553575098514557, 0.17398138344287872, 0.14456522464752197, 0.1513291448354721, 0.21651853621006012, 0.16834592819213867], "(2, 6, 1, 4)": [0.06773853302001953, 0.01581299491226673, 0.05209454894065857, 0.05094467103481293, 0.10106942057609558, 0.14521878957748413, 0.0935940220952034], "(2, 5, 1, 3)": [0.12084795534610748, 0.15889030694961548, 0.14088758826255798, 0.13461357355117798, 0.20246060192584991, 0.19981102645397186, 0.0839805081486702], "(2, 5, 1, 4)": [0.07903601229190826, 0.02222335897386074, 0.0, 0.015164356678724289, 0.02474352903664112, 0.07313039153814316, 0.2167898416519165], "(1, 4, 1, 3)": [0.2808610498905182, 0.295605331659317, 0.29071763157844543, 0.2920879125595093, 0.2792251408100128, 0.27622121572494507, 0.283766508102417], "(1, 5, 1, 3)": [0.28622177243232727, 0.276511549949646, 0.28876206278800964, 0.29163858294487, 0.2704889178276062, 0.2653934359550476, 0.2727543115615845], "(1, 4, 2, 4)": [0.26211005449295044, 0.2699924111366272, 0.23946788907051086, 0.2672707736492157, 0.24590376019477844, 0.23165807127952576, 0.24166777729988098], "(1, 3, 1, 3)": [0.27809998393058777, 0.2658649682998657, 0.28401777148246765, 0.30401766300201416, 0.2847135365009308, 0.2826675474643707, 0.28345856070518494], "(1, 4, 2, 3)": [0.28449663519859314, 0.1756323277950287, 0.13714127242565155, 0.09100779891014099, 0.16660544276237488, 0.16922608017921448, 0.12782427668571472], "(1, 5, 2, 4)": [0.29077407717704773, 0.22321119904518127, 0.2558387815952301, 0.273937463760376, 0.23721404373645782, 0.2549111843109131, 0.18596331775188446], "(1, 5, 2, 5)": [0.10746327042579651, 0.16038665175437927, 0.017859462648630142, 0.12132272124290466, 0.030417190864682198, 0.02116820588707924, 0.026261363178491592], "(2, 7, 2, 3)": [0.09712593257427216, 0.1220652312040329, 0.11009317636489868, 0.13111624121665955, 0.08078970015048981, 0.05557752400636673, 0.22407574951648712], "(2, 8, 1, 3)": [0.18802900612354279, 0.16782307624816895, 0.19275528192520142, 0.1985505074262619, 0.22963838279247284, 0.19660843908786774, 0.21198788285255432], "(2, 4, 1, 3)": [0.1885078102350235, 0.17774517834186554, 0.190036803483963, 0.22501973807811737, 0.21921683847904205, 0.2468104511499405, 0.1494445502758026], "(2, 3, 1, 2)": [0.04253968223929405, 0.031030917540192604, 0.04412553086876869, 0.036937396973371506, 0.01825934648513794, 0.10205559432506561, 0.015274603851139545], "(1, 3, 1, 2)": [0.14566567540168762, 0.1463940292596817, 0.12129326909780502, 0.17131081223487854, 0.27500560879707336, 0.14203760027885437, 0.18371054530143738], "(1, 2, 1, 2)": [0.12711971998214722, 0.12530022859573364, 0.11445555090904236, 0.1236661970615387, 0.17571091651916504, 0.11486218124628067, 0.19610410928726196], "(2, 5, 1, 2)": [0.0, 0.011336907744407654, 0.015525642782449722, 0.021185336634516716, 0.0, 0.017294924706220627, 0.05848027020692825], "(2, 4, 1, 2)": [0.016844023019075394, 0.03842177614569664, 0.0, 0.026445969939231873, 0.019957877695560455, 0.03638652712106705, 0.11750610172748566], "(2, 2, 1, 3)": [0.11071695387363434, 0.16740714013576508, 0.1828259378671646, 0.15757696330547333, 0.1448049694299698, 0.16957595944404602, 0.21014629304409027],