{"q_values": {"(1, 6, 2, 4)": [0.9831423759460449, 0.9855219125747681, 0.9875286817550659, 0.9911109805107117, 0.9881721138954163, 0.9860693216323853, 0.9736502766609192], "(1, 6, 1, 3)": [0.9888570308685303, 0.9794914126396179, 0.9838994741439819, 0.9856863617897034, 0.9794989228248596, 0.9919773936271667, 0.9866693615913391], "(1, 6, 2, 5)": [0.4423119127750397, 0.915149986743927, 0.31044456362724304, 0.4035884439945221, 0.09361812472343445, 0.32108044624328613, 0.20224082469940186], "(1, 7, 2, 4)": [0.992261528968811, 0.9928354024887085, 0.9893783926963806, 0.9934579730033875, 0.9925554394721985, 0.9803987741470337, 0.9917929172515869], "(1, 7, 1, 3)": [0.9936821460723877, 0.9933722615242004, 0.9940546154975891, 0.9936716556549072, 0.9939014315605164, 0.994345486164093, 0.9939861297607422], "(1, 8, 2, 5)": [0.9829914569854736, 0.597920298576355, 0.7575592994689941, 0.4868531823158264, 0.6318170428276062, 0.7293450236320496, 0.053301725536584854], "(1, 9, 2, 5)": [0.3239728808403015, 0.2542811334133148, 0.5615811347961426, 0.45575621724128723, 0.6942496299743652, 0.39323270320892334, 0.9093533158302307], "(2, 4, 1, 4)": [0.4986816942691803, 0.8935227394104004, 0.04011152684688568, 0.15827743709087372, 0.33435389399528503, 0.3892216086387634, 0.08604929596185684], "(1, 1, 1, 3)": [0.32027527689933777, 0.2843613922595978, 0.6048546433448792, 0.3456774353981018, 0.3330765962600708, 0.4377598762512207, 0.25857582688331604], "(1, 1, 2, 4)": [0.27238231897354126, 0.006255626678466797, 0.22191759943962097, 0.11067189276218414, 0.05130879208445549, 0.0, 0.09144335240125656], "(2, 8, 1, 4)": [0.9828846454620361, 0.9573928117752075, 0.9593443870544434, 0.9521902799606323, 0.9589157700538635, 0.9402082562446594, 0.9538188576698303], "(2, 7, 1, 3)": [0.9423632621765137, 0.9647841453552246, 0.9757811427116394, 0.9787381887435913, 0.9826945066452026, 0.9772497415542603, 0.976536214351654], "(2, 7, 2, 4)": [0.9813858866691589, 0.968583345413208, 0.9692395925521851, 0.9739118218421936, 0.9724726676940918, 0.9684324860572815, 0.9700067639350891], "(2, 7, 1, 4)": [0.9584370851516724, 0.9691364765167236, 0.952499270439148, 0.9517003297805786, 0.9821109771728516, 0.9677637219429016, 0.9723598957061768], "(2, 8, 2, 4)": [0.9764412045478821, 0.9559159278869629, 0.9599615931510925, 0.951556921005249, 0.9431709051132202, 0.9429379105567932, 0.9385950565338135], "(2, 8, 2, 5)": [0.9348205924034119, 0.5320440530776978, 0.7758790850639343, 0.723429262638092, 0.6599122285842896, 0.6080542206764221, 0.46760663390159607], "(2, 9, 2, 4)": [0.8587878346443176, 0.8453277349472046, 0.9273516535758972, 0.8520675301551819, 0.853825569152832, 0.8411237597465515, 0.8103064894676208], "(2, 9, 2, 5)": [0.8179966807365417, 0.6663137078285217, 0.7071739435195923, 0.6850351095199585, 0.5951310396194458, 0.5553561449050903, 0.5455414652824402], "(1, 8, 2, 3)": [0.12688523530960083, 0.31777501106262207, 0.9844495058059692, 0.3788996934890747, 0.012949066236615181, 0.5845400094985962, 0.017860308289527893], "(2, 3, 1, 3)": [0.8399243950843811, 0.8302525877952576, 0.6685522794723511, 0.8201922178268433, 0.9179890155792236, 0.9865744709968567, 0.7917214632034302], "(2, 3, 1, 4)": [0.0, 0.0336790531873703, 0.1642957627773285, 0.05021025985479355, 0.17539210617542267, 0.9325920343399048, 0.09924095869064331], "(1, 3, 2, 4)": [0.8906691670417786, 0.8648473024368286, 0.8272683620452881, 0.962165892124176, 0.8976505398750305, 0.904933750629425, 0.886604368686676], "(2, 3, 2, 4)": [0.9897276163101196, 0.9890583753585815, 0.9890303611755371, 0.9868783354759216, 0.9902557134628296, 0.9830920696258545, 0.9902375340461731], "(2, 4, 2, 4)": [0.9897887706756592, 0.9896946549415588, 0.989832878112793, 0.9872775673866272, 0.9875798225402832, 0.9874001741409302, 0.9891231656074524], "(2, 5, 2, 4)": [0.9874147772789001, 0.988671064376831, 0.9903223514556885, 0.9852102398872375, 0.9880952835083008, 0.9876352548599243, 0.9886296391487122], "(2, 6, 2, 5)": [0.9674201607704163, 0.3555212616920471, 0.7578896284103394, 0.47868022322654724, 0.5669245719909668, 0.3965398073196411, 0.5843595266342163], "(2, 6, 2, 4)": [0.9797612428665161, 0.971150815486908, 0.9821223020553589, 0.9758721590042114, 0.9744726419448853, 0.9758685827255249, 0.9766752123832703], "(2, 7, 2, 5)": [0.9200097322463989, 0.6879257559776306, 0.7266044616699219, 0.450221449136734, 0.678499698638916, 0.5830565094947815, 0.5041171312332153], "(2, 10, 2, 5)": [0.18345975875854492, 0.4757126569747925, 0.0, 0.3003305196762085, 0.4185807704925537, 0.3878365159034729, 0.5296061635017395], "(2, 6, 1, 3)": [0.9697385430335999, 0.9709057807922363, 0.9584317207336426, 0.9749378561973572, 0.9829378128051758, 0.9762338399887085, 0.9743941426277161], "(2, 6, 1, 4)": [0.7419027090072632, 0.686830997467041, 0.8305721879005432, 0.32986390590667725, 0.635116696357727, 0.9805241227149963, 0.4821189343929291], "(2, 5, 1, 3)": [0.9858322143554688, 0.9136242866516113, 0.98382967710495, 0.9844416975975037, 0.9825302362442017, 0.9897518754005432, 0.9856736660003662], "(2, 5, 1, 4)": [0.6029257774353027, 0.45100146532058716, 0.284877747297287, 0.42670851945877075, 0.4189332127571106, 0.7527885437011719, 0.9836404919624329], "(1, 4, 1, 3)": [0.7799669504165649, 0.8388468027114868, 0.8910319805145264, 0.8466949462890625, 0.7121872901916504, 0.9437884092330933, 0.8499773740768433], "(1, 5, 1, 3)": [0.8814938068389893, 0.9453309774398804, 0.8927695751190186, 0.8769451975822449, 0.8885653018951416, 0.9521172046661377, 0.9862199425697327], "(1, 4, 2, 4)": [0.9133304357528687, 0.9329960346221924, 0.9439266324043274, 0.9719927310943604, 0.954474687576294, 0.9472713470458984, 0.9484900236129761], "(1, 3, 1, 3)": [0.6943180561065674, 0.8195288777351379, 0.705822229385376, 0.7217650413513184, 0.6460106372833252, 0.7251666188240051, 0.9356293082237244], "(1, 4, 2, 3)": [0.9445327520370483, 0.7489784955978394, 0.7478770017623901, 0.652380108833313, 0.7298802137374878, 0.9032213091850281, 0.7252877950668335], "(1, 5, 2, 4)": [0.9757176637649536, 0.9780006408691406, 0.9648920893669128, 0.979913592338562, 0.9875984191894531, 0.962497353553772, 0.9645070433616638], "(1, 5, 2, 5)": [0.2679111361503601, 0.8711748123168945, 0.017859462648630142, 0.42528820037841797, 0.33647486567497253, 0.1455516815185547, 0.2598302662372589], "(2, 7, 2, 3)": [0.775429904460907, 0.5730401277542114, 0.5964542031288147, 0.5376420617103577, 0.7401383519172668, 0.7577294111251831, 0.9701341390609741], "(2, 8, 1, 3)": [0.9742674827575684, 0.9655877351760864, 0.9796592593193054, 0.9713189601898193, 0.9722695350646973, 0.968859076499939, 0.9733722805976868], "(2, 4, 1, 3)": [0.9733797311782837, 0.9827739596366882, 0.9877172112464905, 0.9804750680923462, 0.981779932975769, 0.9824498891830444, 0.9897031188011169], "(2, 3, 1, 2)": [0.20403450727462769, 0.08173219859600067, 0.22856050729751587, 0.13656285405158997, 0.22743743658065796, 0.9672364592552185, 0.30572429299354553], "(1, 3, 1, 2)": [0.4219774007797241, 0.3364080786705017, 0.49920207262039185, 0.3715194761753082, 0.6868842244148254, 0.4958488345146179, 0.4129340946674347], "(1, 2, 1, 2)": [0.25592127442359924, 0.3325722813606262, 0.4333345890045166, 0.16470114886760712, 0.5023469924926758, 0.3132827877998352, 0.5962076187133789], "(2, 5, 1, 2)": [0.2600102424621582, 0.14563848078250885, 0.015525642782449722, 0.021185336634516716, 0.2495221048593521, 0.5014171600341797, 0.980603039264679], "(2, 4, 1, 2)": [0.38189220428466797, 0.03842177614569664, 0.0, 0.29053211212158203, 0.2204819619655609, 0.3197914659976959, 0.9824885725975037], "(2, 2, 1, 3)": [0.5543034076690674, 0.31540295481681824, 0.5380039215087891, 0.36324915289878845, 0.6322619318962097, 0.6923807859420776, 0.9843932390213013], "(2, 1, 1, 3)": [0.8016818165779114, 0.16285447776317596, 0.054518941789865494, 0.14193232357501984, 0.08742077648639679, 0.043420348316431046, 0.014380160719156265],