{"q_values": {"(1, 6, 2, 4)": [0.9988683462142944, 0.9988613128662109, 0.9989203214645386, 0.9988784790039062, 0.9989553689956665, 0.9988348484039307, 0.998847246170044], "(1, 6, 1, 3)": [0.9987643957138062, 0.9966885447502136, 0.9988730549812317, 0.9989931583404541, 0.998332679271698, 0.9986924529075623, 0.9987533092498779], "(1, 6, 2, 5)": [0.608526349067688, 0.9985094666481018, 0.5169754028320312, 0.4035884439945221, 0.09361812472343445, 0.32108044624328613, 0.20224082469940186], "(1, 7, 2, 4)": [0.9988543391227722, 0.9987367391586304, 0.9987199902534485, 0.9984675645828247, 0.998603105545044, 0.9981401562690735, 0.9987145662307739], "(1, 7, 1, 3)": [0.9988299012184143, 0.9986724853515625, 0.9968380331993103, 0.9968442320823669, 0.9971591830253601, 0.9985702037811279, 0.9988565444946289], "(1, 8, 2, 5)": [0.997906506061554, 0.597920298576355, 0.9125736355781555, 0.4868531823158264, 0.6318170428276062, 0.8146925568580627, 0.31031709909439087], "(1, 9, 2, 5)": [0.515617311000824, 0.2542811334133148, 0.6712726950645447, 0.5979267358779907, 0.9062290191650391, 0.5621710419654846, 0.6862776875495911], "(2, 4, 1, 4)": [0.4986816942691803, 0.9961196184158325, 0.04011152684688568, 0.15827743709087372, 0.33435389399528503, 0.3892216086387634, 0.35931921005249023], "(1, 1, 1, 3)": [0.32027527689933777, 0.2843613922595978, 0.8732062578201294, 0.3456774353981018, 0.3330765962600708, 0.5203540325164795, 0.25857582688331604], "(1, 1, 2, 4)": [0.6128638982772827, 0.006255626678466797, 0.22191759943962097, 0.11067189276218414, 0.05130879208445549, 0.0, 0.09144335240125656], "(2, 8, 1, 4)": [0.9989317059516907, 0.9750158190727234, 0.9593443870544434, 0.9633287191390991, 0.9662185311317444, 0.9402082562446594, 0.9538188576698303], "(2, 7, 1, 3)": [0.9990594387054443, 0.9990431666374207, 0.9966082572937012, 0.9991886019706726, 0.9991869330406189, 0.9988299608230591, 0.9989309310913086], "(2, 7, 2, 4)": [0.9991798996925354, 0.9960873126983643, 0.9978421926498413, 0.9967816472053528, 0.9986767172813416, 0.9975554347038269, 0.9937314987182617], "(2, 7, 1, 4)": [0.9975596070289612, 0.9956062436103821, 0.9895725846290588, 0.9949935674667358, 0.9992761015892029, 0.9957771301269531, 0.99056077003479], "(2, 8, 2, 4)": [0.997472882270813, 0.9809946417808533, 0.974332869052887, 0.9745677709579468, 0.9787569046020508, 0.974660336971283, 0.9127697944641113], "(2, 8, 2, 5)": [0.9629749059677124, 0.5320440530776978, 0.7758790850639343, 0.7916392087936401, 0.6599122285842896, 0.6080542206764221, 0.46760663390159607], "(2, 9, 2, 4)": [0.9353479743003845, 0.8346618413925171, 0.900359034538269, 0.9020653367042542, 0.853825569152832, 0.8805129528045654, 0.8571630120277405], "(2, 9, 2, 5)": [0.875276505947113, 0.6663137078285217, 0.7071739435195923, 0.6850351095199585, 0.5951310396194458, 0.5553561449050903, 0.5455414652824402], "(1, 8, 2, 3)": [0.12688523530960083, 0.31777501106262207, 0.9950153827667236, 0.3788996934890747, 0.012949066236615181, 0.5845400094985962, 0.017860308289527893], "(2, 3, 1, 3)": [0.8863999247550964, 0.9385360479354858, 0.9767741560935974, 0.963691771030426, 0.986294686794281, 0.9973831176757812, 0.9781869649887085], "(2, 3, 1, 4)": [0.0, 0.3214953541755676, 0.40968042612075806, 0.33057257533073425, 0.17539210617542267, 0.9909552931785583, 0.5576977729797363], "(1, 3, 2, 4)": [0.9582526683807373, 0.9834486246109009, 0.980951189994812, 0.9863845705986023, 0.9949801564216614, 0.9760831594467163, 0.8923304080963135], "(2, 3, 2, 4)": [0.9973587393760681, 0.993966817855835, 0.9970788955688477, 0.9926400780677795, 0.9899535179138184, 0.9993597865104675, 0.9955000877380371], "(2, 4, 2, 4)": [0.9995360374450684, 0.9993815422058105, 0.9995285272598267, 0.9994085431098938, 0.9996357560157776, 0.9906742572784424, 0.9979492425918579], "(2, 5, 2, 4)": [0.999607264995575, 0.9996803998947144, 0.9994423985481262, 0.9996474385261536, 0.9996458888053894, 0.9996160268783569, 0.999640941619873], "(2, 6, 2, 5)": [0.9994046688079834, 0.3555212616920471, 0.9162229299545288, 0.47868022322654724, 0.7858394384384155, 0.3965398073196411, 0.8789350390434265], "(2, 6, 2, 4)": [0.9971033334732056, 0.999652624130249, 0.9994839429855347, 0.999497652053833, 0.9995391368865967, 0.9994057416915894, 0.9995167851448059], "(2, 7, 2, 5)": [0.9953353404998779, 0.6879257559776306, 0.7266044616699219, 0.450221449136734, 0.678499698638916, 0.5830565094947815, 0.7435070276260376], "(2, 10, 2, 5)": [0.18345975875854492, 0.4757126569747925, 0.0, 0.3003305196762085, 0.4185807704925537, 0.3878365159034729, 0.6590948700904846], "(2, 6, 1, 3)": [0.9994439482688904, 0.9995471835136414, 0.9996597766876221, 0.9996242523193359, 0.9995670914649963, 0.9996019005775452, 0.9994538426399231], "(2, 6, 1, 4)": [0.9683578610420227, 0.9213628768920898, 0.970139741897583, 0.8374353647232056, 0.8744016885757446, 0.9995294213294983, 0.819851279258728], "(2, 5, 1, 3)": [0.9993109703063965, 0.9994357228279114, 0.9995905756950378, 0.9996069073677063, 0.9994478821754456, 0.9993147850036621, 0.9996631145477295], "(2, 5, 1, 4)": [0.7219364643096924, 0.6155810356140137, 0.6486033797264099, 0.5967286229133606, 0.7150035500526428, 0.9140425324440002, 0.9996464252471924], "(1, 4, 1, 3)": [0.8847760558128357, 0.9553249478340149, 0.9626421332359314, 0.933613121509552, 0.8765227794647217, 0.9848792552947998, 0.8499773740768433], "(1, 5, 1, 3)": [0.9883520603179932, 0.9978365898132324, 0.9968765377998352, 0.9976699948310852, 0.9954501986503601, 0.9982388615608215, 0.9989705085754395], "(1, 4, 2, 4)": [0.9857835173606873, 0.9879581332206726, 0.9738742709159851, 0.987347424030304, 0.9879568219184875, 0.993938684463501, 0.9913827180862427], "(1, 3, 1, 3)": [0.884712815284729, 0.8701918125152588, 0.7886998653411865, 0.842210054397583, 0.859602153301239, 0.9033286571502686, 0.9842670559883118], "(1, 4, 2, 3)": [0.9496273994445801, 0.9498770236968994, 0.8182716369628906, 0.8164975643157959, 0.9401828646659851, 0.9798681139945984, 0.8025177121162415], "(1, 5, 2, 4)": [0.9988797307014465, 0.998610258102417, 0.9985337257385254, 0.9989906549453735, 0.9976053237915039, 0.9966958165168762, 0.998301088809967], "(1, 5, 2, 5)": [0.4836788773536682, 0.9910686612129211, 0.30734774470329285, 0.42528820037841797, 0.33647486567497253, 0.1455516815185547, 0.2598302662372589], "(2, 7, 2, 3)": [0.9596430063247681, 0.6999937295913696, 0.5964542031288147, 0.6749424338340759, 0.8162844181060791, 0.8257592916488647, 0.9990921020507812], "(2, 8, 1, 3)": [0.9919047355651855, 0.9959151148796082, 0.9991447925567627, 0.994312584400177, 0.9933104515075684, 0.9899354577064514, 0.9810063242912292], "(2, 4, 1, 3)": [0.976260244846344, 0.9981244802474976, 0.9980764985084534, 0.9980504512786865, 0.9979985356330872, 0.9980261921882629, 0.9992590546607971], "(2, 3, 1, 2)": [0.2825102210044861, 0.4609537720680237, 0.5811265110969543, 0.504510760307312, 0.4494754672050476, 0.9401720762252808, 0.30572429299354553], "(1, 3, 1, 2)": [0.4219774007797241, 0.3364080786705017, 0.49920207262039185, 0.3715194761753082, 0.7680385112762451, 0.4958488345146179, 0.4129340946674347], "(1, 2, 1, 2)": [0.25592127442359924, 0.3325722813606262, 0.4333345890045166, 0.16470114886760712, 0.5023469924926758, 0.3132827877998352, 0.5962076187133789], "(2, 5, 1, 2)": [0.47844284772872925, 0.14563848078250885, 0.31068864464759827, 0.30906885862350464, 0.6315490007400513, 0.6506644487380981, 0.999293863773346], "(2, 4, 1, 2)": [0.38189220428466797, 0.6397342681884766, 0.6506641507148743, 0.5024443864822388, 0.6170005798339844, 0.5235880613327026, 0.9620395302772522], "(2, 2, 1, 3)": [0.6347010135650635, 0.31540295481681824, 0.7924076914787292, 0.6824827194213867, 0.8080801367759705, 0.9431074857711792, 0.9884932041168213], "(2, 1, 1, 3)": [0.8514838814735413, 0.4012281596660614, 0.054518941789865494, 0.14193232357501984, 0.08742077648639679, 0.043420348316431046, 0.014380160719156265],