{"q_values": {"(1, 6, 2, 4)": [0.21769487857818604, 0.2148376703262329, 0.19178453087806702, 0.17919522523880005, 0.17150290310382843, 0.16003385186195374, 0.16205129027366638], "(1, 6, 1, 3)": [0.22789371013641357, 0.2220170795917511, 0.1944694072008133, 0.24445007741451263, 0.20704592764377594, 0.22482751309871674, 0.17984510958194733], "(1, 6, 2, 5)": [0.02974577248096466, 0.1317366361618042, 0.01977841928601265, 0.021024318411946297, 0.04490672051906586, 0.035475846379995346, 0.022664226591587067], "(1, 7, 2, 4)": [0.11795614659786224, 0.12091244757175446, 0.1324862688779831, 0.13937941193580627, 0.1292378306388855, 0.09676003456115723, 0.11014606058597565], "(1, 7, 1, 3)": [0.14770841598510742, 0.14555957913398743, 0.17342519760131836, 0.1539769172668457, 0.15896502137184143, 0.12640948593616486, 0.13920146226882935], "(1, 8, 2, 5)": [0.035030681639909744, 0.08035377413034439, 0.06685532629489899, 0.015963079407811165, 0.00868858303874731, 0.003000000026077032, 0.02111617475748062], "(1, 9, 2, 5)": [0.04544463008642197, -0.006000000052154064, 0.03355386108160019, 0.030357055366039276, 0.042390126734972, 0.02602499909698963, 0.0131304282695055], "(2, 4, 1, 4)": [0.05053998902440071, 0.022411663085222244, 0.04011152684688568, 0.04562870413064957, 0.05230676010251045, 0.036092616617679596, 0.08604929596185684], "(1, 1, 1, 3)": [0.026182129979133606, 0.10326315462589264, 0.08030974864959717, 0.03491489216685295, 0.04759209230542183, 0.09415409713983536, 0.07119250297546387], "(1, 1, 2, 4)": [0.06231705844402313, 0.006255626678466797, 0.04025931656360626, 0.016221148893237114, 0.06773970276117325, 0.0, 0.04421987757086754], "(2, 8, 1, 4)": [0.06370513886213303, 0.019467052072286606, 0.03162685036659241, 0.07718391716480255, 0.14191526174545288, 0.08308494836091995, 0.12543965876102448], "(2, 7, 1, 3)": [0.11879673600196838, 0.07765357941389084, 0.09885017573833466, 0.1731703132390976, 0.1656663417816162, 0.13292694091796875, 0.21119767427444458], "(2, 7, 2, 4)": [0.18534699082374573, 0.17055177688598633, 0.19520297646522522, 0.2047353982925415, 0.20496203005313873, 0.1874966025352478, 0.1871514469385147], "(2, 7, 1, 4)": [0.05866974964737892, 0.04030518978834152, 0.00497795082628727, 0.04326815903186798, 0.14835847914218903, 0.039808277040719986, 0.06998379528522491], "(2, 8, 2, 4)": [0.16138122975826263, 0.13015562295913696, 0.1558028608560562, 0.15682865679264069, 0.1630341112613678, 0.14979441463947296, 0.14468950033187866], "(2, 8, 2, 5)": [0.13770809769630432, 0.15033362805843353, 0.1343807727098465, 0.09379322826862335, 0.03593872860074043, 0.055792730301618576, 0.08799200505018234], "(2, 9, 2, 4)": [0.12627068161964417, 0.13261020183563232, 0.1361720860004425, 0.12534916400909424, 0.1120205819606781, 0.132805734872818, 0.12762971222400665], "(2, 9, 2, 5)": [0.08183705806732178, 0.0658997967839241, 0.05728936940431595, 0.06837747991085052, 0.08156819641590118, 0.05224931612610817, 0.09304751455783844], "(1, 8, 2, 3)": [0.06539035588502884, 0.03658907115459442, 0.05153381824493408, 0.022504106163978577, 0.012949066236615181, 0.014326861128211021, 0.017860308289527893], "(2, 3, 1, 3)": [0.1389015167951584, 0.11534261703491211, 0.12345336377620697, 0.14161626994609833, 0.13012154400348663, 0.14215146005153656, 0.1771155446767807], "(2, 3, 1, 4)": [0.0, 0.0336790531873703, 0.0, 0.025336701422929764, 0.03602353110909462, 0.027054820209741592, 0.04535122215747833], "(1, 3, 2, 4)": [0.20167836546897888, 0.17788051068782806, 0.16965769231319427, 0.16917279362678528, 0.17863813042640686, 0.144366055727005, 0.184083491563797], "(2, 3, 2, 4)": [0.16231578588485718, 0.17890115082263947, 0.17657634615898132, 0.20386271178722382, 0.18482477962970734, 0.19896431267261505, 0.1800955832004547], "(2, 4, 2, 4)": [0.1863832175731659, 0.19469869136810303, 0.2026561200618744, 0.20695573091506958, 0.21452012658119202, 0.1947508454322815, 0.1818842589855194], "(2, 5, 2, 4)": [0.16546639800071716, 0.18295890092849731, 0.20647220313549042, 0.20093071460723877, 0.21785926818847656, 0.19893820583820343, 0.19765633344650269], "(2, 6, 2, 5)": [0.18762218952178955, 0.16946722567081451, 0.087611123919487, 0.12645688652992249, 0.049218419939279556, 0.09709243476390839, 0.1275586485862732], "(2, 6, 2, 4)": [0.1625434309244156, 0.18037772178649902, 0.17541299760341644, 0.21732300519943237, 0.2002178430557251, 0.19836211204528809, 0.18546640872955322], "(2, 7, 2, 5)": [0.16322259604930878, 0.09487763792276382, 0.11996132135391235, 0.11282011866569519, 0.07720673084259033, 0.1035088449716568, 0.051951467990875244], "(2, 10, 2, 5)": [0.03344598412513733, 0.044823333621025085, 0.0, 0.03280317038297653, 0.06140579283237457, 0.007469313219189644, 0.06371952593326569], "(2, 6, 1, 3)": [0.0964973121881485, 0.08553188294172287, 0.11518995463848114, 0.11846470832824707, 0.11770223826169968, 0.19502589106559753, 0.13251471519470215], "(2, 6, 1, 4)": [0.06773853302001953, 0.01581299491226673, 0.05209454894065857, 0.02617841586470604, 0.02719687484204769, 0.09972989559173584, 0.02600254863500595], "(2, 5, 1, 3)": [0.06268031895160675, 0.12323161959648132, 0.10511539876461029, 0.09940364956855774, 0.1392325460910797, 0.11327598243951797, 0.0839805081486702], "(2, 5, 1, 4)": [0.01775624230504036, 0.02222335897386074, 0.0, 0.015164356678724289, 0.02474352903664112, 0.07313039153814316, 0.06063603609800339], "(1, 4, 1, 3)": [0.19233666360378265, 0.19099870324134827, 0.18454812467098236, 0.20181240141391754, 0.19449326395988464, 0.18471138179302216, 0.19604526460170746], "(1, 5, 1, 3)": [0.2171637862920761, 0.19227176904678345, 0.2426145225763321, 0.23885022103786469, 0.2346416860818863, 0.23546183109283447, 0.20850405097007751], "(1, 4, 2, 4)": [0.19874915480613708, 0.1797109842300415, 0.16651205718517303, 0.18360397219657898, 0.17735986411571503, 0.15134580433368683, 0.17062392830848694], "(1, 3, 1, 3)": [0.15213188529014587, 0.19745752215385437, 0.1956462413072586, 0.1962841898202896, 0.20288878679275513, 0.1915683001279831, 0.1950920671224594], "(1, 4, 2, 3)": [0.14934739470481873, 0.12968726456165314, 0.13714127242565155, 0.09100779891014099, 0.1300424188375473, 0.13839830458164215, 0.06492122262716293], "(1, 5, 2, 4)": [0.21768102049827576, 0.22289149463176727, 0.20569419860839844, 0.1941203773021698, 0.21847522258758545, 0.22560741007328033, 0.19753460586071014], "(1, 5, 2, 5)": [0.10746327042579651, 0.11743775010108948, 0.017859462648630142, 0.055841829627752304, 0.030417190864682198, 0.02116820588707924, 0.026261363178491592], "(2, 7, 2, 3)": [0.0448574535548687, 0.1220652312040329, 0.06338208168745041, 0.09879150986671448, 0.08078970015048981, 0.05557752400636673, 0.1824277937412262], "(2, 8, 1, 3)": [0.1290634572505951, 0.11788341403007507, 0.14388242363929749, 0.08389247953891754, 0.12306849658489227, 0.1041031926870346, 0.14912915229797363], "(2, 4, 1, 3)": [0.12138842791318893, 0.11532590538263321, 0.1302783489227295, 0.16909857094287872, 0.1451158970594406, 0.19310839474201202, 0.10345612466335297], "(2, 3, 1, 2)": [0.004797258414328098, 0.031030917540192604, 0.04412553086876869, 0.036937396973371506, 0.01825934648513794, 0.10205559432506561, 0.015274603851139545], "(1, 3, 1, 2)": [0.07689685374498367, 0.11727190762758255, 0.05908920243382454, 0.12450318783521652, 0.14083196222782135, 0.1047476977109909, 0.13609585165977478], "(1, 2, 1, 2)": [0.045349106192588806, 0.07550030946731567, 0.08309685438871384, 0.08442901819944382, 0.06342042237520218, 0.11486218124628067, 0.11773854494094849], "(2, 5, 1, 2)": [0.0, 0.011336907744407654, 0.015525642782449722, 0.0, 0.0, 0.017294924706220627, 0.05848027020692825], "(2, 4, 1, 2)": [0.016844023019075394, 0.03842177614569664, 0.0, 0.026445969939231873, 0.019957877695560455, 0.03638652712106705, 0.06123008579015732], "(2, 2, 1, 3)": [0.12295857816934586, 0.0742959976196289, 0.12161992490291595, 0.13577532768249512, 0.11927226930856705, 0.14078326523303986, 0.12153487652540207],