{"q_values": {"(1, 6, 2, 4)": [0.005651604384183884, 0.003891000058501959, 0.0, 0.0046785264275968075, 0.003000000026077032, 0.0, 0.006274968385696411], "(1, 6, 1, 3)": [0.0, 0.005251741502434015, 0.007581620942801237, 0.008927960880100727, 0.008534565567970276, 0.005251741502434015, 0.0046785264275968075], "(1, 6, 2, 5)": [0.0, 0.0, 0.0, 0.003000000026077032, 0.0, 0.0, 0.0], "(1, 7, 2, 4)": [0.01102888211607933, 0.0, 0.003891000058501959, 0.010668482631444931, 0.0, 0.003000000026077032, 0.006275577936321497], "(1, 7, 1, 3)": [0.0, 0.00434086611494422, 0.0, 0.009999881498515606, 0.0, 0.009435867890715599, 0.008388133719563484], "(1, 8, 2, 5)": [0.0, 0.0, 0.0, 0.0, 0.0, 0.003000000026077032, 0.003000000026077032], "(1, 9, 2, 5)": [0.003000000026077032, -0.006000000052154064, 0.0, 0.0, 0.003891000058501959, 0.0, 0.0], "(2, 4, 1, 4)": [0.0, 0.0, 0.0, 0.0, 0.0, 0.0, 0.0]}}